ISO-10303-21;
HEADER;
FILE_DESCRIPTION((''),'2;1');
FILE_NAME('FL2D-30-103','2023-07-05T',('pe227'),(''),
'PRO/ENGINEER BY PARAMETRIC TECHNOLOGY CORPORATION, 2014000',
'PRO/ENGINEER BY PARAMETRIC TECHNOLOGY CORPORATION, 2014000','');
FILE_SCHEMA(('AUTOMOTIVE_DESIGN { 1 0 10303 214 1 1 1 1 }'));
ENDSEC;
DATA;
#30=DIRECTION('',(0.E0,0.E0,-1.E0));
#31=VECTOR('',#30,1.239999999940E0);
#32=CARTESIAN_POINT('',(-1.5E0,0.E0,-9.51E0));
#33=LINE('',#32,#31);
#34=DIRECTION('',(0.E0,0.E0,1.E0));
#35=VECTOR('',#34,1.240000000081E0);
#36=CARTESIAN_POINT('',(-2.E0,5.E-1,-1.075000000006E1));
#37=LINE('',#36,#35);
#38=CARTESIAN_POINT('',(-1.5E0,5.E-1,-1.075E1));
#39=DIRECTION('',(0.E0,1.E0,0.E0));
#40=DIRECTION('',(0.E0,0.E0,-1.E0));
#41=AXIS2_PLACEMENT_3D('',#38,#39,#40);
#43=CARTESIAN_POINT('',(-1.5E0,5.E-1,-1.075E1));
#44=DIRECTION('',(-2.599984116891E-10,4.823143494002E-10,1.E0));
#45=DIRECTION('',(-1.E0,0.E0,-2.599982451557E-10));
#46=AXIS2_PLACEMENT_3D('',#43,#44,#45);
#48=CARTESIAN_POINT('',(-1.5E0,5.E-1,-1.075E1));
#49=DIRECTION('',(1.E0,0.E0,2.599984116891E-10));
#50=DIRECTION('',(0.E0,-1.E0,0.E0));
#51=AXIS2_PLACEMENT_3D('',#48,#49,#50);
#53=DIRECTION('',(8.282263763704E-12,1.E0,0.E0));
#54=VECTOR('',#53,2.7E0);
#55=CARTESIAN_POINT('',(-1.499999999803E0,5.E-1,-1.125E1));
#56=LINE('',#55,#54);
#57=DIRECTION('',(0.E0,-1.E0,-1.477282942438E-11));
#58=VECTOR('',#57,2.200000000002E0);
#59=CARTESIAN_POINT('',(-2.E0,2.700000000002E0,-1.075000000003E1));
#60=LINE('',#59,#58);
#61=DIRECTION('',(1.E0,0.E0,-2.009651704308E-11));
#62=VECTOR('',#61,3.E0);
#63=CARTESIAN_POINT('',(-1.5E0,0.E0,-1.074999999994E1));
#64=LINE('',#63,#62);
#65=DIRECTION('',(-1.E0,0.E0,0.E0));
#66=VECTOR('',#65,2.999999999474E0);
#67=CARTESIAN_POINT('',(1.499999999671E0,5.E-1,-1.125E1));
#68=LINE('',#67,#66);
#69=CARTESIAN_POINT('',(1.5E0,5.E-1,-1.075E1));
#70=DIRECTION('',(0.E0,1.E0,0.E0));
#71=DIRECTION('',(1.E0,0.E0,-6.734879320902E-11));
#72=AXIS2_PLACEMENT_3D('',#69,#70,#71);
#74=CARTESIAN_POINT('',(1.5E0,5.E-1,-1.075E1));
#75=DIRECTION('',(-1.E0,0.E0,0.E0));
#76=DIRECTION('',(0.E0,0.E0,-1.E0));
#77=AXIS2_PLACEMENT_3D('',#74,#75,#76);
#79=CARTESIAN_POINT('',(1.5E0,5.E-1,-1.075E1));
#80=DIRECTION('',(0.E0,0.E0,1.E0));
#81=DIRECTION('',(0.E0,-1.E0,0.E0));
#82=AXIS2_PLACEMENT_3D('',#79,#80,#81);
#84=DIRECTION('',(0.E0,1.E0,0.E0));
#85=VECTOR('',#84,2.200000000001E0);
#86=CARTESIAN_POINT('',(2.E0,5.E-1,-1.075000000002E1));
#87=LINE('',#86,#85);
#88=CARTESIAN_POINT('',(2.E0,2.700000000001E0,-1.075000000002E1));
#89=CARTESIAN_POINT('',(1.999999999998E0,2.700000000001E0,-1.078350341906E1));
#90=CARTESIAN_POINT('',(1.993881695393E0,2.706117659543E0,-1.085189187860E1));
#91=CARTESIAN_POINT('',(1.956628297755E0,2.743389673943E0,-1.096321797816E1));
#92=CARTESIAN_POINT('',(1.905518188667E0,2.794484676760E0,-1.104799233312E1));
#93=CARTESIAN_POINT('',(1.833736096080E0,2.866258390329E0,-1.112810935692E1));
#94=CARTESIAN_POINT('',(1.739965578276E0,2.960037296547E0,-1.119299082527E1));
#95=CARTESIAN_POINT('',(1.641278873920E0,3.058739994520E0,-1.123452924407E1));
#96=CARTESIAN_POINT('',(1.549748459588E0,3.150251539973E0,-1.125E1));
#97=CARTESIAN_POINT('',(1.499999999561E0,3.2E0,-1.125E1));
#99=DIRECTION('',(4.065718954920E-11,-1.E0,0.E0));
#100=VECTOR('',#99,2.7E0);
#101=CARTESIAN_POINT('',(1.499999999561E0,3.2E0,-1.125E1));
#102=LINE('',#101,#100);
#103=DIRECTION('',(0.E0,0.E0,1.E0));
#104=VECTOR('',#103,1.24E0);
#105=CARTESIAN_POINT('',(1.5E0,0.E0,-1.075E1));
#106=LINE('',#105,#104);
#107=DIRECTION('',(0.E0,0.E0,-1.E0));
#108=VECTOR('',#107,1.239999999688E0);
#109=CARTESIAN_POINT('',(2.E0,5.E-1,-9.510000000329E0));
#110=LINE('',#109,#108);
#111=CARTESIAN_POINT('',(1.5E0,5.E-1,-9.51E0));
#112=DIRECTION('',(0.E0,1.E0,0.E0));
#113=DIRECTION('',(6.734923729823E-11,0.E0,1.E0));
#114=AXIS2_PLACEMENT_3D('',#111,#112,#113);
#116=CARTESIAN_POINT('',(1.5E0,5.E-1,-9.51E0));
#117=DIRECTION('',(0.E0,0.E0,-1.E0));
#118=DIRECTION('',(1.E0,0.E0,0.E0));
#119=AXIS2_PLACEMENT_3D('',#116,#117,#118);
#121=CARTESIAN_POINT('',(1.5E0,5.E-1,-9.51E0));
#122=DIRECTION('',(-1.E0,0.E0,0.E0));
#123=DIRECTION('',(0.E0,-1.E0,0.E0));
#124=AXIS2_PLACEMENT_3D('',#121,#122,#123);
#126=DIRECTION('',(2.551090651857E-12,1.E0,0.E0));
#127=VECTOR('',#126,2.2E0);
#128=CARTESIAN_POINT('',(1.500000000017E0,5.E-1,-9.01E0));
#129=LINE('',#128,#127);
#130=DIRECTION('',(0.E0,-1.E0,4.989705618383E-11));
#131=VECTOR('',#130,2.2E0);
#132=CARTESIAN_POINT('',(2.E0,2.7E0,-9.510000000439E0));
#133=LINE('',#132,#131);
#134=DIRECTION('',(-1.E0,0.E0,0.E0));
#135=VECTOR('',#134,3.E0);
#136=CARTESIAN_POINT('',(1.5E0,0.E0,-9.51E0));
#137=LINE('',#136,#135);
#138=DIRECTION('',(1.E0,0.E0,0.E0));
#139=VECTOR('',#138,2.999999999688E0);
#140=CARTESIAN_POINT('',(-1.499999999671E0,5.E-1,-9.01E0));
#141=LINE('',#140,#139);
#142=CARTESIAN_POINT('',(-1.5E0,5.E-1,-9.51E0));
#143=DIRECTION('',(0.E0,1.E0,0.E0));
#144=DIRECTION('',(-1.E0,0.E0,6.734879320902E-11));
#145=AXIS2_PLACEMENT_3D('',#142,#143,#144);
#147=CARTESIAN_POINT('',(-1.5E0,5.E-1,-9.51E0));
#148=DIRECTION('',(1.E0,0.E0,0.E0));
#149=DIRECTION('',(0.E0,0.E0,1.E0));
#150=AXIS2_PLACEMENT_3D('',#147,#148,#149);
#152=CARTESIAN_POINT('',(-1.5E0,5.E-1,-9.51E0));
#153=DIRECTION('',(0.E0,0.E0,-1.E0));
#154=DIRECTION('',(0.E0,-1.E0,0.E0));
#155=AXIS2_PLACEMENT_3D('',#152,#153,#154);
#157=DIRECTION('',(0.E0,1.E0,2.551494369320E-12));
#158=VECTOR('',#157,2.2E0);
#159=CARTESIAN_POINT('',(-2.E0,5.E-1,-9.509999999983E0));
#160=LINE('',#159,#158);
#161=DIRECTION('',(-4.989745990129E-11,-1.E0,0.E0));
#162=VECTOR('',#161,2.2E0);
#163=CARTESIAN_POINT('',(-1.499999999561E0,2.7E0,-9.01E0));
#164=LINE('',#163,#162);
#165=CARTESIAN_POINT('',(1.124999999999E1,2.699999999997E0,1.025E1));
#166=DIRECTION('',(7.591982797928E-12,1.E0,-7.457987406316E-12));
#167=DIRECTION('',(1.899991275392E-11,7.458034190104E-12,1.E0));
#168=AXIS2_PLACEMENT_3D('',#165,#166,#167);
#170=DIRECTION('',(-1.E0,-3.164940130104E-13,0.E0));
#171=VECTOR('',#170,2.759999999578E0);
#172=CARTESIAN_POINT('',(1.175000000002E1,2.700000000001E0,1.5E0));
#173=LINE('',#172,#171);
#174=CARTESIAN_POINT('',(8.99E0,2.7E0,1.E0));
#175=DIRECTION('',(0.E0,-1.E0,0.E0));
#176=DIRECTION('',(0.E0,0.E0,1.E0));
#177=AXIS2_PLACEMENT_3D('',#174,#175,#176);
#179=DIRECTION('',(0.E0,0.E0,-1.E0));
#180=VECTOR('',#179,1.999999999583E0);
#181=CARTESIAN_POINT('',(8.49E0,2.7E0,1.000000000022E0));
#182=LINE('',#181,#180);
#183=CARTESIAN_POINT('',(8.99E0,2.7E0,-1.E0));
#184=DIRECTION('',(0.E0,-1.E0,0.E0));
#185=DIRECTION('',(-1.E0,0.E0,0.E0));
#186=AXIS2_PLACEMENT_3D('',#183,#184,#185);
#188=DIRECTION('',(1.E0,5.880963992646E-13,0.E0));
#189=VECTOR('',#188,2.760000000054E0);
#190=CARTESIAN_POINT('',(8.989999999978E0,2.7E0,-1.5E0));
#191=LINE('',#190,#189);
#192=CARTESIAN_POINT('',(1.125E1,2.699999999997E0,-1.024999999999E1));
#193=DIRECTION('',(-7.464523766882E-12,1.E0,-7.591982797928E-12));
#194=DIRECTION('',(1.E0,7.464251439042E-12,-1.899280732657E-11));
#195=AXIS2_PLACEMENT_3D('',#192,#193,#194);
#197=DIRECTION('',(0.E0,-7.044544161875E-13,1.E0));
#198=VECTOR('',#197,1.239999999578E0);
#199=CARTESIAN_POINT('',(2.E0,2.700000000001E0,-1.075000000002E1));
#200=LINE('',#199,#198);
#201=CARTESIAN_POINT('',(1.5E0,2.7E0,-9.51E0));
#202=DIRECTION('',(0.E0,-1.E0,0.E0));
#203=DIRECTION('',(1.E0,0.E0,0.E0));
#204=AXIS2_PLACEMENT_3D('',#201,#202,#203);
#206=DIRECTION('',(-1.E0,0.E0,0.E0));
#207=VECTOR('',#206,2.999999999583E0);
#208=CARTESIAN_POINT('',(1.500000000022E0,2.7E0,-9.01E0));
#209=LINE('',#208,#207);
#210=CARTESIAN_POINT('',(-1.5E0,2.7E0,-9.51E0));
#211=DIRECTION('',(0.E0,-1.E0,0.E0));
#212=DIRECTION('',(0.E0,0.E0,1.E0));
#213=AXIS2_PLACEMENT_3D('',#210,#211,#212);
#215=DIRECTION('',(0.E0,1.308988759622E-12,-1.E0));
#216=VECTOR('',#215,1.240000000054E0);
#217=CARTESIAN_POINT('',(-2.E0,2.7E0,-9.509999999978E0));
#218=LINE('',#217,#216);
#219=CARTESIAN_POINT('',(-1.124999999999E1,2.699999999997E0,-1.025E1));
#220=DIRECTION('',(-7.591982797928E-12,1.E0,7.457987406316E-12));
#221=DIRECTION('',(-1.899991275392E-11,7.458034190104E-12,-1.E0));
#222=AXIS2_PLACEMENT_3D('',#219,#220,#221);
#224=DIRECTION('',(1.E0,-3.164940130104E-13,0.E0));
#225=VECTOR('',#224,2.759999999578E0);
#226=CARTESIAN_POINT('',(-1.175000000002E1,2.700000000001E0,-1.5E0));
#227=LINE('',#226,#225);
#228=CARTESIAN_POINT('',(-8.99E0,2.7E0,-1.E0));
#229=DIRECTION('',(0.E0,-1.E0,0.E0));
#230=DIRECTION('',(0.E0,0.E0,-1.E0));
#231=AXIS2_PLACEMENT_3D('',#228,#229,#230);
#233=DIRECTION('',(0.E0,0.E0,1.E0));
#234=VECTOR('',#233,1.999999999583E0);
#235=CARTESIAN_POINT('',(-8.49E0,2.7E0,-1.000000000022E0));
#236=LINE('',#235,#234);
#237=CARTESIAN_POINT('',(-8.99E0,2.7E0,1.E0));
#238=DIRECTION('',(0.E0,-1.E0,0.E0));
#239=DIRECTION('',(1.E0,0.E0,0.E0));
#240=AXIS2_PLACEMENT_3D('',#237,#238,#239);
#242=DIRECTION('',(-1.E0,5.880963992646E-13,0.E0));
#243=VECTOR('',#242,2.760000000054E0);
#244=CARTESIAN_POINT('',(-8.989999999978E0,2.7E0,1.5E0));
#245=LINE('',#244,#243);
#246=CARTESIAN_POINT('',(-1.125E1,2.699999999997E0,1.024999999999E1));
#247=DIRECTION('',(7.464523766882E-12,1.E0,7.591982797928E-12));
#248=DIRECTION('',(-1.E0,7.464251439042E-12,1.899280732657E-11));
#249=AXIS2_PLACEMENT_3D('',#246,#247,#248);
#251=DIRECTION('',(0.E0,-7.044544161875E-13,-1.E0));
#252=VECTOR('',#251,1.239999999578E0);
#253=CARTESIAN_POINT('',(-2.E0,2.700000000001E0,1.075000000002E1));
#254=LINE('',#253,#252);
#255=CARTESIAN_POINT('',(-1.5E0,2.7E0,9.51E0));
#256=DIRECTION('',(0.E0,-1.E0,0.E0));
#257=DIRECTION('',(-1.E0,0.E0,0.E0));
#258=AXIS2_PLACEMENT_3D('',#255,#256,#257);
#260=DIRECTION('',(1.E0,0.E0,0.E0));
#261=VECTOR('',#260,2.999999999583E0);
#262=CARTESIAN_POINT('',(-1.500000000022E0,2.7E0,9.01E0));
#263=LINE('',#262,#261);
#264=CARTESIAN_POINT('',(1.5E0,2.7E0,9.51E0));
#265=DIRECTION('',(0.E0,-1.E0,0.E0));
#266=DIRECTION('',(0.E0,0.E0,-1.E0));
#267=AXIS2_PLACEMENT_3D('',#264,#265,#266);
#269=DIRECTION('',(0.E0,1.308988759622E-12,1.E0));
#270=VECTOR('',#269,1.240000000054E0);
#271=CARTESIAN_POINT('',(2.E0,2.7E0,9.509999999978E0));
#272=LINE('',#271,#270);
#273=CARTESIAN_POINT('',(-6.5E0,2.7E0,5.E0));
#274=DIRECTION('',(0.E0,-1.E0,0.E0));
#275=DIRECTION('',(1.E0,0.E0,0.E0));
#276=AXIS2_PLACEMENT_3D('',#273,#274,#275);
#278=CARTESIAN_POINT('',(-6.5E0,2.7E0,5.E0));
#279=DIRECTION('',(0.E0,-1.E0,0.E0));
#280=DIRECTION('',(-1.E0,0.E0,0.E0));
#281=AXIS2_PLACEMENT_3D('',#278,#279,#280);
#283=CARTESIAN_POINT('',(6.5E0,2.7E0,-5.E0));
#284=DIRECTION('',(0.E0,-1.E0,0.E0));
#285=DIRECTION('',(1.E0,0.E0,0.E0));
#286=AXIS2_PLACEMENT_3D('',#283,#284,#285);
#288=CARTESIAN_POINT('',(6.5E0,2.7E0,-5.E0));
#289=DIRECTION('',(0.E0,-1.E0,0.E0));
#290=DIRECTION('',(-1.E0,0.E0,0.E0));
#291=AXIS2_PLACEMENT_3D('',#288,#289,#290);
#293=CARTESIAN_POINT('',(-6.5E0,2.7E0,-5.E0));
#294=DIRECTION('',(0.E0,-1.E0,0.E0));
#295=DIRECTION('',(1.E0,0.E0,0.E0));
#296=AXIS2_PLACEMENT_3D('',#293,#294,#295);
#298=CARTESIAN_POINT('',(-6.5E0,2.7E0,-5.E0));
#299=DIRECTION('',(0.E0,-1.E0,0.E0));
#300=DIRECTION('',(-1.E0,0.E0,0.E0));
#301=AXIS2_PLACEMENT_3D('',#298,#299,#300);
#303=CARTESIAN_POINT('',(6.5E0,2.7E0,5.E0));
#304=DIRECTION('',(0.E0,-1.E0,0.E0));
#305=DIRECTION('',(1.E0,0.E0,0.E0));
#306=AXIS2_PLACEMENT_3D('',#303,#304,#305);
#308=CARTESIAN_POINT('',(6.5E0,2.7E0,5.E0));
#309=DIRECTION('',(0.E0,-1.E0,0.E0));
#310=DIRECTION('',(-1.E0,0.E0,0.E0));
#311=AXIS2_PLACEMENT_3D('',#308,#309,#310);
#313=DIRECTION('',(1.E0,2.227733667118E-13,4.263256414685E-14));
#314=VECTOR('',#313,9.749999999717E0);
#315=CARTESIAN_POINT('',(1.499999999781E0,3.2E0,1.125E1));
#316=LINE('',#315,#314);
#317=DIRECTION('',(-1.E0,1.424446146622E-13,3.233929640595E-12));
#318=VECTOR('',#317,9.25E0);
#319=CARTESIAN_POINT('',(1.125E1,2.7E0,1.075E1));
#320=LINE('',#319,#318);
#321=CARTESIAN_POINT('',(2.E0,2.700000000002E0,1.075000000003E1));
#322=CARTESIAN_POINT('',(1.999999999996E0,2.700000000002E0,1.078350341909E1));
#323=CARTESIAN_POINT('',(1.993882340459E0,2.706118304607E0,1.085189187859E1));
#324=CARTESIAN_POINT('',(1.956610326057E0,2.743371702246E0,1.096321797816E1));
#325=CARTESIAN_POINT('',(1.905515323238E0,2.794481811329E0,1.104799233312E1));
#326=CARTESIAN_POINT('',(1.833741609679E0,2.866263903935E0,1.112810935692E1));
#327=CARTESIAN_POINT('',(1.739962703425E0,2.960034421669E0,1.119299082527E1));
#328=CARTESIAN_POINT('',(1.641260005582E0,3.058721126284E0,1.123452924407E1));
#329=CARTESIAN_POINT('',(1.549748459807E0,3.150251539973E0,1.125E1));
#330=CARTESIAN_POINT('',(1.499999999781E0,3.2E0,1.125E1));
#332=DIRECTION('',(-1.E0,0.E0,2.009651704308E-11));
#333=VECTOR('',#332,3.E0);
#334=CARTESIAN_POINT('',(1.5E0,0.E0,1.074999999994E1));
#335=LINE('',#334,#333);
#336=DIRECTION('',(1.E0,0.E0,0.E0));
#337=VECTOR('',#336,2.999999999474E0);
#338=CARTESIAN_POINT('',(-1.499999999671E0,5.E-1,1.125E1));
#339=LINE('',#338,#337);
#340=DIRECTION('',(0.E0,0.E0,-1.E0));
#341=VECTOR('',#340,1.24E0);
#342=CARTESIAN_POINT('',(-1.5E0,0.E0,1.075E1));
#343=LINE('',#342,#341);
#344=DIRECTION('',(0.E0,0.E0,1.E0));
#345=VECTOR('',#344,1.239999999688E0);
#346=CARTESIAN_POINT('',(-2.E0,5.E-1,9.510000000329E0));
#347=LINE('',#346,#345);
#348=CARTESIAN_POINT('',(-1.5E0,5.E-1,9.51E0));
#349=DIRECTION('',(0.E0,1.E0,0.E0));
#350=DIRECTION('',(-6.734923729823E-11,0.E0,-1.E0));
#351=AXIS2_PLACEMENT_3D('',#348,#349,#350);
#353=CARTESIAN_POINT('',(-1.5E0,5.E-1,9.51E0));
#354=DIRECTION('',(0.E0,0.E0,1.E0));
#355=DIRECTION('',(-1.E0,0.E0,0.E0));
#356=AXIS2_PLACEMENT_3D('',#353,#354,#355);
#358=CARTESIAN_POINT('',(-1.5E0,5.E-1,9.51E0));
#359=DIRECTION('',(1.E0,0.E0,0.E0));
#360=DIRECTION('',(0.E0,-1.E0,0.E0));
#361=AXIS2_PLACEMENT_3D('',#358,#359,#360);
#363=DIRECTION('',(-2.551090651857E-12,1.E0,0.E0));
#364=VECTOR('',#363,2.2E0);
#365=CARTESIAN_POINT('',(-1.500000000017E0,5.E-1,9.01E0));
#366=LINE('',#365,#364);
#367=DIRECTION('',(0.E0,-1.E0,-4.989705618383E-11));
#368=VECTOR('',#367,2.2E0);
#369=CARTESIAN_POINT('',(-2.E0,2.7E0,9.510000000439E0));
#370=LINE('',#369,#368);
#371=DIRECTION('',(1.E0,0.E0,0.E0));
#372=VECTOR('',#371,3.E0);
#373=CARTESIAN_POINT('',(-1.5E0,0.E0,9.51E0));
#374=LINE('',#373,#372);
#375=DIRECTION('',(-1.E0,0.E0,0.E0));
#376=VECTOR('',#375,2.999999999688E0);
#377=CARTESIAN_POINT('',(1.499999999671E0,5.E-1,9.01E0));
#378=LINE('',#377,#376);
#379=CARTESIAN_POINT('',(1.5E0,5.E-1,9.51E0));
#380=DIRECTION('',(0.E0,1.E0,0.E0));
#381=DIRECTION('',(1.E0,0.E0,-6.734879320902E-11));
#382=AXIS2_PLACEMENT_3D('',#379,#380,#381);
#384=CARTESIAN_POINT('',(1.5E0,5.E-1,9.51E0));
#385=DIRECTION('',(-1.E0,0.E0,0.E0));
#386=DIRECTION('',(0.E0,0.E0,-1.E0));
#387=AXIS2_PLACEMENT_3D('',#384,#385,#386);
#389=CARTESIAN_POINT('',(1.5E0,5.E-1,9.51E0));
#390=DIRECTION('',(0.E0,0.E0,1.E0));
#391=DIRECTION('',(0.E0,-1.E0,0.E0));
#392=AXIS2_PLACEMENT_3D('',#389,#390,#391);
#394=DIRECTION('',(0.E0,1.E0,-2.551494369320E-12));
#395=VECTOR('',#394,2.2E0);
#396=CARTESIAN_POINT('',(2.E0,5.E-1,9.509999999983E0));
#397=LINE('',#396,#395);
#398=DIRECTION('',(4.989745990129E-11,-1.E0,0.E0));
#399=VECTOR('',#398,2.2E0);
#400=CARTESIAN_POINT('',(1.499999999561E0,2.7E0,9.01E0));
#401=LINE('',#400,#399);
#402=DIRECTION('',(0.E0,0.E0,1.E0));
#403=VECTOR('',#402,1.239999999940E0);
#404=CARTESIAN_POINT('',(1.5E0,0.E0,9.51E0));
#405=LINE('',#404,#403);
#406=DIRECTION('',(0.E0,0.E0,-1.E0));
#407=VECTOR('',#406,1.240000000081E0);
#408=CARTESIAN_POINT('',(2.E0,5.E-1,1.075000000006E1));
#409=LINE('',#408,#407);
#410=CARTESIAN_POINT('',(1.5E0,5.E-1,1.075E1));
#411=DIRECTION('',(0.E0,1.E0,0.E0));
#412=DIRECTION('',(0.E0,0.E0,1.E0));
#413=AXIS2_PLACEMENT_3D('',#410,#411,#412);
#415=CARTESIAN_POINT('',(1.5E0,5.E-1,1.075E1));
#416=DIRECTION('',(2.599984116891E-10,4.823143494002E-10,-1.E0));
#417=DIRECTION('',(1.E0,0.E0,2.599982451557E-10));
#418=AXIS2_PLACEMENT_3D('',#415,#416,#417);
#420=CARTESIAN_POINT('',(1.5E0,5.E-1,1.075E1));
#421=DIRECTION('',(-1.E0,0.E0,-2.599984116891E-10));
#422=DIRECTION('',(0.E0,-1.E0,0.E0));
#423=AXIS2_PLACEMENT_3D('',#420,#421,#422);
#425=DIRECTION('',(-8.282263763704E-12,1.E0,0.E0));
#426=VECTOR('',#425,2.7E0);
#427=CARTESIAN_POINT('',(1.499999999803E0,5.E-1,1.125E1));
#428=LINE('',#427,#426);
#429=DIRECTION('',(0.E0,-1.E0,1.477282942438E-11));
#430=VECTOR('',#429,2.200000000002E0);
#431=CARTESIAN_POINT('',(2.E0,2.700000000002E0,1.075000000003E1));
#432=LINE('',#431,#430);
#433=DIRECTION('',(0.E0,1.E0,0.E0));
#434=VECTOR('',#433,2.200000000001E0);
#435=CARTESIAN_POINT('',(-2.E0,5.E-1,1.075000000002E1));
#436=LINE('',#435,#434);
#437=CARTESIAN_POINT('',(-2.E0,2.700000000001E0,1.075000000002E1));
#438=CARTESIAN_POINT('',(-1.999999999998E0,2.700000000001E0,1.078350341906E1));
#439=CARTESIAN_POINT('',(-1.993881695393E0,2.706117659543E0,1.085189187860E1));
#440=CARTESIAN_POINT('',(-1.956628297755E0,2.743389673943E0,1.096321797816E1));
#441=CARTESIAN_POINT('',(-1.905518188667E0,2.794484676760E0,1.104799233312E1));
#442=CARTESIAN_POINT('',(-1.833736096080E0,2.866258390329E0,1.112810935692E1));
#443=CARTESIAN_POINT('',(-1.739965578276E0,2.960037296547E0,1.119299082527E1));
#444=CARTESIAN_POINT('',(-1.641278873920E0,3.058739994520E0,1.123452924407E1));
#445=CARTESIAN_POINT('',(-1.549748459588E0,3.150251539973E0,1.125E1));
#446=CARTESIAN_POINT('',(-1.499999999561E0,3.2E0,1.125E1));
#448=DIRECTION('',(-4.065718954920E-11,-1.E0,0.E0));
#449=VECTOR('',#448,2.7E0);
#450=CARTESIAN_POINT('',(-1.499999999561E0,3.2E0,1.125E1));
#451=LINE('',#450,#449);
#452=CARTESIAN_POINT('',(-1.5E0,5.E-1,1.075E1));
#453=DIRECTION('',(0.E0,1.E0,0.E0));
#454=DIRECTION('',(-1.E0,0.E0,6.734879320902E-11));
#455=AXIS2_PLACEMENT_3D('',#452,#453,#454);
#457=CARTESIAN_POINT('',(-1.5E0,5.E-1,1.075E1));
#458=DIRECTION('',(1.E0,0.E0,0.E0));
#459=DIRECTION('',(0.E0,0.E0,1.E0));
#460=AXIS2_PLACEMENT_3D('',#457,#458,#459);
#462=CARTESIAN_POINT('',(-1.5E0,5.E-1,1.075E1));
#463=DIRECTION('',(0.E0,0.E0,-1.E0));
#464=DIRECTION('',(0.E0,-1.E0,0.E0));
#465=AXIS2_PLACEMENT_3D('',#462,#463,#464);
#467=DIRECTION('',(-1.E0,-3.327068350552E-13,-1.865462739236E-12));
#468=VECTOR('',#467,9.25E0);
#469=CARTESIAN_POINT('',(-2.E0,2.700000000001E0,1.075000000002E1));
#470=LINE('',#469,#468);
#471=DIRECTION('',(1.E0,1.632881863872E-13,-6.085160865085E-14));
#472=VECTOR('',#471,9.750000000229E0);
#473=CARTESIAN_POINT('',(-1.124999999979E1,3.199999999998E0,1.125E1));
#474=LINE('',#473,#472);
#475=CARTESIAN_POINT('',(-1.175E1,3.200000000005E0,1.025E1));
#476=DIRECTION('',(-1.041967900844E-11,7.591982798006E-12,-1.E0));
#477=DIRECTION('',(-4.749978188518E-12,-1.E0,-7.592149131535E-12));
#478=AXIS2_PLACEMENT_3D('',#475,#476,#477);
#480=CARTESIAN_POINT('',(-1.124999999999E1,3.200000000001E0,1.024999999999E1));
#481=DIRECTION('',(7.464523766882E-12,1.E0,7.591982797928E-12));
#482=DIRECTION('',(-1.E0,7.464695528309E-12,-1.000413973876E-9));
#483=AXIS2_PLACEMENT_3D('',#480,#481,#482);
#485=CARTESIAN_POINT('',(-1.125E1,3.199999999997E0,1.075E1));
#486=DIRECTION('',(1.E0,-7.464523766918E-12,4.737307768231E-12));
#487=DIRECTION('',(-4.735767333803E-12,5.144329406862E-12,1.E0));
#488=AXIS2_PLACEMENT_3D('',#485,#486,#487);
#490=DIRECTION('',(-4.493702707377E-14,2.349591992511E-13,1.E0));
#491=VECTOR('',#490,9.249999999717E0);
#492=CARTESIAN_POINT('',(-1.225E1,3.2E0,9.999999997805E-1));
#493=LINE('',#492,#491);
#494=DIRECTION('',(-3.418725620057E-12,1.505843069286E-13,-1.E0));
#495=VECTOR('',#494,8.75E0);
#496=CARTESIAN_POINT('',(-1.175E1,2.7E0,1.025E1));
#497=LINE('',#496,#495);
#498=CARTESIAN_POINT('',(-1.175000000003E1,2.700000000002E0,1.5E0));
#499=CARTESIAN_POINT('',(-1.178350341909E1,2.700000000002E0,1.499999999996E0));
#500=CARTESIAN_POINT('',(-1.185189187859E1,2.706118304607E0,1.493882340459E0));
#501=CARTESIAN_POINT('',(-1.196321797816E1,2.743371702246E0,1.456610326057E0));
#502=CARTESIAN_POINT('',(-1.204799233312E1,2.794481811329E0,1.405515323238E0));
#503=CARTESIAN_POINT('',(-1.212810935692E1,2.866263903935E0,1.333741609679E0));
#504=CARTESIAN_POINT('',(-1.219299082527E1,2.960034421669E0,1.239962703425E0));
#505=CARTESIAN_POINT('',(-1.223452924407E1,3.058721126284E0,1.141260005582E0));
#506=CARTESIAN_POINT('',(-1.225E1,3.150251539973E0,1.049748459807E0));
#507=CARTESIAN_POINT('',(-1.225E1,3.2E0,9.999999997805E-1));
#509=DIRECTION('',(0.E0,0.E0,-1.E0));
#510=VECTOR('',#509,2.E0);
#511=CARTESIAN_POINT('',(-1.175E1,0.E0,1.E0));
#512=LINE('',#511,#510);
#513=DIRECTION('',(0.E0,0.E0,1.E0));
#514=VECTOR('',#513,1.999999999506E0);
#515=CARTESIAN_POINT('',(-1.225E1,5.E-1,-9.999999996707E-1));
#516=LINE('',#515,#514);
#517=DIRECTION('',(-1.E0,0.E0,0.E0));
#518=VECTOR('',#517,2.76E0);
#519=CARTESIAN_POINT('',(-8.99E0,0.E0,1.E0));
#520=LINE('',#519,#518);
#521=DIRECTION('',(1.E0,0.E0,0.E0));
#522=VECTOR('',#521,2.760000000048E0);
#523=CARTESIAN_POINT('',(-1.175000000003E1,5.E-1,1.5E0));
#524=LINE('',#523,#522);
#525=CARTESIAN_POINT('',(-1.175E1,5.E-1,1.E0));
#526=DIRECTION('',(0.E0,1.E0,0.E0));
#527=DIRECTION('',(-1.E0,0.E0,0.E0));
#528=AXIS2_PLACEMENT_3D('',#525,#526,#527);
#530=CARTESIAN_POINT('',(-1.175E1,5.E-1,1.E0));
#531=DIRECTION('',(1.E0,0.E0,0.E0));
#532=DIRECTION('',(0.E0,0.E0,1.E0));
#533=AXIS2_PLACEMENT_3D('',#530,#531,#532);
#535=CARTESIAN_POINT('',(-1.175E1,5.E-1,1.E0));
#536=DIRECTION('',(0.E0,0.E0,-1.E0));
#537=DIRECTION('',(0.E0,-1.E0,0.E0));
#538=AXIS2_PLACEMENT_3D('',#535,#536,#537);
#540=DIRECTION('',(0.E0,1.E0,-2.032851253586E-11));
#541=VECTOR('',#540,2.7E0);
#542=CARTESIAN_POINT('',(-1.225E1,5.E-1,9.999999998353E-1));
#543=LINE('',#542,#541);
#544=DIRECTION('',(0.E0,-1.E0,0.E0));
#545=VECTOR('',#544,2.200000000002E0);
#546=CARTESIAN_POINT('',(-1.175000000003E1,2.700000000002E0,1.5E0));
#547=LINE('',#546,#545);
#548=DIRECTION('',(2.551494369320E-12,1.E0,0.E0));
#549=VECTOR('',#548,2.2E0);
#550=CARTESIAN_POINT('',(-8.989999999983E0,5.E-1,1.5E0));
#551=LINE('',#550,#549);
#552=DIRECTION('',(0.E0,-1.E0,4.989745990129E-11));
#553=VECTOR('',#552,2.2E0);
#554=CARTESIAN_POINT('',(-8.49E0,2.7E0,9.999999995609E-1));
#555=LINE('',#554,#553);
#556=CARTESIAN_POINT('',(-8.99E0,5.E-1,1.E0));
#557=DIRECTION('',(0.E0,1.E0,0.E0));
#558=DIRECTION('',(6.734879320902E-11,0.E0,1.E0));
#559=AXIS2_PLACEMENT_3D('',#556,#557,#558);
#561=CARTESIAN_POINT('',(-8.99E0,5.E-1,1.E0));
#562=DIRECTION('',(0.E0,0.E0,-1.E0));
#563=DIRECTION('',(1.E0,0.E0,0.E0));
#564=AXIS2_PLACEMENT_3D('',#561,#562,#563);
#566=CARTESIAN_POINT('',(-8.99E0,5.E-1,1.E0));
#567=DIRECTION('',(-1.E0,0.E0,0.E0));
#568=DIRECTION('',(0.E0,-1.E0,0.E0));
#569=AXIS2_PLACEMENT_3D('',#566,#567,#568);
#571=DIRECTION('',(0.E0,0.E0,1.E0));
#572=VECTOR('',#571,2.E0);
#573=CARTESIAN_POINT('',(-8.99E0,0.E0,-1.E0));
#574=LINE('',#573,#572);
#575=DIRECTION('',(0.E0,0.E0,-1.E0));
#576=VECTOR('',#575,1.999999999688E0);
#577=CARTESIAN_POINT('',(-8.49E0,5.E-1,9.999999996707E-1));
#578=LINE('',#577,#576);
#579=DIRECTION('',(0.E0,1.E0,-2.551090651857E-12));
#580=VECTOR('',#579,2.2E0);
#581=CARTESIAN_POINT('',(-8.49E0,5.E-1,-1.000000000017E0));
#582=LINE('',#581,#580);
#583=DIRECTION('',(4.989705618383E-11,-1.E0,0.E0));
#584=VECTOR('',#583,2.2E0);
#585=CARTESIAN_POINT('',(-8.990000000439E0,2.7E0,-1.5E0));
#586=LINE('',#585,#584);
#587=CARTESIAN_POINT('',(-8.99E0,5.E-1,-1.E0));
#588=DIRECTION('',(0.E0,1.E0,0.E0));
#589=DIRECTION('',(1.E0,0.E0,-6.734923729823E-11));
#590=AXIS2_PLACEMENT_3D('',#587,#588,#589);
#592=CARTESIAN_POINT('',(-8.99E0,5.E-1,-1.E0));
#593=DIRECTION('',(-1.E0,0.E0,0.E0));
#594=DIRECTION('',(0.E0,0.E0,-1.E0));
#595=AXIS2_PLACEMENT_3D('',#592,#593,#594);
#597=CARTESIAN_POINT('',(-8.99E0,5.E-1,-1.E0));
#598=DIRECTION('',(0.E0,0.E0,1.E0));
#599=DIRECTION('',(0.E0,-1.E0,0.E0));
#600=AXIS2_PLACEMENT_3D('',#597,#598,#599);
#602=DIRECTION('',(1.E0,0.E0,0.E0));
#603=VECTOR('',#602,2.76E0);
#604=CARTESIAN_POINT('',(-1.175E1,0.E0,-1.E0));
#605=LINE('',#604,#603);
#606=DIRECTION('',(-1.E0,0.E0,0.E0));
#607=VECTOR('',#606,2.759999999688E0);
#608=CARTESIAN_POINT('',(-8.990000000329E0,5.E-1,-1.5E0));
#609=LINE('',#608,#607);
#610=DIRECTION('',(0.E0,1.E0,0.E0));
#611=VECTOR('',#610,2.200000000001E0);
#612=CARTESIAN_POINT('',(-1.175000000002E1,5.E-1,-1.5E0));
#613=LINE('',#612,#611);
#614=CARTESIAN_POINT('',(-1.175000000002E1,2.700000000001E0,-1.5E0));
#615=CARTESIAN_POINT('',(-1.178350341906E1,2.700000000001E0,-1.499999999998E0));
#616=CARTESIAN_POINT('',(-1.185189187860E1,2.706117659543E0,-1.493881695393E0));
#617=CARTESIAN_POINT('',(-1.196321797816E1,2.743389673943E0,-1.456628297755E0));
#618=CARTESIAN_POINT('',(-1.204799233312E1,2.794484676760E0,-1.405518188667E0));
#619=CARTESIAN_POINT('',(-1.212810935692E1,2.866258390329E0,-1.333736096080E0));
#620=CARTESIAN_POINT('',(-1.219299082527E1,2.960037296547E0,-1.239965578276E0));
#621=CARTESIAN_POINT('',(-1.223452924407E1,3.058739994520E0,-1.141278873920E0));
#622=CARTESIAN_POINT('',(-1.225E1,3.150251539973E0,-1.049748459588E0));
#623=CARTESIAN_POINT('',(-1.225E1,3.2E0,-9.999999995609E-1));
#625=DIRECTION('',(0.E0,-1.E0,-4.065718954920E-11));
#626=VECTOR('',#625,2.7E0);
#627=CARTESIAN_POINT('',(-1.225E1,3.2E0,-9.999999995609E-1));
#628=LINE('',#627,#626);
#629=CARTESIAN_POINT('',(-1.175E1,5.E-1,-1.E0));
#630=DIRECTION('',(0.E0,1.E0,0.E0));
#631=DIRECTION('',(-6.734879320902E-11,0.E0,-1.E0));
#632=AXIS2_PLACEMENT_3D('',#629,#630,#631);
#634=CARTESIAN_POINT('',(-1.175E1,5.E-1,-1.E0));
#635=DIRECTION('',(0.E0,0.E0,1.E0));
#636=DIRECTION('',(-1.E0,0.E0,0.E0));
#637=AXIS2_PLACEMENT_3D('',#634,#635,#636);
#639=CARTESIAN_POINT('',(-1.175E1,5.E-1,-1.E0));
#640=DIRECTION('',(1.E0,0.E0,0.E0));
#641=DIRECTION('',(0.E0,-1.E0,0.E0));
#642=AXIS2_PLACEMENT_3D('',#639,#640,#641);
#644=DIRECTION('',(1.972060610050E-12,-3.516679011487E-13,-1.E0));
#645=VECTOR('',#644,8.75E0);
#646=CARTESIAN_POINT('',(-1.175000000002E1,2.700000000001E0,-1.5E0));
#647=LINE('',#646,#645);
#648=DIRECTION('',(6.414088479405E-14,1.720185555517E-13,1.E0));
#649=VECTOR('',#648,9.250000000229E0);
#650=CARTESIAN_POINT('',(-1.225E1,3.199999999998E0,-1.024999999979E1));
#651=LINE('',#650,#649);
#652=CARTESIAN_POINT('',(-1.125E1,3.200000000005E0,-1.075E1));
#653=DIRECTION('',(1.E0,7.591982798006E-12,-1.041998431977E-11));
#654=DIRECTION('',(7.592149131535E-12,-1.E0,-4.746425474839E-12));
#655=AXIS2_PLACEMENT_3D('',#652,#653,#654);
#657=CARTESIAN_POINT('',(-1.124999999999E1,3.200000000001E0,-1.024999999999E1));
#658=DIRECTION('',(-7.591982797928E-12,1.E0,7.457987406316E-12));
#659=DIRECTION('',(1.000410421162E-9,7.458034190162E-12,-1.E0));
#660=AXIS2_PLACEMENT_3D('',#657,#658,#659);
#662=CARTESIAN_POINT('',(-1.175E1,3.199999999997E0,-1.025E1));
#663=DIRECTION('',(-4.743691550623E-12,-7.457987406352E-12,1.E0));
#664=DIRECTION('',(-1.E0,5.139000336343E-12,-4.742872761160E-12));
#665=AXIS2_PLACEMENT_3D('',#662,#663,#664);
#667=DIRECTION('',(-1.E0,2.227733667118E-13,-4.263256414685E-14));
#668=VECTOR('',#667,9.749999999717E0);
#669=CARTESIAN_POINT('',(-1.499999999781E0,3.2E0,-1.125E1));
#670=LINE('',#669,#668);
#671=DIRECTION('',(1.E0,1.424446146622E-13,-3.233929640595E-12));
#672=VECTOR('',#671,9.25E0);
#673=CARTESIAN_POINT('',(-1.125E1,2.7E0,-1.075E1));
#674=LINE('',#673,#672);
#675=CARTESIAN_POINT('',(-2.E0,2.700000000002E0,-1.075000000003E1));
#676=CARTESIAN_POINT('',(-1.999999999996E0,2.700000000002E0,-1.078350341909E1));
#677=CARTESIAN_POINT('',(-1.993882340459E0,2.706118304607E0,-1.085189187859E1));
#678=CARTESIAN_POINT('',(-1.956610326057E0,2.743371702246E0,-1.096321797816E1));
#679=CARTESIAN_POINT('',(-1.905515323238E0,2.794481811329E0,-1.104799233312E1));
#680=CARTESIAN_POINT('',(-1.833741609679E0,2.866263903935E0,-1.112810935692E1));
#681=CARTESIAN_POINT('',(-1.739962703425E0,2.960034421669E0,-1.119299082527E1));
#682=CARTESIAN_POINT('',(-1.641260005582E0,3.058721126284E0,-1.123452924407E1));
#683=CARTESIAN_POINT('',(-1.549748459807E0,3.150251539973E0,-1.125E1));
#684=CARTESIAN_POINT('',(-1.499999999781E0,3.2E0,-1.125E1));
#686=DIRECTION('',(0.E0,-1.E0,4.169763949322E-13));
#687=VECTOR('',#686,1.900000000003E0);
#688=CARTESIAN_POINT('',(-1.225E1,5.100000000002E0,-1.024999999979E1));
#689=LINE('',#688,#687);
#690=DIRECTION('',(1.243449787583E-13,1.E0,0.E0));
#691=VECTOR('',#690,1.899999999996E0);
#692=CARTESIAN_POINT('',(-1.124999999950E1,3.200000000002E0,-1.125E1));
#693=LINE('',#692,#691);
#694=CARTESIAN_POINT('',(-1.175E1,5.100000000003E0,-1.025E1));
#695=DIRECTION('',(-4.649058915561E-12,7.457987406351E-12,1.E0));
#696=DIRECTION('',(-3.335998144367E-12,1.E0,-7.457146011742E-12));
#697=AXIS2_PLACEMENT_3D('',#694,#695,#696);
#699=CARTESIAN_POINT('',(-1.124999999999E1,5.099999999999E0,-1.024999999999E1));
#700=DIRECTION('',(-7.591982797928E-12,-1.E0,7.457987406316E-12));
#701=DIRECTION('',(-1.E0,7.592149131535E-12,-6.410871833344E-12));
#702=AXIS2_PLACEMENT_3D('',#699,#700,#701);
#704=CARTESIAN_POINT('',(-1.125E1,5.099999999995E0,-1.075E1));
#705=DIRECTION('',(1.E0,-7.591982798005E-12,-1.030192597889E-11));
#706=DIRECTION('',(-1.030286966844E-11,9.908518450095E-12,-1.E0));
#707=AXIS2_PLACEMENT_3D('',#704,#705,#706);
#709=CARTESIAN_POINT('',(1.124999999999E1,5.600000000003E0,1.025E1));
#710=DIRECTION('',(7.591982797928E-12,-1.E0,-7.457987406316E-12));
#711=DIRECTION('',(1.E0,7.592149131477E-12,5.364597654904E-12));
#712=AXIS2_PLACEMENT_3D('',#709,#710,#711);
#714=CARTESIAN_POINT('',(-1.125E1,5.6E0,1.025E1));
#715=DIRECTION('',(0.E0,-1.E0,0.E0));
#716=DIRECTION('',(0.E0,0.E0,1.E0));
#717=AXIS2_PLACEMENT_3D('',#714,#715,#716);
#719=CARTESIAN_POINT('',(-1.124999999999E1,5.600000000003E0,-1.025E1));
#720=DIRECTION('',(-7.591982797928E-12,-1.E0,7.457987406316E-12));
#721=DIRECTION('',(-1.E0,7.592149131477E-12,-5.364597654904E-12));
#722=AXIS2_PLACEMENT_3D('',#719,#720,#721);
#724=CARTESIAN_POINT('',(1.125E1,5.6E0,-1.025E1));
#725=DIRECTION('',(0.E0,-1.E0,0.E0));
#726=DIRECTION('',(0.E0,0.E0,-1.E0));
#727=AXIS2_PLACEMENT_3D('',#724,#725,#726);
#729=CARTESIAN_POINT('',(8.442996415720E0,5.6E0,9.154025004458E0));
#730=DIRECTION('',(0.E0,1.E0,0.E0));
#731=DIRECTION('',(-1.177724584522E-11,0.E0,1.E0));
#732=AXIS2_PLACEMENT_3D('',#729,#730,#731);
#734=DIRECTION('',(-1.E0,5.870512809096E-14,0.E0));
#735=VECTOR('',#734,4.992730414401E-1);
#736=CARTESIAN_POINT('',(1.044226945716E1,5.6E0,-8.25E0));
#737=LINE('',#736,#735);
#738=CARTESIAN_POINT('',(8.442996415720E0,5.6E0,-9.154025004458E0));
#739=DIRECTION('',(0.E0,1.E0,0.E0));
#740=DIRECTION('',(1.E0,0.E0,0.E0));
#741=AXIS2_PLACEMENT_3D('',#738,#739,#740);
#743=CARTESIAN_POINT('',(-8.442996415720E0,5.6E0,-9.154025004458E0));
#744=DIRECTION('',(0.E0,1.E0,0.E0));
#745=DIRECTION('',(1.177724584522E-11,0.E0,-1.E0));
#746=AXIS2_PLACEMENT_3D('',#743,#744,#745);
#748=DIRECTION('',(-1.E0,-5.870512809096E-14,0.E0));
#749=VECTOR('',#748,4.992730414401E-1);
#750=CARTESIAN_POINT('',(-9.942996415720E0,5.6E0,-8.25E0));
#751=LINE('',#750,#749);
#752=CARTESIAN_POINT('',(-8.442996415720E0,5.6E0,9.154025004458E0));
#753=DIRECTION('',(0.E0,1.E0,0.E0));
#754=DIRECTION('',(-1.E0,0.E0,0.E0));
#755=AXIS2_PLACEMENT_3D('',#752,#753,#754);
#757=CARTESIAN_POINT('',(1.175E1,5.100000000003E0,1.025E1));
#758=DIRECTION('',(4.648753604229E-12,7.457987406351E-12,-1.E0));
#759=DIRECTION('',(3.332445430688E-12,1.E0,7.457146011742E-12));
#760=AXIS2_PLACEMENT_3D('',#757,#758,#759);
#762=CARTESIAN_POINT('',(1.124999999999E1,5.099999999999E0,1.024999999999E1));
#763=DIRECTION('',(7.591982797928E-12,-1.E0,-7.457987406316E-12));
#764=DIRECTION('',(1.E0,7.592149131535E-12,6.410871833344E-12));
#765=AXIS2_PLACEMENT_3D('',#762,#763,#764);
#767=CARTESIAN_POINT('',(1.125E1,5.099999999995E0,1.075E1));
#768=DIRECTION('',(-1.E0,-7.591982798005E-12,1.030260599050E-11));
#769=DIRECTION('',(1.030286966844E-11,9.908518450095E-12,1.E0));
#770=AXIS2_PLACEMENT_3D('',#767,#768,#769);
#772=DIRECTION('',(2.027646343511E-14,-1.074046001189E-13,-1.E0));
#773=VECTOR('',#772,2.05E1);
#774=CARTESIAN_POINT('',(1.175E1,5.600000000002E0,1.025E1));
#775=LINE('',#774,#773);
#776=DIRECTION('',(2.894161875026E-14,7.763979161746E-14,1.E0));
#777=VECTOR('',#776,2.049999999929E1);
#778=CARTESIAN_POINT('',(1.225E1,5.1E0,-1.024999999950E1));
#779=LINE('',#778,#777);
#780=CARTESIAN_POINT('',(1.125E1,5.1E0,-1.075E1));
#781=DIRECTION('',(-1.E0,0.E0,0.E0));
#782=DIRECTION('',(0.E0,1.E0,0.E0));
#783=AXIS2_PLACEMENT_3D('',#780,#781,#782);
#785=CARTESIAN_POINT('',(1.125E1,5.1E0,-1.025E1));
#786=DIRECTION('',(0.E0,-1.E0,0.E0));
#787=DIRECTION('',(0.E0,0.E0,-1.E0));
#788=AXIS2_PLACEMENT_3D('',#785,#786,#787);
#790=CARTESIAN_POINT('',(1.175E1,5.1E0,-1.025E1));
#791=DIRECTION('',(0.E0,0.E0,1.E0));
#792=DIRECTION('',(1.E0,0.E0,0.E0));
#793=AXIS2_PLACEMENT_3D('',#790,#791,#792);
#795=DIRECTION('',(-1.E0,-1.361873576874E-14,-6.292250671120E-14));
#796=VECTOR('',#795,2.25E1);
#797=CARTESIAN_POINT('',(1.125E1,5.6E0,-1.075E1));
#798=LINE('',#797,#796);
#799=DIRECTION('',(1.E0,9.651538827714E-14,1.847411113035E-14));
#800=VECTOR('',#799,2.249999999929E1);
#801=CARTESIAN_POINT('',(-1.124999999950E1,5.099999999998E0,-1.125E1));
#802=LINE('',#801,#800);
#803=DIRECTION('',(0.E0,-1.E0,-3.122648338733E-13));
#804=VECTOR('',#803,1.900000000002E0);
#805=CARTESIAN_POINT('',(1.124999999979E1,5.1E0,-1.125E1));
#806=LINE('',#805,#804);
#807=DIRECTION('',(-2.187723686422E-13,1.E0,1.243449787582E-13));
#808=VECTOR('',#807,1.899999999998E0);
#809=CARTESIAN_POINT('',(1.225E1,3.200000000002E0,-1.024999999950E1));
#810=LINE('',#809,#808);
#811=CARTESIAN_POINT('',(1.175E1,3.200000000005E0,-1.025E1));
#812=DIRECTION('',(1.041967900844E-11,7.591982798006E-12,1.E0));
#813=DIRECTION('',(4.749978188518E-12,-1.E0,7.592149131535E-12));
#814=AXIS2_PLACEMENT_3D('',#811,#812,#813);
#816=CARTESIAN_POINT('',(1.124999999999E1,3.200000000001E0,-1.024999999999E1));
#817=DIRECTION('',(-7.464523766882E-12,1.E0,-7.591982797928E-12));
#818=DIRECTION('',(1.E0,7.464695528309E-12,1.000415750233E-9));
#819=AXIS2_PLACEMENT_3D('',#816,#817,#818);
#821=CARTESIAN_POINT('',(1.125E1,3.199999999997E0,-1.075E1));
#822=DIRECTION('',(-1.E0,-7.464523766918E-12,-4.737307768231E-12));
#823=DIRECTION('',(4.735767333803E-12,5.144329406862E-12,-1.E0));
#824=AXIS2_PLACEMENT_3D('',#821,#822,#823);
#826=DIRECTION('',(4.493702707377E-14,2.349591992511E-13,-1.E0));
#827=VECTOR('',#826,9.249999999717E0);
#828=CARTESIAN_POINT('',(1.225E1,3.2E0,-9.999999997805E-1));
#829=LINE('',#828,#827);
#830=DIRECTION('',(3.418725620057E-12,1.505843069286E-13,1.E0));
#831=VECTOR('',#830,8.75E0);
#832=CARTESIAN_POINT('',(1.175E1,2.7E0,-1.025E1));
#833=LINE('',#832,#831);
#834=CARTESIAN_POINT('',(1.175000000003E1,2.700000000002E0,-1.5E0));
#835=CARTESIAN_POINT('',(1.178350341909E1,2.700000000002E0,-1.499999999996E0));
#836=CARTESIAN_POINT('',(1.185189187859E1,2.706118304607E0,-1.493882340459E0));
#837=CARTESIAN_POINT('',(1.196321797816E1,2.743371702246E0,-1.456610326057E0));
#838=CARTESIAN_POINT('',(1.204799233312E1,2.794481811329E0,-1.405515323238E0));
#839=CARTESIAN_POINT('',(1.212810935692E1,2.866263903935E0,-1.333741609679E0));
#840=CARTESIAN_POINT('',(1.219299082527E1,2.960034421669E0,-1.239962703425E0));
#841=CARTESIAN_POINT('',(1.223452924407E1,3.058721126284E0,-1.141260005582E0));
#842=CARTESIAN_POINT('',(1.225E1,3.150251539973E0,-1.049748459807E0));
#843=CARTESIAN_POINT('',(1.225E1,3.2E0,-9.999999997805E-1));
#845=DIRECTION('',(3.014477556462E-11,0.E0,1.E0));
#846=VECTOR('',#845,2.E0);
#847=CARTESIAN_POINT('',(1.174999999994E1,0.E0,-1.E0));
#848=LINE('',#847,#846);
#849=DIRECTION('',(0.E0,0.E0,-1.E0));
#850=VECTOR('',#849,1.999999999474E0);
#851=CARTESIAN_POINT('',(1.225E1,5.E-1,9.999999996707E-1));
#852=LINE('',#851,#850);
#853=DIRECTION('',(0.E0,0.E0,-1.E0));
#854=VECTOR('',#853,2.E0);
#855=CARTESIAN_POINT('',(8.99E0,0.E0,1.E0));
#856=LINE('',#855,#854);
#857=DIRECTION('',(0.E0,0.E0,1.E0));
#858=VECTOR('',#857,1.999999999688E0);
#859=CARTESIAN_POINT('',(8.49E0,5.E-1,-9.999999996707E-1));
#860=LINE('',#859,#858);
#861=CARTESIAN_POINT('',(8.99E0,5.E-1,-1.E0));
#862=DIRECTION('',(0.E0,1.E0,0.E0));
#863=DIRECTION('',(-6.734879320902E-11,0.E0,-1.E0));
#864=AXIS2_PLACEMENT_3D('',#861,#862,#863);
#866=CARTESIAN_POINT('',(8.99E0,5.E-1,-1.E0));
#867=DIRECTION('',(0.E0,0.E0,1.E0));
#868=DIRECTION('',(-1.E0,0.E0,0.E0));
#869=AXIS2_PLACEMENT_3D('',#866,#867,#868);
#871=CARTESIAN_POINT('',(8.99E0,5.E-1,-1.E0));
#872=DIRECTION('',(1.E0,0.E0,0.E0));
#873=DIRECTION('',(0.E0,-1.E0,0.E0));
#874=AXIS2_PLACEMENT_3D('',#871,#872,#873);
#876=DIRECTION('',(-2.551494369320E-12,1.E0,0.E0));
#877=VECTOR('',#876,2.2E0);
#878=CARTESIAN_POINT('',(8.989999999983E0,5.E-1,-1.5E0));
#879=LINE('',#878,#877);
#880=DIRECTION('',(0.E0,-1.E0,-4.989745990129E-11));
#881=VECTOR('',#880,2.2E0);
#882=CARTESIAN_POINT('',(8.49E0,2.7E0,-9.999999995609E-1));
#883=LINE('',#882,#881);
#884=DIRECTION('',(1.E0,0.E0,0.E0));
#885=VECTOR('',#884,2.759999999940E0);
#886=CARTESIAN_POINT('',(8.99E0,0.E0,-1.E0));
#887=LINE('',#886,#885);
#888=DIRECTION('',(-1.E0,0.E0,0.E0));
#889=VECTOR('',#888,2.760000000081E0);
#890=CARTESIAN_POINT('',(1.175000000006E1,5.E-1,-1.5E0));
#891=LINE('',#890,#889);
#892=CARTESIAN_POINT('',(1.175E1,5.E-1,-1.E0));
#893=DIRECTION('',(0.E0,1.E0,0.E0));
#894=DIRECTION('',(1.E0,0.E0,0.E0));
#895=AXIS2_PLACEMENT_3D('',#892,#893,#894);
#897=CARTESIAN_POINT('',(1.175E1,5.E-1,-1.E0));
#898=DIRECTION('',(-1.E0,4.823136832664E-10,-2.599984116891E-10));
#899=DIRECTION('',(2.599982451557E-10,0.E0,-1.E0));
#900=AXIS2_PLACEMENT_3D('',#897,#898,#899);
#902=CARTESIAN_POINT('',(1.175E1,5.E-1,-1.E0));
#903=DIRECTION('',(-2.599984116891E-10,0.E0,1.E0));
#904=DIRECTION('',(0.E0,-1.E0,0.E0));
#905=AXIS2_PLACEMENT_3D('',#902,#903,#904);
#907=DIRECTION('',(0.E0,1.E0,8.291392264128E-12));
#908=VECTOR('',#907,2.7E0);
#909=CARTESIAN_POINT('',(1.225E1,5.E-1,-9.999999998028E-1));
#910=LINE('',#909,#908);
#911=DIRECTION('',(1.477282942438E-11,-1.E0,0.E0));
#912=VECTOR('',#911,2.200000000002E0);
#913=CARTESIAN_POINT('',(1.175000000003E1,2.700000000002E0,-1.5E0));
#914=LINE('',#913,#912);
#915=DIRECTION('',(0.E0,1.E0,2.551090651857E-12));
#916=VECTOR('',#915,2.2E0);
#917=CARTESIAN_POINT('',(8.49E0,5.E-1,1.000000000017E0));
#918=LINE('',#917,#916);
#919=DIRECTION('',(-4.989705618383E-11,-1.E0,0.E0));
#920=VECTOR('',#919,2.2E0);
#921=CARTESIAN_POINT('',(8.990000000439E0,2.7E0,1.5E0));
#922=LINE('',#921,#920);
#923=CARTESIAN_POINT('',(8.99E0,5.E-1,1.E0));
#924=DIRECTION('',(0.E0,1.E0,0.E0));
#925=DIRECTION('',(-1.E0,0.E0,6.734923729823E-11));
#926=AXIS2_PLACEMENT_3D('',#923,#924,#925);
#928=CARTESIAN_POINT('',(8.99E0,5.E-1,1.E0));
#929=DIRECTION('',(1.E0,0.E0,0.E0));
#930=DIRECTION('',(0.E0,0.E0,1.E0));
#931=AXIS2_PLACEMENT_3D('',#928,#929,#930);
#933=CARTESIAN_POINT('',(8.99E0,5.E-1,1.E0));
#934=DIRECTION('',(0.E0,0.E0,-1.E0));
#935=DIRECTION('',(0.E0,-1.E0,0.E0));
#936=AXIS2_PLACEMENT_3D('',#933,#934,#935);
#938=DIRECTION('',(-1.E0,0.E0,0.E0));
#939=VECTOR('',#938,2.76E0);
#940=CARTESIAN_POINT('',(1.175E1,0.E0,1.E0));
#941=LINE('',#940,#939);
#942=DIRECTION('',(1.E0,0.E0,0.E0));
#943=VECTOR('',#942,2.759999999688E0);
#944=CARTESIAN_POINT('',(8.990000000329E0,5.E-1,1.5E0));
#945=LINE('',#944,#943);
#946=DIRECTION('',(0.E0,1.E0,0.E0));
#947=VECTOR('',#946,2.200000000001E0);
#948=CARTESIAN_POINT('',(1.175000000002E1,5.E-1,1.5E0));
#949=LINE('',#948,#947);
#950=CARTESIAN_POINT('',(1.175000000002E1,2.700000000001E0,1.5E0));
#951=CARTESIAN_POINT('',(1.178350341906E1,2.700000000001E0,1.499999999998E0));
#952=CARTESIAN_POINT('',(1.185189187860E1,2.706117659543E0,1.493881695393E0));
#953=CARTESIAN_POINT('',(1.196321797816E1,2.743389673943E0,1.456628297755E0));
#954=CARTESIAN_POINT('',(1.204799233312E1,2.794484676760E0,1.405518188667E0));
#955=CARTESIAN_POINT('',(1.212810935692E1,2.866258390329E0,1.333736096080E0));
#956=CARTESIAN_POINT('',(1.219299082527E1,2.960037296547E0,1.239965578276E0));
#957=CARTESIAN_POINT('',(1.223452924407E1,3.058739994520E0,1.141278873920E0));
#958=CARTESIAN_POINT('',(1.225E1,3.150251539973E0,1.049748459588E0));
#959=CARTESIAN_POINT('',(1.225E1,3.2E0,9.999999995609E-1));
#961=DIRECTION('',(0.E0,-1.E0,4.065718954920E-11));
#962=VECTOR('',#961,2.7E0);
#963=CARTESIAN_POINT('',(1.225E1,3.2E0,9.999999995609E-1));
#964=LINE('',#963,#962);
#965=CARTESIAN_POINT('',(1.175E1,5.E-1,1.E0));
#966=DIRECTION('',(0.E0,1.E0,0.E0));
#967=DIRECTION('',(6.734879320902E-11,0.E0,1.E0));
#968=AXIS2_PLACEMENT_3D('',#965,#966,#967);
#970=CARTESIAN_POINT('',(1.175E1,5.E-1,1.E0));
#971=DIRECTION('',(0.E0,0.E0,-1.E0));
#972=DIRECTION('',(1.E0,0.E0,0.E0));
#973=AXIS2_PLACEMENT_3D('',#970,#971,#972);
#975=CARTESIAN_POINT('',(1.175E1,5.E-1,1.E0));
#976=DIRECTION('',(-1.E0,0.E0,0.E0));
#977=DIRECTION('',(0.E0,-1.E0,0.E0));
#978=AXIS2_PLACEMENT_3D('',#975,#976,#977);
#980=DIRECTION('',(-1.972263622260E-12,-3.516679011487E-13,1.E0));
#981=VECTOR('',#980,8.75E0);
#982=CARTESIAN_POINT('',(1.175000000002E1,2.700000000001E0,1.5E0));
#983=LINE('',#982,#981);
#984=DIRECTION('',(-6.414088479405E-14,1.720185555517E-13,-1.E0));
#985=VECTOR('',#984,9.250000000229E0);
#986=CARTESIAN_POINT('',(1.225E1,3.199999999998E0,1.024999999979E1));
#987=LINE('',#986,#985);
#988=CARTESIAN_POINT('',(1.125E1,3.200000000005E0,1.075E1));
#989=DIRECTION('',(-1.E0,7.591982798006E-12,1.041998431977E-11));
#990=DIRECTION('',(-7.592149131535E-12,-1.E0,4.746425474839E-12));
#991=AXIS2_PLACEMENT_3D('',#988,#989,#990);
#993=CARTESIAN_POINT('',(1.124999999999E1,3.200000000001E0,1.024999999999E1));
#994=DIRECTION('',(7.591982797928E-12,1.E0,-7.457987406316E-12));
#995=DIRECTION('',(-1.000410421162E-9,7.458034190162E-12,1.E0));
#996=AXIS2_PLACEMENT_3D('',#993,#994,#995);
#998=CARTESIAN_POINT('',(1.175E1,3.199999999997E0,1.025E1));
#999=DIRECTION('',(4.743691550623E-12,-7.457987406352E-12,-1.E0));
#1000=DIRECTION('',(1.E0,5.139000336343E-12,4.742872761160E-12));
#1001=AXIS2_PLACEMENT_3D('',#998,#999,#1000);
#1003=DIRECTION('',(0.E0,-1.E0,-4.169763949322E-13));
#1004=VECTOR('',#1003,1.900000000003E0);
#1005=CARTESIAN_POINT('',(1.225E1,5.100000000002E0,1.024999999979E1));
#1006=LINE('',#1005,#1004);
#1007=DIRECTION('',(-1.243449787583E-13,1.E0,0.E0));
#1008=VECTOR('',#1007,1.899999999996E0);
#1009=CARTESIAN_POINT('',(1.124999999950E1,3.200000000002E0,1.125E1));
#1010=LINE('',#1009,#1008);
#1011=DIRECTION('',(1.E0,-3.327068350552E-13,1.865462739236E-12));
#1012=VECTOR('',#1011,9.25E0);
#1013=CARTESIAN_POINT('',(2.E0,2.700000000001E0,-1.075000000002E1));
#1014=LINE('',#1013,#1012);
#1015=DIRECTION('',(-1.E0,1.632881863872E-13,6.085160865085E-14));
#1016=VECTOR('',#1015,9.750000000229E0);
#1017=CARTESIAN_POINT('',(1.124999999979E1,3.199999999998E0,-1.125E1));
#1018=LINE('',#1017,#1016);
#1019=DIRECTION('',(1.E0,-1.361873576874E-14,6.284355751834E-14));
#1020=VECTOR('',#1019,2.25E1);
#1021=CARTESIAN_POINT('',(-1.125E1,5.6E0,1.075E1));
#1022=LINE('',#1021,#1020);
#1023=DIRECTION('',(-1.E0,9.651538827714E-14,-1.847411113035E-14));
#1024=VECTOR('',#1023,2.249999999929E1);
#1025=CARTESIAN_POINT('',(1.124999999950E1,5.099999999998E0,1.125E1));
#1026=LINE('',#1025,#1024);
#1027=CARTESIAN_POINT('',(-1.125E1,5.1E0,1.075E1));
#1028=DIRECTION('',(1.E0,0.E0,0.E0));
#1029=DIRECTION('',(0.E0,1.E0,0.E0));
#1030=AXIS2_PLACEMENT_3D('',#1027,#1028,#1029);
#1032=CARTESIAN_POINT('',(-1.125E1,5.1E0,1.025E1));
#1033=DIRECTION('',(0.E0,-1.E0,0.E0));
#1034=DIRECTION('',(0.E0,0.E0,1.E0));
#1035=AXIS2_PLACEMENT_3D('',#1032,#1033,#1034);
#1037=CARTESIAN_POINT('',(-1.175E1,5.1E0,1.025E1));
#1038=DIRECTION('',(0.E0,0.E0,-1.E0));
#1039=DIRECTION('',(-1.E0,0.E0,0.E0));
#1040=AXIS2_PLACEMENT_3D('',#1037,#1038,#1039);
#1042=DIRECTION('',(0.E0,-1.E0,3.122648338733E-13));
#1043=VECTOR('',#1042,1.900000000002E0);
#1044=CARTESIAN_POINT('',(-1.124999999979E1,5.1E0,1.125E1));
#1045=LINE('',#1044,#1043);
#1046=DIRECTION('',(2.187723686422E-13,1.E0,-1.243449787582E-13));
#1047=VECTOR('',#1046,1.899999999998E0);
#1048=CARTESIAN_POINT('',(-1.225E1,3.200000000002E0,1.024999999950E1));
#1049=LINE('',#1048,#1047);
#1050=DIRECTION('',(-2.027646343511E-14,-1.074046001189E-13,1.E0));
#1051=VECTOR('',#1050,2.05E1);
#1052=CARTESIAN_POINT('',(-1.175E1,5.600000000002E0,-1.025E1));
#1053=LINE('',#1052,#1051);
#1054=DIRECTION('',(-2.894161875026E-14,7.763979161746E-14,-1.E0));
#1055=VECTOR('',#1054,2.049999999929E1);
#1056=CARTESIAN_POINT('',(-1.225E1,5.1E0,1.024999999950E1));
#1057=LINE('',#1056,#1055);
#1058=DIRECTION('',(-1.E0,0.E0,0.E0));
#1059=VECTOR('',#1058,1.688599283143E1);
#1060=CARTESIAN_POINT('',(8.442996415714E0,5.6E0,1.065402500446E1));
#1061=LINE('',#1060,#1059);
#1062=DIRECTION('',(1.051857014188E-12,1.E0,-1.487698852998E-13));
#1063=VECTOR('',#1062,5.6E0);
#1064=CARTESIAN_POINT('',(8.442996415714E0,5.6E0,1.065402500446E1));
#1065=LINE('',#1064,#1063);
#1066=DIRECTION('',(0.E0,-1.E0,0.E0));
#1067=VECTOR('',#1066,5.6E0);
#1068=CARTESIAN_POINT('',(9.942996415720E0,1.12E1,9.154025004458E0));
#1069=LINE('',#1068,#1067);
#1070=CARTESIAN_POINT('',(8.442996415720E0,1.12E1,9.154025004458E0));
#1071=DIRECTION('',(-1.E0,0.E0,0.E0));
#1072=DIRECTION('',(0.E0,0.E0,1.E0));
#1073=AXIS2_PLACEMENT_3D('',#1070,#1071,#1072);
#1075=CARTESIAN_POINT('',(8.442996415720E0,1.12E1,9.154025004458E0));
#1076=DIRECTION('',(0.E0,0.E0,-1.E0));
#1077=DIRECTION('',(0.E0,1.E0,0.E0));
#1078=AXIS2_PLACEMENT_3D('',#1075,#1076,#1077);
#1080=CARTESIAN_POINT('',(8.442996415720E0,1.12E1,9.154025004458E0));
#1081=DIRECTION('',(0.E0,-1.E0,0.E0));
#1082=DIRECTION('',(1.E0,0.E0,0.E0));
#1083=AXIS2_PLACEMENT_3D('',#1080,#1081,#1082);
#1085=DIRECTION('',(-1.E0,0.E0,0.E0));
#1086=VECTOR('',#1085,1.688599283144E1);
#1087=CARTESIAN_POINT('',(8.442996415720E0,1.12E1,1.065402500446E1));
#1088=LINE('',#1087,#1086);
#1089=DIRECTION('',(1.E0,0.E0,0.E0));
#1090=VECTOR('',#1089,1.688599283144E1);
#1091=CARTESIAN_POINT('',(-8.442996415720E0,1.27E1,9.154025004458E0));
#1092=LINE('',#1091,#1090);
#1093=CARTESIAN_POINT('',(-8.442996415720E0,1.12E1,9.154025004458E0));
#1094=DIRECTION('',(0.E0,-1.E0,0.E0));
#1095=DIRECTION('',(0.E0,0.E0,1.E0));
#1096=AXIS2_PLACEMENT_3D('',#1093,#1094,#1095);
#1098=CARTESIAN_POINT('',(-8.442996415720E0,1.12E1,9.154025004458E0));
#1099=DIRECTION('',(0.E0,0.E0,-1.E0));
#1100=DIRECTION('',(-1.E0,0.E0,0.E0));
#1101=AXIS2_PLACEMENT_3D('',#1098,#1099,#1100);
#1103=CARTESIAN_POINT('',(-8.442996415720E0,1.12E1,9.154025004458E0));
#1104=DIRECTION('',(1.E0,0.E0,0.E0));
#1105=DIRECTION('',(0.E0,1.E0,0.E0));
#1106=AXIS2_PLACEMENT_3D('',#1103,#1104,#1105);
#1108=DIRECTION('',(0.E0,1.E0,0.E0));
#1109=VECTOR('',#1108,5.6E0);
#1110=CARTESIAN_POINT('',(-9.942996415720E0,5.6E0,9.154025004458E0));
#1111=LINE('',#1110,#1109);
#1112=DIRECTION('',(1.050905394452E-12,-1.E0,1.484526787213E-13));
#1113=VECTOR('',#1112,5.6E0);
#1114=CARTESIAN_POINT('',(-8.442996415720E0,1.12E1,1.065402500446E1));
#1115=LINE('',#1114,#1113);
#1116=DIRECTION('',(0.E0,0.E0,-1.E0));
#1117=VECTOR('',#1116,9.040250044580E-1);
#1118=CARTESIAN_POINT('',(-9.942996415720E0,5.6E0,9.154025004458E0));
#1119=LINE('',#1118,#1117);
#1120=DIRECTION('',(0.E0,0.E0,1.E0));
#1121=VECTOR('',#1120,9.040250044580E-1);
#1122=CARTESIAN_POINT('',(-8.442996415720E0,1.27E1,8.25E0));
#1123=LINE('',#1122,#1121);
#1124=DIRECTION('',(0.E0,0.E0,-1.E0));
#1125=VECTOR('',#1124,9.040250044580E-1);
#1126=CARTESIAN_POINT('',(-9.942996415720E0,1.12E1,9.154025004458E0));
#1127=LINE('',#1126,#1125);
#1128=DIRECTION('',(1.E0,0.E0,0.E0));
#1129=VECTOR('',#1128,8.036180802542E-1);
#1130=CARTESIAN_POINT('',(-1.603618080254E0,1.27E1,8.25E0));
#1131=LINE('',#1130,#1129);
#1132=DIRECTION('',(0.E0,0.E0,-1.E0));
#1133=VECTOR('',#1132,5.E-1);
#1134=CARTESIAN_POINT('',(-8.E-1,1.27E1,8.25E0));
#1135=LINE('',#1134,#1133);
#1136=CARTESIAN_POINT('',(-3.E-1,1.27E1,7.75E0));
#1137=DIRECTION('',(0.E0,1.E0,0.E0));
#1138=DIRECTION('',(-1.E0,0.E0,0.E0));
#1139=AXIS2_PLACEMENT_3D('',#1136,#1137,#1138);
#1141=CARTESIAN_POINT('',(3.E-1,1.27E1,7.75E0));
#1142=DIRECTION('',(0.E0,1.E0,0.E0));
#1143=DIRECTION('',(0.E0,0.E0,1.E0));
#1144=AXIS2_PLACEMENT_3D('',#1141,#1142,#1143);
#1146=DIRECTION('',(1.E0,0.E0,0.E0));
#1147=VECTOR('',#1146,8.036180802542E-1);
#1148=CARTESIAN_POINT('',(8.E-1,1.27E1,8.25E0));
#1149=LINE('',#1148,#1147);
#1150=DIRECTION('',(1.E0,0.E0,0.E0));
#1151=VECTOR('',#1150,6.839378335466E0);
#1152=CARTESIAN_POINT('',(1.603618080254E0,1.27E1,8.25E0));
#1153=LINE('',#1152,#1151);
#1154=DIRECTION('',(1.E0,0.E0,0.E0));
#1155=VECTOR('',#1154,6.839378335466E0);
#1156=CARTESIAN_POINT('',(-8.442996415720E0,1.27E1,8.25E0));
#1157=LINE('',#1156,#1155);
#1158=CARTESIAN_POINT('',(-6.525E0,9.775E0,8.25E0));
#1159=DIRECTION('',(0.E0,0.E0,-1.E0));
#1160=DIRECTION('',(8.596300296499E-1,5.109170305677E-1,0.E0));
#1161=AXIS2_PLACEMENT_3D('',#1158,#1159,#1160);
#1163=DIRECTION('',(0.E0,0.E0,1.E0));
#1164=VECTOR('',#1163,1.55E1);
#1165=CARTESIAN_POINT('',(-8.E-1,1.3E1,-7.75E0));
#1166=LINE('',#1165,#1164);
#1167=DIRECTION('',(0.E0,-1.E0,0.E0));
#1168=VECTOR('',#1167,2.924999902896E0);
#1169=CARTESIAN_POINT('',(-8.E-1,1.27E1,8.25E0));
#1170=LINE('',#1169,#1168);
#1171=DIRECTION('',(0.E0,-1.E0,0.E0));
#1172=VECTOR('',#1171,4.175000097104E0);
#1173=CARTESIAN_POINT('',(-8.E-1,9.775000097104E0,8.25E0));
#1174=LINE('',#1173,#1172);
#1175=DIRECTION('',(0.E0,0.E0,1.E0));
#1176=VECTOR('',#1175,5.E-1);
#1177=CARTESIAN_POINT('',(-8.E-1,1.27E1,-8.25E0));
#1178=LINE('',#1177,#1176);
#1179=DIRECTION('',(0.E0,1.E0,0.E0));
#1180=VECTOR('',#1179,3.E-1);
#1181=CARTESIAN_POINT('',(-3.E-1,1.27E1,-8.25E0));
#1182=LINE('',#1181,#1180);
#1183=DIRECTION('',(0.E0,-1.E0,0.E0));
#1184=VECTOR('',#1183,3.E-1);
#1185=CARTESIAN_POINT('',(-8.E-1,1.3E1,-7.75E0));
#1186=LINE('',#1185,#1184);
#1187=DIRECTION('',(-1.E0,0.E0,0.E0));
#1188=VECTOR('',#1187,6.E-1);
#1189=CARTESIAN_POINT('',(3.E-1,1.3E1,-8.25E0));
#1190=LINE('',#1189,#1188);
#1191=DIRECTION('',(-1.E0,-2.431493978734E-14,0.E0));
#1192=VECTOR('',#1191,8.036180802543E-1);
#1193=CARTESIAN_POINT('',(1.603618080254E0,1.27E1,-8.25E0));
#1194=LINE('',#1193,#1192);
#1195=DIRECTION('',(0.E0,0.E0,1.E0));
#1196=VECTOR('',#1195,5.E-1);
#1197=CARTESIAN_POINT('',(8.E-1,1.27E1,-8.25E0));
#1198=LINE('',#1197,#1196);
#1199=CARTESIAN_POINT('',(3.E-1,1.27E1,-7.75E0));
#1200=DIRECTION('',(0.E0,1.E0,0.E0));
#1201=DIRECTION('',(1.E0,0.E0,0.E0));
#1202=AXIS2_PLACEMENT_3D('',#1199,#1200,#1201);
#1204=DIRECTION('',(-1.E0,0.E0,0.E0));
#1205=VECTOR('',#1204,6.E-1);
#1206=CARTESIAN_POINT('',(3.E-1,1.27E1,-8.25E0));
#1207=LINE('',#1206,#1205);
#1208=CARTESIAN_POINT('',(-3.E-1,1.27E1,-7.75E0));
#1209=DIRECTION('',(0.E0,1.E0,0.E0));
#1210=DIRECTION('',(0.E0,0.E0,-1.E0));
#1211=AXIS2_PLACEMENT_3D('',#1208,#1209,#1210);
#1213=DIRECTION('',(-1.E0,-3.757763421681E-14,0.E0));
#1214=VECTOR('',#1213,8.036180802542E-1);
#1215=CARTESIAN_POINT('',(-8.E-1,1.27E1,-8.25E0));
#1216=LINE('',#1215,#1214);
#1217=DIRECTION('',(-1.E0,0.E0,0.E0));
#1218=VECTOR('',#1217,6.839378335466E0);
#1219=CARTESIAN_POINT('',(-1.603618080254E0,1.27E1,-8.25E0));
#1220=LINE('',#1219,#1218);
#1221=DIRECTION('',(-1.E0,0.E0,0.E0));
#1222=VECTOR('',#1221,6.839378335466E0);
#1223=CARTESIAN_POINT('',(8.442996415720E0,1.27E1,-8.25E0));
#1224=LINE('',#1223,#1222);
#1225=CARTESIAN_POINT('',(6.525E0,9.775E0,-8.25E0));
#1226=DIRECTION('',(0.E0,0.E0,1.E0));
#1227=DIRECTION('',(-8.596300296499E-1,5.109170305677E-1,0.E0));
#1228=AXIS2_PLACEMENT_3D('',#1225,#1226,#1227);
#1230=DIRECTION('',(0.E0,-1.E0,0.E0));
#1231=VECTOR('',#1230,2.925000001102E0);
#1232=CARTESIAN_POINT('',(8.E-1,1.27E1,-8.25E0));
#1233=LINE('',#1232,#1231);
#1234=DIRECTION('',(0.E0,-1.E0,0.E0));
#1235=VECTOR('',#1234,4.174999998898E0);
#1236=CARTESIAN_POINT('',(8.E-1,9.774999998898E0,-8.25E0));
#1237=LINE('',#1236,#1235);
#1238=DIRECTION('',(0.E0,0.E0,1.E0));
#1239=VECTOR('',#1238,1.65E1);
#1240=CARTESIAN_POINT('',(8.E-1,5.6E0,-8.25E0));
#1241=LINE('',#1240,#1239);
#1242=DIRECTION('',(0.E0,0.E0,-1.E0));
#1243=VECTOR('',#1242,5.E-1);
#1244=CARTESIAN_POINT('',(8.E-1,1.27E1,8.25E0));
#1245=LINE('',#1244,#1243);
#1246=DIRECTION('',(0.E0,-1.E0,0.E0));
#1247=VECTOR('',#1246,3.E-1);
#1248=CARTESIAN_POINT('',(3.E-1,1.3E1,-8.25E0));
#1249=LINE('',#1248,#1247);
#1250=DIRECTION('',(0.E0,1.E0,0.E0));
#1251=VECTOR('',#1250,3.E-1);
#1252=CARTESIAN_POINT('',(8.E-1,1.27E1,-7.75E0));
#1253=LINE('',#1252,#1251);
#1254=CARTESIAN_POINT('',(-3.E-1,1.3E1,-7.75E0));
#1255=DIRECTION('',(0.E0,-1.E0,0.E0));
#1256=DIRECTION('',(-1.E0,0.E0,0.E0));
#1257=AXIS2_PLACEMENT_3D('',#1254,#1255,#1256);
#1259=CARTESIAN_POINT('',(3.E-1,1.3E1,-7.75E0));
#1260=DIRECTION('',(0.E0,-1.E0,0.E0));
#1261=DIRECTION('',(0.E0,0.E0,-1.E0));
#1262=AXIS2_PLACEMENT_3D('',#1259,#1260,#1261);
#1264=DIRECTION('',(0.E0,0.E0,1.E0));
#1265=VECTOR('',#1264,1.55E1);
#1266=CARTESIAN_POINT('',(8.E-1,1.3E1,-7.75E0));
#1267=LINE('',#1266,#1265);
#1268=CARTESIAN_POINT('',(3.E-1,1.3E1,7.75E0));
#1269=DIRECTION('',(0.E0,-1.E0,0.E0));
#1270=DIRECTION('',(1.E0,0.E0,0.E0));
#1271=AXIS2_PLACEMENT_3D('',#1268,#1269,#1270);
#1273=DIRECTION('',(-1.E0,0.E0,0.E0));
#1274=VECTOR('',#1273,6.E-1);
#1275=CARTESIAN_POINT('',(3.E-1,1.3E1,8.25E0));
#1276=LINE('',#1275,#1274);
#1277=CARTESIAN_POINT('',(-3.E-1,1.3E1,7.75E0));
#1278=DIRECTION('',(0.E0,-1.E0,0.E0));
#1279=DIRECTION('',(0.E0,0.E0,1.E0));
#1280=AXIS2_PLACEMENT_3D('',#1277,#1278,#1279);
#1282=DIRECTION('',(0.E0,1.E0,0.E0));
#1283=VECTOR('',#1282,3.E-1);
#1284=CARTESIAN_POINT('',(3.E-1,1.27E1,8.25E0));
#1285=LINE('',#1284,#1283);
#1286=DIRECTION('',(0.E0,-1.E0,-1.776356839400E-14));
#1287=VECTOR('',#1286,3.E-1);
#1288=CARTESIAN_POINT('',(8.E-1,1.3E1,7.75E0));
#1289=LINE('',#1288,#1287);
#1290=DIRECTION('',(-1.E0,0.E0,0.E0));
#1291=VECTOR('',#1290,6.E-1);
#1292=CARTESIAN_POINT('',(3.E-1,1.27E1,8.25E0));
#1293=LINE('',#1292,#1291);
#1294=DIRECTION('',(0.E0,-1.E0,0.E0));
#1295=VECTOR('',#1294,3.E-1);
#1296=CARTESIAN_POINT('',(-3.E-1,1.3E1,8.25E0));
#1297=LINE('',#1296,#1295);
#1298=DIRECTION('',(0.E0,1.E0,0.E0));
#1299=VECTOR('',#1298,3.E-1);
#1300=CARTESIAN_POINT('',(-8.E-1,1.27E1,7.75E0));
#1301=LINE('',#1300,#1299);
#1302=CARTESIAN_POINT('',(6.525E0,9.775E0,-8.25E0));
#1303=DIRECTION('',(0.E0,0.E0,1.E0));
#1304=DIRECTION('',(-1.E0,-2.280773920042E-10,0.E0));
#1305=AXIS2_PLACEMENT_3D('',#1302,#1303,#1304);
#1307=DIRECTION('',(-1.E0,1.621363757237E-14,0.E0));
#1308=VECTOR('',#1307,1.807730542840E0);
#1309=CARTESIAN_POINT('',(2.607730542840E0,5.6E0,-8.25E0));
#1310=LINE('',#1309,#1308);
#1311=DIRECTION('',(0.E0,0.E0,-1.E0));
#1312=VECTOR('',#1311,1.65E1);
#1313=CARTESIAN_POINT('',(2.607730542840E0,5.6E0,8.25E0));
#1314=LINE('',#1313,#1312);
#1315=DIRECTION('',(0.E0,0.E0,1.E0));
#1316=VECTOR('',#1315,1.65E1);
#1317=CARTESIAN_POINT('',(1.044226945716E1,5.6E0,-8.25E0));
#1318=LINE('',#1317,#1316);
#1319=DIRECTION('',(0.E0,-1.E0,0.E0));
#1320=VECTOR('',#1319,2.925000001102E0);
#1321=CARTESIAN_POINT('',(8.E-1,1.27E1,8.25E0));
#1322=LINE('',#1321,#1320);
#1323=CARTESIAN_POINT('',(6.525E0,9.775E0,8.25E0));
#1324=DIRECTION('',(0.E0,0.E0,-1.E0));
#1325=DIRECTION('',(-1.E0,-1.710034346051E-10,0.E0));
#1326=AXIS2_PLACEMENT_3D('',#1323,#1324,#1325);
#1328=CARTESIAN_POINT('',(6.525E0,9.775E0,8.25E0));
#1329=DIRECTION('',(0.E0,0.E0,-1.E0));
#1330=DIRECTION('',(-6.842392064909E-1,-7.292576419214E-1,0.E0));
#1331=AXIS2_PLACEMENT_3D('',#1328,#1329,#1330);
#1333=DIRECTION('',(0.E0,-1.E0,0.E0));
#1334=VECTOR('',#1333,4.174999998898E0);
#1335=CARTESIAN_POINT('',(8.E-1,9.774999998898E0,8.25E0));
#1336=LINE('',#1335,#1334);
#1337=DIRECTION('',(1.E0,-1.621363757237E-14,0.E0));
#1338=VECTOR('',#1337,1.807730542840E0);
#1339=CARTESIAN_POINT('',(8.E-1,5.6E0,8.25E0));
#1340=LINE('',#1339,#1338);
#1341=CARTESIAN_POINT('',(8.442996415720E0,1.12E1,-8.25E0));
#1342=DIRECTION('',(0.E0,0.E0,-1.E0));
#1343=DIRECTION('',(0.E0,1.E0,0.E0));
#1344=AXIS2_PLACEMENT_3D('',#1341,#1342,#1343);
#1346=DIRECTION('',(0.E0,-1.E0,0.E0));
#1347=VECTOR('',#1346,5.6E0);
#1348=CARTESIAN_POINT('',(9.942996415720E0,1.12E1,-8.25E0));
#1349=LINE('',#1348,#1347);
#1350=CARTESIAN_POINT('',(6.525E0,9.775E0,-8.25E0));
#1351=DIRECTION('',(0.E0,0.E0,1.E0));
#1352=DIRECTION('',(6.842392064909E-1,-7.292576419214E-1,0.E0));
#1353=AXIS2_PLACEMENT_3D('',#1350,#1351,#1352);
#1355=CARTESIAN_POINT('',(6.525E0,9.775E0,-8.25E0));
#1356=DIRECTION('',(0.E0,0.E0,1.E0));
#1357=DIRECTION('',(1.E0,0.E0,0.E0));
#1358=AXIS2_PLACEMENT_3D('',#1355,#1356,#1357);
#1360=DIRECTION('',(0.E0,0.E0,-1.E0));
#1361=VECTOR('',#1360,9.040250044580E-1);
#1362=CARTESIAN_POINT('',(8.442996415720E0,1.27E1,-8.25E0));
#1363=LINE('',#1362,#1361);
#1364=DIRECTION('',(0.E0,0.E0,1.E0));
#1365=VECTOR('',#1364,9.040250044580E-1);
#1366=CARTESIAN_POINT('',(9.942996415720E0,1.12E1,-9.154025004458E0));
#1367=LINE('',#1366,#1365);
#1368=CARTESIAN_POINT('',(8.442996415720E0,1.12E1,-9.154025004458E0));
#1369=DIRECTION('',(-1.E0,0.E0,0.E0));
#1370=DIRECTION('',(0.E0,1.E0,0.E0));
#1371=AXIS2_PLACEMENT_3D('',#1368,#1369,#1370);
#1373=CARTESIAN_POINT('',(8.442996415720E0,1.12E1,-9.154025004458E0));
#1374=DIRECTION('',(0.E0,-1.E0,0.E0));
#1375=DIRECTION('',(0.E0,0.E0,-1.E0));
#1376=AXIS2_PLACEMENT_3D('',#1373,#1374,#1375);
#1378=CARTESIAN_POINT('',(8.442996415720E0,1.12E1,-9.154025004458E0));
#1379=DIRECTION('',(0.E0,0.E0,1.E0));
#1380=DIRECTION('',(1.E0,0.E0,0.E0));
#1381=AXIS2_PLACEMENT_3D('',#1378,#1379,#1380);
#1383=DIRECTION('',(1.E0,0.E0,0.E0));
#1384=VECTOR('',#1383,1.688599283144E1);
#1385=CARTESIAN_POINT('',(-8.442996415720E0,1.12E1,-1.065402500446E1));
#1386=LINE('',#1385,#1384);
#1387=DIRECTION('',(-1.E0,0.E0,0.E0));
#1388=VECTOR('',#1387,1.688599283144E1);
#1389=CARTESIAN_POINT('',(8.442996415720E0,1.27E1,-9.154025004458E0));
#1390=LINE('',#1389,#1388);
#1391=DIRECTION('',(1.E0,0.E0,0.E0));
#1392=VECTOR('',#1391,1.688599283143E1);
#1393=CARTESIAN_POINT('',(-8.442996415714E0,5.6E0,-1.065402500446E1));
#1394=LINE('',#1393,#1392);
#1395=DIRECTION('',(0.E0,1.E0,0.E0));
#1396=VECTOR('',#1395,5.6E0);
#1397=CARTESIAN_POINT('',(9.942996415720E0,5.6E0,-9.154025004458E0));
#1398=LINE('',#1397,#1396);
#1399=DIRECTION('',(-1.050905394452E-12,-1.E0,-1.484526787213E-13));
#1400=VECTOR('',#1399,5.6E0);
#1401=CARTESIAN_POINT('',(8.442996415720E0,1.12E1,-1.065402500446E1));
#1402=LINE('',#1401,#1400);
#1403=DIRECTION('',(0.E0,0.E0,1.E0));
#1404=VECTOR('',#1403,9.040250044580E-1);
#1405=CARTESIAN_POINT('',(9.942996415720E0,5.6E0,-9.154025004458E0));
#1406=LINE('',#1405,#1404);
#1407=DIRECTION('',(-1.051857014188E-12,1.E0,1.487698852998E-13));
#1408=VECTOR('',#1407,5.6E0);
#1409=CARTESIAN_POINT('',(-8.442996415714E0,5.6E0,-1.065402500446E1));
#1410=LINE('',#1409,#1408);
#1411=DIRECTION('',(0.E0,-1.E0,0.E0));
#1412=VECTOR('',#1411,5.6E0);
#1413=CARTESIAN_POINT('',(-9.942996415720E0,1.12E1,-9.154025004458E0));
#1414=LINE('',#1413,#1412);
#1415=CARTESIAN_POINT('',(-8.442996415720E0,1.12E1,-9.154025004458E0));
#1416=DIRECTION('',(0.E0,0.E0,1.E0));
#1417=DIRECTION('',(0.E0,1.E0,0.E0));
#1418=AXIS2_PLACEMENT_3D('',#1415,#1416,#1417);
#1420=CARTESIAN_POINT('',(-8.442996415720E0,1.12E1,-9.154025004458E0));
#1421=DIRECTION('',(0.E0,-1.E0,0.E0));
#1422=DIRECTION('',(-1.E0,0.E0,0.E0));
#1423=AXIS2_PLACEMENT_3D('',#1420,#1421,#1422);
#1425=CARTESIAN_POINT('',(-8.442996415720E0,1.12E1,-9.154025004458E0));
#1426=DIRECTION('',(1.E0,0.E0,0.E0));
#1427=DIRECTION('',(0.E0,0.E0,-1.E0));
#1428=AXIS2_PLACEMENT_3D('',#1425,#1426,#1427);
#1430=DIRECTION('',(0.E0,0.E0,-1.E0));
#1431=VECTOR('',#1430,9.040250044580E-1);
#1432=CARTESIAN_POINT('',(-9.942996415720E0,1.12E1,-8.25E0));
#1433=LINE('',#1432,#1431);
#1434=DIRECTION('',(0.E0,0.E0,1.E0));
#1435=VECTOR('',#1434,9.040250044580E-1);
#1436=CARTESIAN_POINT('',(-8.442996415720E0,1.27E1,-9.154025004458E0));
#1437=LINE('',#1436,#1435);
#1438=DIRECTION('',(0.E0,-1.E0,0.E0));
#1439=VECTOR('',#1438,5.6E0);
#1440=CARTESIAN_POINT('',(-9.942996415720E0,1.12E1,-8.25E0));
#1441=LINE('',#1440,#1439);
#1442=DIRECTION('',(0.E0,0.E0,-1.E0));
#1443=VECTOR('',#1442,9.040250044580E-1);
#1444=CARTESIAN_POINT('',(-9.942996415720E0,5.6E0,-8.25E0));
#1445=LINE('',#1444,#1443);
#1446=CARTESIAN_POINT('',(-8.442996415720E0,1.12E1,-8.25E0));
#1447=DIRECTION('',(0.E0,0.E0,-1.E0));
#1448=DIRECTION('',(-1.E0,0.E0,0.E0));
#1449=AXIS2_PLACEMENT_3D('',#1446,#1447,#1448);
#1451=CARTESIAN_POINT('',(-6.525E0,9.775E0,-8.25E0));
#1452=DIRECTION('',(0.E0,0.E0,1.E0));
#1453=DIRECTION('',(8.596300296499E-1,5.109170305677E-1,0.E0));
#1454=AXIS2_PLACEMENT_3D('',#1451,#1452,#1453);
#1456=CARTESIAN_POINT('',(-6.525E0,9.775E0,-8.25E0));
#1457=DIRECTION('',(0.E0,0.E0,1.E0));
#1458=DIRECTION('',(-1.E0,0.E0,0.E0));
#1459=AXIS2_PLACEMENT_3D('',#1456,#1457,#1458);
#1461=DIRECTION('',(0.E0,0.E0,-1.E0));
#1462=VECTOR('',#1461,1.65E1);
#1463=CARTESIAN_POINT('',(-1.044226945716E1,5.6E0,8.25E0));
#1464=LINE('',#1463,#1462);
#1465=DIRECTION('',(0.E0,0.E0,1.E0));
#1466=VECTOR('',#1465,1.65E1);
#1467=CARTESIAN_POINT('',(-2.607730542840E0,5.6E0,-8.25E0));
#1468=LINE('',#1467,#1466);
#1469=CARTESIAN_POINT('',(-6.525E0,9.775E0,8.25E0));
#1470=DIRECTION('',(0.E0,0.E0,-1.E0));
#1471=DIRECTION('',(1.E0,0.E0,0.E0));
#1472=AXIS2_PLACEMENT_3D('',#1469,#1470,#1471);
#1474=DIRECTION('',(1.E0,1.621363757237E-14,0.E0));
#1475=VECTOR('',#1474,1.807730542840E0);
#1476=CARTESIAN_POINT('',(-2.607730542840E0,5.6E0,8.25E0));
#1477=LINE('',#1476,#1475);
#1478=DIRECTION('',(0.E0,0.E0,1.E0));
#1479=VECTOR('',#1478,1.65E1);
#1480=CARTESIAN_POINT('',(-8.E-1,5.6E0,-8.25E0));
#1481=LINE('',#1480,#1479);
#1482=CARTESIAN_POINT('',(-6.525E0,9.775E0,-8.25E0));
#1483=DIRECTION('',(0.E0,0.E0,1.E0));
#1484=DIRECTION('',(6.842392064909E-1,-7.292576419214E-1,0.E0));
#1485=AXIS2_PLACEMENT_3D('',#1482,#1483,#1484);
#1487=DIRECTION('',(0.E0,-1.E0,0.E0));
#1488=VECTOR('',#1487,4.175000100680E0);
#1489=CARTESIAN_POINT('',(-8.E-1,9.775000100680E0,-8.25E0));
#1490=LINE('',#1489,#1488);
#1491=DIRECTION('',(-1.E0,-1.621363757237E-14,0.E0));
#1492=VECTOR('',#1491,1.807730542840E0);
#1493=CARTESIAN_POINT('',(-8.E-1,5.6E0,-8.25E0));
#1494=LINE('',#1493,#1492);
#1495=CARTESIAN_POINT('',(-8.442996415720E0,1.12E1,8.25E0));
#1496=DIRECTION('',(0.E0,0.E0,1.E0));
#1497=DIRECTION('',(0.E0,1.E0,0.E0));
#1498=AXIS2_PLACEMENT_3D('',#1495,#1496,#1497);
#1500=DIRECTION('',(0.E0,-1.E0,0.E0));
#1501=VECTOR('',#1500,5.6E0);
#1502=CARTESIAN_POINT('',(-9.942996415720E0,1.12E1,8.25E0));
#1503=LINE('',#1502,#1501);
#1504=DIRECTION('',(-1.E0,-5.870512809096E-14,0.E0));
#1505=VECTOR('',#1504,4.992730414401E-1);
#1506=CARTESIAN_POINT('',(-9.942996415720E0,5.6E0,8.25E0));
#1507=LINE('',#1506,#1505);
#1508=CARTESIAN_POINT('',(-6.525E0,9.775E0,8.25E0));
#1509=DIRECTION('',(0.E0,0.E0,-1.E0));
#1510=DIRECTION('',(-6.842392064909E-1,-7.292576419214E-1,0.E0));
#1511=AXIS2_PLACEMENT_3D('',#1508,#1509,#1510);
#1513=CARTESIAN_POINT('',(-6.525E0,9.775E0,8.25E0));
#1514=DIRECTION('',(0.E0,0.E0,-1.E0));
#1515=DIRECTION('',(-1.E0,0.E0,0.E0));
#1516=AXIS2_PLACEMENT_3D('',#1513,#1514,#1515);
#1518=DIRECTION('',(0.E0,-1.E0,0.E0));
#1519=VECTOR('',#1518,2.924999899320E0);
#1520=CARTESIAN_POINT('',(-8.E-1,1.27E1,-8.25E0));
#1521=LINE('',#1520,#1519);
#1522=CARTESIAN_POINT('',(-6.525E0,9.775E0,-8.25E0));
#1523=DIRECTION('',(0.E0,0.E0,1.E0));
#1524=DIRECTION('',(1.E0,2.811472207880E-8,0.E0));
#1525=AXIS2_PLACEMENT_3D('',#1522,#1523,#1524);
#1527=CARTESIAN_POINT('',(8.442996415720E0,1.12E1,8.25E0));
#1528=DIRECTION('',(0.E0,0.E0,1.E0));
#1529=DIRECTION('',(1.E0,0.E0,0.E0));
#1530=AXIS2_PLACEMENT_3D('',#1527,#1528,#1529);
#1532=CARTESIAN_POINT('',(6.525E0,9.775E0,8.25E0));
#1533=DIRECTION('',(0.E0,0.E0,-1.E0));
#1534=DIRECTION('',(-8.596300296499E-1,5.109170305677E-1,0.E0));
#1535=AXIS2_PLACEMENT_3D('',#1532,#1533,#1534);
#1537=CARTESIAN_POINT('',(6.525E0,9.775E0,8.25E0));
#1538=DIRECTION('',(0.E0,0.E0,-1.E0));
#1539=DIRECTION('',(1.E0,0.E0,0.E0));
#1540=AXIS2_PLACEMENT_3D('',#1537,#1538,#1539);
#1542=DIRECTION('',(-1.E0,5.870512809096E-14,0.E0));
#1543=VECTOR('',#1542,4.992730414401E-1);
#1544=CARTESIAN_POINT('',(1.044226945716E1,5.6E0,8.25E0));
#1545=LINE('',#1544,#1543);
#1546=DIRECTION('',(0.E0,-1.E0,0.E0));
#1547=VECTOR('',#1546,5.6E0);
#1548=CARTESIAN_POINT('',(9.942996415720E0,1.12E1,8.25E0));
#1549=LINE('',#1548,#1547);
#1550=DIRECTION('',(0.E0,0.E0,1.E0));
#1551=VECTOR('',#1550,9.040250044580E-1);
#1552=CARTESIAN_POINT('',(9.942996415720E0,5.6E0,8.25E0));
#1553=LINE('',#1552,#1551);
#1554=DIRECTION('',(0.E0,0.E0,1.E0));
#1555=VECTOR('',#1554,9.040250044580E-1);
#1556=CARTESIAN_POINT('',(9.942996415720E0,1.12E1,8.25E0));
#1557=LINE('',#1556,#1555);
#1558=DIRECTION('',(0.E0,0.E0,-1.E0));
#1559=VECTOR('',#1558,9.040250044580E-1);
#1560=CARTESIAN_POINT('',(8.442996415720E0,1.27E1,9.154025004458E0));
#1561=LINE('',#1560,#1559);
#1562=DIRECTION('',(0.E0,1.E0,0.E0));
#1563=VECTOR('',#1562,1.35E0);
#1564=CARTESIAN_POINT('',(-8.E0,1.35E0,5.E0));
#1565=LINE('',#1564,#1563);
#1566=DIRECTION('',(0.E0,1.E0,0.E0));
#1567=VECTOR('',#1566,1.35E0);
#1568=CARTESIAN_POINT('',(-5.E0,1.35E0,5.E0));
#1569=LINE('',#1568,#1567);
#1570=CARTESIAN_POINT('',(-6.5E0,1.35E0,5.E0));
#1571=DIRECTION('',(0.E0,1.E0,0.E0));
#1572=DIRECTION('',(-1.E0,0.E0,0.E0));
#1573=AXIS2_PLACEMENT_3D('',#1570,#1571,#1572);
#1575=CARTESIAN_POINT('',(-6.5E0,1.35E0,5.E0));
#1576=DIRECTION('',(0.E0,1.E0,0.E0));
#1577=DIRECTION('',(1.E0,0.E0,0.E0));
#1578=AXIS2_PLACEMENT_3D('',#1575,#1576,#1577);
#1580=CARTESIAN_POINT('',(-6.5E0,1.35E0,5.E0));
#1581=DIRECTION('',(0.E0,-1.E0,0.E0));
#1582=DIRECTION('',(1.E0,0.E0,0.E0));
#1583=AXIS2_PLACEMENT_3D('',#1580,#1581,#1582);
#1585=CARTESIAN_POINT('',(-6.5E0,1.35E0,5.E0));
#1586=DIRECTION('',(0.E0,-1.E0,0.E0));
#1587=DIRECTION('',(-1.E0,0.E0,0.E0));
#1588=AXIS2_PLACEMENT_3D('',#1585,#1586,#1587);
#1590=DIRECTION('',(0.E0,-1.E0,0.E0));
#1591=VECTOR('',#1590,4.85E0);
#1592=CARTESIAN_POINT('',(-6.85E0,1.35E0,5.E0));
#1593=LINE('',#1592,#1591);
#1594=DIRECTION('',(0.E0,1.E0,0.E0));
#1595=VECTOR('',#1594,4.85E0);
#1596=CARTESIAN_POINT('',(-6.15E0,-3.5E0,5.E0));
#1597=LINE('',#1596,#1595);
#1598=CARTESIAN_POINT('',(-6.5E0,-3.5E0,5.E0));
#1599=DIRECTION('',(0.E0,-1.E0,0.E0));
#1600=DIRECTION('',(1.E0,0.E0,0.E0));
#1601=AXIS2_PLACEMENT_3D('',#1598,#1599,#1600);
#1603=CARTESIAN_POINT('',(-6.5E0,-3.5E0,5.E0));
#1604=DIRECTION('',(0.E0,-1.E0,0.E0));
#1605=DIRECTION('',(-1.E0,0.E0,0.E0));
#1606=AXIS2_PLACEMENT_3D('',#1603,#1604,#1605);
#1608=CARTESIAN_POINT('',(6.5E0,-3.5E0,5.E0));
#1609=DIRECTION('',(0.E0,-1.E0,0.E0));
#1610=DIRECTION('',(1.E0,0.E0,0.E0));
#1611=AXIS2_PLACEMENT_3D('',#1608,#1609,#1610);
#1613=CARTESIAN_POINT('',(6.5E0,-3.5E0,5.E0));
#1614=DIRECTION('',(0.E0,-1.E0,0.E0));
#1615=DIRECTION('',(-1.E0,0.E0,0.E0));
#1616=AXIS2_PLACEMENT_3D('',#1613,#1614,#1615);
#1618=CARTESIAN_POINT('',(6.5E0,-3.5E0,-5.E0));
#1619=DIRECTION('',(0.E0,-1.E0,0.E0));
#1620=DIRECTION('',(1.E0,0.E0,0.E0));
#1621=AXIS2_PLACEMENT_3D('',#1618,#1619,#1620);
#1623=CARTESIAN_POINT('',(6.5E0,-3.5E0,-5.E0));
#1624=DIRECTION('',(0.E0,-1.E0,0.E0));
#1625=DIRECTION('',(-1.E0,0.E0,0.E0));
#1626=AXIS2_PLACEMENT_3D('',#1623,#1624,#1625);
#1628=CARTESIAN_POINT('',(-6.5E0,-3.5E0,-5.E0));
#1629=DIRECTION('',(0.E0,-1.E0,0.E0));
#1630=DIRECTION('',(1.E0,0.E0,0.E0));
#1631=AXIS2_PLACEMENT_3D('',#1628,#1629,#1630);
#1633=CARTESIAN_POINT('',(-6.5E0,-3.5E0,-5.E0));
#1634=DIRECTION('',(0.E0,-1.E0,0.E0));
#1635=DIRECTION('',(-1.E0,0.E0,0.E0));
#1636=AXIS2_PLACEMENT_3D('',#1633,#1634,#1635);
#1638=DIRECTION('',(0.E0,-1.E0,0.E0));
#1639=VECTOR('',#1638,4.85E0);
#1640=CARTESIAN_POINT('',(6.15E0,1.35E0,5.E0));
#1641=LINE('',#1640,#1639);
#1642=DIRECTION('',(0.E0,1.E0,0.E0));
#1643=VECTOR('',#1642,4.85E0);
#1644=CARTESIAN_POINT('',(6.85E0,-3.5E0,5.E0));
#1645=LINE('',#1644,#1643);
#1646=CARTESIAN_POINT('',(6.5E0,1.35E0,5.E0));
#1647=DIRECTION('',(0.E0,1.E0,0.E0));
#1648=DIRECTION('',(-1.E0,0.E0,0.E0));
#1649=AXIS2_PLACEMENT_3D('',#1646,#1647,#1648);
#1651=CARTESIAN_POINT('',(6.5E0,1.35E0,5.E0));
#1652=DIRECTION('',(0.E0,1.E0,0.E0));
#1653=DIRECTION('',(1.E0,0.E0,0.E0));
#1654=AXIS2_PLACEMENT_3D('',#1651,#1652,#1653);
#1656=CARTESIAN_POINT('',(6.5E0,1.35E0,5.E0));
#1657=DIRECTION('',(0.E0,-1.E0,0.E0));
#1658=DIRECTION('',(1.E0,0.E0,0.E0));
#1659=AXIS2_PLACEMENT_3D('',#1656,#1657,#1658);
#1661=CARTESIAN_POINT('',(6.5E0,1.35E0,5.E0));
#1662=DIRECTION('',(0.E0,-1.E0,0.E0));
#1663=DIRECTION('',(-1.E0,0.E0,0.E0));
#1664=AXIS2_PLACEMENT_3D('',#1661,#1662,#1663);
#1666=DIRECTION('',(0.E0,1.E0,0.E0));
#1667=VECTOR('',#1666,1.35E0);
#1668=CARTESIAN_POINT('',(5.E0,1.35E0,5.E0));
#1669=LINE('',#1668,#1667);
#1670=DIRECTION('',(0.E0,1.E0,0.E0));
#1671=VECTOR('',#1670,1.35E0);
#1672=CARTESIAN_POINT('',(8.E0,1.35E0,5.E0));
#1673=LINE('',#1672,#1671);
#1674=DIRECTION('',(0.E0,-1.E0,0.E0));
#1675=VECTOR('',#1674,4.85E0);
#1676=CARTESIAN_POINT('',(6.15E0,1.35E0,-5.E0));
#1677=LINE('',#1676,#1675);
#1678=DIRECTION('',(0.E0,1.E0,0.E0));
#1679=VECTOR('',#1678,4.85E0);
#1680=CARTESIAN_POINT('',(6.85E0,-3.5E0,-5.E0));
#1681=LINE('',#1680,#1679);
#1682=CARTESIAN_POINT('',(6.5E0,1.35E0,-5.E0));
#1683=DIRECTION('',(0.E0,1.E0,0.E0));
#1684=DIRECTION('',(-1.E0,0.E0,0.E0));
#1685=AXIS2_PLACEMENT_3D('',#1682,#1683,#1684);
#1687=CARTESIAN_POINT('',(6.5E0,1.35E0,-5.E0));
#1688=DIRECTION('',(0.E0,1.E0,0.E0));
#1689=DIRECTION('',(1.E0,0.E0,0.E0));
#1690=AXIS2_PLACEMENT_3D('',#1687,#1688,#1689);
#1692=CARTESIAN_POINT('',(6.5E0,1.35E0,-5.E0));
#1693=DIRECTION('',(0.E0,-1.E0,0.E0));
#1694=DIRECTION('',(1.E0,0.E0,0.E0));
#1695=AXIS2_PLACEMENT_3D('',#1692,#1693,#1694);
#1697=CARTESIAN_POINT('',(6.5E0,1.35E0,-5.E0));
#1698=DIRECTION('',(0.E0,-1.E0,0.E0));
#1699=DIRECTION('',(-1.E0,0.E0,0.E0));
#1700=AXIS2_PLACEMENT_3D('',#1697,#1698,#1699);
#1702=DIRECTION('',(0.E0,1.E0,0.E0));
#1703=VECTOR('',#1702,1.35E0);
#1704=CARTESIAN_POINT('',(5.E0,1.35E0,-5.E0));
#1705=LINE('',#1704,#1703);
#1706=DIRECTION('',(0.E0,1.E0,0.E0));
#1707=VECTOR('',#1706,1.35E0);
#1708=CARTESIAN_POINT('',(8.E0,1.35E0,-5.E0));
#1709=LINE('',#1708,#1707);
#1710=DIRECTION('',(0.E0,-1.E0,0.E0));
#1711=VECTOR('',#1710,4.85E0);
#1712=CARTESIAN_POINT('',(-6.85E0,1.35E0,-5.E0));
#1713=LINE('',#1712,#1711);
#1714=DIRECTION('',(0.E0,1.E0,0.E0));
#1715=VECTOR('',#1714,4.85E0);
#1716=CARTESIAN_POINT('',(-6.15E0,-3.5E0,-5.E0));
#1717=LINE('',#1716,#1715);
#1718=CARTESIAN_POINT('',(-6.5E0,1.35E0,-5.E0));
#1719=DIRECTION('',(0.E0,1.E0,0.E0));
#1720=DIRECTION('',(-1.E0,0.E0,0.E0));
#1721=AXIS2_PLACEMENT_3D('',#1718,#1719,#1720);
#1723=CARTESIAN_POINT('',(-6.5E0,1.35E0,-5.E0));
#1724=DIRECTION('',(0.E0,1.E0,0.E0));
#1725=DIRECTION('',(1.E0,0.E0,0.E0));
#1726=AXIS2_PLACEMENT_3D('',#1723,#1724,#1725);
#1728=CARTESIAN_POINT('',(-6.5E0,1.35E0,-5.E0));
#1729=DIRECTION('',(0.E0,-1.E0,0.E0));
#1730=DIRECTION('',(1.E0,0.E0,0.E0));
#1731=AXIS2_PLACEMENT_3D('',#1728,#1729,#1730);
#1733=CARTESIAN_POINT('',(-6.5E0,1.35E0,-5.E0));
#1734=DIRECTION('',(0.E0,-1.E0,0.E0));
#1735=DIRECTION('',(-1.E0,0.E0,0.E0));
#1736=AXIS2_PLACEMENT_3D('',#1733,#1734,#1735);
#1738=DIRECTION('',(0.E0,1.E0,0.E0));
#1739=VECTOR('',#1738,1.35E0);
#1740=CARTESIAN_POINT('',(-8.E0,1.35E0,-5.E0));
#1741=LINE('',#1740,#1739);
#1742=DIRECTION('',(0.E0,1.E0,0.E0));
#1743=VECTOR('',#1742,1.35E0);
#1744=CARTESIAN_POINT('',(-5.E0,1.35E0,-5.E0));
#1745=LINE('',#1744,#1743);
#1746=CARTESIAN_POINT('',(-1.5E0,0.E0,-9.51E0));
#1747=CARTESIAN_POINT('',(-1.5E0,0.E0,-1.074999999994E1));
#1748=VERTEX_POINT('',#1746);
#1749=VERTEX_POINT('',#1747);
#1750=CARTESIAN_POINT('',(1.5E0,0.E0,-9.51E0));
#1751=VERTEX_POINT('',#1750);
#1752=CARTESIAN_POINT('',(1.5E0,0.E0,-1.075E1));
#1753=VERTEX_POINT('',#1752);
#1754=CARTESIAN_POINT('',(-1.5E0,0.E0,1.075E1));
#1755=CARTESIAN_POINT('',(-1.5E0,0.E0,9.51E0));
#1756=VERTEX_POINT('',#1754);
#1757=VERTEX_POINT('',#1755);
#1758=CARTESIAN_POINT('',(1.5E0,0.E0,1.074999999994E1));
#1759=VERTEX_POINT('',#1758);
#1760=CARTESIAN_POINT('',(1.5E0,0.E0,9.51E0));
#1761=VERTEX_POINT('',#1760);
#1762=CARTESIAN_POINT('',(-1.175E1,0.E0,1.E0));
#1763=CARTESIAN_POINT('',(-1.175E1,0.E0,-1.E0));
#1764=VERTEX_POINT('',#1762);
#1765=VERTEX_POINT('',#1763);
#1766=CARTESIAN_POINT('',(-8.99E0,0.E0,1.E0));
#1767=VERTEX_POINT('',#1766);
#1768=CARTESIAN_POINT('',(-8.99E0,0.E0,-1.E0));
#1769=VERTEX_POINT('',#1768);
#1770=CARTESIAN_POINT('',(8.99E0,0.E0,1.E0));
#1771=CARTESIAN_POINT('',(8.99E0,0.E0,-1.E0));
#1772=VERTEX_POINT('',#1770);
#1773=VERTEX_POINT('',#1771);
#1774=CARTESIAN_POINT('',(1.175E1,0.E0,1.E0));
#1775=VERTEX_POINT('',#1774);
#1776=CARTESIAN_POINT('',(1.174999999994E1,0.E0,-1.E0));
#1777=VERTEX_POINT('',#1776);
#1778=CARTESIAN_POINT('',(-2.E0,5.E-1,-1.075000000013E1));
#1779=VERTEX_POINT('',#1778);
#1780=CARTESIAN_POINT('',(-2.E0,5.E-1,-9.509999999983E0));
#1781=VERTEX_POINT('',#1780);
#1782=CARTESIAN_POINT('',(-1.5E0,5.E-1,-1.125E1));
#1783=VERTEX_POINT('',#1782);
#1784=CARTESIAN_POINT('',(-1.499999999781E0,3.2E0,-1.125E1));
#1785=VERTEX_POINT('',#1784);
#1786=VERTEX_POINT('',#675);
#1787=CARTESIAN_POINT('',(1.499999999671E0,5.E-1,-1.125E1));
#1788=VERTEX_POINT('',#1787);
#1789=CARTESIAN_POINT('',(1.499999999561E0,3.2E0,-1.125E1));
#1790=VERTEX_POINT('',#1789);
#1791=CARTESIAN_POINT('',(1.124999999979E1,3.199999999998E0,-1.125E1));
#1792=VERTEX_POINT('',#1791);
#1793=CARTESIAN_POINT('',(1.124999999979E1,5.1E0,-1.125E1));
#1794=VERTEX_POINT('',#1793);
#1795=CARTESIAN_POINT('',(-1.124999999950E1,5.099999999998E0,-1.125E1));
#1796=VERTEX_POINT('',#1795);
#1797=CARTESIAN_POINT('',(-1.124999999950E1,3.200000000002E0,-1.125E1));
#1798=VERTEX_POINT('',#1797);
#1799=CARTESIAN_POINT('',(2.E0,5.E-1,-1.075000000003E1));
#1800=VERTEX_POINT('',#1799);
#1801=CARTESIAN_POINT('',(2.E0,2.700000000001E0,-1.075000000002E1));
#1802=VERTEX_POINT('',#1801);
#1803=CARTESIAN_POINT('',(2.E0,5.E-1,-9.510000000329E0));
#1804=VERTEX_POINT('',#1803);
#1805=CARTESIAN_POINT('',(2.E0,2.7E0,-9.510000000439E0));
#1806=VERTEX_POINT('',#1805);
#1807=CARTESIAN_POINT('',(1.500000000034E0,5.E-1,-9.01E0));
#1808=VERTEX_POINT('',#1807);
#1809=CARTESIAN_POINT('',(1.500000000022E0,2.7E0,-9.01E0));
#1810=VERTEX_POINT('',#1809);
#1811=CARTESIAN_POINT('',(-1.499999999671E0,5.E-1,-9.01E0));
#1812=VERTEX_POINT('',#1811);
#1813=CARTESIAN_POINT('',(-1.499999999561E0,2.7E0,-9.01E0));
#1814=VERTEX_POINT('',#1813);
#1815=CARTESIAN_POINT('',(-2.E0,2.7E0,-9.509999999978E0));
#1816=VERTEX_POINT('',#1815);
#1817=CARTESIAN_POINT('',(1.125E1,2.7E0,1.075E1));
#1818=CARTESIAN_POINT('',(2.E0,2.700000000002E0,1.075000000003E1));
#1819=VERTEX_POINT('',#1817);
#1820=VERTEX_POINT('',#1818);
#1821=CARTESIAN_POINT('',(1.175E1,2.699999999993E0,1.025E1));
#1822=VERTEX_POINT('',#1821);
#1823=CARTESIAN_POINT('',(1.175000000002E1,2.700000000001E0,1.5E0));
#1824=VERTEX_POINT('',#1823);
#1825=CARTESIAN_POINT('',(8.990000000439E0,2.7E0,1.5E0));
#1826=VERTEX_POINT('',#1825);
#1827=CARTESIAN_POINT('',(8.49E0,2.7E0,1.E0));
#1828=VERTEX_POINT('',#1827);
#1829=CARTESIAN_POINT('',(8.49E0,2.7E0,-9.999999995609E-1));
#1830=VERTEX_POINT('',#1829);
#1831=CARTESIAN_POINT('',(8.99E0,2.7E0,-1.5E0));
#1832=VERTEX_POINT('',#1831);
#1833=CARTESIAN_POINT('',(1.175000000003E1,2.700000000002E0,-1.5E0));
#1834=VERTEX_POINT('',#1833);
#1835=CARTESIAN_POINT('',(1.175E1,2.7E0,-1.025E1));
#1836=VERTEX_POINT('',#1835);
#1837=CARTESIAN_POINT('',(1.125E1,2.699999999993E0,-1.075E1));
#1838=VERTEX_POINT('',#1837);
#1839=CARTESIAN_POINT('',(-1.125E1,2.7E0,-1.075E1));
#1840=VERTEX_POINT('',#1839);
#1841=CARTESIAN_POINT('',(-1.175E1,2.699999999993E0,-1.025E1));
#1842=VERTEX_POINT('',#1841);
#1843=CARTESIAN_POINT('',(-1.175000000002E1,2.700000000001E0,-1.5E0));
#1844=VERTEX_POINT('',#1843);
#1845=CARTESIAN_POINT('',(-8.990000000439E0,2.7E0,-1.5E0));
#1846=VERTEX_POINT('',#1845);
#1847=CARTESIAN_POINT('',(-8.49E0,2.7E0,-1.E0));
#1848=VERTEX_POINT('',#1847);
#1849=CARTESIAN_POINT('',(-8.49E0,2.7E0,9.999999995609E-1));
#1850=VERTEX_POINT('',#1849);
#1851=CARTESIAN_POINT('',(-8.99E0,2.7E0,1.5E0));
#1852=VERTEX_POINT('',#1851);
#1853=CARTESIAN_POINT('',(-1.175000000003E1,2.700000000002E0,1.5E0));
#1854=VERTEX_POINT('',#1853);
#1855=CARTESIAN_POINT('',(-1.175E1,2.7E0,1.025E1));
#1856=VERTEX_POINT('',#1855);
#1857=CARTESIAN_POINT('',(-1.125E1,2.699999999993E0,1.075E1));
#1858=VERTEX_POINT('',#1857);
#1859=CARTESIAN_POINT('',(-2.E0,2.700000000001E0,1.075000000002E1));
#1860=VERTEX_POINT('',#1859);
#1861=CARTESIAN_POINT('',(-2.E0,2.7E0,9.510000000439E0));
#1862=VERTEX_POINT('',#1861);
#1863=CARTESIAN_POINT('',(-1.5E0,2.7E0,9.01E0));
#1864=VERTEX_POINT('',#1863);
#1865=CARTESIAN_POINT('',(1.499999999561E0,2.7E0,9.01E0));
#1866=VERTEX_POINT('',#1865);
#1867=CARTESIAN_POINT('',(2.E0,2.7E0,9.51E0));
#1868=VERTEX_POINT('',#1867);
#1869=CARTESIAN_POINT('',(-5.E0,2.7E0,5.E0));
#1870=CARTESIAN_POINT('',(-8.E0,2.7E0,5.E0));
#1871=VERTEX_POINT('',#1869);
#1872=VERTEX_POINT('',#1870);
#1873=CARTESIAN_POINT('',(8.E0,2.7E0,-5.E0));
#1874=CARTESIAN_POINT('',(5.E0,2.7E0,-5.E0));
#1875=VERTEX_POINT('',#1873);
#1876=VERTEX_POINT('',#1874);
#1877=CARTESIAN_POINT('',(-5.E0,2.7E0,-5.E0));
#1878=CARTESIAN_POINT('',(-8.E0,2.7E0,-5.E0));
#1879=VERTEX_POINT('',#1877);
#1880=VERTEX_POINT('',#1878);
#1881=CARTESIAN_POINT('',(8.E0,2.7E0,5.E0));
#1882=CARTESIAN_POINT('',(5.E0,2.7E0,5.E0));
#1883=VERTEX_POINT('',#1881);
#1884=VERTEX_POINT('',#1882);
#1885=CARTESIAN_POINT('',(8.E0,1.35E0,5.E0));
#1886=VERTEX_POINT('',#1885);
#1887=CARTESIAN_POINT('',(5.E0,1.35E0,5.E0));
#1888=VERTEX_POINT('',#1887);
#1889=CARTESIAN_POINT('',(6.85E0,1.35E0,5.E0));
#1890=CARTESIAN_POINT('',(6.15E0,1.35E0,5.E0));
#1891=VERTEX_POINT('',#1889);
#1892=VERTEX_POINT('',#1890);
#1893=CARTESIAN_POINT('',(-8.E0,1.35E0,5.E0));
#1894=CARTESIAN_POINT('',(-5.E0,1.35E0,5.E0));
#1895=VERTEX_POINT('',#1893);
#1896=VERTEX_POINT('',#1894);
#1897=CARTESIAN_POINT('',(-6.15E0,1.35E0,5.E0));
#1898=CARTESIAN_POINT('',(-6.85E0,1.35E0,5.E0));
#1899=VERTEX_POINT('',#1897);
#1900=VERTEX_POINT('',#1898);
#1901=CARTESIAN_POINT('',(5.E0,1.35E0,-5.E0));
#1902=CARTESIAN_POINT('',(8.E0,1.35E0,-5.E0));
#1903=VERTEX_POINT('',#1901);
#1904=VERTEX_POINT('',#1902);
#1905=CARTESIAN_POINT('',(6.85E0,1.35E0,-5.E0));
#1906=CARTESIAN_POINT('',(6.15E0,1.35E0,-5.E0));
#1907=VERTEX_POINT('',#1905);
#1908=VERTEX_POINT('',#1906);
#1909=CARTESIAN_POINT('',(-8.E0,1.35E0,-5.E0));
#1910=CARTESIAN_POINT('',(-5.E0,1.35E0,-5.E0));
#1911=VERTEX_POINT('',#1909);
#1912=VERTEX_POINT('',#1910);
#1913=CARTESIAN_POINT('',(-6.15E0,1.35E0,-5.E0));
#1914=CARTESIAN_POINT('',(-6.85E0,1.35E0,-5.E0));
#1915=VERTEX_POINT('',#1913);
#1916=VERTEX_POINT('',#1914);
#1917=CARTESIAN_POINT('',(1.499999999781E0,3.2E0,1.125E1));
#1918=CARTESIAN_POINT('',(1.124999999950E1,3.200000000002E0,1.125E1));
#1919=VERTEX_POINT('',#1917);
#1920=VERTEX_POINT('',#1918);
#1921=CARTESIAN_POINT('',(-1.499999999671E0,5.E-1,1.125E1));
#1922=CARTESIAN_POINT('',(1.499999999803E0,5.E-1,1.125E1));
#1923=VERTEX_POINT('',#1921);
#1924=VERTEX_POINT('',#1922);
#1925=CARTESIAN_POINT('',(-1.499999999561E0,3.2E0,1.125E1));
#1926=VERTEX_POINT('',#1925);
#1927=CARTESIAN_POINT('',(-1.124999999979E1,3.199999999998E0,1.125E1));
#1928=VERTEX_POINT('',#1927);
#1929=CARTESIAN_POINT('',(-1.124999999979E1,5.1E0,1.125E1));
#1930=VERTEX_POINT('',#1929);
#1931=CARTESIAN_POINT('',(1.124999999950E1,5.099999999998E0,1.125E1));
#1932=VERTEX_POINT('',#1931);
#1933=CARTESIAN_POINT('',(-2.E0,5.E-1,1.075000000003E1));
#1934=VERTEX_POINT('',#1933);
#1935=CARTESIAN_POINT('',(-2.E0,5.E-1,9.510000000329E0));
#1936=VERTEX_POINT('',#1935);
#1937=CARTESIAN_POINT('',(-1.500000000034E0,5.E-1,9.01E0));
#1938=VERTEX_POINT('',#1937);
#1939=CARTESIAN_POINT('',(1.499999999671E0,5.E-1,9.01E0));
#1940=VERTEX_POINT('',#1939);
#1941=CARTESIAN_POINT('',(2.E0,5.E-1,9.509999999966E0));
#1942=VERTEX_POINT('',#1941);
#1943=CARTESIAN_POINT('',(2.E0,5.E-1,1.075000000006E1));
#1944=VERTEX_POINT('',#1943);
#1945=CARTESIAN_POINT('',(-1.225E1,3.2E0,1.025E1));
#1946=VERTEX_POINT('',#1945);
#1947=CARTESIAN_POINT('',(-1.225E1,3.2E0,9.999999997805E-1));
#1948=VERTEX_POINT('',#1947);
#1949=CARTESIAN_POINT('',(-1.225E1,5.E-1,-9.999999996707E-1));
#1950=CARTESIAN_POINT('',(-1.225E1,5.E-1,9.999999998353E-1));
#1951=VERTEX_POINT('',#1949);
#1952=VERTEX_POINT('',#1950);
#1953=CARTESIAN_POINT('',(-1.225E1,3.2E0,-9.999999995609E-1));
#1954=VERTEX_POINT('',#1953);
#1955=CARTESIAN_POINT('',(-1.225E1,3.199999999998E0,-1.024999999979E1));
#1956=VERTEX_POINT('',#1955);
#1957=CARTESIAN_POINT('',(-1.225E1,5.100000000002E0,-1.024999999979E1));
#1958=VERTEX_POINT('',#1957);
#1959=CARTESIAN_POINT('',(-1.225E1,5.1E0,1.024999999950E1));
#1960=VERTEX_POINT('',#1959);
#1961=CARTESIAN_POINT('',(-1.175000000003E1,5.E-1,-1.5E0));
#1962=VERTEX_POINT('',#1961);
#1963=CARTESIAN_POINT('',(-8.990000000329E0,5.E-1,-1.5E0));
#1964=VERTEX_POINT('',#1963);
#1965=CARTESIAN_POINT('',(-8.49E0,5.E-1,-1.000000000034E0));
#1966=VERTEX_POINT('',#1965);
#1967=CARTESIAN_POINT('',(-8.49E0,5.E-1,9.999999996707E-1));
#1968=VERTEX_POINT('',#1967);
#1969=CARTESIAN_POINT('',(-8.989999999966E0,5.E-1,1.5E0));
#1970=VERTEX_POINT('',#1969);
#1971=CARTESIAN_POINT('',(-1.175000000003E1,5.E-1,1.5E0));
#1972=VERTEX_POINT('',#1971);
#1973=CARTESIAN_POINT('',(-1.175E1,5.600000000007E0,-1.025E1));
#1974=CARTESIAN_POINT('',(-1.125E1,5.599999999999E0,-1.075000000001E1));
#1975=VERTEX_POINT('',#1973);
#1976=VERTEX_POINT('',#1974);
#1977=CARTESIAN_POINT('',(8.E-1,5.6E0,8.25E0));
#1978=CARTESIAN_POINT('',(2.607730542840E0,5.6E0,8.25E0));
#1979=VERTEX_POINT('',#1977);
#1980=VERTEX_POINT('',#1978);
#1981=CARTESIAN_POINT('',(8.E-1,5.6E0,-8.25E0));
#1982=VERTEX_POINT('',#1981);
#1983=CARTESIAN_POINT('',(2.607730542840E0,5.6E0,-8.25E0));
#1984=VERTEX_POINT('',#1983);
#1985=CARTESIAN_POINT('',(-2.607730542840E0,5.6E0,8.25E0));
#1986=CARTESIAN_POINT('',(-8.E-1,5.6E0,8.25E0));
#1987=VERTEX_POINT('',#1985);
#1988=VERTEX_POINT('',#1986);
#1989=CARTESIAN_POINT('',(-2.607730542840E0,5.6E0,-8.25E0));
#1990=VERTEX_POINT('',#1989);
#1991=CARTESIAN_POINT('',(-8.E-1,5.6E0,-8.25E0));
#1992=VERTEX_POINT('',#1991);
#1993=CARTESIAN_POINT('',(1.175E1,5.600000000007E0,1.025E1));
#1994=CARTESIAN_POINT('',(1.125E1,5.599999999999E0,1.075000000001E1));
#1995=VERTEX_POINT('',#1993);
#1996=VERTEX_POINT('',#1994);
#1997=CARTESIAN_POINT('',(-1.125E1,5.6E0,1.075E1));
#1998=VERTEX_POINT('',#1997);
#1999=CARTESIAN_POINT('',(-1.175E1,5.6E0,1.025E1));
#2000=VERTEX_POINT('',#1999);
#2001=CARTESIAN_POINT('',(1.125E1,5.6E0,-1.075E1));
#2002=VERTEX_POINT('',#2001);
#2003=CARTESIAN_POINT('',(1.175E1,5.6E0,-1.025E1));
#2004=VERTEX_POINT('',#2003);
#2005=CARTESIAN_POINT('',(8.442996415714E0,5.6E0,1.065402500446E1));
#2006=CARTESIAN_POINT('',(-8.442996415714E0,5.6E0,1.065402500446E1));
#2007=VERTEX_POINT('',#2005);
#2008=VERTEX_POINT('',#2006);
#2009=CARTESIAN_POINT('',(9.942996415720E0,5.6E0,9.154025004458E0));
#2010=VERTEX_POINT('',#2009);
#2011=CARTESIAN_POINT('',(9.942996415720E0,5.6E0,8.25E0));
#2012=VERTEX_POINT('',#2011);
#2013=CARTESIAN_POINT('',(1.044226945716E1,5.6E0,8.25E0));
#2014=VERTEX_POINT('',#2013);
#2015=CARTESIAN_POINT('',(1.044226945716E1,5.6E0,-8.25E0));
#2016=VERTEX_POINT('',#2015);
#2017=CARTESIAN_POINT('',(9.942996415720E0,5.6E0,-8.25E0));
#2018=VERTEX_POINT('',#2017);
#2019=CARTESIAN_POINT('',(9.942996415720E0,5.6E0,-9.154025004458E0));
#2020=VERTEX_POINT('',#2019);
#2021=CARTESIAN_POINT('',(8.442996415702E0,5.6E0,-1.065402500446E1));
#2022=VERTEX_POINT('',#2021);
#2023=CARTESIAN_POINT('',(-8.442996415714E0,5.6E0,-1.065402500446E1));
#2024=VERTEX_POINT('',#2023);
#2025=CARTESIAN_POINT('',(-9.942996415720E0,5.6E0,-9.154025004458E0));
#2026=VERTEX_POINT('',#2025);
#2027=CARTESIAN_POINT('',(-9.942996415720E0,5.6E0,-8.25E0));
#2028=VERTEX_POINT('',#2027);
#2029=CARTESIAN_POINT('',(-1.044226945716E1,5.6E0,-8.25E0));
#2030=VERTEX_POINT('',#2029);
#2031=CARTESIAN_POINT('',(-1.044226945716E1,5.6E0,8.25E0));
#2032=VERTEX_POINT('',#2031);
#2033=CARTESIAN_POINT('',(-9.942996415720E0,5.6E0,8.25E0));
#2034=VERTEX_POINT('',#2033);
#2035=CARTESIAN_POINT('',(-9.942996415720E0,5.6E0,9.154025004458E0));
#2036=VERTEX_POINT('',#2035);
#2037=CARTESIAN_POINT('',(8.442996415720E0,1.12E1,1.065402500446E1));
#2038=VERTEX_POINT('',#2037);
#2039=CARTESIAN_POINT('',(-8.442996415720E0,1.12E1,1.065402500446E1));
#2040=VERTEX_POINT('',#2039);
#2041=CARTESIAN_POINT('',(9.942996415720E0,1.12E1,9.154025004458E0));
#2042=VERTEX_POINT('',#2041);
#2043=CARTESIAN_POINT('',(8.442996415720E0,1.27E1,9.154025004458E0));
#2044=VERTEX_POINT('',#2043);
#2045=CARTESIAN_POINT('',(-8.442996415720E0,1.27E1,9.154025004458E0));
#2046=VERTEX_POINT('',#2045);
#2047=CARTESIAN_POINT('',(-9.942996415720E0,1.12E1,9.154025004458E0));
#2048=VERTEX_POINT('',#2047);
#2049=CARTESIAN_POINT('',(-9.942996415720E0,1.12E1,8.25E0));
#2050=VERTEX_POINT('',#2049);
#2051=CARTESIAN_POINT('',(-9.942996415720E0,1.12E1,-9.154025004458E0));
#2052=VERTEX_POINT('',#2051);
#2053=CARTESIAN_POINT('',(-9.942996415720E0,1.12E1,-8.25E0));
#2054=VERTEX_POINT('',#2053);
#2055=CARTESIAN_POINT('',(-8.442996415720E0,1.27E1,8.25E0));
#2056=VERTEX_POINT('',#2055);
#2057=CARTESIAN_POINT('',(1.603618080254E0,1.27E1,-8.25E0));
#2058=CARTESIAN_POINT('',(8.E-1,1.27E1,-8.25E0));
#2059=VERTEX_POINT('',#2057);
#2060=VERTEX_POINT('',#2058);
#2061=CARTESIAN_POINT('',(8.E-1,1.27E1,-7.75E0));
#2062=VERTEX_POINT('',#2061);
#2063=CARTESIAN_POINT('',(3.E-1,1.27E1,-8.25E0));
#2064=VERTEX_POINT('',#2063);
#2065=CARTESIAN_POINT('',(-3.E-1,1.27E1,-8.25E0));
#2066=VERTEX_POINT('',#2065);
#2067=CARTESIAN_POINT('',(-8.E-1,1.27E1,-7.75E0));
#2068=VERTEX_POINT('',#2067);
#2069=CARTESIAN_POINT('',(-8.E-1,1.27E1,-8.25E0));
#2070=VERTEX_POINT('',#2069);
#2071=CARTESIAN_POINT('',(-1.603618080254E0,1.27E1,-8.25E0));
#2072=VERTEX_POINT('',#2071);
#2073=CARTESIAN_POINT('',(-8.442996415720E0,1.27E1,-8.25E0));
#2074=VERTEX_POINT('',#2073);
#2075=CARTESIAN_POINT('',(-8.442996415720E0,1.27E1,-9.154025004458E0));
#2076=VERTEX_POINT('',#2075);
#2077=CARTESIAN_POINT('',(8.442996415720E0,1.27E1,-9.154025004458E0));
#2078=VERTEX_POINT('',#2077);
#2079=CARTESIAN_POINT('',(8.442996415720E0,1.27E1,-8.25E0));
#2080=VERTEX_POINT('',#2079);
#2081=CARTESIAN_POINT('',(-1.603618080254E0,1.27E1,8.25E0));
#2082=CARTESIAN_POINT('',(-8.E-1,1.27E1,8.25E0));
#2083=VERTEX_POINT('',#2081);
#2084=VERTEX_POINT('',#2082);
#2085=CARTESIAN_POINT('',(-8.E-1,1.27E1,7.75E0));
#2086=VERTEX_POINT('',#2085);
#2087=CARTESIAN_POINT('',(-3.E-1,1.27E1,8.25E0));
#2088=VERTEX_POINT('',#2087);
#2089=CARTESIAN_POINT('',(3.E-1,1.27E1,8.25E0));
#2090=VERTEX_POINT('',#2089);
#2091=CARTESIAN_POINT('',(8.E-1,1.27E1,7.75E0));
#2092=VERTEX_POINT('',#2091);
#2093=CARTESIAN_POINT('',(8.E-1,1.27E1,8.25E0));
#2094=VERTEX_POINT('',#2093);
#2095=CARTESIAN_POINT('',(1.603618080254E0,1.27E1,8.25E0));
#2096=VERTEX_POINT('',#2095);
#2097=CARTESIAN_POINT('',(8.442996415720E0,1.27E1,8.25E0));
#2098=VERTEX_POINT('',#2097);
#2099=CARTESIAN_POINT('',(8.E-1,9.774999998898E0,-8.25E0));
#2100=VERTEX_POINT('',#2099);
#2101=CARTESIAN_POINT('',(-8.E-1,9.775E0,-8.25E0));
#2102=VERTEX_POINT('',#2101);
#2103=CARTESIAN_POINT('',(8.E-1,1.3E1,-7.75E0));
#2104=VERTEX_POINT('',#2103);
#2105=CARTESIAN_POINT('',(8.E-1,9.774999998898E0,8.25E0));
#2106=VERTEX_POINT('',#2105);
#2107=CARTESIAN_POINT('',(8.E-1,1.3E1,7.75E0));
#2108=VERTEX_POINT('',#2107);
#2109=CARTESIAN_POINT('',(3.E-1,1.3E1,-8.25E0));
#2110=VERTEX_POINT('',#2109);
#2111=CARTESIAN_POINT('',(-8.E-1,1.3E1,-7.75E0));
#2112=CARTESIAN_POINT('',(-3.E-1,1.3E1,-8.25E0));
#2113=VERTEX_POINT('',#2111);
#2114=VERTEX_POINT('',#2112);
#2115=CARTESIAN_POINT('',(3.E-1,1.3E1,8.25E0));
#2116=VERTEX_POINT('',#2115);
#2117=CARTESIAN_POINT('',(-3.E-1,1.3E1,8.25E0));
#2118=VERTEX_POINT('',#2117);
#2119=CARTESIAN_POINT('',(-8.E-1,1.3E1,7.75E0));
#2120=VERTEX_POINT('',#2119);
#2121=CARTESIAN_POINT('',(-1.225E1,9.775E0,-8.25E0));
#2122=VERTEX_POINT('',#2121);
#2123=CARTESIAN_POINT('',(9.942996415720E0,1.12E1,-8.25E0));
#2124=VERTEX_POINT('',#2123);
#2125=CARTESIAN_POINT('',(1.225E1,9.775E0,-8.25E0));
#2126=VERTEX_POINT('',#2125);
#2127=CARTESIAN_POINT('',(-8.442996415720E0,1.12E1,-1.065402500446E1));
#2128=VERTEX_POINT('',#2127);
#2129=CARTESIAN_POINT('',(8.442996415720E0,1.12E1,-1.065402500446E1));
#2130=VERTEX_POINT('',#2129);
#2131=CARTESIAN_POINT('',(9.942996415720E0,1.12E1,-9.154025004458E0));
#2132=VERTEX_POINT('',#2131);
#2133=CARTESIAN_POINT('',(9.942996415720E0,1.12E1,8.25E0));
#2134=VERTEX_POINT('',#2133);
#2135=CARTESIAN_POINT('',(1.225E1,9.775E0,8.25E0));
#2136=VERTEX_POINT('',#2135);
#2137=CARTESIAN_POINT('',(-1.225E1,9.775E0,8.25E0));
#2138=VERTEX_POINT('',#2137);
#2139=CARTESIAN_POINT('',(-8.E-1,9.775000097104E0,8.25E0));
#2140=VERTEX_POINT('',#2139);
#2141=CARTESIAN_POINT('',(1.225E1,5.1E0,1.025E1));
#2142=VERTEX_POINT('',#2141);
#2143=CARTESIAN_POINT('',(1.225E1,5.1E0,-1.025E1));
#2144=VERTEX_POINT('',#2143);
#2145=CARTESIAN_POINT('',(1.225E1,3.200000000009E0,-1.024999999899E1));
#2146=VERTEX_POINT('',#2145);
#2147=CARTESIAN_POINT('',(1.225E1,3.2E0,-9.999999997805E-1));
#2148=VERTEX_POINT('',#2147);
#2149=CARTESIAN_POINT('',(1.225E1,5.E-1,9.999999996707E-1));
#2150=CARTESIAN_POINT('',(1.225E1,5.E-1,-9.999999998028E-1));
#2151=VERTEX_POINT('',#2149);
#2152=VERTEX_POINT('',#2150);
#2153=CARTESIAN_POINT('',(1.225E1,3.2E0,9.999999995609E-1));
#2154=VERTEX_POINT('',#2153);
#2155=CARTESIAN_POINT('',(1.225E1,3.199999999998E0,1.024999999979E1));
#2156=VERTEX_POINT('',#2155);
#2157=CARTESIAN_POINT('',(1.175000000003E1,5.E-1,1.5E0));
#2158=VERTEX_POINT('',#2157);
#2159=CARTESIAN_POINT('',(8.990000000329E0,5.E-1,1.5E0));
#2160=VERTEX_POINT('',#2159);
#2161=CARTESIAN_POINT('',(8.49E0,5.E-1,1.000000000034E0));
#2162=VERTEX_POINT('',#2161);
#2163=CARTESIAN_POINT('',(8.49E0,5.E-1,-9.999999996707E-1));
#2164=VERTEX_POINT('',#2163);
#2165=CARTESIAN_POINT('',(8.989999999966E0,5.E-1,-1.5E0));
#2166=VERTEX_POINT('',#2165);
#2167=CARTESIAN_POINT('',(1.175000000006E1,5.E-1,-1.5E0));
#2168=VERTEX_POINT('',#2167);
#2169=CARTESIAN_POINT('',(-6.15E0,-3.5E0,5.E0));
#2170=CARTESIAN_POINT('',(-6.85E0,-3.5E0,5.E0));
#2171=VERTEX_POINT('',#2169);
#2172=VERTEX_POINT('',#2170);
#2173=CARTESIAN_POINT('',(6.85E0,-3.5E0,5.E0));
#2174=CARTESIAN_POINT('',(6.15E0,-3.5E0,5.E0));
#2175=VERTEX_POINT('',#2173);
#2176=VERTEX_POINT('',#2174);
#2177=CARTESIAN_POINT('',(6.85E0,-3.5E0,-5.E0));
#2178=CARTESIAN_POINT('',(6.15E0,-3.5E0,-5.E0));
#2179=VERTEX_POINT('',#2177);
#2180=VERTEX_POINT('',#2178);
#2181=CARTESIAN_POINT('',(-6.15E0,-3.5E0,-5.E0));
#2182=CARTESIAN_POINT('',(-6.85E0,-3.5E0,-5.E0));
#2183=VERTEX_POINT('',#2181);
#2184=VERTEX_POINT('',#2182);
#2185=CARTESIAN_POINT('',(0.E0,0.E0,0.E0));
#2186=DIRECTION('',(0.E0,1.E0,0.E0));
#2187=DIRECTION('',(1.E0,0.E0,0.E0));
#2188=AXIS2_PLACEMENT_3D('',#2185,#2186,#2187);
#2189=PLANE('',#2188);
#2191=ORIENTED_EDGE('',*,*,#2190,.F.);
#2193=ORIENTED_EDGE('',*,*,#2192,.F.);
#2195=ORIENTED_EDGE('',*,*,#2194,.F.);
#2197=ORIENTED_EDGE('',*,*,#2196,.F.);
#2198=EDGE_LOOP('',(#2191,#2193,#2195,#2197));
#2199=FACE_OUTER_BOUND('',#2198,.F.);
#2201=FILL_AREA_STYLE_COLOUR('',#8);
#2202=FILL_AREA_STYLE('',(#2201));
#2203=SURFACE_STYLE_FILL_AREA(#2202);
#2204=SURFACE_SIDE_STYLE('',(#2203));
#2205=SURFACE_STYLE_USAGE(.POSITIVE.,#2204);
#2206=PRESENTATION_STYLE_ASSIGNMENT((#2205));
#2207=STYLED_ITEM('',(#2206),#2200);
#2208=CARTESIAN_POINT('',(-1.5E0,5.E-1,-9.426852845941E0));
#2209=DIRECTION('',(0.E0,0.E0,-1.E0));
#2210=DIRECTION('',(0.E0,-1.E0,0.E0));
#2211=AXIS2_PLACEMENT_3D('',#2208,#2209,#2210);
#2212=CYLINDRICAL_SURFACE('',#2211,5.E-1);
#2213=ORIENTED_EDGE('',*,*,#2190,.T.);
#2215=ORIENTED_EDGE('',*,*,#2214,.F.);
#2217=ORIENTED_EDGE('',*,*,#2216,.T.);
#2219=ORIENTED_EDGE('',*,*,#2218,.F.);
#2220=EDGE_LOOP('',(#2213,#2215,#2217,#2219));
#2221=FACE_OUTER_BOUND('',#2220,.F.);
#2223=FILL_AREA_STYLE_COLOUR('',#8);
#2224=FILL_AREA_STYLE('',(#2223));
#2225=SURFACE_STYLE_FILL_AREA(#2224);
#2226=SURFACE_SIDE_STYLE('',(#2225));
#2227=SURFACE_STYLE_USAGE(.POSITIVE.,#2226);
#2228=PRESENTATION_STYLE_ASSIGNMENT((#2227));
#2229=STYLED_ITEM('',(#2228),#2222);
#2230=CARTESIAN_POINT('',(-1.5E0,5.E-1,-1.075E1));
#2231=DIRECTION('',(-1.E0,0.E0,-2.599984116891E-10));
#2232=DIRECTION('',(2.599984116891E-10,0.E0,-1.E0));
#2233=AXIS2_PLACEMENT_3D('',#2230,#2231,#2232);
#2234=SPHERICAL_SURFACE('',#2233,5.E-1);
#2236=ORIENTED_EDGE('',*,*,#2235,.T.);
#2237=ORIENTED_EDGE('',*,*,#2214,.T.);
#2239=ORIENTED_EDGE('',*,*,#2238,.T.);
#2240=EDGE_LOOP('',(#2236,#2237,#2239));
#2241=FACE_OUTER_BOUND('',#2240,.F.);
#2243=FILL_AREA_STYLE_COLOUR('',#8);
#2244=FILL_AREA_STYLE('',(#2243));
#2245=SURFACE_STYLE_FILL_AREA(#2244);
#2246=SURFACE_SIDE_STYLE('',(#2245));
#2247=SURFACE_STYLE_USAGE(.POSITIVE.,#2246);
#2248=PRESENTATION_STYLE_ASSIGNMENT((#2247));
#2249=STYLED_ITEM('',(#2248),#2242);
#2250=CARTESIAN_POINT('',(-1.5E0,-2.712007114014E1,-1.075E1));
#2251=DIRECTION('',(0.E0,1.E0,0.E0));
#2252=DIRECTION('',(0.E0,0.E0,-1.E0));
#2253=AXIS2_PLACEMENT_3D('',#2250,#2251,#2252);
#2254=CYLINDRICAL_SURFACE('',#2253,5.E-1);
#2255=ORIENTED_EDGE('',*,*,#2235,.F.);
#2257=ORIENTED_EDGE('',*,*,#2256,.T.);
#2259=ORIENTED_EDGE('',*,*,#2258,.F.);
#2261=ORIENTED_EDGE('',*,*,#2260,.T.);
#2262=EDGE_LOOP('',(#2255,#2257,#2259,#2261));
#2263=FACE_OUTER_BOUND('',#2262,.F.);
#2265=FILL_AREA_STYLE_COLOUR('',#8);
#2266=FILL_AREA_STYLE('',(#2265));
#2267=SURFACE_STYLE_FILL_AREA(#2266);
#2268=SURFACE_SIDE_STYLE('',(#2267));
#2269=SURFACE_STYLE_USAGE(.POSITIVE.,#2268);
#2270=PRESENTATION_STYLE_ASSIGNMENT((#2269));
#2271=STYLED_ITEM('',(#2270),#2264);
#2272=CARTESIAN_POINT('',(1.225E1,0.E0,-1.125E1));
#2273=DIRECTION('',(0.E0,0.E0,-1.E0));
#2274=DIRECTION('',(-1.E0,0.E0,0.E0));
#2275=AXIS2_PLACEMENT_3D('',#2272,#2273,#2274);
#2276=PLANE('',#2275);
#2278=ORIENTED_EDGE('',*,*,#2277,.F.);
#2280=ORIENTED_EDGE('',*,*,#2279,.F.);
#2282=ORIENTED_EDGE('',*,*,#2281,.F.);
#2284=ORIENTED_EDGE('',*,*,#2283,.F.);
#2286=ORIENTED_EDGE('',*,*,#2285,.F.);
#2288=ORIENTED_EDGE('',*,*,#2287,.F.);
#2290=ORIENTED_EDGE('',*,*,#2289,.F.);
#2291=ORIENTED_EDGE('',*,*,#2256,.F.);
#2292=EDGE_LOOP('',(#2278,#2280,#2282,#2284,#2286,#2288,#2290,#2291));
#2293=FACE_OUTER_BOUND('',#2292,.F.);
#2295=FILL_AREA_STYLE_COLOUR('',#8);
#2296=FILL_AREA_STYLE('',(#2295));
#2297=SURFACE_STYLE_FILL_AREA(#2296);
#2298=SURFACE_SIDE_STYLE('',(#2297));
#2299=SURFACE_STYLE_USAGE(.POSITIVE.,#2298);
#2300=PRESENTATION_STYLE_ASSIGNMENT((#2299));
#2301=STYLED_ITEM('',(#2300),#2294);
#2302=CARTESIAN_POINT('',(-1.133314715406E1,5.E-1,-1.075E1));
#2303=DIRECTION('',(1.E0,0.E0,0.E0));
#2304=DIRECTION('',(0.E0,-1.E0,0.E0));
#2305=AXIS2_PLACEMENT_3D('',#2302,#2303,#2304);
#2306=CYLINDRICAL_SURFACE('',#2305,5.E-1);
#2307=ORIENTED_EDGE('',*,*,#2196,.T.);
#2309=ORIENTED_EDGE('',*,*,#2308,.F.);
#2310=ORIENTED_EDGE('',*,*,#2277,.T.);
#2311=ORIENTED_EDGE('',*,*,#2238,.F.);
#2312=EDGE_LOOP('',(#2307,#2309,#2310,#2311));
#2313=FACE_OUTER_BOUND('',#2312,.F.);
#2315=FILL_AREA_STYLE_COLOUR('',#8);
#2316=FILL_AREA_STYLE('',(#2315));
#2317=SURFACE_STYLE_FILL_AREA(#2316);
#2318=SURFACE_SIDE_STYLE('',(#2317));
#2319=SURFACE_STYLE_USAGE(.POSITIVE.,#2318);
#2320=PRESENTATION_STYLE_ASSIGNMENT((#2319));
#2321=STYLED_ITEM('',(#2320),#2314);
#2322=CARTESIAN_POINT('',(1.5E0,5.E-1,-1.075E1));
#2323=DIRECTION('',(1.E0,0.E0,0.E0));
#2324=DIRECTION('',(0.E0,0.E0,1.E0));
#2325=AXIS2_PLACEMENT_3D('',#2322,#2323,#2324);
#2326=SPHERICAL_SURFACE('',#2325,5.E-1);
#2328=ORIENTED_EDGE('',*,*,#2327,.T.);
#2329=ORIENTED_EDGE('',*,*,#2308,.T.);
#2331=ORIENTED_EDGE('',*,*,#2330,.T.);
#2332=EDGE_LOOP('',(#2328,#2329,#2331));
#2333=FACE_OUTER_BOUND('',#2332,.F.);
#2335=FILL_AREA_STYLE_COLOUR('',#8);
#2336=FILL_AREA_STYLE('',(#2335));
#2337=SURFACE_STYLE_FILL_AREA(#2336);
#2338=SURFACE_SIDE_STYLE('',(#2337));
#2339=SURFACE_STYLE_USAGE(.POSITIVE.,#2338);
#2340=PRESENTATION_STYLE_ASSIGNMENT((#2339));
#2341=STYLED_ITEM('',(#2340),#2334);
#2342=CARTESIAN_POINT('',(1.5E0,3.962273387422E1,-1.075E1));
#2343=DIRECTION('',(0.E0,-1.E0,0.E0));
#2344=DIRECTION('',(0.E0,0.E0,-1.E0));
#2345=AXIS2_PLACEMENT_3D('',#2342,#2343,#2344);
#2346=CYLINDRICAL_SURFACE('',#2345,5.E-1);
#2347=ORIENTED_EDGE('',*,*,#2327,.F.);
#2349=ORIENTED_EDGE('',*,*,#2348,.T.);
#2351=ORIENTED_EDGE('',*,*,#2350,.T.);
#2352=ORIENTED_EDGE('',*,*,#2279,.T.);
#2353=EDGE_LOOP('',(#2347,#2349,#2351,#2352));
#2354=FACE_OUTER_BOUND('',#2353,.F.);
#2356=FILL_AREA_STYLE_COLOUR('',#8);
#2357=FILL_AREA_STYLE('',(#2356));
#2358=SURFACE_STYLE_FILL_AREA(#2357);
#2359=SURFACE_SIDE_STYLE('',(#2358));
#2360=SURFACE_STYLE_USAGE(.POSITIVE.,#2359);
#2361=PRESENTATION_STYLE_ASSIGNMENT((#2360));
#2362=STYLED_ITEM('',(#2361),#2355);
#2363=CARTESIAN_POINT('',(2.E0,0.E0,-9.01E0));
#2364=DIRECTION('',(-1.E0,0.E0,0.E0));
#2365=DIRECTION('',(0.E0,0.E0,-1.E0));
#2366=AXIS2_PLACEMENT_3D('',#2363,#2364,#2365);
#2367=PLANE('',#2366);
#2369=ORIENTED_EDGE('',*,*,#2368,.F.);
#2371=ORIENTED_EDGE('',*,*,#2370,.F.);
#2373=ORIENTED_EDGE('',*,*,#2372,.F.);
#2374=ORIENTED_EDGE('',*,*,#2348,.F.);
#2375=EDGE_LOOP('',(#2369,#2371,#2373,#2374));
#2376=FACE_OUTER_BOUND('',#2375,.F.);
#2378=FILL_AREA_STYLE_COLOUR('',#8);
#2379=FILL_AREA_STYLE('',(#2378));
#2380=SURFACE_STYLE_FILL_AREA(#2379);
#2381=SURFACE_SIDE_STYLE('',(#2380));
#2382=SURFACE_STYLE_USAGE(.POSITIVE.,#2381);
#2383=PRESENTATION_STYLE_ASSIGNMENT((#2382));
#2384=STYLED_ITEM('',(#2383),#2377);
#2385=CARTESIAN_POINT('',(1.5E0,5.E-1,-1.083314715406E1));
#2386=DIRECTION('',(0.E0,0.E0,1.E0));
#2387=DIRECTION('',(0.E0,-1.E0,0.E0));
#2388=AXIS2_PLACEMENT_3D('',#2385,#2386,#2387);
#2389=CYLINDRICAL_SURFACE('',#2388,5.E-1);
#2390=ORIENTED_EDGE('',*,*,#2194,.T.);
#2392=ORIENTED_EDGE('',*,*,#2391,.F.);
#2393=ORIENTED_EDGE('',*,*,#2368,.T.);
#2394=ORIENTED_EDGE('',*,*,#2330,.F.);
#2395=EDGE_LOOP('',(#2390,#2392,#2393,#2394));
#2396=FACE_OUTER_BOUND('',#2395,.F.);
#2398=FILL_AREA_STYLE_COLOUR('',#8);
#2399=FILL_AREA_STYLE('',(#2398));
#2400=SURFACE_STYLE_FILL_AREA(#2399);
#2401=SURFACE_SIDE_STYLE('',(#2400));
#2402=SURFACE_STYLE_USAGE(.POSITIVE.,#2401);
#2403=PRESENTATION_STYLE_ASSIGNMENT((#2402));
#2404=STYLED_ITEM('',(#2403),#2397);
#2405=CARTESIAN_POINT('',(1.5E0,5.E-1,-9.51E0));
#2406=DIRECTION('',(0.E0,0.E0,1.E0));
#2407=DIRECTION('',(-1.E0,0.E0,0.E0));
#2408=AXIS2_PLACEMENT_3D('',#2405,#2406,#2407);
#2409=SPHERICAL_SURFACE('',#2408,5.E-1);
#2411=ORIENTED_EDGE('',*,*,#2410,.T.);
#2412=ORIENTED_EDGE('',*,*,#2391,.T.);
#2414=ORIENTED_EDGE('',*,*,#2413,.T.);
#2415=EDGE_LOOP('',(#2411,#2412,#2414));
#2416=FACE_OUTER_BOUND('',#2415,.F.);
#2418=FILL_AREA_STYLE_COLOUR('',#8);
#2419=FILL_AREA_STYLE('',(#2418));
#2420=SURFACE_STYLE_FILL_AREA(#2419);
#2421=SURFACE_SIDE_STYLE('',(#2420));
#2422=SURFACE_STYLE_USAGE(.POSITIVE.,#2421);
#2423=PRESENTATION_STYLE_ASSIGNMENT((#2422));
#2424=STYLED_ITEM('',(#2423),#2417);
#2425=CARTESIAN_POINT('',(1.5E0,3.962273387422E1,-9.51E0));
#2426=DIRECTION('',(0.E0,-1.E0,0.E0));
#2427=DIRECTION('',(1.E0,0.E0,0.E0));
#2428=AXIS2_PLACEMENT_3D('',#2425,#2426,#2427);
#2429=CYLINDRICAL_SURFACE('',#2428,5.E-1);
#2430=ORIENTED_EDGE('',*,*,#2410,.F.);
#2432=ORIENTED_EDGE('',*,*,#2431,.T.);
#2434=ORIENTED_EDGE('',*,*,#2433,.F.);
#2435=ORIENTED_EDGE('',*,*,#2370,.T.);
#2436=EDGE_LOOP('',(#2430,#2432,#2434,#2435));
#2437=FACE_OUTER_BOUND('',#2436,.F.);
#2439=FILL_AREA_STYLE_COLOUR('',#8);
#2440=FILL_AREA_STYLE('',(#2439));
#2441=SURFACE_STYLE_FILL_AREA(#2440);
#2442=SURFACE_SIDE_STYLE('',(#2441));
#2443=SURFACE_STYLE_USAGE(.POSITIVE.,#2442);
#2444=PRESENTATION_STYLE_ASSIGNMENT((#2443));
#2445=STYLED_ITEM('',(#2444),#2438);
#2446=CARTESIAN_POINT('',(-2.E0,0.E0,-9.01E0));
#2447=DIRECTION('',(0.E0,0.E0,-1.E0));
#2448=DIRECTION('',(1.E0,0.E0,0.E0));
#2449=AXIS2_PLACEMENT_3D('',#2446,#2447,#2448);
#2450=PLANE('',#2449);
#2452=ORIENTED_EDGE('',*,*,#2451,.F.);
#2454=ORIENTED_EDGE('',*,*,#2453,.F.);
#2456=ORIENTED_EDGE('',*,*,#2455,.F.);
#2457=ORIENTED_EDGE('',*,*,#2431,.F.);
#2458=EDGE_LOOP('',(#2452,#2454,#2456,#2457));
#2459=FACE_OUTER_BOUND('',#2458,.F.);
#2461=FILL_AREA_STYLE_COLOUR('',#8);
#2462=FILL_AREA_STYLE('',(#2461));
#2463=SURFACE_STYLE_FILL_AREA(#2462);
#2464=SURFACE_SIDE_STYLE('',(#2463));
#2465=SURFACE_STYLE_USAGE(.POSITIVE.,#2464);
#2466=PRESENTATION_STYLE_ASSIGNMENT((#2465));
#2467=STYLED_ITEM('',(#2466),#2460);
#2468=CARTESIAN_POINT('',(1.583147154059E0,5.E-1,-9.51E0));
#2469=DIRECTION('',(-1.E0,0.E0,0.E0));
#2470=DIRECTION('',(0.E0,-1.E0,0.E0));
#2471=AXIS2_PLACEMENT_3D('',#2468,#2469,#2470);
#2472=CYLINDRICAL_SURFACE('',#2471,5.E-1);
#2473=ORIENTED_EDGE('',*,*,#2192,.T.);
#2475=ORIENTED_EDGE('',*,*,#2474,.F.);
#2476=ORIENTED_EDGE('',*,*,#2451,.T.);
#2477=ORIENTED_EDGE('',*,*,#2413,.F.);
#2478=EDGE_LOOP('',(#2473,#2475,#2476,#2477));
#2479=FACE_OUTER_BOUND('',#2478,.F.);
#2481=FILL_AREA_STYLE_COLOUR('',#8);
#2482=FILL_AREA_STYLE('',(#2481));
#2483=SURFACE_STYLE_FILL_AREA(#2482);
#2484=SURFACE_SIDE_STYLE('',(#2483));
#2485=SURFACE_STYLE_USAGE(.POSITIVE.,#2484);
#2486=PRESENTATION_STYLE_ASSIGNMENT((#2485));
#2487=STYLED_ITEM('',(#2486),#2480);
#2488=CARTESIAN_POINT('',(-1.5E0,5.E-1,-9.51E0));
#2489=DIRECTION('',(-1.E0,0.E0,0.E0));
#2490=DIRECTION('',(0.E0,0.E0,-1.E0));
#2491=AXIS2_PLACEMENT_3D('',#2488,#2489,#2490);
#2492=SPHERICAL_SURFACE('',#2491,5.E-1);
#2494=ORIENTED_EDGE('',*,*,#2493,.T.);
#2495=ORIENTED_EDGE('',*,*,#2474,.T.);
#2496=ORIENTED_EDGE('',*,*,#2218,.T.);
#2497=EDGE_LOOP('',(#2494,#2495,#2496));
#2498=FACE_OUTER_BOUND('',#2497,.F.);
#2500=FILL_AREA_STYLE_COLOUR('',#8);
#2501=FILL_AREA_STYLE('',(#2500));
#2502=SURFACE_STYLE_FILL_AREA(#2501);
#2503=SURFACE_SIDE_STYLE('',(#2502));
#2504=SURFACE_STYLE_USAGE(.POSITIVE.,#2503);
#2505=PRESENTATION_STYLE_ASSIGNMENT((#2504));
#2506=STYLED_ITEM('',(#2505),#2499);
#2507=CARTESIAN_POINT('',(-1.5E0,3.962273387422E1,-9.51E0));
#2508=DIRECTION('',(0.E0,-1.E0,0.E0));
#2509=DIRECTION('',(0.E0,0.E0,1.E0));
#2510=AXIS2_PLACEMENT_3D('',#2507,#2508,#2509);
#2511=CYLINDRICAL_SURFACE('',#2510,5.E-1);
#2512=ORIENTED_EDGE('',*,*,#2493,.F.);
#2514=ORIENTED_EDGE('',*,*,#2513,.T.);
#2516=ORIENTED_EDGE('',*,*,#2515,.F.);
#2517=ORIENTED_EDGE('',*,*,#2453,.T.);
#2518=EDGE_LOOP('',(#2512,#2514,#2516,#2517));
#2519=FACE_OUTER_BOUND('',#2518,.F.);
#2521=FILL_AREA_STYLE_COLOUR('',#8);
#2522=FILL_AREA_STYLE('',(#2521));
#2523=SURFACE_STYLE_FILL_AREA(#2522);
#2524=SURFACE_SIDE_STYLE('',(#2523));
#2525=SURFACE_STYLE_USAGE(.POSITIVE.,#2524);
#2526=PRESENTATION_STYLE_ASSIGNMENT((#2525));
#2527=STYLED_ITEM('',(#2526),#2520);
#2528=CARTESIAN_POINT('',(-2.E0,0.E0,-1.125E1));
#2529=DIRECTION('',(1.E0,0.E0,0.E0));
#2530=DIRECTION('',(0.E0,0.E0,1.E0));
#2531=AXIS2_PLACEMENT_3D('',#2528,#2529,#2530);
#2532=PLANE('',#2531);
#2533=ORIENTED_EDGE('',*,*,#2216,.F.);
#2534=ORIENTED_EDGE('',*,*,#2260,.F.);
#2536=ORIENTED_EDGE('',*,*,#2535,.F.);
#2537=ORIENTED_EDGE('',*,*,#2513,.F.);
#2538=EDGE_LOOP('',(#2533,#2534,#2536,#2537));
#2539=FACE_OUTER_BOUND('',#2538,.F.);
#2541=FILL_AREA_STYLE_COLOUR('',#8);
#2542=FILL_AREA_STYLE('',(#2541));
#2543=SURFACE_STYLE_FILL_AREA(#2542);
#2544=SURFACE_SIDE_STYLE('',(#2543));
#2545=SURFACE_STYLE_USAGE(.POSITIVE.,#2544);
#2546=PRESENTATION_STYLE_ASSIGNMENT((#2545));
#2547=STYLED_ITEM('',(#2546),#2540);
#2548=CARTESIAN_POINT('',(0.E0,2.7E0,0.E0));
#2549=DIRECTION('',(0.E0,-1.E0,0.E0));
#2550=DIRECTION('',(1.E0,0.E0,0.E0));
#2551=AXIS2_PLACEMENT_3D('',#2548,#2549,#2550);
#2552=PLANE('',#2551);
#2554=ORIENTED_EDGE('',*,*,#2553,.F.);
#2556=ORIENTED_EDGE('',*,*,#2555,.T.);
#2558=ORIENTED_EDGE('',*,*,#2557,.F.);
#2560=ORIENTED_EDGE('',*,*,#2559,.T.);
#2562=ORIENTED_EDGE('',*,*,#2561,.T.);
#2564=ORIENTED_EDGE('',*,*,#2563,.T.);
#2566=ORIENTED_EDGE('',*,*,#2565,.T.);
#2568=ORIENTED_EDGE('',*,*,#2567,.T.);
#2570=ORIENTED_EDGE('',*,*,#2569,.F.);
#2572=ORIENTED_EDGE('',*,*,#2571,.T.);
#2574=ORIENTED_EDGE('',*,*,#2573,.F.);
#2575=ORIENTED_EDGE('',*,*,#2372,.T.);
#2576=ORIENTED_EDGE('',*,*,#2433,.T.);
#2577=ORIENTED_EDGE('',*,*,#2455,.T.);
#2578=ORIENTED_EDGE('',*,*,#2515,.T.);
#2579=ORIENTED_EDGE('',*,*,#2535,.T.);
#2581=ORIENTED_EDGE('',*,*,#2580,.F.);
#2583=ORIENTED_EDGE('',*,*,#2582,.T.);
#2585=ORIENTED_EDGE('',*,*,#2584,.F.);
#2587=ORIENTED_EDGE('',*,*,#2586,.T.);
#2589=ORIENTED_EDGE('',*,*,#2588,.T.);
#2591=ORIENTED_EDGE('',*,*,#2590,.T.);
#2593=ORIENTED_EDGE('',*,*,#2592,.T.);
#2595=ORIENTED_EDGE('',*,*,#2594,.T.);
#2597=ORIENTED_EDGE('',*,*,#2596,.F.);
#2599=ORIENTED_EDGE('',*,*,#2598,.T.);
#2601=ORIENTED_EDGE('',*,*,#2600,.F.);
#2603=ORIENTED_EDGE('',*,*,#2602,.T.);
#2605=ORIENTED_EDGE('',*,*,#2604,.T.);
#2607=ORIENTED_EDGE('',*,*,#2606,.T.);
#2609=ORIENTED_EDGE('',*,*,#2608,.T.);
#2611=ORIENTED_EDGE('',*,*,#2610,.T.);
#2612=EDGE_LOOP('',(#2554,#2556,#2558,#2560,#2562,#2564,#2566,#2568,#2570,#2572,
#2574,#2575,#2576,#2577,#2578,#2579,#2581,#2583,#2585,#2587,#2589,#2591,#2593,
#2595,#2597,#2599,#2601,#2603,#2605,#2607,#2609,#2611));
#2613=FACE_OUTER_BOUND('',#2612,.F.);
#2615=ORIENTED_EDGE('',*,*,#2614,.T.);
#2617=ORIENTED_EDGE('',*,*,#2616,.T.);
#2618=EDGE_LOOP('',(#2615,#2617));
#2619=FACE_BOUND('',#2618,.F.);
#2621=ORIENTED_EDGE('',*,*,#2620,.T.);
#2623=ORIENTED_EDGE('',*,*,#2622,.T.);
#2624=EDGE_LOOP('',(#2621,#2623));
#2625=FACE_BOUND('',#2624,.F.);
#2627=ORIENTED_EDGE('',*,*,#2626,.T.);
#2629=ORIENTED_EDGE('',*,*,#2628,.T.);
#2630=EDGE_LOOP('',(#2627,#2629));
#2631=FACE_BOUND('',#2630,.F.);
#2633=ORIENTED_EDGE('',*,*,#2632,.T.);
#2635=ORIENTED_EDGE('',*,*,#2634,.T.);
#2636=EDGE_LOOP('',(#2633,#2635));
#2637=FACE_BOUND('',#2636,.F.);
#2639=FILL_AREA_STYLE_COLOUR('',#8);
#2640=FILL_AREA_STYLE('',(#2639));
#2641=SURFACE_STYLE_FILL_AREA(#2640);
#2642=SURFACE_SIDE_STYLE('',(#2641));
#2643=SURFACE_STYLE_USAGE(.POSITIVE.,#2642);
#2644=PRESENTATION_STYLE_ASSIGNMENT((#2643));
#2645=STYLED_ITEM('',(#2644),#2638);
#2646=CARTESIAN_POINT('',(1.133314715406E1,3.2E0,1.075E1));
#2647=DIRECTION('',(-1.E0,0.E0,0.E0));
#2648=DIRECTION('',(0.E0,-1.E0,0.E0));
#2649=AXIS2_PLACEMENT_3D('',#2646,#2647,#2648);
#2650=CYLINDRICAL_SURFACE('',#2649,5.E-1);
#2652=ORIENTED_EDGE('',*,*,#2651,.T.);
#2654=ORIENTED_EDGE('',*,*,#2653,.F.);
#2655=ORIENTED_EDGE('',*,*,#2553,.T.);
#2657=ORIENTED_EDGE('',*,*,#2656,.T.);
#2658=EDGE_LOOP('',(#2652,#2654,#2655,#2657));
#2659=FACE_OUTER_BOUND('',#2658,.F.);
#2661=FILL_AREA_STYLE_COLOUR('',#8);
#2662=FILL_AREA_STYLE('',(#2661));
#2663=SURFACE_STYLE_FILL_AREA(#2662);
#2664=SURFACE_SIDE_STYLE('',(#2663));
#2665=SURFACE_STYLE_USAGE(.POSITIVE.,#2664);
#2666=PRESENTATION_STYLE_ASSIGNMENT((#2665));
#2667=STYLED_ITEM('',(#2666),#2660);
#2668=CARTESIAN_POINT('',(-1.225E1,0.E0,1.125E1));
#2669=DIRECTION('',(0.E0,0.E0,1.E0));
#2670=DIRECTION('',(1.E0,0.E0,0.E0));
#2671=AXIS2_PLACEMENT_3D('',#2668,#2669,#2670);
#2672=PLANE('',#2671);
#2674=ORIENTED_EDGE('',*,*,#2673,.F.);
#2676=ORIENTED_EDGE('',*,*,#2675,.F.);
#2678=ORIENTED_EDGE('',*,*,#2677,.F.);
#2680=ORIENTED_EDGE('',*,*,#2679,.F.);
#2682=ORIENTED_EDGE('',*,*,#2681,.F.);
#2684=ORIENTED_EDGE('',*,*,#2683,.F.);
#2685=ORIENTED_EDGE('',*,*,#2651,.F.);
#2687=ORIENTED_EDGE('',*,*,#2686,.F.);
#2688=EDGE_LOOP('',(#2674,#2676,#2678,#2680,#2682,#2684,#2685,#2687));
#2689=FACE_OUTER_BOUND('',#2688,.F.);
#2691=FILL_AREA_STYLE_COLOUR('',#8);
#2692=FILL_AREA_STYLE('',(#2691));
#2693=SURFACE_STYLE_FILL_AREA(#2692);
#2694=SURFACE_SIDE_STYLE('',(#2693));
#2695=SURFACE_STYLE_USAGE(.POSITIVE.,#2694);
#2696=PRESENTATION_STYLE_ASSIGNMENT((#2695));
#2697=STYLED_ITEM('',(#2696),#2690);
#2698=CARTESIAN_POINT('',(1.133314715406E1,5.E-1,1.075E1));
#2699=DIRECTION('',(-1.E0,0.E0,0.E0));
#2700=DIRECTION('',(0.E0,-1.E0,0.E0));
#2701=AXIS2_PLACEMENT_3D('',#2698,#2699,#2700);
#2702=CYLINDRICAL_SURFACE('',#2701,5.E-1);
#2704=ORIENTED_EDGE('',*,*,#2703,.T.);
#2706=ORIENTED_EDGE('',*,*,#2705,.F.);
#2707=ORIENTED_EDGE('',*,*,#2673,.T.);
#2709=ORIENTED_EDGE('',*,*,#2708,.F.);
#2710=EDGE_LOOP('',(#2704,#2706,#2707,#2709));
#2711=FACE_OUTER_BOUND('',#2710,.F.);
#2713=FILL_AREA_STYLE_COLOUR('',#8);
#2714=FILL_AREA_STYLE('',(#2713));
#2715=SURFACE_STYLE_FILL_AREA(#2714);
#2716=SURFACE_SIDE_STYLE('',(#2715));
#2717=SURFACE_STYLE_USAGE(.POSITIVE.,#2716);
#2718=PRESENTATION_STYLE_ASSIGNMENT((#2717));
#2719=STYLED_ITEM('',(#2718),#2712);
#2720=CARTESIAN_POINT('',(0.E0,0.E0,0.E0));
#2721=DIRECTION('',(0.E0,1.E0,0.E0));
#2722=DIRECTION('',(1.E0,0.E0,0.E0));
#2723=AXIS2_PLACEMENT_3D('',#2720,#2721,#2722);
#2724=PLANE('',#2723);
#2726=ORIENTED_EDGE('',*,*,#2725,.F.);
#2727=ORIENTED_EDGE('',*,*,#2703,.F.);
#2729=ORIENTED_EDGE('',*,*,#2728,.F.);
#2731=ORIENTED_EDGE('',*,*,#2730,.F.);
#2732=EDGE_LOOP('',(#2726,#2727,#2729,#2731));
#2733=FACE_OUTER_BOUND('',#2732,.F.);
#2735=FILL_AREA_STYLE_COLOUR('',#8);
#2736=FILL_AREA_STYLE('',(#2735));
#2737=SURFACE_STYLE_FILL_AREA(#2736);
#2738=SURFACE_SIDE_STYLE('',(#2737));
#2739=SURFACE_STYLE_USAGE(.POSITIVE.,#2738);
#2740=PRESENTATION_STYLE_ASSIGNMENT((#2739));
#2741=STYLED_ITEM('',(#2740),#2734);
#2742=CARTESIAN_POINT('',(-1.5E0,5.E-1,1.083314715406E1));
#2743=DIRECTION('',(0.E0,0.E0,-1.E0));
#2744=DIRECTION('',(0.E0,-1.E0,0.E0));
#2745=AXIS2_PLACEMENT_3D('',#2742,#2743,#2744);
#2746=CYLINDRICAL_SURFACE('',#2745,5.E-1);
#2747=ORIENTED_EDGE('',*,*,#2725,.T.);
#2749=ORIENTED_EDGE('',*,*,#2748,.F.);
#2751=ORIENTED_EDGE('',*,*,#2750,.T.);
#2753=ORIENTED_EDGE('',*,*,#2752,.F.);
#2754=EDGE_LOOP('',(#2747,#2749,#2751,#2753));
#2755=FACE_OUTER_BOUND('',#2754,.F.);
#2757=FILL_AREA_STYLE_COLOUR('',#8);
#2758=FILL_AREA_STYLE('',(#2757));
#2759=SURFACE_STYLE_FILL_AREA(#2758);
#2760=SURFACE_SIDE_STYLE('',(#2759));
#2761=SURFACE_STYLE_USAGE(.POSITIVE.,#2760);
#2762=PRESENTATION_STYLE_ASSIGNMENT((#2761));
#2763=STYLED_ITEM('',(#2762),#2756);
#2764=CARTESIAN_POINT('',(-1.5E0,5.E-1,9.51E0));
#2765=DIRECTION('',(0.E0,0.E0,-1.E0));
#2766=DIRECTION('',(1.E0,0.E0,0.E0));
#2767=AXIS2_PLACEMENT_3D('',#2764,#2765,#2766);
#2768=SPHERICAL_SURFACE('',#2767,5.E-1);
#2770=ORIENTED_EDGE('',*,*,#2769,.T.);
#2771=ORIENTED_EDGE('',*,*,#2748,.T.);
#2773=ORIENTED_EDGE('',*,*,#2772,.T.);
#2774=EDGE_LOOP('',(#2770,#2771,#2773));
#2775=FACE_OUTER_BOUND('',#2774,.F.);
#2777=FILL_AREA_STYLE_COLOUR('',#8);
#2778=FILL_AREA_STYLE('',(#2777));
#2779=SURFACE_STYLE_FILL_AREA(#2778);
#2780=SURFACE_SIDE_STYLE('',(#2779));
#2781=SURFACE_STYLE_USAGE(.POSITIVE.,#2780);
#2782=PRESENTATION_STYLE_ASSIGNMENT((#2781));
#2783=STYLED_ITEM('',(#2782),#2776);
#2784=CARTESIAN_POINT('',(-1.5E0,3.962273387422E1,9.51E0));
#2785=DIRECTION('',(0.E0,-1.E0,0.E0));
#2786=DIRECTION('',(-1.E0,0.E0,0.E0));
#2787=AXIS2_PLACEMENT_3D('',#2784,#2785,#2786);
#2788=CYLINDRICAL_SURFACE('',#2787,5.E-1);
#2789=ORIENTED_EDGE('',*,*,#2769,.F.);
#2791=ORIENTED_EDGE('',*,*,#2790,.T.);
#2792=ORIENTED_EDGE('',*,*,#2604,.F.);
#2794=ORIENTED_EDGE('',*,*,#2793,.T.);
#2795=EDGE_LOOP('',(#2789,#2791,#2792,#2794));
#2796=FACE_OUTER_BOUND('',#2795,.F.);
#2798=FILL_AREA_STYLE_COLOUR('',#8);
#2799=FILL_AREA_STYLE('',(#2798));
#2800=SURFACE_STYLE_FILL_AREA(#2799);
#2801=SURFACE_SIDE_STYLE('',(#2800));
#2802=SURFACE_STYLE_USAGE(.POSITIVE.,#2801);
#2803=PRESENTATION_STYLE_ASSIGNMENT((#2802));
#2804=STYLED_ITEM('',(#2803),#2797);
#2805=CARTESIAN_POINT('',(2.E0,0.E0,9.01E0));
#2806=DIRECTION('',(0.E0,0.E0,1.E0));
#2807=DIRECTION('',(-1.E0,0.E0,0.E0));
#2808=AXIS2_PLACEMENT_3D('',#2805,#2806,#2807);
#2809=PLANE('',#2808);
#2811=ORIENTED_EDGE('',*,*,#2810,.F.);
#2813=ORIENTED_EDGE('',*,*,#2812,.F.);
#2814=ORIENTED_EDGE('',*,*,#2606,.F.);
#2815=ORIENTED_EDGE('',*,*,#2790,.F.);
#2816=EDGE_LOOP('',(#2811,#2813,#2814,#2815));
#2817=FACE_OUTER_BOUND('',#2816,.F.);
#2819=FILL_AREA_STYLE_COLOUR('',#8);
#2820=FILL_AREA_STYLE('',(#2819));
#2821=SURFACE_STYLE_FILL_AREA(#2820);
#2822=SURFACE_SIDE_STYLE('',(#2821));
#2823=SURFACE_STYLE_USAGE(.POSITIVE.,#2822);
#2824=PRESENTATION_STYLE_ASSIGNMENT((#2823));
#2825=STYLED_ITEM('',(#2824),#2818);
#2826=CARTESIAN_POINT('',(-1.583147154059E0,5.E-1,9.51E0));
#2827=DIRECTION('',(1.E0,0.E0,0.E0));
#2828=DIRECTION('',(0.E0,-1.E0,0.E0));
#2829=AXIS2_PLACEMENT_3D('',#2826,#2827,#2828);
#2830=CYLINDRICAL_SURFACE('',#2829,5.E-1);
#2831=ORIENTED_EDGE('',*,*,#2730,.T.);
#2833=ORIENTED_EDGE('',*,*,#2832,.F.);
#2834=ORIENTED_EDGE('',*,*,#2810,.T.);
#2835=ORIENTED_EDGE('',*,*,#2772,.F.);
#2836=EDGE_LOOP('',(#2831,#2833,#2834,#2835));
#2837=FACE_OUTER_BOUND('',#2836,.F.);
#2839=FILL_AREA_STYLE_COLOUR('',#8);
#2840=FILL_AREA_STYLE('',(#2839));
#2841=SURFACE_STYLE_FILL_AREA(#2840);
#2842=SURFACE_SIDE_STYLE('',(#2841));
#2843=SURFACE_STYLE_USAGE(.POSITIVE.,#2842);
#2844=PRESENTATION_STYLE_ASSIGNMENT((#2843));
#2845=STYLED_ITEM('',(#2844),#2838);
#2846=CARTESIAN_POINT('',(1.5E0,5.E-1,9.51E0));
#2847=DIRECTION('',(1.E0,0.E0,0.E0));
#2848=DIRECTION('',(0.E0,0.E0,1.E0));
#2849=AXIS2_PLACEMENT_3D('',#2846,#2847,#2848);
#2850=SPHERICAL_SURFACE('',#2849,5.E-1);
#2852=ORIENTED_EDGE('',*,*,#2851,.T.);
#2853=ORIENTED_EDGE('',*,*,#2832,.T.);
#2855=ORIENTED_EDGE('',*,*,#2854,.T.);
#2856=EDGE_LOOP('',(#2852,#2853,#2855));
#2857=FACE_OUTER_BOUND('',#2856,.F.);
#2859=FILL_AREA_STYLE_COLOUR('',#8);
#2860=FILL_AREA_STYLE('',(#2859));
#2861=SURFACE_STYLE_FILL_AREA(#2860);
#2862=SURFACE_SIDE_STYLE('',(#2861));
#2863=SURFACE_STYLE_USAGE(.POSITIVE.,#2862);
#2864=PRESENTATION_STYLE_ASSIGNMENT((#2863));
#2865=STYLED_ITEM('',(#2864),#2858);
#2866=CARTESIAN_POINT('',(1.5E0,3.962273387422E1,9.51E0));
#2867=DIRECTION('',(0.E0,-1.E0,0.E0));
#2868=DIRECTION('',(0.E0,0.E0,-1.E0));
#2869=AXIS2_PLACEMENT_3D('',#2866,#2867,#2868);
#2870=CYLINDRICAL_SURFACE('',#2869,5.E-1);
#2871=ORIENTED_EDGE('',*,*,#2851,.F.);
#2873=ORIENTED_EDGE('',*,*,#2872,.T.);
#2874=ORIENTED_EDGE('',*,*,#2608,.F.);
#2875=ORIENTED_EDGE('',*,*,#2812,.T.);
#2876=EDGE_LOOP('',(#2871,#2873,#2874,#2875));
#2877=FACE_OUTER_BOUND('',#2876,.F.);
#2879=FILL_AREA_STYLE_COLOUR('',#8);
#2880=FILL_AREA_STYLE('',(#2879));
#2881=SURFACE_STYLE_FILL_AREA(#2880);
#2882=SURFACE_SIDE_STYLE('',(#2881));
#2883=SURFACE_STYLE_USAGE(.POSITIVE.,#2882);
#2884=PRESENTATION_STYLE_ASSIGNMENT((#2883));
#2885=STYLED_ITEM('',(#2884),#2878);
#2886=CARTESIAN_POINT('',(2.E0,0.E0,1.125E1));
#2887=DIRECTION('',(-1.E0,0.E0,0.E0));
#2888=DIRECTION('',(0.E0,0.E0,-1.E0));
#2889=AXIS2_PLACEMENT_3D('',#2886,#2887,#2888);
#2890=PLANE('',#2889);
#2892=ORIENTED_EDGE('',*,*,#2891,.F.);
#2894=ORIENTED_EDGE('',*,*,#2893,.F.);
#2895=ORIENTED_EDGE('',*,*,#2610,.F.);
#2896=ORIENTED_EDGE('',*,*,#2872,.F.);
#2897=EDGE_LOOP('',(#2892,#2894,#2895,#2896));
#2898=FACE_OUTER_BOUND('',#2897,.F.);
#2900=FILL_AREA_STYLE_COLOUR('',#8);
#2901=FILL_AREA_STYLE('',(#2900));
#2902=SURFACE_STYLE_FILL_AREA(#2901);
#2903=SURFACE_SIDE_STYLE('',(#2902));
#2904=SURFACE_STYLE_USAGE(.POSITIVE.,#2903);
#2905=PRESENTATION_STYLE_ASSIGNMENT((#2904));
#2906=STYLED_ITEM('',(#2905),#2899);
#2907=CARTESIAN_POINT('',(1.5E0,5.E-1,9.426852845941E0));
#2908=DIRECTION('',(0.E0,0.E0,1.E0));
#2909=DIRECTION('',(0.E0,-1.E0,0.E0));
#2910=AXIS2_PLACEMENT_3D('',#2907,#2908,#2909);
#2911=CYLINDRICAL_SURFACE('',#2910,5.E-1);
#2912=ORIENTED_EDGE('',*,*,#2728,.T.);
#2914=ORIENTED_EDGE('',*,*,#2913,.F.);
#2915=ORIENTED_EDGE('',*,*,#2891,.T.);
#2916=ORIENTED_EDGE('',*,*,#2854,.F.);
#2917=EDGE_LOOP('',(#2912,#2914,#2915,#2916));
#2918=FACE_OUTER_BOUND('',#2917,.F.);
#2920=FILL_AREA_STYLE_COLOUR('',#8);
#2921=FILL_AREA_STYLE('',(#2920));
#2922=SURFACE_STYLE_FILL_AREA(#2921);
#2923=SURFACE_SIDE_STYLE('',(#2922));
#2924=SURFACE_STYLE_USAGE(.POSITIVE.,#2923);
#2925=PRESENTATION_STYLE_ASSIGNMENT((#2924));
#2926=STYLED_ITEM('',(#2925),#2919);
#2927=CARTESIAN_POINT('',(1.5E0,5.E-1,1.075E1));
#2928=DIRECTION('',(1.E0,0.E0,2.599984116891E-10));
#2929=DIRECTION('',(-2.599984116891E-10,0.E0,1.E0));
#2930=AXIS2_PLACEMENT_3D('',#2927,#2928,#2929);
#2931=SPHERICAL_SURFACE('',#2930,5.E-1);
#2933=ORIENTED_EDGE('',*,*,#2932,.T.);
#2934=ORIENTED_EDGE('',*,*,#2913,.T.);
#2935=ORIENTED_EDGE('',*,*,#2708,.T.);
#2936=EDGE_LOOP('',(#2933,#2934,#2935));
#2937=FACE_OUTER_BOUND('',#2936,.F.);
#2939=FILL_AREA_STYLE_COLOUR('',#8);
#2940=FILL_AREA_STYLE('',(#2939));
#2941=SURFACE_STYLE_FILL_AREA(#2940);
#2942=SURFACE_SIDE_STYLE('',(#2941));
#2943=SURFACE_STYLE_USAGE(.POSITIVE.,#2942);
#2944=PRESENTATION_STYLE_ASSIGNMENT((#2943));
#2945=STYLED_ITEM('',(#2944),#2938);
#2946=CARTESIAN_POINT('',(1.5E0,-2.712007114014E1,1.075E1));
#2947=DIRECTION('',(0.E0,1.E0,0.E0));
#2948=DIRECTION('',(0.E0,0.E0,1.E0));
#2949=AXIS2_PLACEMENT_3D('',#2946,#2947,#2948);
#2950=CYLINDRICAL_SURFACE('',#2949,5.E-1);
#2951=ORIENTED_EDGE('',*,*,#2932,.F.);
#2952=ORIENTED_EDGE('',*,*,#2686,.T.);
#2953=ORIENTED_EDGE('',*,*,#2656,.F.);
#2954=ORIENTED_EDGE('',*,*,#2893,.T.);
#2955=EDGE_LOOP('',(#2951,#2952,#2953,#2954));
#2956=FACE_OUTER_BOUND('',#2955,.F.);
#2958=FILL_AREA_STYLE_COLOUR('',#8);
#2959=FILL_AREA_STYLE('',(#2958));
#2960=SURFACE_STYLE_FILL_AREA(#2959);
#2961=SURFACE_SIDE_STYLE('',(#2960));
#2962=SURFACE_STYLE_USAGE(.POSITIVE.,#2961);
#2963=PRESENTATION_STYLE_ASSIGNMENT((#2962));
#2964=STYLED_ITEM('',(#2963),#2957);
#2965=CARTESIAN_POINT('',(-2.E0,0.E0,9.01E0));
#2966=DIRECTION('',(1.E0,0.E0,0.E0));
#2967=DIRECTION('',(0.E0,0.E0,1.E0));
#2968=AXIS2_PLACEMENT_3D('',#2965,#2966,#2967);
#2969=PLANE('',#2968);
#2970=ORIENTED_EDGE('',*,*,#2750,.F.);
#2971=ORIENTED_EDGE('',*,*,#2793,.F.);
#2972=ORIENTED_EDGE('',*,*,#2602,.F.);
#2974=ORIENTED_EDGE('',*,*,#2973,.F.);
#2975=EDGE_LOOP('',(#2970,#2971,#2972,#2974));
#2976=FACE_OUTER_BOUND('',#2975,.F.);
#2978=FILL_AREA_STYLE_COLOUR('',#8);
#2979=FILL_AREA_STYLE('',(#2978));
#2980=SURFACE_STYLE_FILL_AREA(#2979);
#2981=SURFACE_SIDE_STYLE('',(#2980));
#2982=SURFACE_STYLE_USAGE(.POSITIVE.,#2981);
#2983=PRESENTATION_STYLE_ASSIGNMENT((#2982));
#2984=STYLED_ITEM('',(#2983),#2977);
#2985=CARTESIAN_POINT('',(-1.5E0,3.962273387422E1,1.075E1));
#2986=DIRECTION('',(0.E0,-1.E0,0.E0));
#2987=DIRECTION('',(0.E0,0.E0,1.E0));
#2988=AXIS2_PLACEMENT_3D('',#2985,#2986,#2987);
#2989=CYLINDRICAL_SURFACE('',#2988,5.E-1);
#2991=ORIENTED_EDGE('',*,*,#2990,.F.);
#2992=ORIENTED_EDGE('',*,*,#2973,.T.);
#2994=ORIENTED_EDGE('',*,*,#2993,.T.);
#2995=ORIENTED_EDGE('',*,*,#2675,.T.);
#2996=EDGE_LOOP('',(#2991,#2992,#2994,#2995));
#2997=FACE_OUTER_BOUND('',#2996,.F.);
#2999=FILL_AREA_STYLE_COLOUR('',#8);
#3000=FILL_AREA_STYLE('',(#2999));
#3001=SURFACE_STYLE_FILL_AREA(#3000);
#3002=SURFACE_SIDE_STYLE('',(#3001));
#3003=SURFACE_STYLE_USAGE(.POSITIVE.,#3002);
#3004=PRESENTATION_STYLE_ASSIGNMENT((#3003));
#3005=STYLED_ITEM('',(#3004),#2998);
#3006=CARTESIAN_POINT('',(-1.5E0,5.E-1,1.075E1));
#3007=DIRECTION('',(-1.E0,0.E0,0.E0));
#3008=DIRECTION('',(0.E0,0.E0,-1.E0));
#3009=AXIS2_PLACEMENT_3D('',#3006,#3007,#3008);
#3010=SPHERICAL_SURFACE('',#3009,5.E-1);
#3011=ORIENTED_EDGE('',*,*,#2990,.T.);
#3012=ORIENTED_EDGE('',*,*,#2705,.T.);
#3013=ORIENTED_EDGE('',*,*,#2752,.T.);
#3014=EDGE_LOOP('',(#3011,#3012,#3013));
#3015=FACE_OUTER_BOUND('',#3014,.F.);
#3017=FILL_AREA_STYLE_COLOUR('',#8);
#3018=FILL_AREA_STYLE('',(#3017));
#3019=SURFACE_STYLE_FILL_AREA(#3018);
#3020=SURFACE_SIDE_STYLE('',(#3019));
#3021=SURFACE_STYLE_USAGE(.POSITIVE.,#3020);
#3022=PRESENTATION_STYLE_ASSIGNMENT((#3021));
#3023=STYLED_ITEM('',(#3022),#3016);
#3024=CARTESIAN_POINT('',(4.418821417948E1,3.2E0,1.075E1));
#3025=DIRECTION('',(-1.E0,0.E0,0.E0));
#3026=DIRECTION('',(0.E0,-1.E0,0.E0));
#3027=AXIS2_PLACEMENT_3D('',#3024,#3025,#3026);
#3028=CYLINDRICAL_SURFACE('',#3027,5.E-1);
#3029=ORIENTED_EDGE('',*,*,#2600,.T.);
#3031=ORIENTED_EDGE('',*,*,#3030,.F.);
#3032=ORIENTED_EDGE('',*,*,#2677,.T.);
#3033=ORIENTED_EDGE('',*,*,#2993,.F.);
#3034=EDGE_LOOP('',(#3029,#3031,#3032,#3033));
#3035=FACE_OUTER_BOUND('',#3034,.F.);
#3037=FILL_AREA_STYLE_COLOUR('',#8);
#3038=FILL_AREA_STYLE('',(#3037));
#3039=SURFACE_STYLE_FILL_AREA(#3038);
#3040=SURFACE_SIDE_STYLE('',(#3039));
#3041=SURFACE_STYLE_USAGE(.POSITIVE.,#3040);
#3042=PRESENTATION_STYLE_ASSIGNMENT((#3041));
#3043=STYLED_ITEM('',(#3042),#3036);
#3044=CARTESIAN_POINT('',(-1.115838101258E1,3.245906441744E0,1.124367333586E1));
#3045=CARTESIAN_POINT('',(-1.115553571515E1,2.909795854326E0,1.127453261807E1));
#3046=CARTESIAN_POINT('',(-1.117744907883E1,2.671121685229E0,1.103686654247E1));
#3047=CARTESIAN_POINT('',(-1.120830836104E1,2.702111861346E0,1.070217559297E1));
#3048=CARTESIAN_POINT('',(-1.182918254949E1,3.245906441748E0,1.130552279418E1));
#3049=CARTESIAN_POINT('',(-1.184716950466E1,2.909795854331E0,1.133830285842E1));
#3050=CARTESIAN_POINT('',(-1.170864103799E1,2.671121685232E0,1.108584367376E1));
#3051=CARTESIAN_POINT('',(-1.151355966625E1,2.702111861348E0,1.073032047166E1));
#3052=CARTESIAN_POINT('',(-1.230552279418E1,3.245906441755E0,1.082918254949E1));
#3053=CARTESIAN_POINT('',(-1.233830285842E1,2.909795854338E0,1.084716950466E1));
#3054=CARTESIAN_POINT('',(-1.208584367376E1,2.671121685238E0,1.070864103799E1));
#3055=CARTESIAN_POINT('',(-1.173032047167E1,2.702111861351E0,1.051355966624E1));
#3056=CARTESIAN_POINT('',(-1.224367333586E1,3.245906441760E0,1.015838101258E1));
#3057=CARTESIAN_POINT('',(-1.227453261807E1,2.909795854343E0,1.015553571515E1));
#3058=CARTESIAN_POINT('',(-1.203686654248E1,2.671121685242E0,1.017744907883E1));
#3059=CARTESIAN_POINT('',(-1.170217559298E1,2.702111861353E0,1.020830836103E1));
#3060=(BOUNDED_SURFACE()B_SPLINE_SURFACE(3,3,((#3044,#3045,#3046,#3047),(#3048,
#3049,#3050,#3051),(#3052,#3053,#3054,#3055),(#3056,#3057,#3058,#3059)),
.UNSPECIFIED.,.F.,.F.,.F.)B_SPLINE_SURFACE_WITH_KNOTS((4,4),(4,4),(0.E0,1.E0),(
0.E0,1.E0),.UNSPECIFIED.)GEOMETRIC_REPRESENTATION_ITEM()RATIONAL_B_SPLINE_SURFACE(((1.488664452839E0,1.130589685716E0,1.130589685716E0,1.488664452839E0),(
1.130589685717E0,8.586441592069E-1,8.586441592069E-1,1.130589685717E0),(
1.130589685717E0,8.586441592069E-1,8.586441592069E-1,1.130589685717E0),(
1.488664452839E0,1.130589685716E0,1.130589685716E0,1.488664452839E0)))REPRESENTATION_ITEM('')SURFACE());
#3061=ORIENTED_EDGE('',*,*,#2598,.F.);
#3063=ORIENTED_EDGE('',*,*,#3062,.T.);
#3065=ORIENTED_EDGE('',*,*,#3064,.T.);
#3066=ORIENTED_EDGE('',*,*,#3030,.T.);
#3067=EDGE_LOOP('',(#3061,#3063,#3065,#3066));
#3068=FACE_OUTER_BOUND('',#3067,.F.);
#3070=FILL_AREA_STYLE_COLOUR('',#8);
#3071=FILL_AREA_STYLE('',(#3070));
#3072=SURFACE_STYLE_FILL_AREA(#3071);
#3073=SURFACE_SIDE_STYLE('',(#3072));
#3074=SURFACE_STYLE_USAGE(.POSITIVE.,#3073);
#3075=PRESENTATION_STYLE_ASSIGNMENT((#3074));
#3076=STYLED_ITEM('',(#3075),#3069);
#3077=CARTESIAN_POINT('',(-1.175E1,3.2E0,1.033314715406E1));
#3078=DIRECTION('',(0.E0,0.E0,-1.E0));
#3079=DIRECTION('',(0.E0,-1.E0,0.E0));
#3080=AXIS2_PLACEMENT_3D('',#3077,#3078,#3079);
#3081=CYLINDRICAL_SURFACE('',#3080,5.E-1);
#3083=ORIENTED_EDGE('',*,*,#3082,.T.);
#3084=ORIENTED_EDGE('',*,*,#3062,.F.);
#3085=ORIENTED_EDGE('',*,*,#2596,.T.);
#3087=ORIENTED_EDGE('',*,*,#3086,.T.);
#3088=EDGE_LOOP('',(#3083,#3084,#3085,#3087));
#3089=FACE_OUTER_BOUND('',#3088,.F.);
#3091=FILL_AREA_STYLE_COLOUR('',#8);
#3092=FILL_AREA_STYLE('',(#3091));
#3093=SURFACE_STYLE_FILL_AREA(#3092);
#3094=SURFACE_SIDE_STYLE('',(#3093));
#3095=SURFACE_STYLE_USAGE(.POSITIVE.,#3094);
#3096=PRESENTATION_STYLE_ASSIGNMENT((#3095));
#3097=STYLED_ITEM('',(#3096),#3090);
#3098=CARTESIAN_POINT('',(-1.225E1,0.E0,-1.125E1));
#3099=DIRECTION('',(-1.E0,0.E0,0.E0));
#3100=DIRECTION('',(0.E0,0.E0,1.E0));
#3101=AXIS2_PLACEMENT_3D('',#3098,#3099,#3100);
#3102=PLANE('',#3101);
#3104=ORIENTED_EDGE('',*,*,#3103,.F.);
#3106=ORIENTED_EDGE('',*,*,#3105,.F.);
#3108=ORIENTED_EDGE('',*,*,#3107,.F.);
#3110=ORIENTED_EDGE('',*,*,#3109,.F.);
#3112=ORIENTED_EDGE('',*,*,#3111,.F.);
#3114=ORIENTED_EDGE('',*,*,#3113,.F.);
#3115=ORIENTED_EDGE('',*,*,#3082,.F.);
#3117=ORIENTED_EDGE('',*,*,#3116,.F.);
#3118=EDGE_LOOP('',(#3104,#3106,#3108,#3110,#3112,#3114,#3115,#3117));
#3119=FACE_OUTER_BOUND('',#3118,.F.);
#3121=FILL_AREA_STYLE_COLOUR('',#8);
#3122=FILL_AREA_STYLE('',(#3121));
#3123=SURFACE_STYLE_FILL_AREA(#3122);
#3124=SURFACE_SIDE_STYLE('',(#3123));
#3125=SURFACE_STYLE_USAGE(.POSITIVE.,#3124);
#3126=PRESENTATION_STYLE_ASSIGNMENT((#3125));
#3127=STYLED_ITEM('',(#3126),#3120);
#3128=CARTESIAN_POINT('',(-1.175E1,5.E-1,1.033314715406E1));
#3129=DIRECTION('',(0.E0,0.E0,-1.E0));
#3130=DIRECTION('',(0.E0,-1.E0,0.E0));
#3131=AXIS2_PLACEMENT_3D('',#3128,#3129,#3130);
#3132=CYLINDRICAL_SURFACE('',#3131,5.E-1);
#3134=ORIENTED_EDGE('',*,*,#3133,.T.);
#3136=ORIENTED_EDGE('',*,*,#3135,.F.);
#3137=ORIENTED_EDGE('',*,*,#3103,.T.);
#3139=ORIENTED_EDGE('',*,*,#3138,.F.);
#3140=EDGE_LOOP('',(#3134,#3136,#3137,#3139));
#3141=FACE_OUTER_BOUND('',#3140,.F.);
#3143=FILL_AREA_STYLE_COLOUR('',#8);
#3144=FILL_AREA_STYLE('',(#3143));
#3145=SURFACE_STYLE_FILL_AREA(#3144);
#3146=SURFACE_SIDE_STYLE('',(#3145));
#3147=SURFACE_STYLE_USAGE(.POSITIVE.,#3146);
#3148=PRESENTATION_STYLE_ASSIGNMENT((#3147));
#3149=STYLED_ITEM('',(#3148),#3142);
#3150=CARTESIAN_POINT('',(0.E0,0.E0,0.E0));
#3151=DIRECTION('',(0.E0,1.E0,0.E0));
#3152=DIRECTION('',(1.E0,0.E0,0.E0));
#3153=AXIS2_PLACEMENT_3D('',#3150,#3151,#3152);
#3154=PLANE('',#3153);
#3155=ORIENTED_EDGE('',*,*,#3133,.F.);
#3157=ORIENTED_EDGE('',*,*,#3156,.F.);
#3159=ORIENTED_EDGE('',*,*,#3158,.F.);
#3161=ORIENTED_EDGE('',*,*,#3160,.F.);
#3162=EDGE_LOOP('',(#3155,#3157,#3159,#3161));
#3163=FACE_OUTER_BOUND('',#3162,.F.);
#3165=FILL_AREA_STYLE_COLOUR('',#8);
#3166=FILL_AREA_STYLE('',(#3165));
#3167=SURFACE_STYLE_FILL_AREA(#3166);
#3168=SURFACE_SIDE_STYLE('',(#3167));
#3169=SURFACE_STYLE_USAGE(.POSITIVE.,#3168);
#3170=PRESENTATION_STYLE_ASSIGNMENT((#3169));
#3171=STYLED_ITEM('',(#3170),#3164);
#3172=CARTESIAN_POINT('',(-8.906852845941E0,5.E-1,1.E0));
#3173=DIRECTION('',(-1.E0,0.E0,0.E0));
#3174=DIRECTION('',(0.E0,-1.E0,0.E0));
#3175=AXIS2_PLACEMENT_3D('',#3172,#3173,#3174);
#3176=CYLINDRICAL_SURFACE('',#3175,5.E-1);
#3177=ORIENTED_EDGE('',*,*,#3156,.T.);
#3179=ORIENTED_EDGE('',*,*,#3178,.F.);
#3181=ORIENTED_EDGE('',*,*,#3180,.T.);
#3183=ORIENTED_EDGE('',*,*,#3182,.F.);
#3184=EDGE_LOOP('',(#3177,#3179,#3181,#3183));
#3185=FACE_OUTER_BOUND('',#3184,.F.);
#3187=FILL_AREA_STYLE_COLOUR('',#8);
#3188=FILL_AREA_STYLE('',(#3187));
#3189=SURFACE_STYLE_FILL_AREA(#3188);
#3190=SURFACE_SIDE_STYLE('',(#3189));
#3191=SURFACE_STYLE_USAGE(.POSITIVE.,#3190);
#3192=PRESENTATION_STYLE_ASSIGNMENT((#3191));
#3193=STYLED_ITEM('',(#3192),#3186);
#3194=CARTESIAN_POINT('',(-1.175E1,5.E-1,1.E0));
#3195=DIRECTION('',(0.E0,0.E0,1.E0));
#3196=DIRECTION('',(-1.E0,0.E0,0.E0));
#3197=AXIS2_PLACEMENT_3D('',#3194,#3195,#3196);
#3198=SPHERICAL_SURFACE('',#3197,5.E-1);
#3200=ORIENTED_EDGE('',*,*,#3199,.T.);
#3201=ORIENTED_EDGE('',*,*,#3178,.T.);
#3202=ORIENTED_EDGE('',*,*,#3138,.T.);
#3203=EDGE_LOOP('',(#3200,#3201,#3202));
#3204=FACE_OUTER_BOUND('',#3203,.F.);
#3206=FILL_AREA_STYLE_COLOUR('',#8);
#3207=FILL_AREA_STYLE('',(#3206));
#3208=SURFACE_STYLE_FILL_AREA(#3207);
#3209=SURFACE_SIDE_STYLE('',(#3208));
#3210=SURFACE_STYLE_USAGE(.POSITIVE.,#3209);
#3211=PRESENTATION_STYLE_ASSIGNMENT((#3210));
#3212=STYLED_ITEM('',(#3211),#3205);
#3213=CARTESIAN_POINT('',(-1.175E1,-2.712007114014E1,1.E0));
#3214=DIRECTION('',(0.E0,1.E0,0.E0));
#3215=DIRECTION('',(-1.E0,0.E0,0.E0));
#3216=AXIS2_PLACEMENT_3D('',#3213,#3214,#3215);
#3217=CYLINDRICAL_SURFACE('',#3216,5.E-1);
#3218=ORIENTED_EDGE('',*,*,#3199,.F.);
#3219=ORIENTED_EDGE('',*,*,#3116,.T.);
#3220=ORIENTED_EDGE('',*,*,#3086,.F.);
#3222=ORIENTED_EDGE('',*,*,#3221,.T.);
#3223=EDGE_LOOP('',(#3218,#3219,#3220,#3222));
#3224=FACE_OUTER_BOUND('',#3223,.F.);
#3226=FILL_AREA_STYLE_COLOUR('',#8);
#3227=FILL_AREA_STYLE('',(#3226));
#3228=SURFACE_STYLE_FILL_AREA(#3227);
#3229=SURFACE_SIDE_STYLE('',(#3228));
#3230=SURFACE_STYLE_USAGE(.POSITIVE.,#3229);
#3231=PRESENTATION_STYLE_ASSIGNMENT((#3230));
#3232=STYLED_ITEM('',(#3231),#3225);
#3233=CARTESIAN_POINT('',(-1.225E1,0.E0,1.5E0));
#3234=DIRECTION('',(0.E0,0.E0,-1.E0));
#3235=DIRECTION('',(1.E0,0.E0,0.E0));
#3236=AXIS2_PLACEMENT_3D('',#3233,#3234,#3235);
#3237=PLANE('',#3236);
#3238=ORIENTED_EDGE('',*,*,#3180,.F.);
#3239=ORIENTED_EDGE('',*,*,#3221,.F.);
#3240=ORIENTED_EDGE('',*,*,#2594,.F.);
#3242=ORIENTED_EDGE('',*,*,#3241,.F.);
#3243=EDGE_LOOP('',(#3238,#3239,#3240,#3242));
#3244=FACE_OUTER_BOUND('',#3243,.F.);
#3246=FILL_AREA_STYLE_COLOUR('',#8);
#3247=FILL_AREA_STYLE('',(#3246));
#3248=SURFACE_STYLE_FILL_AREA(#3247);
#3249=SURFACE_SIDE_STYLE('',(#3248));
#3250=SURFACE_STYLE_USAGE(.POSITIVE.,#3249);
#3251=PRESENTATION_STYLE_ASSIGNMENT((#3250));
#3252=STYLED_ITEM('',(#3251),#3245);
#3253=CARTESIAN_POINT('',(-8.99E0,3.962273387422E1,1.E0));
#3254=DIRECTION('',(0.E0,-1.E0,0.E0));
#3255=DIRECTION('',(1.E0,0.E0,0.E0));
#3256=AXIS2_PLACEMENT_3D('',#3253,#3254,#3255);
#3257=CYLINDRICAL_SURFACE('',#3256,5.E-1);
#3259=ORIENTED_EDGE('',*,*,#3258,.F.);
#3260=ORIENTED_EDGE('',*,*,#3241,.T.);
#3261=ORIENTED_EDGE('',*,*,#2592,.F.);
#3263=ORIENTED_EDGE('',*,*,#3262,.T.);
#3264=EDGE_LOOP('',(#3259,#3260,#3261,#3263));
#3265=FACE_OUTER_BOUND('',#3264,.F.);
#3267=FILL_AREA_STYLE_COLOUR('',#8);
#3268=FILL_AREA_STYLE('',(#3267));
#3269=SURFACE_STYLE_FILL_AREA(#3268);
#3270=SURFACE_SIDE_STYLE('',(#3269));
#3271=SURFACE_STYLE_USAGE(.POSITIVE.,#3270);
#3272=PRESENTATION_STYLE_ASSIGNMENT((#3271));
#3273=STYLED_ITEM('',(#3272),#3266);
#3274=CARTESIAN_POINT('',(-8.99E0,5.E-1,1.E0));
#3275=DIRECTION('',(0.E0,0.E0,1.E0));
#3276=DIRECTION('',(-1.E0,0.E0,0.E0));
#3277=AXIS2_PLACEMENT_3D('',#3274,#3275,#3276);
#3278=SPHERICAL_SURFACE('',#3277,5.E-1);
#3279=ORIENTED_EDGE('',*,*,#3258,.T.);
#3281=ORIENTED_EDGE('',*,*,#3280,.T.);
#3282=ORIENTED_EDGE('',*,*,#3182,.T.);
#3283=EDGE_LOOP('',(#3279,#3281,#3282));
#3284=FACE_OUTER_BOUND('',#3283,.F.);
#3286=FILL_AREA_STYLE_COLOUR('',#8);
#3287=FILL_AREA_STYLE('',(#3286));
#3288=SURFACE_STYLE_FILL_AREA(#3287);
#3289=SURFACE_SIDE_STYLE('',(#3288));
#3290=SURFACE_STYLE_USAGE(.POSITIVE.,#3289);
#3291=PRESENTATION_STYLE_ASSIGNMENT((#3290));
#3292=STYLED_ITEM('',(#3291),#3285);
#3293=CARTESIAN_POINT('',(-8.99E0,5.E-1,-1.083147154059E0));
#3294=DIRECTION('',(0.E0,0.E0,1.E0));
#3295=DIRECTION('',(0.E0,-1.E0,0.E0));
#3296=AXIS2_PLACEMENT_3D('',#3293,#3294,#3295);
#3297=CYLINDRICAL_SURFACE('',#3296,5.E-1);
#3298=ORIENTED_EDGE('',*,*,#3158,.T.);
#3299=ORIENTED_EDGE('',*,*,#3280,.F.);
#3301=ORIENTED_EDGE('',*,*,#3300,.T.);
#3303=ORIENTED_EDGE('',*,*,#3302,.F.);
#3304=EDGE_LOOP('',(#3298,#3299,#3301,#3303));
#3305=FACE_OUTER_BOUND('',#3304,.F.);
#3307=FILL_AREA_STYLE_COLOUR('',#8);
#3308=FILL_AREA_STYLE('',(#3307));
#3309=SURFACE_STYLE_FILL_AREA(#3308);
#3310=SURFACE_SIDE_STYLE('',(#3309));
#3311=SURFACE_STYLE_USAGE(.POSITIVE.,#3310);
#3312=PRESENTATION_STYLE_ASSIGNMENT((#3311));
#3313=STYLED_ITEM('',(#3312),#3306);
#3314=CARTESIAN_POINT('',(-8.49E0,0.E0,1.5E0));
#3315=DIRECTION('',(-1.E0,0.E0,0.E0));
#3316=DIRECTION('',(0.E0,0.E0,-1.E0));
#3317=AXIS2_PLACEMENT_3D('',#3314,#3315,#3316);
#3318=PLANE('',#3317);
#3319=ORIENTED_EDGE('',*,*,#3300,.F.);
#3320=ORIENTED_EDGE('',*,*,#3262,.F.);
#3321=ORIENTED_EDGE('',*,*,#2590,.F.);
#3323=ORIENTED_EDGE('',*,*,#3322,.F.);
#3324=EDGE_LOOP('',(#3319,#3320,#3321,#3323));
#3325=FACE_OUTER_BOUND('',#3324,.F.);
#3327=FILL_AREA_STYLE_COLOUR('',#8);
#3328=FILL_AREA_STYLE('',(#3327));
#3329=SURFACE_STYLE_FILL_AREA(#3328);
#3330=SURFACE_SIDE_STYLE('',(#3329));
#3331=SURFACE_STYLE_USAGE(.POSITIVE.,#3330);
#3332=PRESENTATION_STYLE_ASSIGNMENT((#3331));
#3333=STYLED_ITEM('',(#3332),#3326);
#3334=CARTESIAN_POINT('',(-8.99E0,3.962273387422E1,-1.E0));
#3335=DIRECTION('',(0.E0,-1.E0,0.E0));
#3336=DIRECTION('',(0.E0,0.E0,-1.E0));
#3337=AXIS2_PLACEMENT_3D('',#3334,#3335,#3336);
#3338=CYLINDRICAL_SURFACE('',#3337,5.E-1);
#3340=ORIENTED_EDGE('',*,*,#3339,.F.);
#3341=ORIENTED_EDGE('',*,*,#3322,.T.);
#3342=ORIENTED_EDGE('',*,*,#2588,.F.);
#3344=ORIENTED_EDGE('',*,*,#3343,.T.);
#3345=EDGE_LOOP('',(#3340,#3341,#3342,#3344));
#3346=FACE_OUTER_BOUND('',#3345,.F.);
#3348=FILL_AREA_STYLE_COLOUR('',#8);
#3349=FILL_AREA_STYLE('',(#3348));
#3350=SURFACE_STYLE_FILL_AREA(#3349);
#3351=SURFACE_SIDE_STYLE('',(#3350));
#3352=SURFACE_STYLE_USAGE(.POSITIVE.,#3351);
#3353=PRESENTATION_STYLE_ASSIGNMENT((#3352));
#3354=STYLED_ITEM('',(#3353),#3347);
#3355=CARTESIAN_POINT('',(-8.99E0,5.E-1,-1.E0));
#3356=DIRECTION('',(1.E0,0.E0,0.E0));
#3357=DIRECTION('',(0.E0,0.E0,1.E0));
#3358=AXIS2_PLACEMENT_3D('',#3355,#3356,#3357);
#3359=SPHERICAL_SURFACE('',#3358,5.E-1);
#3360=ORIENTED_EDGE('',*,*,#3339,.T.);
#3362=ORIENTED_EDGE('',*,*,#3361,.T.);
#3363=ORIENTED_EDGE('',*,*,#3302,.T.);
#3364=EDGE_LOOP('',(#3360,#3362,#3363));
#3365=FACE_OUTER_BOUND('',#3364,.F.);
#3367=FILL_AREA_STYLE_COLOUR('',#8);
#3368=FILL_AREA_STYLE('',(#3367));
#3369=SURFACE_STYLE_FILL_AREA(#3368);
#3370=SURFACE_SIDE_STYLE('',(#3369));
#3371=SURFACE_STYLE_USAGE(.POSITIVE.,#3370);
#3372=PRESENTATION_STYLE_ASSIGNMENT((#3371));
#3373=STYLED_ITEM('',(#3372),#3366);
#3374=CARTESIAN_POINT('',(-1.183314715406E1,5.E-1,-1.E0));
#3375=DIRECTION('',(1.E0,0.E0,0.E0));
#3376=DIRECTION('',(0.E0,-1.E0,0.E0));
#3377=AXIS2_PLACEMENT_3D('',#3374,#3375,#3376);
#3378=CYLINDRICAL_SURFACE('',#3377,5.E-1);
#3379=ORIENTED_EDGE('',*,*,#3160,.T.);
#3380=ORIENTED_EDGE('',*,*,#3361,.F.);
#3382=ORIENTED_EDGE('',*,*,#3381,.T.);
#3384=ORIENTED_EDGE('',*,*,#3383,.F.);
#3385=EDGE_LOOP('',(#3379,#3380,#3382,#3384));
#3386=FACE_OUTER_BOUND('',#3385,.F.);
#3388=FILL_AREA_STYLE_COLOUR('',#8);
#3389=FILL_AREA_STYLE('',(#3388));
#3390=SURFACE_STYLE_FILL_AREA(#3389);
#3391=SURFACE_SIDE_STYLE('',(#3390));
#3392=SURFACE_STYLE_USAGE(.POSITIVE.,#3391);
#3393=PRESENTATION_STYLE_ASSIGNMENT((#3392));
#3394=STYLED_ITEM('',(#3393),#3387);
#3395=CARTESIAN_POINT('',(-8.49E0,0.E0,-1.5E0));
#3396=DIRECTION('',(0.E0,0.E0,1.E0));
#3397=DIRECTION('',(-1.E0,0.E0,0.E0));
#3398=AXIS2_PLACEMENT_3D('',#3395,#3396,#3397);
#3399=PLANE('',#3398);
#3400=ORIENTED_EDGE('',*,*,#3381,.F.);
#3401=ORIENTED_EDGE('',*,*,#3343,.F.);
#3402=ORIENTED_EDGE('',*,*,#2586,.F.);
#3404=ORIENTED_EDGE('',*,*,#3403,.F.);
#3405=EDGE_LOOP('',(#3400,#3401,#3402,#3404));
#3406=FACE_OUTER_BOUND('',#3405,.F.);
#3408=FILL_AREA_STYLE_COLOUR('',#8);
#3409=FILL_AREA_STYLE('',(#3408));
#3410=SURFACE_STYLE_FILL_AREA(#3409);
#3411=SURFACE_SIDE_STYLE('',(#3410));
#3412=SURFACE_STYLE_USAGE(.POSITIVE.,#3411);
#3413=PRESENTATION_STYLE_ASSIGNMENT((#3412));
#3414=STYLED_ITEM('',(#3413),#3407);
#3415=CARTESIAN_POINT('',(-1.175E1,3.962273387422E1,-1.E0));
#3416=DIRECTION('',(0.E0,-1.E0,0.E0));
#3417=DIRECTION('',(-1.E0,0.E0,0.E0));
#3418=AXIS2_PLACEMENT_3D('',#3415,#3416,#3417);
#3419=CYLINDRICAL_SURFACE('',#3418,5.E-1);
#3421=ORIENTED_EDGE('',*,*,#3420,.F.);
#3422=ORIENTED_EDGE('',*,*,#3403,.T.);
#3424=ORIENTED_EDGE('',*,*,#3423,.T.);
#3425=ORIENTED_EDGE('',*,*,#3105,.T.);
#3426=EDGE_LOOP('',(#3421,#3422,#3424,#3425));
#3427=FACE_OUTER_BOUND('',#3426,.F.);
#3429=FILL_AREA_STYLE_COLOUR('',#8);
#3430=FILL_AREA_STYLE('',(#3429));
#3431=SURFACE_STYLE_FILL_AREA(#3430);
#3432=SURFACE_SIDE_STYLE('',(#3431));
#3433=SURFACE_STYLE_USAGE(.POSITIVE.,#3432);
#3434=PRESENTATION_STYLE_ASSIGNMENT((#3433));
#3435=STYLED_ITEM('',(#3434),#3428);
#3436=CARTESIAN_POINT('',(-1.175E1,5.E-1,-1.E0));
#3437=DIRECTION('',(0.E0,0.E0,-1.E0));
#3438=DIRECTION('',(1.E0,0.E0,0.E0));
#3439=AXIS2_PLACEMENT_3D('',#3436,#3437,#3438);
#3440=SPHERICAL_SURFACE('',#3439,5.E-1);
#3441=ORIENTED_EDGE('',*,*,#3420,.T.);
#3442=ORIENTED_EDGE('',*,*,#3135,.T.);
#3443=ORIENTED_EDGE('',*,*,#3383,.T.);
#3444=EDGE_LOOP('',(#3441,#3442,#3443));
#3445=FACE_OUTER_BOUND('',#3444,.F.);
#3447=FILL_AREA_STYLE_COLOUR('',#8);
#3448=FILL_AREA_STYLE('',(#3447));
#3449=SURFACE_STYLE_FILL_AREA(#3448);
#3450=SURFACE_SIDE_STYLE('',(#3449));
#3451=SURFACE_STYLE_USAGE(.POSITIVE.,#3450);
#3452=PRESENTATION_STYLE_ASSIGNMENT((#3451));
#3453=STYLED_ITEM('',(#3452),#3446);
#3454=CARTESIAN_POINT('',(-1.175E1,3.2E0,4.0581E1));
#3455=DIRECTION('',(0.E0,0.E0,-1.E0));
#3456=DIRECTION('',(0.E0,-1.E0,0.E0));
#3457=AXIS2_PLACEMENT_3D('',#3454,#3455,#3456);
#3458=CYLINDRICAL_SURFACE('',#3457,5.E-1);
#3459=ORIENTED_EDGE('',*,*,#2584,.T.);
#3461=ORIENTED_EDGE('',*,*,#3460,.F.);
#3462=ORIENTED_EDGE('',*,*,#3107,.T.);
#3463=ORIENTED_EDGE('',*,*,#3423,.F.);
#3464=EDGE_LOOP('',(#3459,#3461,#3462,#3463));
#3465=FACE_OUTER_BOUND('',#3464,.F.);
#3467=FILL_AREA_STYLE_COLOUR('',#8);
#3468=FILL_AREA_STYLE('',(#3467));
#3469=SURFACE_STYLE_FILL_AREA(#3468);
#3470=SURFACE_SIDE_STYLE('',(#3469));
#3471=SURFACE_STYLE_USAGE(.POSITIVE.,#3470);
#3472=PRESENTATION_STYLE_ASSIGNMENT((#3471));
#3473=STYLED_ITEM('',(#3472),#3466);
#3474=CARTESIAN_POINT('',(-1.224367333586E1,3.245906441744E0,
-1.015838101258E1));
#3475=CARTESIAN_POINT('',(-1.227453261807E1,2.909795854326E0,
-1.015553571515E1));
#3476=CARTESIAN_POINT('',(-1.203686654247E1,2.671121685229E0,
-1.017744907883E1));
#3477=CARTESIAN_POINT('',(-1.170217559297E1,2.702111861346E0,
-1.020830836104E1));
#3478=CARTESIAN_POINT('',(-1.230552279418E1,3.245906441748E0,
-1.082918254949E1));
#3479=CARTESIAN_POINT('',(-1.233830285842E1,2.909795854331E0,
-1.084716950466E1));
#3480=CARTESIAN_POINT('',(-1.208584367376E1,2.671121685232E0,
-1.070864103799E1));
#3481=CARTESIAN_POINT('',(-1.173032047166E1,2.702111861348E0,
-1.051355966625E1));
#3482=CARTESIAN_POINT('',(-1.182918254949E1,3.245906441755E0,
-1.130552279418E1));
#3483=CARTESIAN_POINT('',(-1.184716950466E1,2.909795854338E0,
-1.133830285842E1));
#3484=CARTESIAN_POINT('',(-1.170864103799E1,2.671121685238E0,
-1.108584367376E1));
#3485=CARTESIAN_POINT('',(-1.151355966624E1,2.702111861351E0,
-1.073032047167E1));
#3486=CARTESIAN_POINT('',(-1.115838101258E1,3.245906441760E0,
-1.124367333586E1));
#3487=CARTESIAN_POINT('',(-1.115553571515E1,2.909795854343E0,
-1.127453261807E1));
#3488=CARTESIAN_POINT('',(-1.117744907883E1,2.671121685242E0,
-1.103686654248E1));
#3489=CARTESIAN_POINT('',(-1.120830836103E1,2.702111861353E0,
-1.070217559298E1));
#3490=(BOUNDED_SURFACE()B_SPLINE_SURFACE(3,3,((#3474,#3475,#3476,#3477),(#3478,
#3479,#3480,#3481),(#3482,#3483,#3484,#3485),(#3486,#3487,#3488,#3489)),
.UNSPECIFIED.,.F.,.F.,.F.)B_SPLINE_SURFACE_WITH_KNOTS((4,4),(4,4),(0.E0,1.E0),(
0.E0,1.E0),.UNSPECIFIED.)GEOMETRIC_REPRESENTATION_ITEM()RATIONAL_B_SPLINE_SURFACE(((1.488664452839E0,1.130589685716E0,1.130589685716E0,1.488664452839E0),(
1.130589685717E0,8.586441592069E-1,8.586441592069E-1,1.130589685717E0),(
1.130589685717E0,8.586441592069E-1,8.586441592069E-1,1.130589685717E0),(
1.488664452839E0,1.130589685716E0,1.130589685716E0,1.488664452839E0)))REPRESENTATION_ITEM('')SURFACE());
#3491=ORIENTED_EDGE('',*,*,#2582,.F.);
#3493=ORIENTED_EDGE('',*,*,#3492,.T.);
#3495=ORIENTED_EDGE('',*,*,#3494,.T.);
#3496=ORIENTED_EDGE('',*,*,#3460,.T.);
#3497=EDGE_LOOP('',(#3491,#3493,#3495,#3496));
#3498=FACE_OUTER_BOUND('',#3497,.F.);
#3500=FILL_AREA_STYLE_COLOUR('',#8);
#3501=FILL_AREA_STYLE('',(#3500));
#3502=SURFACE_STYLE_FILL_AREA(#3501);
#3503=SURFACE_SIDE_STYLE('',(#3502));
#3504=SURFACE_STYLE_USAGE(.POSITIVE.,#3503);
#3505=PRESENTATION_STYLE_ASSIGNMENT((#3504));
#3506=STYLED_ITEM('',(#3505),#3499);
#3507=CARTESIAN_POINT('',(-1.133314715406E1,3.2E0,-1.075E1));
#3508=DIRECTION('',(1.E0,0.E0,0.E0));
#3509=DIRECTION('',(0.E0,-1.E0,0.E0));
#3510=AXIS2_PLACEMENT_3D('',#3507,#3508,#3509);
#3511=CYLINDRICAL_SURFACE('',#3510,5.E-1);
#3512=ORIENTED_EDGE('',*,*,#2289,.T.);
#3513=ORIENTED_EDGE('',*,*,#3492,.F.);
#3514=ORIENTED_EDGE('',*,*,#2580,.T.);
#3515=ORIENTED_EDGE('',*,*,#2258,.T.);
#3516=EDGE_LOOP('',(#3512,#3513,#3514,#3515));
#3517=FACE_OUTER_BOUND('',#3516,.F.);
#3519=FILL_AREA_STYLE_COLOUR('',#8);
#3520=FILL_AREA_STYLE('',(#3519));
#3521=SURFACE_STYLE_FILL_AREA(#3520);
#3522=SURFACE_SIDE_STYLE('',(#3521));
#3523=SURFACE_STYLE_USAGE(.POSITIVE.,#3522);
#3524=PRESENTATION_STYLE_ASSIGNMENT((#3523));
#3525=STYLED_ITEM('',(#3524),#3518);
#3526=CARTESIAN_POINT('',(-1.125E1,3.962273387422E1,-1.025E1));
#3527=DIRECTION('',(0.E0,-1.E0,0.E0));
#3528=DIRECTION('',(-1.E0,0.E0,0.E0));
#3529=AXIS2_PLACEMENT_3D('',#3526,#3527,#3528);
#3530=CYLINDRICAL_SURFACE('',#3529,1.E0);
#3532=ORIENTED_EDGE('',*,*,#3531,.F.);
#3533=ORIENTED_EDGE('',*,*,#3109,.T.);
#3534=ORIENTED_EDGE('',*,*,#3494,.F.);
#3535=ORIENTED_EDGE('',*,*,#2287,.T.);
#3536=EDGE_LOOP('',(#3532,#3533,#3534,#3535));
#3537=FACE_OUTER_BOUND('',#3536,.F.);
#3539=FILL_AREA_STYLE_COLOUR('',#8);
#3540=FILL_AREA_STYLE('',(#3539));
#3541=SURFACE_STYLE_FILL_AREA(#3540);
#3542=SURFACE_SIDE_STYLE('',(#3541));
#3543=SURFACE_STYLE_USAGE(.POSITIVE.,#3542);
#3544=PRESENTATION_STYLE_ASSIGNMENT((#3543));
#3545=STYLED_ITEM('',(#3544),#3538);
#3546=CARTESIAN_POINT('',(-1.170217559297E1,5.597888138654E0,
-1.020830836104E1));
#3547=CARTESIAN_POINT('',(-1.203686654247E1,5.628878314771E0,
-1.017744907883E1));
#3548=CARTESIAN_POINT('',(-1.227453261807E1,5.390204145674E0,
-1.015553571515E1));
#3549=CARTESIAN_POINT('',(-1.224367333586E1,5.054093558256E0,
-1.015838101258E1));
#3550=CARTESIAN_POINT('',(-1.173032047166E1,5.597888138652E0,
-1.051355966625E1));
#3551=CARTESIAN_POINT('',(-1.208584367376E1,5.628878314768E0,
-1.070864103799E1));
#3552=CARTESIAN_POINT('',(-1.233830285842E1,5.390204145669E0,
-1.084716950466E1));
#3553=CARTESIAN_POINT('',(-1.230552279418E1,5.054093558252E0,
-1.082918254949E1));
#3554=CARTESIAN_POINT('',(-1.151355966624E1,5.597888138649E0,
-1.073032047167E1));
#3555=CARTESIAN_POINT('',(-1.170864103799E1,5.628878314762E0,
-1.108584367376E1));
#3556=CARTESIAN_POINT('',(-1.184716950466E1,5.390204145662E0,
-1.133830285842E1));
#3557=CARTESIAN_POINT('',(-1.182918254949E1,5.054093558245E0,
-1.130552279418E1));
#3558=CARTESIAN_POINT('',(-1.120830836103E1,5.597888138647E0,
-1.070217559298E1));
#3559=CARTESIAN_POINT('',(-1.117744907883E1,5.628878314758E0,
-1.103686654248E1));
#3560=CARTESIAN_POINT('',(-1.115553571515E1,5.390204145657E0,
-1.127453261807E1));
#3561=CARTESIAN_POINT('',(-1.115838101258E1,5.054093558240E0,
-1.124367333586E1));
#3562=(BOUNDED_SURFACE()B_SPLINE_SURFACE(3,3,((#3546,#3547,#3548,#3549),(#3550,
#3551,#3552,#3553),(#3554,#3555,#3556,#3557),(#3558,#3559,#3560,#3561)),
.UNSPECIFIED.,.F.,.F.,.F.)B_SPLINE_SURFACE_WITH_KNOTS((4,4),(4,4),(0.E0,1.E0),(
0.E0,1.E0),.UNSPECIFIED.)GEOMETRIC_REPRESENTATION_ITEM()RATIONAL_B_SPLINE_SURFACE(((1.488664452839E0,1.130589685716E0,1.130589685716E0,1.488664452839E0),(
1.130589685717E0,8.586441592068E-1,8.586441592068E-1,1.130589685717E0),(
1.130589685717E0,8.586441592068E-1,8.586441592068E-1,1.130589685717E0),(
1.488664452839E0,1.130589685716E0,1.130589685716E0,1.488664452839E0)))REPRESENTATION_ITEM('')SURFACE());
#3564=ORIENTED_EDGE('',*,*,#3563,.F.);
#3566=ORIENTED_EDGE('',*,*,#3565,.T.);
#3567=ORIENTED_EDGE('',*,*,#3531,.T.);
#3569=ORIENTED_EDGE('',*,*,#3568,.T.);
#3570=EDGE_LOOP('',(#3564,#3566,#3567,#3569));
#3571=FACE_OUTER_BOUND('',#3570,.F.);
#3573=FILL_AREA_STYLE_COLOUR('',#8);
#3574=FILL_AREA_STYLE('',(#3573));
#3575=SURFACE_STYLE_FILL_AREA(#3574);
#3576=SURFACE_SIDE_STYLE('',(#3575));
#3577=SURFACE_STYLE_USAGE(.POSITIVE.,#3576);
#3578=PRESENTATION_STYLE_ASSIGNMENT((#3577));
#3579=STYLED_ITEM('',(#3578),#3572);
#3580=CARTESIAN_POINT('',(8.E-1,5.6E0,1.125E1));
#3581=DIRECTION('',(0.E0,-1.E0,0.E0));
#3582=DIRECTION('',(1.E0,0.E0,0.E0));
#3583=AXIS2_PLACEMENT_3D('',#3580,#3581,#3582);
#3584=PLANE('',#3583);
#3586=ORIENTED_EDGE('',*,*,#3585,.T.);
#3588=ORIENTED_EDGE('',*,*,#3587,.F.);
#3590=ORIENTED_EDGE('',*,*,#3589,.T.);
#3592=ORIENTED_EDGE('',*,*,#3591,.F.);
#3593=ORIENTED_EDGE('',*,*,#3563,.T.);
#3595=ORIENTED_EDGE('',*,*,#3594,.F.);
#3597=ORIENTED_EDGE('',*,*,#3596,.T.);
#3599=ORIENTED_EDGE('',*,*,#3598,.F.);
#3600=EDGE_LOOP('',(#3586,#3588,#3590,#3592,#3593,#3595,#3597,#3599));
#3601=FACE_OUTER_BOUND('',#3600,.F.);
#3603=ORIENTED_EDGE('',*,*,#3602,.F.);
#3605=ORIENTED_EDGE('',*,*,#3604,.T.);
#3607=ORIENTED_EDGE('',*,*,#3606,.F.);
#3609=ORIENTED_EDGE('',*,*,#3608,.F.);
#3611=ORIENTED_EDGE('',*,*,#3610,.F.);
#3613=ORIENTED_EDGE('',*,*,#3612,.T.);
#3615=ORIENTED_EDGE('',*,*,#3614,.F.);
#3617=ORIENTED_EDGE('',*,*,#3616,.T.);
#3619=ORIENTED_EDGE('',*,*,#3618,.F.);
#3621=ORIENTED_EDGE('',*,*,#3620,.T.);
#3623=ORIENTED_EDGE('',*,*,#3622,.F.);
#3625=ORIENTED_EDGE('',*,*,#3624,.T.);
#3627=ORIENTED_EDGE('',*,*,#3626,.F.);
#3629=ORIENTED_EDGE('',*,*,#3628,.F.);
#3631=ORIENTED_EDGE('',*,*,#3630,.F.);
#3633=ORIENTED_EDGE('',*,*,#3632,.T.);
#3634=EDGE_LOOP('',(#3603,#3605,#3607,#3609,#3611,#3613,#3615,#3617,#3619,#3621,
#3623,#3625,#3627,#3629,#3631,#3633));
#3635=FACE_BOUND('',#3634,.F.);
#3637=FILL_AREA_STYLE_COLOUR('',#8);
#3638=FILL_AREA_STYLE('',(#3637));
#3639=SURFACE_STYLE_FILL_AREA(#3638);
#3640=SURFACE_SIDE_STYLE('',(#3639));
#3641=SURFACE_STYLE_USAGE(.POSITIVE.,#3640);
#3642=PRESENTATION_STYLE_ASSIGNMENT((#3641));
#3643=STYLED_ITEM('',(#3642),#3636);
#3644=CARTESIAN_POINT('',(1.170217559297E1,5.597888138654E0,1.020830836104E1));
#3645=CARTESIAN_POINT('',(1.203686654247E1,5.628878314771E0,1.017744907883E1));
#3646=CARTESIAN_POINT('',(1.227453261807E1,5.390204145674E0,1.015553571515E1));
#3647=CARTESIAN_POINT('',(1.224367333586E1,5.054093558256E0,1.015838101258E1));
#3648=CARTESIAN_POINT('',(1.173032047166E1,5.597888138652E0,1.051355966625E1));
#3649=CARTESIAN_POINT('',(1.208584367376E1,5.628878314768E0,1.070864103799E1));
#3650=CARTESIAN_POINT('',(1.233830285842E1,5.390204145669E0,1.084716950466E1));
#3651=CARTESIAN_POINT('',(1.230552279418E1,5.054093558252E0,1.082918254949E1));
#3652=CARTESIAN_POINT('',(1.151355966624E1,5.597888138649E0,1.073032047167E1));
#3653=CARTESIAN_POINT('',(1.170864103799E1,5.628878314762E0,1.108584367376E1));
#3654=CARTESIAN_POINT('',(1.184716950466E1,5.390204145662E0,1.133830285842E1));
#3655=CARTESIAN_POINT('',(1.182918254949E1,5.054093558245E0,1.130552279418E1));
#3656=CARTESIAN_POINT('',(1.120830836103E1,5.597888138647E0,1.070217559298E1));
#3657=CARTESIAN_POINT('',(1.117744907883E1,5.628878314758E0,1.103686654248E1));
#3658=CARTESIAN_POINT('',(1.115553571515E1,5.390204145657E0,1.127453261807E1));
#3659=CARTESIAN_POINT('',(1.115838101258E1,5.054093558240E0,1.124367333586E1));
#3660=(BOUNDED_SURFACE()B_SPLINE_SURFACE(3,3,((#3644,#3645,#3646,#3647),(#3648,
#3649,#3650,#3651),(#3652,#3653,#3654,#3655),(#3656,#3657,#3658,#3659)),
.UNSPECIFIED.,.F.,.F.,.F.)B_SPLINE_SURFACE_WITH_KNOTS((4,4),(4,4),(0.E0,1.E0),(
0.E0,1.E0),.UNSPECIFIED.)GEOMETRIC_REPRESENTATION_ITEM()RATIONAL_B_SPLINE_SURFACE(((1.488664452839E0,1.130589685716E0,1.130589685716E0,1.488664452839E0),(
1.130589685717E0,8.586441592068E-1,8.586441592068E-1,1.130589685717E0),(
1.130589685717E0,8.586441592068E-1,8.586441592068E-1,1.130589685717E0),(
1.488664452839E0,1.130589685716E0,1.130589685716E0,1.488664452839E0)))REPRESENTATION_ITEM('')SURFACE());
#3661=ORIENTED_EDGE('',*,*,#3585,.F.);
#3663=ORIENTED_EDGE('',*,*,#3662,.T.);
#3665=ORIENTED_EDGE('',*,*,#3664,.T.);
#3667=ORIENTED_EDGE('',*,*,#3666,.T.);
#3668=EDGE_LOOP('',(#3661,#3663,#3665,#3667));
#3669=FACE_OUTER_BOUND('',#3668,.F.);
#3671=FILL_AREA_STYLE_COLOUR('',#8);
#3672=FILL_AREA_STYLE('',(#3671));
#3673=SURFACE_STYLE_FILL_AREA(#3672);
#3674=SURFACE_SIDE_STYLE('',(#3673));
#3675=SURFACE_STYLE_USAGE(.POSITIVE.,#3674);
#3676=PRESENTATION_STYLE_ASSIGNMENT((#3675));
#3677=STYLED_ITEM('',(#3676),#3670);
#3678=CARTESIAN_POINT('',(1.175E1,5.1E0,1.030853143065E1));
#3679=DIRECTION('',(0.E0,0.E0,-1.E0));
#3680=DIRECTION('',(0.E0,1.E0,0.E0));
#3681=AXIS2_PLACEMENT_3D('',#3678,#3679,#3680);
#3682=CYLINDRICAL_SURFACE('',#3681,5.E-1);
#3683=ORIENTED_EDGE('',*,*,#3598,.T.);
#3685=ORIENTED_EDGE('',*,*,#3684,.F.);
#3687=ORIENTED_EDGE('',*,*,#3686,.T.);
#3688=ORIENTED_EDGE('',*,*,#3662,.F.);
#3689=EDGE_LOOP('',(#3683,#3685,#3687,#3688));
#3690=FACE_OUTER_BOUND('',#3689,.F.);
#3692=FILL_AREA_STYLE_COLOUR('',#8);
#3693=FILL_AREA_STYLE('',(#3692));
#3694=SURFACE_STYLE_FILL_AREA(#3693);
#3695=SURFACE_SIDE_STYLE('',(#3694));
#3696=SURFACE_STYLE_USAGE(.POSITIVE.,#3695);
#3697=PRESENTATION_STYLE_ASSIGNMENT((#3696));
#3698=STYLED_ITEM('',(#3697),#3691);
#3699=CARTESIAN_POINT('',(1.120830836104E1,5.597888138647E0,-1.070217559298E1));
#3700=CARTESIAN_POINT('',(1.117744907883E1,5.628878314764E0,-1.103686654247E1));
#3701=CARTESIAN_POINT('',(1.115553571515E1,5.390204145666E0,-1.127453261807E1));
#3702=CARTESIAN_POINT('',(1.115838101258E1,5.054093558249E0,-1.124367333586E1));
#3703=CARTESIAN_POINT('',(1.151355966625E1,5.597888138647E0,-1.073032047166E1));
#3704=CARTESIAN_POINT('',(1.170864103799E1,5.628878314764E0,-1.108584367376E1));
#3705=CARTESIAN_POINT('',(1.184716950466E1,5.390204145666E0,-1.133830285842E1));
#3706=CARTESIAN_POINT('',(1.182918254949E1,5.054093558249E0,-1.130552279418E1));
#3707=CARTESIAN_POINT('',(1.173032047166E1,5.597888138647E0,-1.051355966625E1));
#3708=CARTESIAN_POINT('',(1.208584367376E1,5.628878314764E0,-1.070864103799E1));
#3709=CARTESIAN_POINT('',(1.233830285842E1,5.390204145666E0,-1.084716950466E1));
#3710=CARTESIAN_POINT('',(1.230552279418E1,5.054093558249E0,-1.082918254949E1));
#3711=CARTESIAN_POINT('',(1.170217559298E1,5.597888138647E0,-1.020830836104E1));
#3712=CARTESIAN_POINT('',(1.203686654247E1,5.628878314764E0,-1.017744907883E1));
#3713=CARTESIAN_POINT('',(1.227453261807E1,5.390204145666E0,-1.015553571515E1));
#3714=CARTESIAN_POINT('',(1.224367333586E1,5.054093558249E0,-1.015838101258E1));
#3715=(BOUNDED_SURFACE()B_SPLINE_SURFACE(3,3,((#3699,#3700,#3701,#3702),(#3703,
#3704,#3705,#3706),(#3707,#3708,#3709,#3710),(#3711,#3712,#3713,#3714)),
.UNSPECIFIED.,.F.,.F.,.F.)B_SPLINE_SURFACE_WITH_KNOTS((4,4),(4,4),(0.E0,1.E0),(
0.E0,1.E0),.UNSPECIFIED.)GEOMETRIC_REPRESENTATION_ITEM()RATIONAL_B_SPLINE_SURFACE(((1.488664452845E0,1.130589685718E0,1.130589685718E0,1.488664452845E0),(
1.130589685718E0,8.586441592052E-1,8.586441592052E-1,1.130589685718E0),(
1.130589685718E0,8.586441592052E-1,8.586441592052E-1,1.130589685718E0),(
1.488664452845E0,1.130589685718E0,1.130589685718E0,1.488664452845E0)))REPRESENTATION_ITEM('')SURFACE());
#3716=ORIENTED_EDGE('',*,*,#3596,.F.);
#3718=ORIENTED_EDGE('',*,*,#3717,.T.);
#3720=ORIENTED_EDGE('',*,*,#3719,.T.);
#3721=ORIENTED_EDGE('',*,*,#3684,.T.);
#3722=EDGE_LOOP('',(#3716,#3718,#3720,#3721));
#3723=FACE_OUTER_BOUND('',#3722,.F.);
#3725=FILL_AREA_STYLE_COLOUR('',#8);
#3726=FILL_AREA_STYLE('',(#3725));
#3727=SURFACE_STYLE_FILL_AREA(#3726);
#3728=SURFACE_SIDE_STYLE('',(#3727));
#3729=SURFACE_STYLE_USAGE(.POSITIVE.,#3728);
#3730=PRESENTATION_STYLE_ASSIGNMENT((#3729));
#3731=STYLED_ITEM('',(#3730),#3724);
#3732=CARTESIAN_POINT('',(1.130853143065E1,5.1E0,-1.075E1));
#3733=DIRECTION('',(-1.E0,0.E0,0.E0));
#3734=DIRECTION('',(0.E0,1.E0,0.E0));
#3735=AXIS2_PLACEMENT_3D('',#3732,#3733,#3734);
#3736=CYLINDRICAL_SURFACE('',#3735,5.E-1);
#3737=ORIENTED_EDGE('',*,*,#3594,.T.);
#3738=ORIENTED_EDGE('',*,*,#3568,.F.);
#3739=ORIENTED_EDGE('',*,*,#2285,.T.);
#3740=ORIENTED_EDGE('',*,*,#3717,.F.);
#3741=EDGE_LOOP('',(#3737,#3738,#3739,#3740));
#3742=FACE_OUTER_BOUND('',#3741,.F.);
#3744=FILL_AREA_STYLE_COLOUR('',#8);
#3745=FILL_AREA_STYLE('',(#3744));
#3746=SURFACE_STYLE_FILL_AREA(#3745);
#3747=SURFACE_SIDE_STYLE('',(#3746));
#3748=SURFACE_STYLE_USAGE(.POSITIVE.,#3747);
#3749=PRESENTATION_STYLE_ASSIGNMENT((#3748));
#3750=STYLED_ITEM('',(#3749),#3743);
#3751=CARTESIAN_POINT('',(1.125E1,3.962273387422E1,-1.025E1));
#3752=DIRECTION('',(0.E0,-1.E0,0.E0));
#3753=DIRECTION('',(0.E0,0.E0,-1.E0));
#3754=AXIS2_PLACEMENT_3D('',#3751,#3752,#3753);
#3755=CYLINDRICAL_SURFACE('',#3754,1.E0);
#3756=ORIENTED_EDGE('',*,*,#3719,.F.);
#3757=ORIENTED_EDGE('',*,*,#2283,.T.);
#3759=ORIENTED_EDGE('',*,*,#3758,.F.);
#3761=ORIENTED_EDGE('',*,*,#3760,.T.);
#3762=EDGE_LOOP('',(#3756,#3757,#3759,#3761));
#3763=FACE_OUTER_BOUND('',#3762,.F.);
#3765=FILL_AREA_STYLE_COLOUR('',#8);
#3766=FILL_AREA_STYLE('',(#3765));
#3767=SURFACE_STYLE_FILL_AREA(#3766);
#3768=SURFACE_SIDE_STYLE('',(#3767));
#3769=SURFACE_STYLE_USAGE(.POSITIVE.,#3768);
#3770=PRESENTATION_STYLE_ASSIGNMENT((#3769));
#3771=STYLED_ITEM('',(#3770),#3764);
#3772=CARTESIAN_POINT('',(1.115838101258E1,3.245906441744E0,-1.124367333586E1));
#3773=CARTESIAN_POINT('',(1.115553571515E1,2.909795854326E0,-1.127453261807E1));
#3774=CARTESIAN_POINT('',(1.117744907883E1,2.671121685229E0,-1.103686654247E1));
#3775=CARTESIAN_POINT('',(1.120830836104E1,2.702111861346E0,-1.070217559297E1));
#3776=CARTESIAN_POINT('',(1.182918254949E1,3.245906441748E0,-1.130552279418E1));
#3777=CARTESIAN_POINT('',(1.184716950466E1,2.909795854331E0,-1.133830285842E1));
#3778=CARTESIAN_POINT('',(1.170864103799E1,2.671121685232E0,-1.108584367376E1));
#3779=CARTESIAN_POINT('',(1.151355966625E1,2.702111861348E0,-1.073032047166E1));
#3780=CARTESIAN_POINT('',(1.230552279418E1,3.245906441755E0,-1.082918254949E1));
#3781=CARTESIAN_POINT('',(1.233830285842E1,2.909795854338E0,-1.084716950466E1));
#3782=CARTESIAN_POINT('',(1.208584367376E1,2.671121685238E0,-1.070864103799E1));
#3783=CARTESIAN_POINT('',(1.173032047167E1,2.702111861351E0,-1.051355966624E1));
#3784=CARTESIAN_POINT('',(1.224367333586E1,3.245906441760E0,-1.015838101258E1));
#3785=CARTESIAN_POINT('',(1.227453261807E1,2.909795854343E0,-1.015553571515E1));
#3786=CARTESIAN_POINT('',(1.203686654248E1,2.671121685242E0,-1.017744907883E1));
#3787=CARTESIAN_POINT('',(1.170217559298E1,2.702111861353E0,-1.020830836103E1));
#3788=(BOUNDED_SURFACE()B_SPLINE_SURFACE(3,3,((#3772,#3773,#3774,#3775),(#3776,
#3777,#3778,#3779),(#3780,#3781,#3782,#3783),(#3784,#3785,#3786,#3787)),
.UNSPECIFIED.,.F.,.F.,.F.)B_SPLINE_SURFACE_WITH_KNOTS((4,4),(4,4),(0.E0,1.E0),(
0.E0,1.E0),.UNSPECIFIED.)GEOMETRIC_REPRESENTATION_ITEM()RATIONAL_B_SPLINE_SURFACE(((1.488664452839E0,1.130589685716E0,1.130589685716E0,1.488664452839E0),(
1.130589685717E0,8.586441592069E-1,8.586441592069E-1,1.130589685717E0),(
1.130589685717E0,8.586441592069E-1,8.586441592069E-1,1.130589685717E0),(
1.488664452839E0,1.130589685716E0,1.130589685716E0,1.488664452839E0)))REPRESENTATION_ITEM('')SURFACE());
#3789=ORIENTED_EDGE('',*,*,#2571,.F.);
#3791=ORIENTED_EDGE('',*,*,#3790,.T.);
#3792=ORIENTED_EDGE('',*,*,#3758,.T.);
#3794=ORIENTED_EDGE('',*,*,#3793,.T.);
#3795=EDGE_LOOP('',(#3789,#3791,#3792,#3794));
#3796=FACE_OUTER_BOUND('',#3795,.F.);
#3798=FILL_AREA_STYLE_COLOUR('',#8);
#3799=FILL_AREA_STYLE('',(#3798));
#3800=SURFACE_STYLE_FILL_AREA(#3799);
#3801=SURFACE_SIDE_STYLE('',(#3800));
#3802=SURFACE_STYLE_USAGE(.POSITIVE.,#3801);
#3803=PRESENTATION_STYLE_ASSIGNMENT((#3802));
#3804=STYLED_ITEM('',(#3803),#3797);
#3805=CARTESIAN_POINT('',(1.175E1,3.2E0,-1.033314715406E1));
#3806=DIRECTION('',(0.E0,0.E0,1.E0));
#3807=DIRECTION('',(0.E0,-1.E0,0.E0));
#3808=AXIS2_PLACEMENT_3D('',#3805,#3806,#3807);
#3809=CYLINDRICAL_SURFACE('',#3808,5.E-1);
#3811=ORIENTED_EDGE('',*,*,#3810,.T.);
#3812=ORIENTED_EDGE('',*,*,#3790,.F.);
#3813=ORIENTED_EDGE('',*,*,#2569,.T.);
#3815=ORIENTED_EDGE('',*,*,#3814,.T.);
#3816=EDGE_LOOP('',(#3811,#3812,#3813,#3815));
#3817=FACE_OUTER_BOUND('',#3816,.F.);
#3819=FILL_AREA_STYLE_COLOUR('',#8);
#3820=FILL_AREA_STYLE('',(#3819));
#3821=SURFACE_STYLE_FILL_AREA(#3820);
#3822=SURFACE_SIDE_STYLE('',(#3821));
#3823=SURFACE_STYLE_USAGE(.POSITIVE.,#3822);
#3824=PRESENTATION_STYLE_ASSIGNMENT((#3823));
#3825=STYLED_ITEM('',(#3824),#3818);
#3826=CARTESIAN_POINT('',(1.225E1,0.E0,1.125E1));
#3827=DIRECTION('',(1.E0,0.E0,0.E0));
#3828=DIRECTION('',(0.E0,0.E0,-1.E0));
#3829=AXIS2_PLACEMENT_3D('',#3826,#3827,#3828);
#3830=PLANE('',#3829);
#3832=ORIENTED_EDGE('',*,*,#3831,.F.);
#3834=ORIENTED_EDGE('',*,*,#3833,.F.);
#3836=ORIENTED_EDGE('',*,*,#3835,.F.);
#3838=ORIENTED_EDGE('',*,*,#3837,.F.);
#3839=ORIENTED_EDGE('',*,*,#3686,.F.);
#3840=ORIENTED_EDGE('',*,*,#3760,.F.);
#3841=ORIENTED_EDGE('',*,*,#3810,.F.);
#3843=ORIENTED_EDGE('',*,*,#3842,.F.);
#3844=EDGE_LOOP('',(#3832,#3834,#3836,#3838,#3839,#3840,#3841,#3843));
#3845=FACE_OUTER_BOUND('',#3844,.F.);
#3847=FILL_AREA_STYLE_COLOUR('',#8);
#3848=FILL_AREA_STYLE('',(#3847));
#3849=SURFACE_STYLE_FILL_AREA(#3848);
#3850=SURFACE_SIDE_STYLE('',(#3849));
#3851=SURFACE_STYLE_USAGE(.POSITIVE.,#3850);
#3852=PRESENTATION_STYLE_ASSIGNMENT((#3851));
#3853=STYLED_ITEM('',(#3852),#3846);
#3854=CARTESIAN_POINT('',(1.175E1,5.E-1,-1.033314715406E1));
#3855=DIRECTION('',(0.E0,0.E0,1.E0));
#3856=DIRECTION('',(0.E0,-1.E0,0.E0));
#3857=AXIS2_PLACEMENT_3D('',#3854,#3855,#3856);
#3858=CYLINDRICAL_SURFACE('',#3857,5.E-1);
#3860=ORIENTED_EDGE('',*,*,#3859,.T.);
#3862=ORIENTED_EDGE('',*,*,#3861,.F.);
#3863=ORIENTED_EDGE('',*,*,#3831,.T.);
#3865=ORIENTED_EDGE('',*,*,#3864,.F.);
#3866=EDGE_LOOP('',(#3860,#3862,#3863,#3865));
#3867=FACE_OUTER_BOUND('',#3866,.F.);
#3869=FILL_AREA_STYLE_COLOUR('',#8);
#3870=FILL_AREA_STYLE('',(#3869));
#3871=SURFACE_STYLE_FILL_AREA(#3870);
#3872=SURFACE_SIDE_STYLE('',(#3871));
#3873=SURFACE_STYLE_USAGE(.POSITIVE.,#3872);
#3874=PRESENTATION_STYLE_ASSIGNMENT((#3873));
#3875=STYLED_ITEM('',(#3874),#3868);
#3876=CARTESIAN_POINT('',(0.E0,0.E0,0.E0));
#3877=DIRECTION('',(0.E0,1.E0,0.E0));
#3878=DIRECTION('',(1.E0,0.E0,0.E0));
#3879=AXIS2_PLACEMENT_3D('',#3876,#3877,#3878);
#3880=PLANE('',#3879);
#3882=ORIENTED_EDGE('',*,*,#3881,.F.);
#3884=ORIENTED_EDGE('',*,*,#3883,.F.);
#3885=ORIENTED_EDGE('',*,*,#3859,.F.);
#3887=ORIENTED_EDGE('',*,*,#3886,.F.);
#3888=EDGE_LOOP('',(#3882,#3884,#3885,#3887));
#3889=FACE_OUTER_BOUND('',#3888,.F.);
#3891=FILL_AREA_STYLE_COLOUR('',#8);
#3892=FILL_AREA_STYLE('',(#3891));
#3893=SURFACE_STYLE_FILL_AREA(#3892);
#3894=SURFACE_SIDE_STYLE('',(#3893));
#3895=SURFACE_STYLE_USAGE(.POSITIVE.,#3894);
#3896=PRESENTATION_STYLE_ASSIGNMENT((#3895));
#3897=STYLED_ITEM('',(#3896),#3890);
#3898=CARTESIAN_POINT('',(8.99E0,5.E-1,1.083147154059E0));
#3899=DIRECTION('',(0.E0,0.E0,-1.E0));
#3900=DIRECTION('',(0.E0,-1.E0,0.E0));
#3901=AXIS2_PLACEMENT_3D('',#3898,#3899,#3900);
#3902=CYLINDRICAL_SURFACE('',#3901,5.E-1);
#3903=ORIENTED_EDGE('',*,*,#3881,.T.);
#3905=ORIENTED_EDGE('',*,*,#3904,.F.);
#3907=ORIENTED_EDGE('',*,*,#3906,.T.);
#3909=ORIENTED_EDGE('',*,*,#3908,.F.);
#3910=EDGE_LOOP('',(#3903,#3905,#3907,#3909));
#3911=FACE_OUTER_BOUND('',#3910,.F.);
#3913=FILL_AREA_STYLE_COLOUR('',#8);
#3914=FILL_AREA_STYLE('',(#3913));
#3915=SURFACE_STYLE_FILL_AREA(#3914);
#3916=SURFACE_SIDE_STYLE('',(#3915));
#3917=SURFACE_STYLE_USAGE(.POSITIVE.,#3916);
#3918=PRESENTATION_STYLE_ASSIGNMENT((#3917));
#3919=STYLED_ITEM('',(#3918),#3912);
#3920=CARTESIAN_POINT('',(8.99E0,5.E-1,-1.E0));
#3921=DIRECTION('',(0.E0,0.E0,-1.E0));
#3922=DIRECTION('',(1.E0,0.E0,0.E0));
#3923=AXIS2_PLACEMENT_3D('',#3920,#3921,#3922);
#3924=SPHERICAL_SURFACE('',#3923,5.E-1);
#3926=ORIENTED_EDGE('',*,*,#3925,.T.);
#3927=ORIENTED_EDGE('',*,*,#3904,.T.);
#3929=ORIENTED_EDGE('',*,*,#3928,.T.);
#3930=EDGE_LOOP('',(#3926,#3927,#3929));
#3931=FACE_OUTER_BOUND('',#3930,.F.);
#3933=FILL_AREA_STYLE_COLOUR('',#8);
#3934=FILL_AREA_STYLE('',(#3933));
#3935=SURFACE_STYLE_FILL_AREA(#3934);
#3936=SURFACE_SIDE_STYLE('',(#3935));
#3937=SURFACE_STYLE_USAGE(.POSITIVE.,#3936);
#3938=PRESENTATION_STYLE_ASSIGNMENT((#3937));
#3939=STYLED_ITEM('',(#3938),#3932);
#3940=CARTESIAN_POINT('',(8.99E0,3.962273387422E1,-1.E0));
#3941=DIRECTION('',(0.E0,-1.E0,0.E0));
#3942=DIRECTION('',(-1.E0,0.E0,0.E0));
#3943=AXIS2_PLACEMENT_3D('',#3940,#3941,#3942);
#3944=CYLINDRICAL_SURFACE('',#3943,5.E-1);
#3945=ORIENTED_EDGE('',*,*,#3925,.F.);
#3947=ORIENTED_EDGE('',*,*,#3946,.T.);
#3948=ORIENTED_EDGE('',*,*,#2565,.F.);
#3950=ORIENTED_EDGE('',*,*,#3949,.T.);
#3951=EDGE_LOOP('',(#3945,#3947,#3948,#3950));
#3952=FACE_OUTER_BOUND('',#3951,.F.);
#3954=FILL_AREA_STYLE_COLOUR('',#8);
#3955=FILL_AREA_STYLE('',(#3954));
#3956=SURFACE_STYLE_FILL_AREA(#3955);
#3957=SURFACE_SIDE_STYLE('',(#3956));
#3958=SURFACE_STYLE_USAGE(.POSITIVE.,#3957);
#3959=PRESENTATION_STYLE_ASSIGNMENT((#3958));
#3960=STYLED_ITEM('',(#3959),#3953);
#3961=CARTESIAN_POINT('',(1.225E1,0.E0,-1.5E0));
#3962=DIRECTION('',(0.E0,0.E0,1.E0));
#3963=DIRECTION('',(-1.E0,0.E0,0.E0));
#3964=AXIS2_PLACEMENT_3D('',#3961,#3962,#3963);
#3965=PLANE('',#3964);
#3967=ORIENTED_EDGE('',*,*,#3966,.F.);
#3969=ORIENTED_EDGE('',*,*,#3968,.F.);
#3970=ORIENTED_EDGE('',*,*,#2567,.F.);
#3971=ORIENTED_EDGE('',*,*,#3946,.F.);
#3972=EDGE_LOOP('',(#3967,#3969,#3970,#3971));
#3973=FACE_OUTER_BOUND('',#3972,.F.);
#3975=FILL_AREA_STYLE_COLOUR('',#8);
#3976=FILL_AREA_STYLE('',(#3975));
#3977=SURFACE_STYLE_FILL_AREA(#3976);
#3978=SURFACE_SIDE_STYLE('',(#3977));
#3979=SURFACE_STYLE_USAGE(.POSITIVE.,#3978);
#3980=PRESENTATION_STYLE_ASSIGNMENT((#3979));
#3981=STYLED_ITEM('',(#3980),#3974);
#3982=CARTESIAN_POINT('',(8.906852845941E0,5.E-1,-1.E0));
#3983=DIRECTION('',(1.E0,0.E0,0.E0));
#3984=DIRECTION('',(0.E0,-1.E0,0.E0));
#3985=AXIS2_PLACEMENT_3D('',#3982,#3983,#3984);
#3986=CYLINDRICAL_SURFACE('',#3985,5.E-1);
#3987=ORIENTED_EDGE('',*,*,#3886,.T.);
#3989=ORIENTED_EDGE('',*,*,#3988,.F.);
#3990=ORIENTED_EDGE('',*,*,#3966,.T.);
#3991=ORIENTED_EDGE('',*,*,#3928,.F.);
#3992=EDGE_LOOP('',(#3987,#3989,#3990,#3991));
#3993=FACE_OUTER_BOUND('',#3992,.F.);
#3995=FILL_AREA_STYLE_COLOUR('',#8);
#3996=FILL_AREA_STYLE('',(#3995));
#3997=SURFACE_STYLE_FILL_AREA(#3996);
#3998=SURFACE_SIDE_STYLE('',(#3997));
#3999=SURFACE_STYLE_USAGE(.POSITIVE.,#3998);
#4000=PRESENTATION_STYLE_ASSIGNMENT((#3999));
#4001=STYLED_ITEM('',(#4000),#3994);
#4002=CARTESIAN_POINT('',(1.175E1,5.E-1,-1.E0));
#4003=DIRECTION('',(2.599984116891E-10,0.E0,-1.E0));
#4004=DIRECTION('',(1.E0,0.E0,2.599984116891E-10));
#4005=AXIS2_PLACEMENT_3D('',#4002,#4003,#4004);
#4006=SPHERICAL_SURFACE('',#4005,5.E-1);
#4008=ORIENTED_EDGE('',*,*,#4007,.T.);
#4009=ORIENTED_EDGE('',*,*,#3988,.T.);
#4010=ORIENTED_EDGE('',*,*,#3864,.T.);
#4011=EDGE_LOOP('',(#4008,#4009,#4010));
#4012=FACE_OUTER_BOUND('',#4011,.F.);
#4014=FILL_AREA_STYLE_COLOUR('',#8);
#4015=FILL_AREA_STYLE('',(#4014));
#4016=SURFACE_STYLE_FILL_AREA(#4015);
#4017=SURFACE_SIDE_STYLE('',(#4016));
#4018=SURFACE_STYLE_USAGE(.POSITIVE.,#4017);
#4019=PRESENTATION_STYLE_ASSIGNMENT((#4018));
#4020=STYLED_ITEM('',(#4019),#4013);
#4021=CARTESIAN_POINT('',(1.175E1,-2.712007114014E1,-1.E0));
#4022=DIRECTION('',(0.E0,1.E0,0.E0));
#4023=DIRECTION('',(1.E0,0.E0,0.E0));
#4024=AXIS2_PLACEMENT_3D('',#4021,#4022,#4023);
#4025=CYLINDRICAL_SURFACE('',#4024,5.E-1);
#4026=ORIENTED_EDGE('',*,*,#4007,.F.);
#4027=ORIENTED_EDGE('',*,*,#3842,.T.);
#4028=ORIENTED_EDGE('',*,*,#3814,.F.);
#4029=ORIENTED_EDGE('',*,*,#3968,.T.);
#4030=EDGE_LOOP('',(#4026,#4027,#4028,#4029));
#4031=FACE_OUTER_BOUND('',#4030,.F.);
#4033=FILL_AREA_STYLE_COLOUR('',#8);
#4034=FILL_AREA_STYLE('',(#4033));
#4035=SURFACE_STYLE_FILL_AREA(#4034);
#4036=SURFACE_SIDE_STYLE('',(#4035));
#4037=SURFACE_STYLE_USAGE(.POSITIVE.,#4036);
#4038=PRESENTATION_STYLE_ASSIGNMENT((#4037));
#4039=STYLED_ITEM('',(#4038),#4032);
#4040=CARTESIAN_POINT('',(8.49E0,0.E0,-1.5E0));
#4041=DIRECTION('',(1.E0,0.E0,0.E0));
#4042=DIRECTION('',(0.E0,0.E0,1.E0));
#4043=AXIS2_PLACEMENT_3D('',#4040,#4041,#4042);
#4044=PLANE('',#4043);
#4045=ORIENTED_EDGE('',*,*,#3906,.F.);
#4046=ORIENTED_EDGE('',*,*,#3949,.F.);
#4047=ORIENTED_EDGE('',*,*,#2563,.F.);
#4049=ORIENTED_EDGE('',*,*,#4048,.F.);
#4050=EDGE_LOOP('',(#4045,#4046,#4047,#4049));
#4051=FACE_OUTER_BOUND('',#4050,.F.);
#4053=FILL_AREA_STYLE_COLOUR('',#8);
#4054=FILL_AREA_STYLE('',(#4053));
#4055=SURFACE_STYLE_FILL_AREA(#4054);
#4056=SURFACE_SIDE_STYLE('',(#4055));
#4057=SURFACE_STYLE_USAGE(.POSITIVE.,#4056);
#4058=PRESENTATION_STYLE_ASSIGNMENT((#4057));
#4059=STYLED_ITEM('',(#4058),#4052);
#4060=CARTESIAN_POINT('',(8.99E0,3.962273387422E1,1.E0));
#4061=DIRECTION('',(0.E0,-1.E0,0.E0));
#4062=DIRECTION('',(0.E0,0.E0,1.E0));
#4063=AXIS2_PLACEMENT_3D('',#4060,#4061,#4062);
#4064=CYLINDRICAL_SURFACE('',#4063,5.E-1);
#4066=ORIENTED_EDGE('',*,*,#4065,.F.);
#4067=ORIENTED_EDGE('',*,*,#4048,.T.);
#4068=ORIENTED_EDGE('',*,*,#2561,.F.);
#4070=ORIENTED_EDGE('',*,*,#4069,.T.);
#4071=EDGE_LOOP('',(#4066,#4067,#4068,#4070));
#4072=FACE_OUTER_BOUND('',#4071,.F.);
#4074=FILL_AREA_STYLE_COLOUR('',#8);
#4075=FILL_AREA_STYLE('',(#4074));
#4076=SURFACE_STYLE_FILL_AREA(#4075);
#4077=SURFACE_SIDE_STYLE('',(#4076));
#4078=SURFACE_STYLE_USAGE(.POSITIVE.,#4077);
#4079=PRESENTATION_STYLE_ASSIGNMENT((#4078));
#4080=STYLED_ITEM('',(#4079),#4073);
#4081=CARTESIAN_POINT('',(8.99E0,5.E-1,1.E0));
#4082=DIRECTION('',(-1.E0,0.E0,0.E0));
#4083=DIRECTION('',(0.E0,0.E0,-1.E0));
#4084=AXIS2_PLACEMENT_3D('',#4081,#4082,#4083);
#4085=SPHERICAL_SURFACE('',#4084,5.E-1);
#4086=ORIENTED_EDGE('',*,*,#4065,.T.);
#4088=ORIENTED_EDGE('',*,*,#4087,.T.);
#4089=ORIENTED_EDGE('',*,*,#3908,.T.);
#4090=EDGE_LOOP('',(#4086,#4088,#4089));
#4091=FACE_OUTER_BOUND('',#4090,.F.);
#4093=FILL_AREA_STYLE_COLOUR('',#8);
#4094=FILL_AREA_STYLE('',(#4093));
#4095=SURFACE_STYLE_FILL_AREA(#4094);
#4096=SURFACE_SIDE_STYLE('',(#4095));
#4097=SURFACE_STYLE_USAGE(.POSITIVE.,#4096);
#4098=PRESENTATION_STYLE_ASSIGNMENT((#4097));
#4099=STYLED_ITEM('',(#4098),#4092);
#4100=CARTESIAN_POINT('',(1.183314715406E1,5.E-1,1.E0));
#4101=DIRECTION('',(-1.E0,0.E0,0.E0));
#4102=DIRECTION('',(0.E0,-1.E0,0.E0));
#4103=AXIS2_PLACEMENT_3D('',#4100,#4101,#4102);
#4104=CYLINDRICAL_SURFACE('',#4103,5.E-1);
#4105=ORIENTED_EDGE('',*,*,#3883,.T.);
#4106=ORIENTED_EDGE('',*,*,#4087,.F.);
#4108=ORIENTED_EDGE('',*,*,#4107,.T.);
#4110=ORIENTED_EDGE('',*,*,#4109,.F.);
#4111=EDGE_LOOP('',(#4105,#4106,#4108,#4110));
#4112=FACE_OUTER_BOUND('',#4111,.F.);
#4114=FILL_AREA_STYLE_COLOUR('',#8);
#4115=FILL_AREA_STYLE('',(#4114));
#4116=SURFACE_STYLE_FILL_AREA(#4115);
#4117=SURFACE_SIDE_STYLE('',(#4116));
#4118=SURFACE_STYLE_USAGE(.POSITIVE.,#4117);
#4119=PRESENTATION_STYLE_ASSIGNMENT((#4118));
#4120=STYLED_ITEM('',(#4119),#4113);
#4121=CARTESIAN_POINT('',(8.49E0,0.E0,1.5E0));
#4122=DIRECTION('',(0.E0,0.E0,-1.E0));
#4123=DIRECTION('',(1.E0,0.E0,0.E0));
#4124=AXIS2_PLACEMENT_3D('',#4121,#4122,#4123);
#4125=PLANE('',#4124);
#4126=ORIENTED_EDGE('',*,*,#4107,.F.);
#4127=ORIENTED_EDGE('',*,*,#4069,.F.);
#4128=ORIENTED_EDGE('',*,*,#2559,.F.);
#4130=ORIENTED_EDGE('',*,*,#4129,.F.);
#4131=EDGE_LOOP('',(#4126,#4127,#4128,#4130));
#4132=FACE_OUTER_BOUND('',#4131,.F.);
#4134=FILL_AREA_STYLE_COLOUR('',#8);
#4135=FILL_AREA_STYLE('',(#4134));
#4136=SURFACE_STYLE_FILL_AREA(#4135);
#4137=SURFACE_SIDE_STYLE('',(#4136));
#4138=SURFACE_STYLE_USAGE(.POSITIVE.,#4137);
#4139=PRESENTATION_STYLE_ASSIGNMENT((#4138));
#4140=STYLED_ITEM('',(#4139),#4133);
#4141=CARTESIAN_POINT('',(1.175E1,3.962273387422E1,1.E0));
#4142=DIRECTION('',(0.E0,-1.E0,0.E0));
#4143=DIRECTION('',(1.E0,0.E0,0.E0));
#4144=AXIS2_PLACEMENT_3D('',#4141,#4142,#4143);
#4145=CYLINDRICAL_SURFACE('',#4144,5.E-1);
#4147=ORIENTED_EDGE('',*,*,#4146,.F.);
#4148=ORIENTED_EDGE('',*,*,#4129,.T.);
#4150=ORIENTED_EDGE('',*,*,#4149,.T.);
#4151=ORIENTED_EDGE('',*,*,#3833,.T.);
#4152=EDGE_LOOP('',(#4147,#4148,#4150,#4151));
#4153=FACE_OUTER_BOUND('',#4152,.F.);
#4155=FILL_AREA_STYLE_COLOUR('',#8);
#4156=FILL_AREA_STYLE('',(#4155));
#4157=SURFACE_STYLE_FILL_AREA(#4156);
#4158=SURFACE_SIDE_STYLE('',(#4157));
#4159=SURFACE_STYLE_USAGE(.POSITIVE.,#4158);
#4160=PRESENTATION_STYLE_ASSIGNMENT((#4159));
#4161=STYLED_ITEM('',(#4160),#4154);
#4162=CARTESIAN_POINT('',(1.175E1,5.E-1,1.E0));
#4163=DIRECTION('',(0.E0,0.E0,1.E0));
#4164=DIRECTION('',(-1.E0,0.E0,0.E0));
#4165=AXIS2_PLACEMENT_3D('',#4162,#4163,#4164);
#4166=SPHERICAL_SURFACE('',#4165,5.E-1);
#4167=ORIENTED_EDGE('',*,*,#4146,.T.);
#4168=ORIENTED_EDGE('',*,*,#3861,.T.);
#4169=ORIENTED_EDGE('',*,*,#4109,.T.);
#4170=EDGE_LOOP('',(#4167,#4168,#4169));
#4171=FACE_OUTER_BOUND('',#4170,.F.);
#4173=FILL_AREA_STYLE_COLOUR('',#8);
#4174=FILL_AREA_STYLE('',(#4173));
#4175=SURFACE_STYLE_FILL_AREA(#4174);
#4176=SURFACE_SIDE_STYLE('',(#4175));
#4177=SURFACE_STYLE_USAGE(.POSITIVE.,#4176);
#4178=PRESENTATION_STYLE_ASSIGNMENT((#4177));
#4179=STYLED_ITEM('',(#4178),#4172);
#4180=CARTESIAN_POINT('',(1.175E1,3.2E0,-4.0581E1));
#4181=DIRECTION('',(0.E0,0.E0,1.E0));
#4182=DIRECTION('',(0.E0,-1.E0,0.E0));
#4183=AXIS2_PLACEMENT_3D('',#4180,#4181,#4182);
#4184=CYLINDRICAL_SURFACE('',#4183,5.E-1);
#4185=ORIENTED_EDGE('',*,*,#2557,.T.);
#4187=ORIENTED_EDGE('',*,*,#4186,.F.);
#4188=ORIENTED_EDGE('',*,*,#3835,.T.);
#4189=ORIENTED_EDGE('',*,*,#4149,.F.);
#4190=EDGE_LOOP('',(#4185,#4187,#4188,#4189));
#4191=FACE_OUTER_BOUND('',#4190,.F.);
#4193=FILL_AREA_STYLE_COLOUR('',#8);
#4194=FILL_AREA_STYLE('',(#4193));
#4195=SURFACE_STYLE_FILL_AREA(#4194);
#4196=SURFACE_SIDE_STYLE('',(#4195));
#4197=SURFACE_STYLE_USAGE(.POSITIVE.,#4196);
#4198=PRESENTATION_STYLE_ASSIGNMENT((#4197));
#4199=STYLED_ITEM('',(#4198),#4192);
#4200=CARTESIAN_POINT('',(1.224367333586E1,3.245906441744E0,1.015838101258E1));
#4201=CARTESIAN_POINT('',(1.227453261807E1,2.909795854326E0,1.015553571515E1));
#4202=CARTESIAN_POINT('',(1.203686654247E1,2.671121685229E0,1.017744907883E1));
#4203=CARTESIAN_POINT('',(1.170217559297E1,2.702111861346E0,1.020830836104E1));
#4204=CARTESIAN_POINT('',(1.230552279418E1,3.245906441748E0,1.082918254949E1));
#4205=CARTESIAN_POINT('',(1.233830285842E1,2.909795854331E0,1.084716950466E1));
#4206=CARTESIAN_POINT('',(1.208584367376E1,2.671121685232E0,1.070864103799E1));
#4207=CARTESIAN_POINT('',(1.173032047166E1,2.702111861348E0,1.051355966625E1));
#4208=CARTESIAN_POINT('',(1.182918254949E1,3.245906441755E0,1.130552279418E1));
#4209=CARTESIAN_POINT('',(1.184716950466E1,2.909795854338E0,1.133830285842E1));
#4210=CARTESIAN_POINT('',(1.170864103799E1,2.671121685238E0,1.108584367376E1));
#4211=CARTESIAN_POINT('',(1.151355966624E1,2.702111861351E0,1.073032047167E1));
#4212=CARTESIAN_POINT('',(1.115838101258E1,3.245906441760E0,1.124367333586E1));
#4213=CARTESIAN_POINT('',(1.115553571515E1,2.909795854343E0,1.127453261807E1));
#4214=CARTESIAN_POINT('',(1.117744907883E1,2.671121685242E0,1.103686654248E1));
#4215=CARTESIAN_POINT('',(1.120830836103E1,2.702111861353E0,1.070217559298E1));
#4216=(BOUNDED_SURFACE()B_SPLINE_SURFACE(3,3,((#4200,#4201,#4202,#4203),(#4204,
#4205,#4206,#4207),(#4208,#4209,#4210,#4211),(#4212,#4213,#4214,#4215)),
.UNSPECIFIED.,.F.,.F.,.F.)B_SPLINE_SURFACE_WITH_KNOTS((4,4),(4,4),(0.E0,1.E0),(
0.E0,1.E0),.UNSPECIFIED.)GEOMETRIC_REPRESENTATION_ITEM()RATIONAL_B_SPLINE_SURFACE(((1.488664452839E0,1.130589685716E0,1.130589685716E0,1.488664452839E0),(
1.130589685717E0,8.586441592069E-1,8.586441592069E-1,1.130589685717E0),(
1.130589685717E0,8.586441592069E-1,8.586441592069E-1,1.130589685717E0),(
1.488664452839E0,1.130589685716E0,1.130589685716E0,1.488664452839E0)))REPRESENTATION_ITEM('')SURFACE());
#4217=ORIENTED_EDGE('',*,*,#2555,.F.);
#4218=ORIENTED_EDGE('',*,*,#2653,.T.);
#4220=ORIENTED_EDGE('',*,*,#4219,.T.);
#4221=ORIENTED_EDGE('',*,*,#4186,.T.);
#4222=EDGE_LOOP('',(#4217,#4218,#4220,#4221));
#4223=FACE_OUTER_BOUND('',#4222,.F.);
#4225=FILL_AREA_STYLE_COLOUR('',#8);
#4226=FILL_AREA_STYLE('',(#4225));
#4227=SURFACE_STYLE_FILL_AREA(#4226);
#4228=SURFACE_SIDE_STYLE('',(#4227));
#4229=SURFACE_STYLE_USAGE(.POSITIVE.,#4228);
#4230=PRESENTATION_STYLE_ASSIGNMENT((#4229));
#4231=STYLED_ITEM('',(#4230),#4224);
#4232=CARTESIAN_POINT('',(1.125E1,3.962273387422E1,1.025E1));
#4233=DIRECTION('',(0.E0,-1.E0,0.E0));
#4234=DIRECTION('',(1.E0,0.E0,0.E0));
#4235=AXIS2_PLACEMENT_3D('',#4232,#4233,#4234);
#4236=CYLINDRICAL_SURFACE('',#4235,1.E0);
#4237=ORIENTED_EDGE('',*,*,#3664,.F.);
#4238=ORIENTED_EDGE('',*,*,#3837,.T.);
#4239=ORIENTED_EDGE('',*,*,#4219,.F.);
#4240=ORIENTED_EDGE('',*,*,#2683,.T.);
#4241=EDGE_LOOP('',(#4237,#4238,#4239,#4240));
#4242=FACE_OUTER_BOUND('',#4241,.F.);
#4244=FILL_AREA_STYLE_COLOUR('',#8);
#4245=FILL_AREA_STYLE('',(#4244));
#4246=SURFACE_STYLE_FILL_AREA(#4245);
#4247=SURFACE_SIDE_STYLE('',(#4246));
#4248=SURFACE_STYLE_USAGE(.POSITIVE.,#4247);
#4249=PRESENTATION_STYLE_ASSIGNMENT((#4248));
#4250=STYLED_ITEM('',(#4249),#4243);
#4251=CARTESIAN_POINT('',(-4.418821417948E1,3.2E0,-1.075E1));
#4252=DIRECTION('',(1.E0,0.E0,0.E0));
#4253=DIRECTION('',(0.E0,-1.E0,0.E0));
#4254=AXIS2_PLACEMENT_3D('',#4251,#4252,#4253);
#4255=CYLINDRICAL_SURFACE('',#4254,5.E-1);
#4256=ORIENTED_EDGE('',*,*,#2573,.T.);
#4257=ORIENTED_EDGE('',*,*,#3793,.F.);
#4258=ORIENTED_EDGE('',*,*,#2281,.T.);
#4259=ORIENTED_EDGE('',*,*,#2350,.F.);
#4260=EDGE_LOOP('',(#4256,#4257,#4258,#4259));
#4261=FACE_OUTER_BOUND('',#4260,.F.);
#4263=FILL_AREA_STYLE_COLOUR('',#8);
#4264=FILL_AREA_STYLE('',(#4263));
#4265=SURFACE_STYLE_FILL_AREA(#4264);
#4266=SURFACE_SIDE_STYLE('',(#4265));
#4267=SURFACE_STYLE_USAGE(.POSITIVE.,#4266);
#4268=PRESENTATION_STYLE_ASSIGNMENT((#4267));
#4269=STYLED_ITEM('',(#4268),#4262);
#4270=CARTESIAN_POINT('',(-1.130853143065E1,5.1E0,1.075E1));
#4271=DIRECTION('',(1.E0,0.E0,0.E0));
#4272=DIRECTION('',(0.E0,1.E0,0.E0));
#4273=AXIS2_PLACEMENT_3D('',#4270,#4271,#4272);
#4274=CYLINDRICAL_SURFACE('',#4273,5.E-1);
#4275=ORIENTED_EDGE('',*,*,#3587,.T.);
#4276=ORIENTED_EDGE('',*,*,#3666,.F.);
#4277=ORIENTED_EDGE('',*,*,#2681,.T.);
#4279=ORIENTED_EDGE('',*,*,#4278,.F.);
#4280=EDGE_LOOP('',(#4275,#4276,#4277,#4279));
#4281=FACE_OUTER_BOUND('',#4280,.F.);
#4283=FILL_AREA_STYLE_COLOUR('',#8);
#4284=FILL_AREA_STYLE('',(#4283));
#4285=SURFACE_STYLE_FILL_AREA(#4284);
#4286=SURFACE_SIDE_STYLE('',(#4285));
#4287=SURFACE_STYLE_USAGE(.POSITIVE.,#4286);
#4288=PRESENTATION_STYLE_ASSIGNMENT((#4287));
#4289=STYLED_ITEM('',(#4288),#4282);
#4290=CARTESIAN_POINT('',(-1.120830836104E1,5.597888138647E0,1.070217559298E1));
#4291=CARTESIAN_POINT('',(-1.117744907883E1,5.628878314764E0,1.103686654247E1));
#4292=CARTESIAN_POINT('',(-1.115553571515E1,5.390204145666E0,1.127453261807E1));
#4293=CARTESIAN_POINT('',(-1.115838101258E1,5.054093558249E0,1.124367333586E1));
#4294=CARTESIAN_POINT('',(-1.151355966625E1,5.597888138647E0,1.073032047166E1));
#4295=CARTESIAN_POINT('',(-1.170864103799E1,5.628878314764E0,1.108584367376E1));
#4296=CARTESIAN_POINT('',(-1.184716950466E1,5.390204145666E0,1.133830285842E1));
#4297=CARTESIAN_POINT('',(-1.182918254949E1,5.054093558249E0,1.130552279418E1));
#4298=CARTESIAN_POINT('',(-1.173032047166E1,5.597888138647E0,1.051355966625E1));
#4299=CARTESIAN_POINT('',(-1.208584367376E1,5.628878314764E0,1.070864103799E1));
#4300=CARTESIAN_POINT('',(-1.233830285842E1,5.390204145666E0,1.084716950466E1));
#4301=CARTESIAN_POINT('',(-1.230552279418E1,5.054093558249E0,1.082918254949E1));
#4302=CARTESIAN_POINT('',(-1.170217559298E1,5.597888138647E0,1.020830836104E1));
#4303=CARTESIAN_POINT('',(-1.203686654247E1,5.628878314764E0,1.017744907883E1));
#4304=CARTESIAN_POINT('',(-1.227453261807E1,5.390204145666E0,1.015553571515E1));
#4305=CARTESIAN_POINT('',(-1.224367333586E1,5.054093558249E0,1.015838101258E1));
#4306=(BOUNDED_SURFACE()B_SPLINE_SURFACE(3,3,((#4290,#4291,#4292,#4293),(#4294,
#4295,#4296,#4297),(#4298,#4299,#4300,#4301),(#4302,#4303,#4304,#4305)),
.UNSPECIFIED.,.F.,.F.,.F.)B_SPLINE_SURFACE_WITH_KNOTS((4,4),(4,4),(0.E0,1.E0),(
0.E0,1.E0),.UNSPECIFIED.)GEOMETRIC_REPRESENTATION_ITEM()RATIONAL_B_SPLINE_SURFACE(((1.488664452845E0,1.130589685718E0,1.130589685718E0,1.488664452845E0),(
1.130589685718E0,8.586441592052E-1,8.586441592052E-1,1.130589685718E0),(
1.130589685718E0,8.586441592052E-1,8.586441592052E-1,1.130589685718E0),(
1.488664452845E0,1.130589685718E0,1.130589685718E0,1.488664452845E0)))REPRESENTATION_ITEM('')SURFACE());
#4307=ORIENTED_EDGE('',*,*,#3589,.F.);
#4308=ORIENTED_EDGE('',*,*,#4278,.T.);
#4310=ORIENTED_EDGE('',*,*,#4309,.T.);
#4312=ORIENTED_EDGE('',*,*,#4311,.T.);
#4313=EDGE_LOOP('',(#4307,#4308,#4310,#4312));
#4314=FACE_OUTER_BOUND('',#4313,.F.);
#4316=FILL_AREA_STYLE_COLOUR('',#8);
#4317=FILL_AREA_STYLE('',(#4316));
#4318=SURFACE_STYLE_FILL_AREA(#4317);
#4319=SURFACE_SIDE_STYLE('',(#4318));
#4320=SURFACE_STYLE_USAGE(.POSITIVE.,#4319);
#4321=PRESENTATION_STYLE_ASSIGNMENT((#4320));
#4322=STYLED_ITEM('',(#4321),#4315);
#4323=CARTESIAN_POINT('',(-1.125E1,3.962273387422E1,1.025E1));
#4324=DIRECTION('',(0.E0,-1.E0,0.E0));
#4325=DIRECTION('',(0.E0,0.E0,1.E0));
#4326=AXIS2_PLACEMENT_3D('',#4323,#4324,#4325);
#4327=CYLINDRICAL_SURFACE('',#4326,1.E0);
#4328=ORIENTED_EDGE('',*,*,#4309,.F.);
#4329=ORIENTED_EDGE('',*,*,#2679,.T.);
#4330=ORIENTED_EDGE('',*,*,#3064,.F.);
#4331=ORIENTED_EDGE('',*,*,#3113,.T.);
#4332=EDGE_LOOP('',(#4328,#4329,#4330,#4331));
#4333=FACE_OUTER_BOUND('',#4332,.F.);
#4335=FILL_AREA_STYLE_COLOUR('',#8);
#4336=FILL_AREA_STYLE('',(#4335));
#4337=SURFACE_STYLE_FILL_AREA(#4336);
#4338=SURFACE_SIDE_STYLE('',(#4337));
#4339=SURFACE_STYLE_USAGE(.POSITIVE.,#4338);
#4340=PRESENTATION_STYLE_ASSIGNMENT((#4339));
#4341=STYLED_ITEM('',(#4340),#4334);
#4342=CARTESIAN_POINT('',(-1.175E1,5.1E0,-1.030853143065E1));
#4343=DIRECTION('',(0.E0,0.E0,1.E0));
#4344=DIRECTION('',(0.E0,1.E0,0.E0));
#4345=AXIS2_PLACEMENT_3D('',#4342,#4343,#4344);
#4346=CYLINDRICAL_SURFACE('',#4345,5.E-1);
#4347=ORIENTED_EDGE('',*,*,#3591,.T.);
#4348=ORIENTED_EDGE('',*,*,#4311,.F.);
#4349=ORIENTED_EDGE('',*,*,#3111,.T.);
#4350=ORIENTED_EDGE('',*,*,#3565,.F.);
#4351=EDGE_LOOP('',(#4347,#4348,#4349,#4350));
#4352=FACE_OUTER_BOUND('',#4351,.F.);
#4354=FILL_AREA_STYLE_COLOUR('',#8);
#4355=FILL_AREA_STYLE('',(#4354));
#4356=SURFACE_STYLE_FILL_AREA(#4355);
#4357=SURFACE_SIDE_STYLE('',(#4356));
#4358=SURFACE_STYLE_USAGE(.POSITIVE.,#4357);
#4359=PRESENTATION_STYLE_ASSIGNMENT((#4358));
#4360=STYLED_ITEM('',(#4359),#4353);
#4361=CARTESIAN_POINT('',(-9.942996415720E0,5.6E0,1.065402500446E1));
#4362=DIRECTION('',(0.E0,0.E0,1.E0));
#4363=DIRECTION('',(1.E0,0.E0,0.E0));
#4364=AXIS2_PLACEMENT_3D('',#4361,#4362,#4363);
#4365=PLANE('',#4364);
#4367=ORIENTED_EDGE('',*,*,#4366,.F.);
#4368=ORIENTED_EDGE('',*,*,#3602,.T.);
#4370=ORIENTED_EDGE('',*,*,#4369,.F.);
#4372=ORIENTED_EDGE('',*,*,#4371,.F.);
#4373=EDGE_LOOP('',(#4367,#4368,#4370,#4372));
#4374=FACE_OUTER_BOUND('',#4373,.F.);
#4376=FILL_AREA_STYLE_COLOUR('',#2);
#4377=FILL_AREA_STYLE('',(#4376));
#4378=SURFACE_STYLE_FILL_AREA(#4377);
#4379=SURFACE_SIDE_STYLE('',(#4378));
#4380=SURFACE_STYLE_USAGE(.POSITIVE.,#4379);
#4381=PRESENTATION_STYLE_ASSIGNMENT((#4380));
#4382=STYLED_ITEM('',(#4381),#4375);
#4383=CARTESIAN_POINT('',(8.442996415720E0,3.962273387422E1,9.154025004458E0));
#4384=DIRECTION('',(0.E0,-1.E0,0.E0));
#4385=DIRECTION('',(1.E0,0.E0,0.E0));
#4386=AXIS2_PLACEMENT_3D('',#4383,#4384,#4385);
#4387=CYLINDRICAL_SURFACE('',#4386,1.5E0);
#4388=ORIENTED_EDGE('',*,*,#4366,.T.);
#4390=ORIENTED_EDGE('',*,*,#4389,.F.);
#4392=ORIENTED_EDGE('',*,*,#4391,.T.);
#4393=ORIENTED_EDGE('',*,*,#3604,.F.);
#4394=EDGE_LOOP('',(#4388,#4390,#4392,#4393));
#4395=FACE_OUTER_BOUND('',#4394,.F.);
#4397=FILL_AREA_STYLE_COLOUR('',#2);
#4398=FILL_AREA_STYLE('',(#4397));
#4399=SURFACE_STYLE_FILL_AREA(#4398);
#4400=SURFACE_SIDE_STYLE('',(#4399));
#4401=SURFACE_STYLE_USAGE(.POSITIVE.,#4400);
#4402=PRESENTATION_STYLE_ASSIGNMENT((#4401));
#4403=STYLED_ITEM('',(#4402),#4396);
#4404=CARTESIAN_POINT('',(8.442996415720E0,1.12E1,9.154025004458E0));
#4405=DIRECTION('',(0.E0,1.E0,0.E0));
#4406=DIRECTION('',(-1.E0,0.E0,0.E0));
#4407=AXIS2_PLACEMENT_3D('',#4404,#4405,#4406);
#4408=SPHERICAL_SURFACE('',#4407,1.5E0);
#4410=ORIENTED_EDGE('',*,*,#4409,.T.);
#4412=ORIENTED_EDGE('',*,*,#4411,.T.);
#4413=ORIENTED_EDGE('',*,*,#4389,.T.);
#4414=EDGE_LOOP('',(#4410,#4412,#4413));
#4415=FACE_OUTER_BOUND('',#4414,.F.);
#4417=FILL_AREA_STYLE_COLOUR('',#2);
#4418=FILL_AREA_STYLE('',(#4417));
#4419=SURFACE_STYLE_FILL_AREA(#4418);
#4420=SURFACE_SIDE_STYLE('',(#4419));
#4421=SURFACE_STYLE_USAGE(.POSITIVE.,#4420);
#4422=PRESENTATION_STYLE_ASSIGNMENT((#4421));
#4423=STYLED_ITEM('',(#4422),#4416);
#4424=CARTESIAN_POINT('',(-4.418821417948E1,1.12E1,9.154025004458E0));
#4425=DIRECTION('',(1.E0,0.E0,0.E0));
#4426=DIRECTION('',(0.E0,1.E0,0.E0));
#4427=AXIS2_PLACEMENT_3D('',#4424,#4425,#4426);
#4428=CYLINDRICAL_SURFACE('',#4427,1.5E0);
#4429=ORIENTED_EDGE('',*,*,#4371,.T.);
#4431=ORIENTED_EDGE('',*,*,#4430,.F.);
#4433=ORIENTED_EDGE('',*,*,#4432,.T.);
#4434=ORIENTED_EDGE('',*,*,#4409,.F.);
#4435=EDGE_LOOP('',(#4429,#4431,#4433,#4434));
#4436=FACE_OUTER_BOUND('',#4435,.F.);
#4438=FILL_AREA_STYLE_COLOUR('',#2);
#4439=FILL_AREA_STYLE('',(#4438));
#4440=SURFACE_STYLE_FILL_AREA(#4439);
#4441=SURFACE_SIDE_STYLE('',(#4440));
#4442=SURFACE_STYLE_USAGE(.POSITIVE.,#4441);
#4443=PRESENTATION_STYLE_ASSIGNMENT((#4442));
#4444=STYLED_ITEM('',(#4443),#4437);
#4445=CARTESIAN_POINT('',(-8.442996415720E0,1.12E1,9.154025004458E0));
#4446=DIRECTION('',(0.E0,1.E0,0.E0));
#4447=DIRECTION('',(0.E0,0.E0,-1.E0));
#4448=AXIS2_PLACEMENT_3D('',#4445,#4446,#4447);
#4449=SPHERICAL_SURFACE('',#4448,1.5E0);
#4451=ORIENTED_EDGE('',*,*,#4450,.T.);
#4453=ORIENTED_EDGE('',*,*,#4452,.T.);
#4454=ORIENTED_EDGE('',*,*,#4430,.T.);
#4455=EDGE_LOOP('',(#4451,#4453,#4454));
#4456=FACE_OUTER_BOUND('',#4455,.F.);
#4458=FILL_AREA_STYLE_COLOUR('',#2);
#4459=FILL_AREA_STYLE('',(#4458));
#4460=SURFACE_STYLE_FILL_AREA(#4459);
#4461=SURFACE_SIDE_STYLE('',(#4460));
#4462=SURFACE_STYLE_USAGE(.POSITIVE.,#4461);
#4463=PRESENTATION_STYLE_ASSIGNMENT((#4462));
#4464=STYLED_ITEM('',(#4463),#4457);
#4465=CARTESIAN_POINT('',(-8.442996415720E0,3.962273387422E1,9.154025004458E0));
#4466=DIRECTION('',(0.E0,-1.E0,0.E0));
#4467=DIRECTION('',(0.E0,0.E0,1.E0));
#4468=AXIS2_PLACEMENT_3D('',#4465,#4466,#4467);
#4469=CYLINDRICAL_SURFACE('',#4468,1.5E0);
#4471=ORIENTED_EDGE('',*,*,#4470,.T.);
#4472=ORIENTED_EDGE('',*,*,#4450,.F.);
#4473=ORIENTED_EDGE('',*,*,#4369,.T.);
#4474=ORIENTED_EDGE('',*,*,#3632,.F.);
#4475=EDGE_LOOP('',(#4471,#4472,#4473,#4474));
#4476=FACE_OUTER_BOUND('',#4475,.F.);
#4478=FILL_AREA_STYLE_COLOUR('',#2);
#4479=FILL_AREA_STYLE('',(#4478));
#4480=SURFACE_STYLE_FILL_AREA(#4479);
#4481=SURFACE_SIDE_STYLE('',(#4480));
#4482=SURFACE_STYLE_USAGE(.POSITIVE.,#4481);
#4483=PRESENTATION_STYLE_ASSIGNMENT((#4482));
#4484=STYLED_ITEM('',(#4483),#4477);
#4485=CARTESIAN_POINT('',(-9.942996415720E0,5.6E0,-1.065402500446E1));
#4486=DIRECTION('',(-1.E0,0.E0,0.E0));
#4487=DIRECTION('',(0.E0,0.E0,1.E0));
#4488=AXIS2_PLACEMENT_3D('',#4485,#4486,#4487);
#4489=PLANE('',#4488);
#4491=ORIENTED_EDGE('',*,*,#4490,.F.);
#4492=ORIENTED_EDGE('',*,*,#4470,.F.);
#4493=ORIENTED_EDGE('',*,*,#3630,.T.);
#4495=ORIENTED_EDGE('',*,*,#4494,.F.);
#4496=EDGE_LOOP('',(#4491,#4492,#4493,#4495));
#4497=FACE_OUTER_BOUND('',#4496,.F.);
#4499=FILL_AREA_STYLE_COLOUR('',#2);
#4500=FILL_AREA_STYLE('',(#4499));
#4501=SURFACE_STYLE_FILL_AREA(#4500);
#4502=SURFACE_SIDE_STYLE('',(#4501));
#4503=SURFACE_STYLE_USAGE(.POSITIVE.,#4502);
#4504=PRESENTATION_STYLE_ASSIGNMENT((#4503));
#4505=STYLED_ITEM('',(#4504),#4498);
#4506=CARTESIAN_POINT('',(-8.442996415720E0,1.12E1,-4.0581E1));
#4507=DIRECTION('',(0.E0,0.E0,1.E0));
#4508=DIRECTION('',(0.E0,1.E0,0.E0));
#4509=AXIS2_PLACEMENT_3D('',#4506,#4507,#4508);
#4510=CYLINDRICAL_SURFACE('',#4509,1.5E0);
#4512=ORIENTED_EDGE('',*,*,#4511,.T.);
#4513=ORIENTED_EDGE('',*,*,#4452,.F.);
#4514=ORIENTED_EDGE('',*,*,#4490,.T.);
#4516=ORIENTED_EDGE('',*,*,#4515,.F.);
#4517=EDGE_LOOP('',(#4512,#4513,#4514,#4516));
#4518=FACE_OUTER_BOUND('',#4517,.F.);
#4520=FILL_AREA_STYLE_COLOUR('',#2);
#4521=FILL_AREA_STYLE('',(#4520));
#4522=SURFACE_STYLE_FILL_AREA(#4521);
#4523=SURFACE_SIDE_STYLE('',(#4522));
#4524=SURFACE_STYLE_USAGE(.POSITIVE.,#4523);
#4525=PRESENTATION_STYLE_ASSIGNMENT((#4524));
#4526=STYLED_ITEM('',(#4525),#4519);
#4527=CARTESIAN_POINT('',(0.E0,1.27E1,1.125E1));
#4528=DIRECTION('',(0.E0,1.E0,0.E0));
#4529=DIRECTION('',(1.E0,0.E0,0.E0));
#4530=AXIS2_PLACEMENT_3D('',#4527,#4528,#4529);
#4531=PLANE('',#4530);
#4533=ORIENTED_EDGE('',*,*,#4532,.T.);
#4535=ORIENTED_EDGE('',*,*,#4534,.T.);
#4537=ORIENTED_EDGE('',*,*,#4536,.T.);
#4539=ORIENTED_EDGE('',*,*,#4538,.F.);
#4541=ORIENTED_EDGE('',*,*,#4540,.T.);
#4543=ORIENTED_EDGE('',*,*,#4542,.F.);
#4545=ORIENTED_EDGE('',*,*,#4544,.T.);
#4547=ORIENTED_EDGE('',*,*,#4546,.T.);
#4549=ORIENTED_EDGE('',*,*,#4548,.F.);
#4550=ORIENTED_EDGE('',*,*,#4432,.F.);
#4551=ORIENTED_EDGE('',*,*,#4511,.F.);
#4553=ORIENTED_EDGE('',*,*,#4552,.T.);
#4554=EDGE_LOOP('',(#4533,#4535,#4537,#4539,#4541,#4543,#4545,#4547,#4549,#4550,
#4551,#4553));
#4555=FACE_OUTER_BOUND('',#4554,.F.);
#4557=FILL_AREA_STYLE_COLOUR('',#2);
#4558=FILL_AREA_STYLE('',(#4557));
#4559=SURFACE_STYLE_FILL_AREA(#4558);
#4560=SURFACE_SIDE_STYLE('',(#4559));
#4561=SURFACE_STYLE_USAGE(.POSITIVE.,#4560);
#4562=PRESENTATION_STYLE_ASSIGNMENT((#4561));
#4563=STYLED_ITEM('',(#4562),#4556);
#4564=CARTESIAN_POINT('',(3.486149792735E0,5.6E0,8.25E0));
#4565=DIRECTION('',(0.E0,0.E0,-1.E0));
#4566=DIRECTION('',(-1.E0,0.E0,0.E0));
#4567=AXIS2_PLACEMENT_3D('',#4564,#4565,#4566);
#4568=PLANE('',#4567);
#4570=ORIENTED_EDGE('',*,*,#4569,.F.);
#4571=ORIENTED_EDGE('',*,*,#4532,.F.);
#4573=ORIENTED_EDGE('',*,*,#4572,.T.);
#4574=EDGE_LOOP('',(#4570,#4571,#4573));
#4575=FACE_OUTER_BOUND('',#4574,.F.);
#4577=CARTESIAN_POINT('',(-8.E-1,5.6E0,1.125E1));
#4578=DIRECTION('',(1.E0,0.E0,0.E0));
#4579=DIRECTION('',(0.E0,1.E0,0.E0));
#4580=AXIS2_PLACEMENT_3D('',#4577,#4578,#4579);
#4581=PLANE('',#4580);
#4583=ORIENTED_EDGE('',*,*,#4582,.F.);
#4585=ORIENTED_EDGE('',*,*,#4584,.T.);
#4587=ORIENTED_EDGE('',*,*,#4586,.F.);
#4588=ORIENTED_EDGE('',*,*,#4534,.F.);
#4589=ORIENTED_EDGE('',*,*,#4569,.T.);
#4591=ORIENTED_EDGE('',*,*,#4590,.T.);
#4593=ORIENTED_EDGE('',*,*,#4592,.F.);
#4595=ORIENTED_EDGE('',*,*,#4594,.F.);
#4597=ORIENTED_EDGE('',*,*,#4596,.F.);
#4599=ORIENTED_EDGE('',*,*,#4598,.T.);
#4600=EDGE_LOOP('',(#4583,#4585,#4587,#4588,#4589,#4591,#4593,#4595,#4597,
#4599));
#4601=FACE_OUTER_BOUND('',#4600,.F.);
#4603=FILL_AREA_STYLE_COLOUR('',#8);
#4604=FILL_AREA_STYLE('',(#4603));
#4605=SURFACE_STYLE_FILL_AREA(#4604);
#4606=SURFACE_SIDE_STYLE('',(#4605));
#4607=SURFACE_STYLE_USAGE(.POSITIVE.,#4606);
#4608=PRESENTATION_STYLE_ASSIGNMENT((#4607));
#4609=STYLED_ITEM('',(#4608),#4602);
#4610=CARTESIAN_POINT('',(-3.E-1,3.962273387422E1,-7.75E0));
#4611=DIRECTION('',(0.E0,-1.E0,0.E0));
#4612=DIRECTION('',(-1.E0,0.E0,0.E0));
#4613=AXIS2_PLACEMENT_3D('',#4610,#4611,#4612);
#4614=CYLINDRICAL_SURFACE('',#4613,5.E-1);
#4616=ORIENTED_EDGE('',*,*,#4615,.T.);
#4618=ORIENTED_EDGE('',*,*,#4617,.F.);
#4619=ORIENTED_EDGE('',*,*,#4582,.T.);
#4621=ORIENTED_EDGE('',*,*,#4620,.F.);
#4622=EDGE_LOOP('',(#4616,#4618,#4619,#4621));
#4623=FACE_OUTER_BOUND('',#4622,.F.);
#4625=FILL_AREA_STYLE_COLOUR('',#8);
#4626=FILL_AREA_STYLE('',(#4625));
#4627=SURFACE_STYLE_FILL_AREA(#4626);
#4628=SURFACE_SIDE_STYLE('',(#4627));
#4629=SURFACE_STYLE_USAGE(.POSITIVE.,#4628);
#4630=PRESENTATION_STYLE_ASSIGNMENT((#4629));
#4631=STYLED_ITEM('',(#4630),#4624);
#4632=CARTESIAN_POINT('',(-1.715246556949E1,1.55E1,-8.25E0));
#4633=DIRECTION('',(0.E0,0.E0,1.E0));
#4634=DIRECTION('',(1.E0,0.E0,0.E0));
#4635=AXIS2_PLACEMENT_3D('',#4632,#4633,#4634);
#4636=PLANE('',#4635);
#4637=ORIENTED_EDGE('',*,*,#4615,.F.);
#4639=ORIENTED_EDGE('',*,*,#4638,.F.);
#4641=ORIENTED_EDGE('',*,*,#4640,.F.);
#4643=ORIENTED_EDGE('',*,*,#4642,.T.);
#4644=EDGE_LOOP('',(#4637,#4639,#4641,#4643));
#4645=FACE_OUTER_BOUND('',#4644,.F.);
#4647=FILL_AREA_STYLE_COLOUR('',#25);
#4648=FILL_AREA_STYLE('',(#4647));
#4649=SURFACE_STYLE_FILL_AREA(#4648);
#4650=SURFACE_SIDE_STYLE('',(#4649));
#4651=SURFACE_STYLE_USAGE(.POSITIVE.,#4650);
#4652=PRESENTATION_STYLE_ASSIGNMENT((#4651));
#4653=STYLED_ITEM('',(#4652),#4646);
#4654=CARTESIAN_POINT('',(0.E0,1.27E1,1.125E1));
#4655=DIRECTION('',(0.E0,1.E0,0.E0));
#4656=DIRECTION('',(1.E0,0.E0,0.E0));
#4657=AXIS2_PLACEMENT_3D('',#4654,#4655,#4656);
#4658=PLANE('',#4657);
#4660=ORIENTED_EDGE('',*,*,#4659,.T.);
#4662=ORIENTED_EDGE('',*,*,#4661,.T.);
#4664=ORIENTED_EDGE('',*,*,#4663,.T.);
#4665=ORIENTED_EDGE('',*,*,#4638,.T.);
#4666=ORIENTED_EDGE('',*,*,#4620,.T.);
#4667=ORIENTED_EDGE('',*,*,#4598,.F.);
#4669=ORIENTED_EDGE('',*,*,#4668,.T.);
#4671=ORIENTED_EDGE('',*,*,#4670,.T.);
#4673=ORIENTED_EDGE('',*,*,#4672,.F.);
#4675=ORIENTED_EDGE('',*,*,#4674,.F.);
#4677=ORIENTED_EDGE('',*,*,#4676,.F.);
#4679=ORIENTED_EDGE('',*,*,#4678,.T.);
#4680=EDGE_LOOP('',(#4660,#4662,#4664,#4665,#4666,#4667,#4669,#4671,#4673,#4675,
#4677,#4679));
#4681=FACE_OUTER_BOUND('',#4680,.F.);
#4683=FILL_AREA_STYLE_COLOUR('',#2);
#4684=FILL_AREA_STYLE('',(#4683));
#4685=SURFACE_STYLE_FILL_AREA(#4684);
#4686=SURFACE_SIDE_STYLE('',(#4685));
#4687=SURFACE_STYLE_USAGE(.POSITIVE.,#4686);
#4688=PRESENTATION_STYLE_ASSIGNMENT((#4687));
#4689=STYLED_ITEM('',(#4688),#4682);
#4690=CARTESIAN_POINT('',(-3.486149792735E0,5.6E0,-8.25E0));
#4691=DIRECTION('',(0.E0,0.E0,1.E0));
#4692=DIRECTION('',(1.E0,0.E0,0.E0));
#4693=AXIS2_PLACEMENT_3D('',#4690,#4691,#4692);
#4694=PLANE('',#4693);
#4696=ORIENTED_EDGE('',*,*,#4695,.F.);
#4697=ORIENTED_EDGE('',*,*,#4659,.F.);
#4699=ORIENTED_EDGE('',*,*,#4698,.T.);
#4700=EDGE_LOOP('',(#4696,#4697,#4699));
#4701=FACE_OUTER_BOUND('',#4700,.F.);
#4703=CARTESIAN_POINT('',(8.E-1,2.030055961407E1,1.125E1));
#4704=DIRECTION('',(-1.E0,0.E0,0.E0));
#4705=DIRECTION('',(0.E0,-1.E0,0.E0));
#4706=AXIS2_PLACEMENT_3D('',#4703,#4704,#4705);
#4707=PLANE('',#4706);
#4709=ORIENTED_EDGE('',*,*,#4708,.F.);
#4710=ORIENTED_EDGE('',*,*,#4661,.F.);
#4711=ORIENTED_EDGE('',*,*,#4695,.T.);
#4713=ORIENTED_EDGE('',*,*,#4712,.T.);
#4715=ORIENTED_EDGE('',*,*,#4714,.T.);
#4717=ORIENTED_EDGE('',*,*,#4716,.F.);
#4719=ORIENTED_EDGE('',*,*,#4718,.F.);
#4720=ORIENTED_EDGE('',*,*,#4542,.T.);
#4722=ORIENTED_EDGE('',*,*,#4721,.F.);
#4724=ORIENTED_EDGE('',*,*,#4723,.F.);
#4725=EDGE_LOOP('',(#4709,#4710,#4711,#4713,#4715,#4717,#4719,#4720,#4722,
#4724));
#4726=FACE_OUTER_BOUND('',#4725,.F.);
#4728=FILL_AREA_STYLE_COLOUR('',#8);
#4729=FILL_AREA_STYLE('',(#4728));
#4730=SURFACE_STYLE_FILL_AREA(#4729);
#4731=SURFACE_SIDE_STYLE('',(#4730));
#4732=SURFACE_STYLE_USAGE(.POSITIVE.,#4731);
#4733=PRESENTATION_STYLE_ASSIGNMENT((#4732));
#4734=STYLED_ITEM('',(#4733),#4727);
#4735=CARTESIAN_POINT('',(3.E-1,-2.712007114014E1,-7.75E0));
#4736=DIRECTION('',(0.E0,1.E0,0.E0));
#4737=DIRECTION('',(1.E0,0.E0,0.E0));
#4738=AXIS2_PLACEMENT_3D('',#4735,#4736,#4737);
#4739=CYLINDRICAL_SURFACE('',#4738,5.E-1);
#4741=ORIENTED_EDGE('',*,*,#4740,.F.);
#4742=ORIENTED_EDGE('',*,*,#4640,.T.);
#4743=ORIENTED_EDGE('',*,*,#4663,.F.);
#4744=ORIENTED_EDGE('',*,*,#4708,.T.);
#4745=EDGE_LOOP('',(#4741,#4742,#4743,#4744));
#4746=FACE_OUTER_BOUND('',#4745,.F.);
#4748=FILL_AREA_STYLE_COLOUR('',#8);
#4749=FILL_AREA_STYLE('',(#4748));
#4750=SURFACE_STYLE_FILL_AREA(#4749);
#4751=SURFACE_SIDE_STYLE('',(#4750));
#4752=SURFACE_STYLE_USAGE(.POSITIVE.,#4751);
#4753=PRESENTATION_STYLE_ASSIGNMENT((#4752));
#4754=STYLED_ITEM('',(#4753),#4747);
#4755=CARTESIAN_POINT('',(0.E0,1.3E1,0.E0));
#4756=DIRECTION('',(0.E0,1.E0,0.E0));
#4757=DIRECTION('',(1.E0,0.E0,0.E0));
#4758=AXIS2_PLACEMENT_3D('',#4755,#4756,#4757);
#4759=PLANE('',#4758);
#4760=ORIENTED_EDGE('',*,*,#4617,.T.);
#4761=ORIENTED_EDGE('',*,*,#4642,.F.);
#4762=ORIENTED_EDGE('',*,*,#4740,.T.);
#4763=ORIENTED_EDGE('',*,*,#4723,.T.);
#4765=ORIENTED_EDGE('',*,*,#4764,.T.);
#4767=ORIENTED_EDGE('',*,*,#4766,.T.);
#4769=ORIENTED_EDGE('',*,*,#4768,.T.);
#4770=ORIENTED_EDGE('',*,*,#4584,.F.);
#4771=EDGE_LOOP('',(#4760,#4761,#4762,#4763,#4765,#4767,#4769,#4770));
#4772=FACE_OUTER_BOUND('',#4771,.F.);
#4774=FILL_AREA_STYLE_COLOUR('',#8);
#4775=FILL_AREA_STYLE('',(#4774));
#4776=SURFACE_STYLE_FILL_AREA(#4775);
#4777=SURFACE_SIDE_STYLE('',(#4776));
#4778=SURFACE_STYLE_USAGE(.POSITIVE.,#4777);
#4779=PRESENTATION_STYLE_ASSIGNMENT((#4778));
#4780=STYLED_ITEM('',(#4779),#4773);
#4781=CARTESIAN_POINT('',(3.E-1,3.962273387422E1,7.75E0));
#4782=DIRECTION('',(0.E0,-1.E0,0.E0));
#4783=DIRECTION('',(1.E0,0.E0,0.E0));
#4784=AXIS2_PLACEMENT_3D('',#4781,#4782,#4783);
#4785=CYLINDRICAL_SURFACE('',#4784,5.E-1);
#4787=ORIENTED_EDGE('',*,*,#4786,.T.);
#4788=ORIENTED_EDGE('',*,*,#4764,.F.);
#4789=ORIENTED_EDGE('',*,*,#4721,.T.);
#4790=ORIENTED_EDGE('',*,*,#4540,.F.);
#4791=EDGE_LOOP('',(#4787,#4788,#4789,#4790));
#4792=FACE_OUTER_BOUND('',#4791,.F.);
#4794=FILL_AREA_STYLE_COLOUR('',#8);
#4795=FILL_AREA_STYLE('',(#4794));
#4796=SURFACE_STYLE_FILL_AREA(#4795);
#4797=SURFACE_SIDE_STYLE('',(#4796));
#4798=SURFACE_STYLE_USAGE(.POSITIVE.,#4797);
#4799=PRESENTATION_STYLE_ASSIGNMENT((#4798));
#4800=STYLED_ITEM('',(#4799),#4793);
#4801=CARTESIAN_POINT('',(-1.715246556949E1,1.55E1,8.25E0));
#4802=DIRECTION('',(0.E0,0.E0,1.E0));
#4803=DIRECTION('',(1.E0,0.E0,0.E0));
#4804=AXIS2_PLACEMENT_3D('',#4801,#4802,#4803);
#4805=PLANE('',#4804);
#4807=ORIENTED_EDGE('',*,*,#4806,.F.);
#4808=ORIENTED_EDGE('',*,*,#4766,.F.);
#4809=ORIENTED_EDGE('',*,*,#4786,.F.);
#4810=ORIENTED_EDGE('',*,*,#4538,.T.);
#4811=EDGE_LOOP('',(#4807,#4808,#4809,#4810));
#4812=FACE_OUTER_BOUND('',#4811,.F.);
#4814=FILL_AREA_STYLE_COLOUR('',#25);
#4815=FILL_AREA_STYLE('',(#4814));
#4816=SURFACE_STYLE_FILL_AREA(#4815);
#4817=SURFACE_SIDE_STYLE('',(#4816));
#4818=SURFACE_STYLE_USAGE(.POSITIVE.,#4817);
#4819=PRESENTATION_STYLE_ASSIGNMENT((#4818));
#4820=STYLED_ITEM('',(#4819),#4813);
#4821=CARTESIAN_POINT('',(-3.E-1,-2.712007114014E1,7.75E0));
#4822=DIRECTION('',(0.E0,1.E0,0.E0));
#4823=DIRECTION('',(-1.E0,0.E0,0.E0));
#4824=AXIS2_PLACEMENT_3D('',#4821,#4822,#4823);
#4825=CYLINDRICAL_SURFACE('',#4824,5.E-1);
#4826=ORIENTED_EDGE('',*,*,#4768,.F.);
#4827=ORIENTED_EDGE('',*,*,#4806,.T.);
#4828=ORIENTED_EDGE('',*,*,#4536,.F.);
#4829=ORIENTED_EDGE('',*,*,#4586,.T.);
#4830=EDGE_LOOP('',(#4826,#4827,#4828,#4829));
#4831=FACE_OUTER_BOUND('',#4830,.F.);
#4833=FILL_AREA_STYLE_COLOUR('',#8);
#4834=FILL_AREA_STYLE('',(#4833));
#4835=SURFACE_STYLE_FILL_AREA(#4834);
#4836=SURFACE_SIDE_STYLE('',(#4835));
#4837=SURFACE_STYLE_USAGE(.POSITIVE.,#4836);
#4838=PRESENTATION_STYLE_ASSIGNMENT((#4837));
#4839=STYLED_ITEM('',(#4838),#4832);
#4840=CARTESIAN_POINT('',(-3.486149792735E0,5.6E0,-8.25E0));
#4841=DIRECTION('',(0.E0,0.E0,1.E0));
#4842=DIRECTION('',(1.E0,0.E0,0.E0));
#4843=AXIS2_PLACEMENT_3D('',#4840,#4841,#4842);
#4844=PLANE('',#4843);
#4845=ORIENTED_EDGE('',*,*,#4712,.F.);
#4847=ORIENTED_EDGE('',*,*,#4846,.T.);
#4849=ORIENTED_EDGE('',*,*,#4848,.T.);
#4850=EDGE_LOOP('',(#4845,#4847,#4849));
#4851=FACE_OUTER_BOUND('',#4850,.F.);
#4853=CARTESIAN_POINT('',(6.525E0,9.775E0,1.125E1));
#4854=DIRECTION('',(0.E0,0.E0,1.E0));
#4855=DIRECTION('',(1.E0,0.E0,0.E0));
#4856=AXIS2_PLACEMENT_3D('',#4853,#4854,#4855);
#4857=CYLINDRICAL_SURFACE('',#4856,5.725E0);
#4859=ORIENTED_EDGE('',*,*,#4858,.F.);
#4861=ORIENTED_EDGE('',*,*,#4860,.F.);
#4863=ORIENTED_EDGE('',*,*,#4862,.T.);
#4864=ORIENTED_EDGE('',*,*,#4846,.F.);
#4865=ORIENTED_EDGE('',*,*,#4698,.F.);
#4867=ORIENTED_EDGE('',*,*,#4866,.F.);
#4869=ORIENTED_EDGE('',*,*,#4868,.F.);
#4870=ORIENTED_EDGE('',*,*,#3610,.T.);
#4872=ORIENTED_EDGE('',*,*,#4871,.F.);
#4874=ORIENTED_EDGE('',*,*,#4873,.F.);
#4875=EDGE_LOOP('',(#4859,#4861,#4863,#4864,#4865,#4867,#4869,#4870,#4872,
#4874));
#4876=FACE_OUTER_BOUND('',#4875,.F.);
#4878=FILL_AREA_STYLE_COLOUR('',#25);
#4879=FILL_AREA_STYLE('',(#4878));
#4880=SURFACE_STYLE_FILL_AREA(#4879);
#4881=SURFACE_SIDE_STYLE('',(#4880));
#4882=SURFACE_STYLE_USAGE(.POSITIVE.,#4881);
#4883=PRESENTATION_STYLE_ASSIGNMENT((#4882));
#4884=STYLED_ITEM('',(#4883),#4877);
#4885=CARTESIAN_POINT('',(3.486149792735E0,5.6E0,8.25E0));
#4886=DIRECTION('',(0.E0,0.E0,-1.E0));
#4887=DIRECTION('',(-1.E0,0.E0,0.E0));
#4888=AXIS2_PLACEMENT_3D('',#4885,#4886,#4887);
#4889=PLANE('',#4888);
#4890=ORIENTED_EDGE('',*,*,#4718,.T.);
#4891=ORIENTED_EDGE('',*,*,#4858,.T.);
#4892=ORIENTED_EDGE('',*,*,#4544,.F.);
#4893=EDGE_LOOP('',(#4890,#4891,#4892));
#4894=FACE_OUTER_BOUND('',#4893,.F.);
#4896=CARTESIAN_POINT('',(3.486149792735E0,5.6E0,8.25E0));
#4897=DIRECTION('',(0.E0,0.E0,-1.E0));
#4898=DIRECTION('',(-1.E0,0.E0,0.E0));
#4899=AXIS2_PLACEMENT_3D('',#4896,#4897,#4898);
#4900=PLANE('',#4899);
#4901=ORIENTED_EDGE('',*,*,#4860,.T.);
#4902=ORIENTED_EDGE('',*,*,#4716,.T.);
#4904=ORIENTED_EDGE('',*,*,#4903,.T.);
#4905=EDGE_LOOP('',(#4901,#4902,#4904));
#4906=FACE_OUTER_BOUND('',#4905,.F.);
#4908=CARTESIAN_POINT('',(8.E-1,5.6E0,1.125E1));
#4909=DIRECTION('',(0.E0,-1.E0,0.E0));
#4910=DIRECTION('',(1.E0,0.E0,0.E0));
#4911=AXIS2_PLACEMENT_3D('',#4908,#4909,#4910);
#4912=PLANE('',#4911);
#4913=ORIENTED_EDGE('',*,*,#4903,.F.);
#4914=ORIENTED_EDGE('',*,*,#4714,.F.);
#4915=ORIENTED_EDGE('',*,*,#4848,.F.);
#4916=ORIENTED_EDGE('',*,*,#4862,.F.);
#4917=EDGE_LOOP('',(#4913,#4914,#4915,#4916));
#4918=FACE_OUTER_BOUND('',#4917,.F.);
#4920=FILL_AREA_STYLE_COLOUR('',#8);
#4921=FILL_AREA_STYLE('',(#4920));
#4922=SURFACE_STYLE_FILL_AREA(#4921);
#4923=SURFACE_SIDE_STYLE('',(#4922));
#4924=SURFACE_STYLE_USAGE(.POSITIVE.,#4923);
#4925=PRESENTATION_STYLE_ASSIGNMENT((#4924));
#4926=STYLED_ITEM('',(#4925),#4919);
#4927=CARTESIAN_POINT('',(-1.715246556949E1,1.55E1,-8.25E0));
#4928=DIRECTION('',(0.E0,0.E0,1.E0));
#4929=DIRECTION('',(1.E0,0.E0,0.E0));
#4930=AXIS2_PLACEMENT_3D('',#4927,#4928,#4929);
#4931=PLANE('',#4930);
#4932=ORIENTED_EDGE('',*,*,#4678,.F.);
#4934=ORIENTED_EDGE('',*,*,#4933,.T.);
#4936=ORIENTED_EDGE('',*,*,#4935,.T.);
#4937=ORIENTED_EDGE('',*,*,#3612,.F.);
#4938=ORIENTED_EDGE('',*,*,#4868,.T.);
#4939=ORIENTED_EDGE('',*,*,#4866,.T.);
#4940=EDGE_LOOP('',(#4932,#4934,#4936,#4937,#4938,#4939));
#4941=FACE_OUTER_BOUND('',#4940,.F.);
#4943=FILL_AREA_STYLE_COLOUR('',#25);
#4944=FILL_AREA_STYLE('',(#4943));
#4945=SURFACE_STYLE_FILL_AREA(#4944);
#4946=SURFACE_SIDE_STYLE('',(#4945));
#4947=SURFACE_STYLE_USAGE(.POSITIVE.,#4946);
#4948=PRESENTATION_STYLE_ASSIGNMENT((#4947));
#4949=STYLED_ITEM('',(#4948),#4942);
#4950=CARTESIAN_POINT('',(8.442996415720E0,1.12E1,4.0581E1));
#4951=DIRECTION('',(0.E0,0.E0,-1.E0));
#4952=DIRECTION('',(0.E0,1.E0,0.E0));
#4953=AXIS2_PLACEMENT_3D('',#4950,#4951,#4952);
#4954=CYLINDRICAL_SURFACE('',#4953,1.5E0);
#4955=ORIENTED_EDGE('',*,*,#4676,.T.);
#4957=ORIENTED_EDGE('',*,*,#4956,.F.);
#4959=ORIENTED_EDGE('',*,*,#4958,.T.);
#4960=ORIENTED_EDGE('',*,*,#4933,.F.);
#4961=EDGE_LOOP('',(#4955,#4957,#4959,#4960));
#4962=FACE_OUTER_BOUND('',#4961,.F.);
#4964=FILL_AREA_STYLE_COLOUR('',#2);
#4965=FILL_AREA_STYLE('',(#4964));
#4966=SURFACE_STYLE_FILL_AREA(#4965);
#4967=SURFACE_SIDE_STYLE('',(#4966));
#4968=SURFACE_STYLE_USAGE(.POSITIVE.,#4967);
#4969=PRESENTATION_STYLE_ASSIGNMENT((#4968));
#4970=STYLED_ITEM('',(#4969),#4963);
#4971=CARTESIAN_POINT('',(8.442996415720E0,1.12E1,-9.154025004458E0));
#4972=DIRECTION('',(1.E0,0.E0,0.E0));
#4973=DIRECTION('',(0.E0,0.E0,-1.E0));
#4974=AXIS2_PLACEMENT_3D('',#4971,#4972,#4973);
#4975=SPHERICAL_SURFACE('',#4974,1.5E0);
#4977=ORIENTED_EDGE('',*,*,#4976,.T.);
#4979=ORIENTED_EDGE('',*,*,#4978,.T.);
#4980=ORIENTED_EDGE('',*,*,#4956,.T.);
#4981=EDGE_LOOP('',(#4977,#4979,#4980));
#4982=FACE_OUTER_BOUND('',#4981,.F.);
#4984=FILL_AREA_STYLE_COLOUR('',#2);
#4985=FILL_AREA_STYLE('',(#4984));
#4986=SURFACE_STYLE_FILL_AREA(#4985);
#4987=SURFACE_SIDE_STYLE('',(#4986));
#4988=SURFACE_STYLE_USAGE(.POSITIVE.,#4987);
#4989=PRESENTATION_STYLE_ASSIGNMENT((#4988));
#4990=STYLED_ITEM('',(#4989),#4983);
#4991=CARTESIAN_POINT('',(4.418821417948E1,1.12E1,-9.154025004458E0));
#4992=DIRECTION('',(-1.E0,0.E0,0.E0));
#4993=DIRECTION('',(0.E0,1.E0,0.E0));
#4994=AXIS2_PLACEMENT_3D('',#4991,#4992,#4993);
#4995=CYLINDRICAL_SURFACE('',#4994,1.5E0);
#4997=ORIENTED_EDGE('',*,*,#4996,.T.);
#4998=ORIENTED_EDGE('',*,*,#4976,.F.);
#4999=ORIENTED_EDGE('',*,*,#4674,.T.);
#5001=ORIENTED_EDGE('',*,*,#5000,.F.);
#5002=EDGE_LOOP('',(#4997,#4998,#4999,#5001));
#5003=FACE_OUTER_BOUND('',#5002,.F.);
#5005=FILL_AREA_STYLE_COLOUR('',#2);
#5006=FILL_AREA_STYLE('',(#5005));
#5007=SURFACE_STYLE_FILL_AREA(#5006);
#5008=SURFACE_SIDE_STYLE('',(#5007));
#5009=SURFACE_STYLE_USAGE(.POSITIVE.,#5008);
#5010=PRESENTATION_STYLE_ASSIGNMENT((#5009));
#5011=STYLED_ITEM('',(#5010),#5004);
#5012=CARTESIAN_POINT('',(9.942996415720E0,5.6E0,-1.065402500446E1));
#5013=DIRECTION('',(0.E0,0.E0,-1.E0));
#5014=DIRECTION('',(-1.E0,0.E0,0.E0));
#5015=AXIS2_PLACEMENT_3D('',#5012,#5013,#5014);
#5016=PLANE('',#5015);
#5018=ORIENTED_EDGE('',*,*,#5017,.F.);
#5019=ORIENTED_EDGE('',*,*,#4996,.F.);
#5021=ORIENTED_EDGE('',*,*,#5020,.F.);
#5022=ORIENTED_EDGE('',*,*,#3618,.T.);
#5023=EDGE_LOOP('',(#5018,#5019,#5021,#5022));
#5024=FACE_OUTER_BOUND('',#5023,.F.);
#5026=FILL_AREA_STYLE_COLOUR('',#2);
#5027=FILL_AREA_STYLE('',(#5026));
#5028=SURFACE_STYLE_FILL_AREA(#5027);
#5029=SURFACE_SIDE_STYLE('',(#5028));
#5030=SURFACE_STYLE_USAGE(.POSITIVE.,#5029);
#5031=PRESENTATION_STYLE_ASSIGNMENT((#5030));
#5032=STYLED_ITEM('',(#5031),#5025);
#5033=CARTESIAN_POINT('',(8.442996415720E0,3.962273387422E1,-9.154025004458E0));
#5034=DIRECTION('',(0.E0,-1.E0,0.E0));
#5035=DIRECTION('',(0.E0,0.E0,-1.E0));
#5036=AXIS2_PLACEMENT_3D('',#5033,#5034,#5035);
#5037=CYLINDRICAL_SURFACE('',#5036,1.5E0);
#5039=ORIENTED_EDGE('',*,*,#5038,.T.);
#5040=ORIENTED_EDGE('',*,*,#4978,.F.);
#5041=ORIENTED_EDGE('',*,*,#5017,.T.);
#5042=ORIENTED_EDGE('',*,*,#3616,.F.);
#5043=EDGE_LOOP('',(#5039,#5040,#5041,#5042));
#5044=FACE_OUTER_BOUND('',#5043,.F.);
#5046=FILL_AREA_STYLE_COLOUR('',#2);
#5047=FILL_AREA_STYLE('',(#5046));
#5048=SURFACE_STYLE_FILL_AREA(#5047);
#5049=SURFACE_SIDE_STYLE('',(#5048));
#5050=SURFACE_STYLE_USAGE(.POSITIVE.,#5049);
#5051=PRESENTATION_STYLE_ASSIGNMENT((#5050));
#5052=STYLED_ITEM('',(#5051),#5045);
#5053=CARTESIAN_POINT('',(9.942996415720E0,5.6E0,1.065402500446E1));
#5054=DIRECTION('',(1.E0,0.E0,0.E0));
#5055=DIRECTION('',(0.E0,0.E0,-1.E0));
#5056=AXIS2_PLACEMENT_3D('',#5053,#5054,#5055);
#5057=PLANE('',#5056);
#5058=ORIENTED_EDGE('',*,*,#5038,.F.);
#5059=ORIENTED_EDGE('',*,*,#3614,.T.);
#5060=ORIENTED_EDGE('',*,*,#4935,.F.);
#5061=ORIENTED_EDGE('',*,*,#4958,.F.);
#5062=EDGE_LOOP('',(#5058,#5059,#5060,#5061));
#5063=FACE_OUTER_BOUND('',#5062,.F.);
#5065=FILL_AREA_STYLE_COLOUR('',#2);
#5066=FILL_AREA_STYLE('',(#5065));
#5067=SURFACE_STYLE_FILL_AREA(#5066);
#5068=SURFACE_SIDE_STYLE('',(#5067));
#5069=SURFACE_STYLE_USAGE(.POSITIVE.,#5068);
#5070=PRESENTATION_STYLE_ASSIGNMENT((#5069));
#5071=STYLED_ITEM('',(#5070),#5064);
#5072=CARTESIAN_POINT('',(-8.442996415720E0,3.962273387422E1,
-9.154025004458E0));
#5073=DIRECTION('',(0.E0,-1.E0,0.E0));
#5074=DIRECTION('',(-1.E0,0.E0,0.E0));
#5075=AXIS2_PLACEMENT_3D('',#5072,#5073,#5074);
#5076=CYLINDRICAL_SURFACE('',#5075,1.5E0);
#5077=ORIENTED_EDGE('',*,*,#5020,.T.);
#5079=ORIENTED_EDGE('',*,*,#5078,.F.);
#5081=ORIENTED_EDGE('',*,*,#5080,.T.);
#5082=ORIENTED_EDGE('',*,*,#3620,.F.);
#5083=EDGE_LOOP('',(#5077,#5079,#5081,#5082));
#5084=FACE_OUTER_BOUND('',#5083,.F.);
#5086=FILL_AREA_STYLE_COLOUR('',#2);
#5087=FILL_AREA_STYLE('',(#5086));
#5088=SURFACE_STYLE_FILL_AREA(#5087);
#5089=SURFACE_SIDE_STYLE('',(#5088));
#5090=SURFACE_STYLE_USAGE(.POSITIVE.,#5089);
#5091=PRESENTATION_STYLE_ASSIGNMENT((#5090));
#5092=STYLED_ITEM('',(#5091),#5085);
#5093=CARTESIAN_POINT('',(-8.442996415720E0,1.12E1,-9.154025004458E0));
#5094=DIRECTION('',(0.E0,1.E0,0.E0));
#5095=DIRECTION('',(1.E0,0.E0,0.E0));
#5096=AXIS2_PLACEMENT_3D('',#5093,#5094,#5095);
#5097=SPHERICAL_SURFACE('',#5096,1.5E0);
#5099=ORIENTED_EDGE('',*,*,#5098,.T.);
#5100=ORIENTED_EDGE('',*,*,#5078,.T.);
#5101=ORIENTED_EDGE('',*,*,#5000,.T.);
#5102=EDGE_LOOP('',(#5099,#5100,#5101));
#5103=FACE_OUTER_BOUND('',#5102,.F.);
#5105=FILL_AREA_STYLE_COLOUR('',#2);
#5106=FILL_AREA_STYLE('',(#5105));
#5107=SURFACE_STYLE_FILL_AREA(#5106);
#5108=SURFACE_SIDE_STYLE('',(#5107));
#5109=SURFACE_STYLE_USAGE(.POSITIVE.,#5108);
#5110=PRESENTATION_STYLE_ASSIGNMENT((#5109));
#5111=STYLED_ITEM('',(#5110),#5104);
#5112=CARTESIAN_POINT('',(-8.442996415720E0,1.12E1,-4.0581E1));
#5113=DIRECTION('',(0.E0,0.E0,1.E0));
#5114=DIRECTION('',(0.E0,1.E0,0.E0));
#5115=AXIS2_PLACEMENT_3D('',#5112,#5113,#5114);
#5116=CYLINDRICAL_SURFACE('',#5115,1.5E0);
#5118=ORIENTED_EDGE('',*,*,#5117,.T.);
#5119=ORIENTED_EDGE('',*,*,#5098,.F.);
#5120=ORIENTED_EDGE('',*,*,#4672,.T.);
#5122=ORIENTED_EDGE('',*,*,#5121,.F.);
#5123=EDGE_LOOP('',(#5118,#5119,#5120,#5122));
#5124=FACE_OUTER_BOUND('',#5123,.F.);
#5126=FILL_AREA_STYLE_COLOUR('',#2);
#5127=FILL_AREA_STYLE('',(#5126));
#5128=SURFACE_STYLE_FILL_AREA(#5127);
#5129=SURFACE_SIDE_STYLE('',(#5128));
#5130=SURFACE_STYLE_USAGE(.POSITIVE.,#5129);
#5131=PRESENTATION_STYLE_ASSIGNMENT((#5130));
#5132=STYLED_ITEM('',(#5131),#5125);
#5133=CARTESIAN_POINT('',(-9.942996415720E0,5.6E0,-1.065402500446E1));
#5134=DIRECTION('',(-1.E0,0.E0,0.E0));
#5135=DIRECTION('',(0.E0,0.E0,1.E0));
#5136=AXIS2_PLACEMENT_3D('',#5133,#5134,#5135);
#5137=PLANE('',#5136);
#5138=ORIENTED_EDGE('',*,*,#5080,.F.);
#5139=ORIENTED_EDGE('',*,*,#5117,.F.);
#5141=ORIENTED_EDGE('',*,*,#5140,.T.);
#5142=ORIENTED_EDGE('',*,*,#3622,.T.);
#5143=EDGE_LOOP('',(#5138,#5139,#5141,#5142));
#5144=FACE_OUTER_BOUND('',#5143,.F.);
#5146=FILL_AREA_STYLE_COLOUR('',#2);
#5147=FILL_AREA_STYLE('',(#5146));
#5148=SURFACE_STYLE_FILL_AREA(#5147);
#5149=SURFACE_SIDE_STYLE('',(#5148));
#5150=SURFACE_STYLE_USAGE(.POSITIVE.,#5149);
#5151=PRESENTATION_STYLE_ASSIGNMENT((#5150));
#5152=STYLED_ITEM('',(#5151),#5145);
#5153=CARTESIAN_POINT('',(-1.715246556949E1,1.55E1,-8.25E0));
#5154=DIRECTION('',(0.E0,0.E0,1.E0));
#5155=DIRECTION('',(1.E0,0.E0,0.E0));
#5156=AXIS2_PLACEMENT_3D('',#5153,#5154,#5155);
#5157=PLANE('',#5156);
#5158=ORIENTED_EDGE('',*,*,#5140,.F.);
#5159=ORIENTED_EDGE('',*,*,#5121,.T.);
#5160=ORIENTED_EDGE('',*,*,#4670,.F.);
#5162=ORIENTED_EDGE('',*,*,#5161,.T.);
#5164=ORIENTED_EDGE('',*,*,#5163,.T.);
#5165=ORIENTED_EDGE('',*,*,#3624,.F.);
#5166=EDGE_LOOP('',(#5158,#5159,#5160,#5162,#5164,#5165));
#5167=FACE_OUTER_BOUND('',#5166,.F.);
#5169=FILL_AREA_STYLE_COLOUR('',#25);
#5170=FILL_AREA_STYLE('',(#5169));
#5171=SURFACE_STYLE_FILL_AREA(#5170);
#5172=SURFACE_SIDE_STYLE('',(#5171));
#5173=SURFACE_STYLE_USAGE(.POSITIVE.,#5172);
#5174=PRESENTATION_STYLE_ASSIGNMENT((#5173));
#5175=STYLED_ITEM('',(#5174),#5168);
#5176=CARTESIAN_POINT('',(-6.525E0,9.775E0,1.125E1));
#5177=DIRECTION('',(0.E0,0.E0,1.E0));
#5178=DIRECTION('',(1.E0,0.E0,0.E0));
#5179=AXIS2_PLACEMENT_3D('',#5176,#5177,#5178);
#5180=CYLINDRICAL_SURFACE('',#5179,5.725E0);
#5182=ORIENTED_EDGE('',*,*,#5181,.F.);
#5183=ORIENTED_EDGE('',*,*,#4572,.F.);
#5185=ORIENTED_EDGE('',*,*,#5184,.F.);
#5187=ORIENTED_EDGE('',*,*,#5186,.F.);
#5188=ORIENTED_EDGE('',*,*,#3626,.T.);
#5189=ORIENTED_EDGE('',*,*,#5163,.F.);
#5190=ORIENTED_EDGE('',*,*,#5161,.F.);
#5192=ORIENTED_EDGE('',*,*,#5191,.F.);
#5194=ORIENTED_EDGE('',*,*,#5193,.F.);
#5196=ORIENTED_EDGE('',*,*,#5195,.T.);
#5197=EDGE_LOOP('',(#5182,#5183,#5185,#5187,#5188,#5189,#5190,#5192,#5194,
#5196));
#5198=FACE_OUTER_BOUND('',#5197,.F.);
#5200=FILL_AREA_STYLE_COLOUR('',#25);
#5201=FILL_AREA_STYLE('',(#5200));
#5202=SURFACE_STYLE_FILL_AREA(#5201);
#5203=SURFACE_SIDE_STYLE('',(#5202));
#5204=SURFACE_STYLE_USAGE(.POSITIVE.,#5203);
#5205=PRESENTATION_STYLE_ASSIGNMENT((#5204));
#5206=STYLED_ITEM('',(#5205),#5199);
#5207=CARTESIAN_POINT('',(3.486149792735E0,5.6E0,8.25E0));
#5208=DIRECTION('',(0.E0,0.E0,-1.E0));
#5209=DIRECTION('',(-1.E0,0.E0,0.E0));
#5210=AXIS2_PLACEMENT_3D('',#5207,#5208,#5209);
#5211=PLANE('',#5210);
#5212=ORIENTED_EDGE('',*,*,#4590,.F.);
#5213=ORIENTED_EDGE('',*,*,#5181,.T.);
#5215=ORIENTED_EDGE('',*,*,#5214,.T.);
#5216=EDGE_LOOP('',(#5212,#5213,#5215));
#5217=FACE_OUTER_BOUND('',#5216,.F.);
#5219=CARTESIAN_POINT('',(8.E-1,5.6E0,1.125E1));
#5220=DIRECTION('',(0.E0,-1.E0,0.E0));
#5221=DIRECTION('',(1.E0,0.E0,0.E0));
#5222=AXIS2_PLACEMENT_3D('',#5219,#5220,#5221);
#5223=PLANE('',#5222);
#5224=ORIENTED_EDGE('',*,*,#5214,.F.);
#5225=ORIENTED_EDGE('',*,*,#5195,.F.);
#5227=ORIENTED_EDGE('',*,*,#5226,.F.);
#5228=ORIENTED_EDGE('',*,*,#4592,.T.);
#5229=EDGE_LOOP('',(#5224,#5225,#5227,#5228));
#5230=FACE_OUTER_BOUND('',#5229,.F.);
#5232=FILL_AREA_STYLE_COLOUR('',#8);
#5233=FILL_AREA_STYLE('',(#5232));
#5234=SURFACE_STYLE_FILL_AREA(#5233);
#5235=SURFACE_SIDE_STYLE('',(#5234));
#5236=SURFACE_STYLE_USAGE(.POSITIVE.,#5235);
#5237=PRESENTATION_STYLE_ASSIGNMENT((#5236));
#5238=STYLED_ITEM('',(#5237),#5231);
#5239=CARTESIAN_POINT('',(-3.486149792735E0,5.6E0,-8.25E0));
#5240=DIRECTION('',(0.E0,0.E0,1.E0));
#5241=DIRECTION('',(1.E0,0.E0,0.E0));
#5242=AXIS2_PLACEMENT_3D('',#5239,#5240,#5241);
#5243=PLANE('',#5242);
#5244=ORIENTED_EDGE('',*,*,#5193,.T.);
#5245=ORIENTED_EDGE('',*,*,#4594,.T.);
#5246=ORIENTED_EDGE('',*,*,#5226,.T.);
#5247=EDGE_LOOP('',(#5244,#5245,#5246));
#5248=FACE_OUTER_BOUND('',#5247,.F.);
#5250=CARTESIAN_POINT('',(-1.715246556949E1,1.55E1,8.25E0));
#5251=DIRECTION('',(0.E0,0.E0,1.E0));
#5252=DIRECTION('',(1.E0,0.E0,0.E0));
#5253=AXIS2_PLACEMENT_3D('',#5250,#5251,#5252);
#5254=PLANE('',#5253);
#5255=ORIENTED_EDGE('',*,*,#4552,.F.);
#5256=ORIENTED_EDGE('',*,*,#4515,.T.);
#5257=ORIENTED_EDGE('',*,*,#4494,.T.);
#5258=ORIENTED_EDGE('',*,*,#3628,.T.);
#5259=ORIENTED_EDGE('',*,*,#5186,.T.);
#5260=ORIENTED_EDGE('',*,*,#5184,.T.);
#5261=EDGE_LOOP('',(#5255,#5256,#5257,#5258,#5259,#5260));
#5262=FACE_OUTER_BOUND('',#5261,.F.);
#5264=FILL_AREA_STYLE_COLOUR('',#25);
#5265=FILL_AREA_STYLE('',(#5264));
#5266=SURFACE_STYLE_FILL_AREA(#5265);
#5267=SURFACE_SIDE_STYLE('',(#5266));
#5268=SURFACE_STYLE_USAGE(.POSITIVE.,#5267);
#5269=PRESENTATION_STYLE_ASSIGNMENT((#5268));
#5270=STYLED_ITEM('',(#5269),#5263);
#5271=CARTESIAN_POINT('',(-3.486149792735E0,5.6E0,-8.25E0));
#5272=DIRECTION('',(0.E0,0.E0,1.E0));
#5273=DIRECTION('',(1.E0,0.E0,0.E0));
#5274=AXIS2_PLACEMENT_3D('',#5271,#5272,#5273);
#5275=PLANE('',#5274);
#5276=ORIENTED_EDGE('',*,*,#4596,.T.);
#5277=ORIENTED_EDGE('',*,*,#5191,.T.);
#5278=ORIENTED_EDGE('',*,*,#4668,.F.);
#5279=EDGE_LOOP('',(#5276,#5277,#5278));
#5280=FACE_OUTER_BOUND('',#5279,.F.);
#5282=CARTESIAN_POINT('',(-1.715246556949E1,1.55E1,8.25E0));
#5283=DIRECTION('',(0.E0,0.E0,1.E0));
#5284=DIRECTION('',(1.E0,0.E0,0.E0));
#5285=AXIS2_PLACEMENT_3D('',#5282,#5283,#5284);
#5286=PLANE('',#5285);
#5288=ORIENTED_EDGE('',*,*,#5287,.F.);
#5290=ORIENTED_EDGE('',*,*,#5289,.T.);
#5291=ORIENTED_EDGE('',*,*,#4546,.F.);
#5292=ORIENTED_EDGE('',*,*,#4873,.T.);
#5293=ORIENTED_EDGE('',*,*,#4871,.T.);
#5294=ORIENTED_EDGE('',*,*,#3608,.T.);
#5295=EDGE_LOOP('',(#5288,#5290,#5291,#5292,#5293,#5294));
#5296=FACE_OUTER_BOUND('',#5295,.F.);
#5298=FILL_AREA_STYLE_COLOUR('',#25);
#5299=FILL_AREA_STYLE('',(#5298));
#5300=SURFACE_STYLE_FILL_AREA(#5299);
#5301=SURFACE_SIDE_STYLE('',(#5300));
#5302=SURFACE_STYLE_USAGE(.POSITIVE.,#5301);
#5303=PRESENTATION_STYLE_ASSIGNMENT((#5302));
#5304=STYLED_ITEM('',(#5303),#5297);
#5305=CARTESIAN_POINT('',(9.942996415720E0,5.6E0,1.065402500446E1));
#5306=DIRECTION('',(1.E0,0.E0,0.E0));
#5307=DIRECTION('',(0.E0,0.E0,-1.E0));
#5308=AXIS2_PLACEMENT_3D('',#5305,#5306,#5307);
#5309=PLANE('',#5308);
#5311=ORIENTED_EDGE('',*,*,#5310,.F.);
#5312=ORIENTED_EDGE('',*,*,#5287,.T.);
#5313=ORIENTED_EDGE('',*,*,#3606,.T.);
#5314=ORIENTED_EDGE('',*,*,#4391,.F.);
#5315=EDGE_LOOP('',(#5311,#5312,#5313,#5314));
#5316=FACE_OUTER_BOUND('',#5315,.F.);
#5318=FILL_AREA_STYLE_COLOUR('',#2);
#5319=FILL_AREA_STYLE('',(#5318));
#5320=SURFACE_STYLE_FILL_AREA(#5319);
#5321=SURFACE_SIDE_STYLE('',(#5320));
#5322=SURFACE_STYLE_USAGE(.POSITIVE.,#5321);
#5323=PRESENTATION_STYLE_ASSIGNMENT((#5322));
#5324=STYLED_ITEM('',(#5323),#5317);
#5325=CARTESIAN_POINT('',(8.442996415720E0,1.12E1,4.0581E1));
#5326=DIRECTION('',(0.E0,0.E0,-1.E0));
#5327=DIRECTION('',(0.E0,1.E0,0.E0));
#5328=AXIS2_PLACEMENT_3D('',#5325,#5326,#5327);
#5329=CYLINDRICAL_SURFACE('',#5328,1.5E0);
#5330=ORIENTED_EDGE('',*,*,#5310,.T.);
#5331=ORIENTED_EDGE('',*,*,#4411,.F.);
#5332=ORIENTED_EDGE('',*,*,#4548,.T.);
#5333=ORIENTED_EDGE('',*,*,#5289,.F.);
#5334=EDGE_LOOP('',(#5330,#5331,#5332,#5333));
#5335=FACE_OUTER_BOUND('',#5334,.F.);
#5337=FILL_AREA_STYLE_COLOUR('',#2);
#5338=FILL_AREA_STYLE('',(#5337));
#5339=SURFACE_STYLE_FILL_AREA(#5338);
#5340=SURFACE_SIDE_STYLE('',(#5339));
#5341=SURFACE_STYLE_USAGE(.POSITIVE.,#5340);
#5342=PRESENTATION_STYLE_ASSIGNMENT((#5341));
#5343=STYLED_ITEM('',(#5342),#5336);
#5344=CARTESIAN_POINT('',(-6.5E0,2.7E0,5.E0));
#5345=DIRECTION('',(0.E0,-1.E0,0.E0));
#5346=DIRECTION('',(1.E0,0.E0,0.E0));
#5347=AXIS2_PLACEMENT_3D('',#5344,#5345,#5346);
#5348=CYLINDRICAL_SURFACE('',#5347,1.5E0);
#5349=ORIENTED_EDGE('',*,*,#2614,.F.);
#5351=ORIENTED_EDGE('',*,*,#5350,.F.);
#5353=ORIENTED_EDGE('',*,*,#5352,.F.);
#5355=ORIENTED_EDGE('',*,*,#5354,.T.);
#5356=EDGE_LOOP('',(#5349,#5351,#5353,#5355));
#5357=FACE_OUTER_BOUND('',#5356,.F.);
#5359=FILL_AREA_STYLE_COLOUR('',#8);
#5360=FILL_AREA_STYLE('',(#5359));
#5361=SURFACE_STYLE_FILL_AREA(#5360);
#5362=SURFACE_SIDE_STYLE('',(#5361));
#5363=SURFACE_STYLE_USAGE(.POSITIVE.,#5362);
#5364=PRESENTATION_STYLE_ASSIGNMENT((#5363));
#5365=STYLED_ITEM('',(#5364),#5358);
#5366=CARTESIAN_POINT('',(-6.5E0,2.7E0,5.E0));
#5367=DIRECTION('',(0.E0,-1.E0,0.E0));
#5368=DIRECTION('',(1.E0,0.E0,0.E0));
#5369=AXIS2_PLACEMENT_3D('',#5366,#5367,#5368);
#5370=CYLINDRICAL_SURFACE('',#5369,1.5E0);
#5371=ORIENTED_EDGE('',*,*,#2616,.F.);
#5372=ORIENTED_EDGE('',*,*,#5354,.F.);
#5374=ORIENTED_EDGE('',*,*,#5373,.F.);
#5375=ORIENTED_EDGE('',*,*,#5350,.T.);
#5376=EDGE_LOOP('',(#5371,#5372,#5374,#5375));
#5377=FACE_OUTER_BOUND('',#5376,.F.);
#5379=FILL_AREA_STYLE_COLOUR('',#8);
#5380=FILL_AREA_STYLE('',(#5379));
#5381=SURFACE_STYLE_FILL_AREA(#5380);
#5382=SURFACE_SIDE_STYLE('',(#5381));
#5383=SURFACE_STYLE_USAGE(.POSITIVE.,#5382);
#5384=PRESENTATION_STYLE_ASSIGNMENT((#5383));
#5385=STYLED_ITEM('',(#5384),#5378);
#5386=CARTESIAN_POINT('',(0.E0,1.35E0,0.E0));
#5387=DIRECTION('',(0.E0,-1.E0,0.E0));
#5388=DIRECTION('',(1.E0,0.E0,0.E0));
#5389=AXIS2_PLACEMENT_3D('',#5386,#5387,#5388);
#5390=PLANE('',#5389);
#5391=ORIENTED_EDGE('',*,*,#5352,.T.);
#5392=ORIENTED_EDGE('',*,*,#5373,.T.);
#5393=EDGE_LOOP('',(#5391,#5392));
#5394=FACE_OUTER_BOUND('',#5393,.F.);
#5396=ORIENTED_EDGE('',*,*,#5395,.T.);
#5398=ORIENTED_EDGE('',*,*,#5397,.T.);
#5399=EDGE_LOOP('',(#5396,#5398));
#5400=FACE_BOUND('',#5399,.F.);
#5402=FILL_AREA_STYLE_COLOUR('',#8);
#5403=FILL_AREA_STYLE('',(#5402));
#5404=SURFACE_STYLE_FILL_AREA(#5403);
#5405=SURFACE_SIDE_STYLE('',(#5404));
#5406=SURFACE_STYLE_USAGE(.POSITIVE.,#5405);
#5407=PRESENTATION_STYLE_ASSIGNMENT((#5406));
#5408=STYLED_ITEM('',(#5407),#5401);
#5409=CARTESIAN_POINT('',(-6.5E0,1.35E0,5.E0));
#5410=DIRECTION('',(0.E0,-1.E0,0.E0));
#5411=DIRECTION('',(1.E0,0.E0,0.E0));
#5412=AXIS2_PLACEMENT_3D('',#5409,#5410,#5411);
#5413=CYLINDRICAL_SURFACE('',#5412,3.5E-1);
#5415=ORIENTED_EDGE('',*,*,#5414,.F.);
#5417=ORIENTED_EDGE('',*,*,#5416,.T.);
#5419=ORIENTED_EDGE('',*,*,#5418,.F.);
#5420=ORIENTED_EDGE('',*,*,#5395,.F.);
#5421=EDGE_LOOP('',(#5415,#5417,#5419,#5420));
#5422=FACE_OUTER_BOUND('',#5421,.F.);
#5424=FILL_AREA_STYLE_COLOUR('',#28);
#5425=FILL_AREA_STYLE('',(#5424));
#5426=SURFACE_STYLE_FILL_AREA(#5425);
#5427=SURFACE_SIDE_STYLE('',(#5426));
#5428=SURFACE_STYLE_USAGE(.POSITIVE.,#5427);
#5429=PRESENTATION_STYLE_ASSIGNMENT((#5428));
#5430=STYLED_ITEM('',(#5429),#5423);
#5431=CARTESIAN_POINT('',(-6.5E0,1.35E0,5.E0));
#5432=DIRECTION('',(0.E0,-1.E0,0.E0));
#5433=DIRECTION('',(1.E0,0.E0,0.E0));
#5434=AXIS2_PLACEMENT_3D('',#5431,#5432,#5433);
#5435=CYLINDRICAL_SURFACE('',#5434,3.5E-1);
#5436=ORIENTED_EDGE('',*,*,#5418,.T.);
#5438=ORIENTED_EDGE('',*,*,#5437,.T.);
#5439=ORIENTED_EDGE('',*,*,#5414,.T.);
#5440=ORIENTED_EDGE('',*,*,#5397,.F.);
#5441=EDGE_LOOP('',(#5436,#5438,#5439,#5440));
#5442=FACE_OUTER_BOUND('',#5441,.F.);
#5444=FILL_AREA_STYLE_COLOUR('',#28);
#5445=FILL_AREA_STYLE('',(#5444));
#5446=SURFACE_STYLE_FILL_AREA(#5445);
#5447=SURFACE_SIDE_STYLE('',(#5446));
#5448=SURFACE_STYLE_USAGE(.POSITIVE.,#5447);
#5449=PRESENTATION_STYLE_ASSIGNMENT((#5448));
#5450=STYLED_ITEM('',(#5449),#5443);
#5451=CARTESIAN_POINT('',(0.E0,-3.5E0,0.E0));
#5452=DIRECTION('',(0.E0,-1.E0,0.E0));
#5453=DIRECTION('',(1.E0,0.E0,0.E0));
#5454=AXIS2_PLACEMENT_3D('',#5451,#5452,#5453);
#5455=PLANE('',#5454);
#5456=ORIENTED_EDGE('',*,*,#5416,.F.);
#5457=ORIENTED_EDGE('',*,*,#5437,.F.);
#5458=EDGE_LOOP('',(#5456,#5457));
#5459=FACE_OUTER_BOUND('',#5458,.F.);
#5461=CARTESIAN_POINT('',(0.E0,-3.5E0,0.E0));
#5462=DIRECTION('',(0.E0,-1.E0,0.E0));
#5463=DIRECTION('',(1.E0,0.E0,0.E0));
#5464=AXIS2_PLACEMENT_3D('',#5461,#5462,#5463);
#5465=PLANE('',#5464);
#5467=ORIENTED_EDGE('',*,*,#5466,.F.);
#5469=ORIENTED_EDGE('',*,*,#5468,.F.);
#5470=EDGE_LOOP('',(#5467,#5469));
#5471=FACE_OUTER_BOUND('',#5470,.F.);
#5473=CARTESIAN_POINT('',(0.E0,-3.5E0,0.E0));
#5474=DIRECTION('',(0.E0,-1.E0,0.E0));
#5475=DIRECTION('',(1.E0,0.E0,0.E0));
#5476=AXIS2_PLACEMENT_3D('',#5473,#5474,#5475);
#5477=PLANE('',#5476);
#5479=ORIENTED_EDGE('',*,*,#5478,.F.);
#5481=ORIENTED_EDGE('',*,*,#5480,.F.);
#5482=EDGE_LOOP('',(#5479,#5481));
#5483=FACE_OUTER_BOUND('',#5482,.F.);
#5485=CARTESIAN_POINT('',(0.E0,-3.5E0,0.E0));
#5486=DIRECTION('',(0.E0,-1.E0,0.E0));
#5487=DIRECTION('',(1.E0,0.E0,0.E0));
#5488=AXIS2_PLACEMENT_3D('',#5485,#5486,#5487);
#5489=PLANE('',#5488);
#5491=ORIENTED_EDGE('',*,*,#5490,.F.);
#5493=ORIENTED_EDGE('',*,*,#5492,.F.);
#5494=EDGE_LOOP('',(#5491,#5493));
#5495=FACE_OUTER_BOUND('',#5494,.F.);
#5497=CARTESIAN_POINT('',(6.5E0,1.35E0,5.E0));
#5498=DIRECTION('',(0.E0,-1.E0,0.E0));
#5499=DIRECTION('',(1.E0,0.E0,0.E0));
#5500=AXIS2_PLACEMENT_3D('',#5497,#5498,#5499);
#5501=CYLINDRICAL_SURFACE('',#5500,3.5E-1);
#5503=ORIENTED_EDGE('',*,*,#5502,.F.);
#5504=ORIENTED_EDGE('',*,*,#5466,.T.);
#5506=ORIENTED_EDGE('',*,*,#5505,.F.);
#5508=ORIENTED_EDGE('',*,*,#5507,.F.);
#5509=EDGE_LOOP('',(#5503,#5504,#5506,#5508));
#5510=FACE_OUTER_BOUND('',#5509,.F.);
#5512=FILL_AREA_STYLE_COLOUR('',#28);
#5513=FILL_AREA_STYLE('',(#5512));
#5514=SURFACE_STYLE_FILL_AREA(#5513);
#5515=SURFACE_SIDE_STYLE('',(#5514));
#5516=SURFACE_STYLE_USAGE(.POSITIVE.,#5515);
#5517=PRESENTATION_STYLE_ASSIGNMENT((#5516));
#5518=STYLED_ITEM('',(#5517),#5511);
#5519=CARTESIAN_POINT('',(6.5E0,1.35E0,5.E0));
#5520=DIRECTION('',(0.E0,-1.E0,0.E0));
#5521=DIRECTION('',(1.E0,0.E0,0.E0));
#5522=AXIS2_PLACEMENT_3D('',#5519,#5520,#5521);
#5523=CYLINDRICAL_SURFACE('',#5522,3.5E-1);
#5524=ORIENTED_EDGE('',*,*,#5505,.T.);
#5525=ORIENTED_EDGE('',*,*,#5468,.T.);
#5526=ORIENTED_EDGE('',*,*,#5502,.T.);
#5528=ORIENTED_EDGE('',*,*,#5527,.F.);
#5529=EDGE_LOOP('',(#5524,#5525,#5526,#5528));
#5530=FACE_OUTER_BOUND('',#5529,.F.);
#5532=FILL_AREA_STYLE_COLOUR('',#28);
#5533=FILL_AREA_STYLE('',(#5532));
#5534=SURFACE_STYLE_FILL_AREA(#5533);
#5535=SURFACE_SIDE_STYLE('',(#5534));
#5536=SURFACE_STYLE_USAGE(.POSITIVE.,#5535);
#5537=PRESENTATION_STYLE_ASSIGNMENT((#5536));
#5538=STYLED_ITEM('',(#5537),#5531);
#5539=CARTESIAN_POINT('',(0.E0,1.35E0,0.E0));
#5540=DIRECTION('',(0.E0,-1.E0,0.E0));
#5541=DIRECTION('',(1.E0,0.E0,0.E0));
#5542=AXIS2_PLACEMENT_3D('',#5539,#5540,#5541);
#5543=PLANE('',#5542);
#5545=ORIENTED_EDGE('',*,*,#5544,.T.);
#5547=ORIENTED_EDGE('',*,*,#5546,.T.);
#5548=EDGE_LOOP('',(#5545,#5547));
#5549=FACE_OUTER_BOUND('',#5548,.F.);
#5550=ORIENTED_EDGE('',*,*,#5507,.T.);
#5551=ORIENTED_EDGE('',*,*,#5527,.T.);
#5552=EDGE_LOOP('',(#5550,#5551));
#5553=FACE_BOUND('',#5552,.F.);
#5555=FILL_AREA_STYLE_COLOUR('',#8);
#5556=FILL_AREA_STYLE('',(#5555));
#5557=SURFACE_STYLE_FILL_AREA(#5556);
#5558=SURFACE_SIDE_STYLE('',(#5557));
#5559=SURFACE_STYLE_USAGE(.POSITIVE.,#5558);
#5560=PRESENTATION_STYLE_ASSIGNMENT((#5559));
#5561=STYLED_ITEM('',(#5560),#5554);
#5562=CARTESIAN_POINT('',(6.5E0,2.7E0,5.E0));
#5563=DIRECTION('',(0.E0,-1.E0,0.E0));
#5564=DIRECTION('',(1.E0,0.E0,0.E0));
#5565=AXIS2_PLACEMENT_3D('',#5562,#5563,#5564);
#5566=CYLINDRICAL_SURFACE('',#5565,1.5E0);
#5567=ORIENTED_EDGE('',*,*,#2632,.F.);
#5569=ORIENTED_EDGE('',*,*,#5568,.F.);
#5570=ORIENTED_EDGE('',*,*,#5544,.F.);
#5572=ORIENTED_EDGE('',*,*,#5571,.T.);
#5573=EDGE_LOOP('',(#5567,#5569,#5570,#5572));
#5574=FACE_OUTER_BOUND('',#5573,.F.);
#5576=FILL_AREA_STYLE_COLOUR('',#8);
#5577=FILL_AREA_STYLE('',(#5576));
#5578=SURFACE_STYLE_FILL_AREA(#5577);
#5579=SURFACE_SIDE_STYLE('',(#5578));
#5580=SURFACE_STYLE_USAGE(.POSITIVE.,#5579);
#5581=PRESENTATION_STYLE_ASSIGNMENT((#5580));
#5582=STYLED_ITEM('',(#5581),#5575);
#5583=CARTESIAN_POINT('',(6.5E0,2.7E0,5.E0));
#5584=DIRECTION('',(0.E0,-1.E0,0.E0));
#5585=DIRECTION('',(1.E0,0.E0,0.E0));
#5586=AXIS2_PLACEMENT_3D('',#5583,#5584,#5585);
#5587=CYLINDRICAL_SURFACE('',#5586,1.5E0);
#5588=ORIENTED_EDGE('',*,*,#2634,.F.);
#5589=ORIENTED_EDGE('',*,*,#5571,.F.);
#5590=ORIENTED_EDGE('',*,*,#5546,.F.);
#5591=ORIENTED_EDGE('',*,*,#5568,.T.);
#5592=EDGE_LOOP('',(#5588,#5589,#5590,#5591));
#5593=FACE_OUTER_BOUND('',#5592,.F.);
#5595=FILL_AREA_STYLE_COLOUR('',#8);
#5596=FILL_AREA_STYLE('',(#5595));
#5597=SURFACE_STYLE_FILL_AREA(#5596);
#5598=SURFACE_SIDE_STYLE('',(#5597));
#5599=SURFACE_STYLE_USAGE(.POSITIVE.,#5598);
#5600=PRESENTATION_STYLE_ASSIGNMENT((#5599));
#5601=STYLED_ITEM('',(#5600),#5594);
#5602=CARTESIAN_POINT('',(6.5E0,1.35E0,-5.E0));
#5603=DIRECTION('',(0.E0,-1.E0,0.E0));
#5604=DIRECTION('',(1.E0,0.E0,0.E0));
#5605=AXIS2_PLACEMENT_3D('',#5602,#5603,#5604);
#5606=CYLINDRICAL_SURFACE('',#5605,3.5E-1);
#5608=ORIENTED_EDGE('',*,*,#5607,.F.);
#5609=ORIENTED_EDGE('',*,*,#5478,.T.);
#5611=ORIENTED_EDGE('',*,*,#5610,.F.);
#5613=ORIENTED_EDGE('',*,*,#5612,.F.);
#5614=EDGE_LOOP('',(#5608,#5609,#5611,#5613));
#5615=FACE_OUTER_BOUND('',#5614,.F.);
#5617=FILL_AREA_STYLE_COLOUR('',#28);
#5618=FILL_AREA_STYLE('',(#5617));
#5619=SURFACE_STYLE_FILL_AREA(#5618);
#5620=SURFACE_SIDE_STYLE('',(#5619));
#5621=SURFACE_STYLE_USAGE(.POSITIVE.,#5620);
#5622=PRESENTATION_STYLE_ASSIGNMENT((#5621));
#5623=STYLED_ITEM('',(#5622),#5616);
#5624=CARTESIAN_POINT('',(6.5E0,1.35E0,-5.E0));
#5625=DIRECTION('',(0.E0,-1.E0,0.E0));
#5626=DIRECTION('',(1.E0,0.E0,0.E0));
#5627=AXIS2_PLACEMENT_3D('',#5624,#5625,#5626);
#5628=CYLINDRICAL_SURFACE('',#5627,3.5E-1);
#5629=ORIENTED_EDGE('',*,*,#5610,.T.);
#5630=ORIENTED_EDGE('',*,*,#5480,.T.);
#5631=ORIENTED_EDGE('',*,*,#5607,.T.);
#5633=ORIENTED_EDGE('',*,*,#5632,.F.);
#5634=EDGE_LOOP('',(#5629,#5630,#5631,#5633));
#5635=FACE_OUTER_BOUND('',#5634,.F.);
#5637=FILL_AREA_STYLE_COLOUR('',#28);
#5638=FILL_AREA_STYLE('',(#5637));
#5639=SURFACE_STYLE_FILL_AREA(#5638);
#5640=SURFACE_SIDE_STYLE('',(#5639));
#5641=SURFACE_STYLE_USAGE(.POSITIVE.,#5640);
#5642=PRESENTATION_STYLE_ASSIGNMENT((#5641));
#5643=STYLED_ITEM('',(#5642),#5636);
#5644=CARTESIAN_POINT('',(0.E0,1.35E0,0.E0));
#5645=DIRECTION('',(0.E0,-1.E0,0.E0));
#5646=DIRECTION('',(1.E0,0.E0,0.E0));
#5647=AXIS2_PLACEMENT_3D('',#5644,#5645,#5646);
#5648=PLANE('',#5647);
#5650=ORIENTED_EDGE('',*,*,#5649,.T.);
#5652=ORIENTED_EDGE('',*,*,#5651,.T.);
#5653=EDGE_LOOP('',(#5650,#5652));
#5654=FACE_OUTER_BOUND('',#5653,.F.);
#5655=ORIENTED_EDGE('',*,*,#5612,.T.);
#5656=ORIENTED_EDGE('',*,*,#5632,.T.);
#5657=EDGE_LOOP('',(#5655,#5656));
#5658=FACE_BOUND('',#5657,.F.);
#5660=FILL_AREA_STYLE_COLOUR('',#8);
#5661=FILL_AREA_STYLE('',(#5660));
#5662=SURFACE_STYLE_FILL_AREA(#5661);
#5663=SURFACE_SIDE_STYLE('',(#5662));
#5664=SURFACE_STYLE_USAGE(.POSITIVE.,#5663);
#5665=PRESENTATION_STYLE_ASSIGNMENT((#5664));
#5666=STYLED_ITEM('',(#5665),#5659);
#5667=CARTESIAN_POINT('',(6.5E0,2.7E0,-5.E0));
#5668=DIRECTION('',(0.E0,-1.E0,0.E0));
#5669=DIRECTION('',(1.E0,0.E0,0.E0));
#5670=AXIS2_PLACEMENT_3D('',#5667,#5668,#5669);
#5671=CYLINDRICAL_SURFACE('',#5670,1.5E0);
#5672=ORIENTED_EDGE('',*,*,#2620,.F.);
#5674=ORIENTED_EDGE('',*,*,#5673,.F.);
#5675=ORIENTED_EDGE('',*,*,#5649,.F.);
#5677=ORIENTED_EDGE('',*,*,#5676,.T.);
#5678=EDGE_LOOP('',(#5672,#5674,#5675,#5677));
#5679=FACE_OUTER_BOUND('',#5678,.F.);
#5681=FILL_AREA_STYLE_COLOUR('',#8);
#5682=FILL_AREA_STYLE('',(#5681));
#5683=SURFACE_STYLE_FILL_AREA(#5682);
#5684=SURFACE_SIDE_STYLE('',(#5683));
#5685=SURFACE_STYLE_USAGE(.POSITIVE.,#5684);
#5686=PRESENTATION_STYLE_ASSIGNMENT((#5685));
#5687=STYLED_ITEM('',(#5686),#5680);
#5688=CARTESIAN_POINT('',(6.5E0,2.7E0,-5.E0));
#5689=DIRECTION('',(0.E0,-1.E0,0.E0));
#5690=DIRECTION('',(1.E0,0.E0,0.E0));
#5691=AXIS2_PLACEMENT_3D('',#5688,#5689,#5690);
#5692=CYLINDRICAL_SURFACE('',#5691,1.5E0);
#5693=ORIENTED_EDGE('',*,*,#2622,.F.);
#5694=ORIENTED_EDGE('',*,*,#5676,.F.);
#5695=ORIENTED_EDGE('',*,*,#5651,.F.);
#5696=ORIENTED_EDGE('',*,*,#5673,.T.);
#5697=EDGE_LOOP('',(#5693,#5694,#5695,#5696));
#5698=FACE_OUTER_BOUND('',#5697,.F.);
#5700=FILL_AREA_STYLE_COLOUR('',#8);
#5701=FILL_AREA_STYLE('',(#5700));
#5702=SURFACE_STYLE_FILL_AREA(#5701);
#5703=SURFACE_SIDE_STYLE('',(#5702));
#5704=SURFACE_STYLE_USAGE(.POSITIVE.,#5703);
#5705=PRESENTATION_STYLE_ASSIGNMENT((#5704));
#5706=STYLED_ITEM('',(#5705),#5699);
#5707=CARTESIAN_POINT('',(-6.5E0,1.35E0,-5.E0));
#5708=DIRECTION('',(0.E0,-1.E0,0.E0));
#5709=DIRECTION('',(1.E0,0.E0,0.E0));
#5710=AXIS2_PLACEMENT_3D('',#5707,#5708,#5709);
#5711=CYLINDRICAL_SURFACE('',#5710,3.5E-1);
#5713=ORIENTED_EDGE('',*,*,#5712,.F.);
#5714=ORIENTED_EDGE('',*,*,#5490,.T.);
#5716=ORIENTED_EDGE('',*,*,#5715,.F.);
#5718=ORIENTED_EDGE('',*,*,#5717,.F.);
#5719=EDGE_LOOP('',(#5713,#5714,#5716,#5718));
#5720=FACE_OUTER_BOUND('',#5719,.F.);
#5722=FILL_AREA_STYLE_COLOUR('',#28);
#5723=FILL_AREA_STYLE('',(#5722));
#5724=SURFACE_STYLE_FILL_AREA(#5723);
#5725=SURFACE_SIDE_STYLE('',(#5724));
#5726=SURFACE_STYLE_USAGE(.POSITIVE.,#5725);
#5727=PRESENTATION_STYLE_ASSIGNMENT((#5726));
#5728=STYLED_ITEM('',(#5727),#5721);
#5729=CARTESIAN_POINT('',(-6.5E0,1.35E0,-5.E0));
#5730=DIRECTION('',(0.E0,-1.E0,0.E0));
#5731=DIRECTION('',(1.E0,0.E0,0.E0));
#5732=AXIS2_PLACEMENT_3D('',#5729,#5730,#5731);
#5733=CYLINDRICAL_SURFACE('',#5732,3.5E-1);
#5734=ORIENTED_EDGE('',*,*,#5715,.T.);
#5735=ORIENTED_EDGE('',*,*,#5492,.T.);
#5736=ORIENTED_EDGE('',*,*,#5712,.T.);
#5738=ORIENTED_EDGE('',*,*,#5737,.F.);
#5739=EDGE_LOOP('',(#5734,#5735,#5736,#5738));
#5740=FACE_OUTER_BOUND('',#5739,.F.);
#5742=FILL_AREA_STYLE_COLOUR('',#28);
#5743=FILL_AREA_STYLE('',(#5742));
#5744=SURFACE_STYLE_FILL_AREA(#5743);
#5745=SURFACE_SIDE_STYLE('',(#5744));
#5746=SURFACE_STYLE_USAGE(.POSITIVE.,#5745);
#5747=PRESENTATION_STYLE_ASSIGNMENT((#5746));
#5748=STYLED_ITEM('',(#5747),#5741);
#5749=CARTESIAN_POINT('',(0.E0,1.35E0,0.E0));
#5750=DIRECTION('',(0.E0,-1.E0,0.E0));
#5751=DIRECTION('',(1.E0,0.E0,0.E0));
#5752=AXIS2_PLACEMENT_3D('',#5749,#5750,#5751);
#5753=PLANE('',#5752);
#5755=ORIENTED_EDGE('',*,*,#5754,.T.);
#5757=ORIENTED_EDGE('',*,*,#5756,.T.);
#5758=EDGE_LOOP('',(#5755,#5757));
#5759=FACE_OUTER_BOUND('',#5758,.F.);
#5760=ORIENTED_EDGE('',*,*,#5717,.T.);
#5761=ORIENTED_EDGE('',*,*,#5737,.T.);
#5762=EDGE_LOOP('',(#5760,#5761));
#5763=FACE_BOUND('',#5762,.F.);
#5765=FILL_AREA_STYLE_COLOUR('',#8);
#5766=FILL_AREA_STYLE('',(#5765));
#5767=SURFACE_STYLE_FILL_AREA(#5766);
#5768=SURFACE_SIDE_STYLE('',(#5767));
#5769=SURFACE_STYLE_USAGE(.POSITIVE.,#5768);
#5770=PRESENTATION_STYLE_ASSIGNMENT((#5769));
#5771=STYLED_ITEM('',(#5770),#5764);
#5772=CARTESIAN_POINT('',(-6.5E0,2.7E0,-5.E0));
#5773=DIRECTION('',(0.E0,-1.E0,0.E0));
#5774=DIRECTION('',(1.E0,0.E0,0.E0));
#5775=AXIS2_PLACEMENT_3D('',#5772,#5773,#5774);
#5776=CYLINDRICAL_SURFACE('',#5775,1.5E0);
#5777=ORIENTED_EDGE('',*,*,#2626,.F.);
#5779=ORIENTED_EDGE('',*,*,#5778,.F.);
#5780=ORIENTED_EDGE('',*,*,#5754,.F.);
#5782=ORIENTED_EDGE('',*,*,#5781,.T.);
#5783=EDGE_LOOP('',(#5777,#5779,#5780,#5782));
#5784=FACE_OUTER_BOUND('',#5783,.F.);
#5786=FILL_AREA_STYLE_COLOUR('',#8);
#5787=FILL_AREA_STYLE('',(#5786));
#5788=SURFACE_STYLE_FILL_AREA(#5787);
#5789=SURFACE_SIDE_STYLE('',(#5788));
#5790=SURFACE_STYLE_USAGE(.POSITIVE.,#5789);
#5791=PRESENTATION_STYLE_ASSIGNMENT((#5790));
#5792=STYLED_ITEM('',(#5791),#5785);
#5793=CARTESIAN_POINT('',(-6.5E0,2.7E0,-5.E0));
#5794=DIRECTION('',(0.E0,-1.E0,0.E0));
#5795=DIRECTION('',(1.E0,0.E0,0.E0));
#5796=AXIS2_PLACEMENT_3D('',#5793,#5794,#5795);
#5797=CYLINDRICAL_SURFACE('',#5796,1.5E0);
#5798=ORIENTED_EDGE('',*,*,#2628,.F.);
#5799=ORIENTED_EDGE('',*,*,#5781,.F.);
#5800=ORIENTED_EDGE('',*,*,#5756,.F.);
#5801=ORIENTED_EDGE('',*,*,#5778,.T.);
#5802=EDGE_LOOP('',(#5798,#5799,#5800,#5801));
#5803=FACE_OUTER_BOUND('',#5802,.F.);
#5805=FILL_AREA_STYLE_COLOUR('',#8);
#5806=FILL_AREA_STYLE('',(#5805));
#5807=SURFACE_STYLE_FILL_AREA(#5806);
#5808=SURFACE_SIDE_STYLE('',(#5807));
#5809=SURFACE_STYLE_USAGE(.POSITIVE.,#5808);
#5810=PRESENTATION_STYLE_ASSIGNMENT((#5809));
#5811=STYLED_ITEM('',(#5810),#5804);
#5812=CLOSED_SHELL('',(#2200,#2222,#2242,#2264,#2294,#2314,#2334,#2355,#2377,
#2397,#2417,#2438,#2460,#2480,#2499,#2520,#2540,#2638,#2660,#2690,#2712,#2734,
#2756,#2776,#2797,#2818,#2838,#2858,#2878,#2899,#2919,#2938,#2957,#2977,#2998,
#3016,#3036,#3069,#3090,#3120,#3142,#3164,#3186,#3205,#3225,#3245,#3266,#3285,
#3306,#3326,#3347,#3366,#3387,#3407,#3428,#3446,#3466,#3499,#3518,#3538,#3572,
#3636,#3670,#3691,#3724,#3743,#3764,#3797,#3818,#3846,#3868,#3890,#3912,#3932,
#3953,#3974,#3994,#4013,#4032,#4052,#4073,#4092,#4113,#4133,#4154,#4172,#4192,
#4224,#4243,#4262,#4282,#4315,#4334,#4353,#4375,#4396,#4416,#4437,#4457,#4477,
#4498,#4519,#4556,#4576,#4602,#4624,#4646,#4682,#4702,#4727,#4747,#4773,#4793,
#4813,#4832,#4852,#4877,#4895,#4907,#4919,#4942,#4963,#4983,#5004,#5025,#5045,
#5064,#5085,#5104,#5125,#5145,#5168,#5199,#5218,#5231,#5249,#5263,#5281,#5297,
#5317,#5336,#5358,#5378,#5401,#5423,#5443,#5460,#5472,#5484,#5496,#5511,#5531,
#5554,#5575,#5594,#5616,#5636,#5659,#5680,#5699,#5721,#5741,#5764,#5785,#5804));
#5813=MANIFOLD_SOLID_BREP('',#5812);
#5816=PLANE_ANGLE_MEASURE_WITH_UNIT(PLANE_ANGLE_MEASURE(1.745329251994E-2),
#5815);
#5817=(CONVERSION_BASED_UNIT('DEGREE',#5816)NAMED_UNIT(*)PLANE_ANGLE_UNIT());
#5819=UNCERTAINTY_MEASURE_WITH_UNIT(LENGTH_MEASURE(3.830778693597E-3),#5814,
'distance_accuracy_value',
'Maximum model space distance between geometric entities at asserted connectivities');
#5822=MECHANICAL_DESIGN_GEOMETRIC_PRESENTATION_REPRESENTATION('',(#2207,#2229,
#2249,#2271,#2301,#2321,#2341,#2362,#2384,#2404,#2424,#2445,#2467,#2487,#2506,
#2527,#2547,#2645,#2667,#2697,#2719,#2741,#2763,#2783,#2804,#2825,#2845,#2865,
#2885,#2906,#2926,#2945,#2964,#2984,#3005,#3023,#3043,#3076,#3097,#3127,#3149,
#3171,#3193,#3212,#3232,#3252,#3273,#3292,#3313,#3333,#3354,#3373,#3394,#3414,
#3435,#3453,#3473,#3506,#3525,#3545,#3579,#3643,#3677,#3698,#3731,#3750,#3771,
#3804,#3825,#3853,#3875,#3897,#3919,#3939,#3960,#3981,#4001,#4020,#4039,#4059,
#4080,#4099,#4120,#4140,#4161,#4179,#4199,#4231,#4250,#4269,#4289,#4322,#4341,
#4360,#4382,#4403,#4423,#4444,#4464,#4484,#4505,#4526,#4563,#4609,#4631,#4653,
#4689,#4734,#4754,#4780,#4800,#4820,#4839,#4884,#4926,#4949,#4970,#4990,#5011,
#5032,#5052,#5071,#5092,#5111,#5132,#5152,#5175,#5206,#5238,#5270,#5304,#5324,
#5343,#5365,#5385,#5408,#5430,#5450,#5518,#5538,#5561,#5582,#5601,#5623,#5643,
#5666,#5687,#5706,#5728,#5748,#5771,#5792,#5811),#5820);
#5823=APPLICATION_CONTEXT('automotive_design');
#5824=APPLICATION_PROTOCOL_DEFINITION('international standard',
'automotive_design',2001,#5823);
#5825=PRODUCT_DEFINITION_CONTEXT('part definition',#5823,'design');
#5826=PRODUCT_CONTEXT('',#5823,'mechanical');
#5827=PRODUCT('FL2D-30-103','FL2D-30-103','NOT SPECIFIED',(#5826));
#5828=PRODUCT_DEFINITION_FORMATION('1','LAST_VERSION',#5827);
#5836=DERIVED_UNIT_ELEMENT(#5835,2.E0);
#5837=DERIVED_UNIT((#5836));
#5838=MEASURE_REPRESENTATION_ITEM('surface area measure',AREA_MEASURE(
2.880664823728E3),#5837);
#5843=DERIVED_UNIT_ELEMENT(#5842,3.E0);
#5844=DERIVED_UNIT((#5843));
#5845=MEASURE_REPRESENTATION_ITEM('volume measure',VOLUME_MEASURE(
5.698556135669E3),#5844);
#5849=CARTESIAN_POINT('centre point',(-1.285146111591E-7,8.121249816945E0,
7.361687460959E-9));
#5854=DERIVED_UNIT_ELEMENT(#5853,2.E0);
#5855=DERIVED_UNIT((#5854));
#5856=MEASURE_REPRESENTATION_ITEM('surface area measure',AREA_MEASURE(
2.880664823728E3),#5855);
#5861=DERIVED_UNIT_ELEMENT(#5860,3.E0);
#5862=DERIVED_UNIT((#5861));
#5863=MEASURE_REPRESENTATION_ITEM('volume measure',VOLUME_MEASURE(
5.698556135669E3),#5862);
#5867=CARTESIAN_POINT('centre point',(-1.285146111591E-7,8.121249816945E0,
7.361687460959E-9));
#5872=PRODUCT_RELATED_PRODUCT_CATEGORY('part','',(#5827));
#1=DRAUGHTING_PRE_DEFINED_COLOUR('black');
#2=COLOUR_RGB('',0.E0,5.019607843137E-1,0.E0);
#3=DRAUGHTING_PRE_DEFINED_COLOUR('green');
#4=COLOUR_RGB('',1.1E-2,1.2E-2,1.E0);
#5=COLOUR_RGB('',6.666666666667E-2,8.E-1,1.E0);
#6=COLOUR_RGB('',1.098039215686E-1,1.098039215686E-1,1.098039215686E-1);
#7=COLOUR_RGB('',1.803921568627E-1,1.803921568627E-1,1.803921568627E-1);
#8=COLOUR_RGB('',2.509803921569E-1,2.509803921569E-1,2.509803921569E-1);
#9=COLOUR_RGB('',3.92E-1,1.2E-2,1.2E-2);
#10=COLOUR_RGB('',3.921568627451E-1,3.921568627451E-1,3.921568627451E-1);
#11=COLOUR_RGB('',4.1E-1,0.E0,2.2E-1);
#12=COLOUR_RGB('',4.431372549020E-1,6.352941176471E-1,1.E0);
#13=COLOUR_RGB('',4.509803921569E-1,4.509803921569E-1,4.509803921569E-1);
#14=COLOUR_RGB('',6.470588235294E-1,5.176470588235E-1,0.E0);
#15=COLOUR_RGB('',6.470588235294E-1,6.196078431373E-1,5.882352941176E-1);
#16=COLOUR_RGB('',6.952E-1,7.426E-1,7.9E-1);
#17=COLOUR_RGB('',7.84314E-1,7.84314E-1,7.84314E-1);
#18=COLOUR_RGB('',7.960784313725E-1,8.235294117647E-1,9.372549019608E-1);
#19=COLOUR_RGB('',8.392156862745E-1,4.470588235294E-1,3.882352941176E-1);
#20=COLOUR_RGB('',8.470588235294E-1,8.470588235294E-1,8.470588235294E-1);
#21=COLOUR_RGB('',8.784E-1,9.49E-1,1.E0);
#22=COLOUR_RGB('',9.098039215686E-1,4.431372549020E-1,3.137254901961E-2);
#23=COLOUR_RGB('',9.490196078431E-1,7.568627450980E-1,1.764705882353E-1);
#24=COLOUR_RGB('',9.6E-1,9.6E-1,9.6E-1);
#25=COLOUR_RGB('',9.8E-1,6.27E-1,0.E0);
#26=DRAUGHTING_PRE_DEFINED_COLOUR('red');
#27=DRAUGHTING_PRE_DEFINED_COLOUR('yellow');
#28=COLOUR_RGB('',1.E0,1.E0,9.49E-1);
#29=DRAUGHTING_PRE_DEFINED_COLOUR('white');
#42=CIRCLE('',#41,5.E-1);
#47=CIRCLE('',#46,5.E-1);
#52=CIRCLE('',#51,5.E-1);
#73=CIRCLE('',#72,5.E-1);
#78=CIRCLE('',#77,5.E-1);
#83=CIRCLE('',#82,5.E-1);
#98=B_SPLINE_CURVE_WITH_KNOTS('',3,(#88,#89,#90,#91,#92,#93,#94,#95,#96,#97),
.UNSPECIFIED.,.F.,.F.,(4,1,1,1,1,1,1,4),(0.E0,1.428571428571E-1,
2.857142857143E-1,4.285714285714E-1,5.714285714286E-1,7.142857142857E-1,
8.571428571429E-1,1.E0),.UNSPECIFIED.);
#115=CIRCLE('',#114,5.E-1);
#120=CIRCLE('',#119,5.E-1);
#125=CIRCLE('',#124,5.E-1);
#146=CIRCLE('',#145,5.E-1);
#151=CIRCLE('',#150,5.E-1);
#156=CIRCLE('',#155,5.E-1);
#169=CIRCLE('',#168,5.000000000079E-1);
#178=CIRCLE('',#177,5.E-1);
#187=CIRCLE('',#186,5.E-1);
#196=CIRCLE('',#195,5.000000000079E-1);
#205=CIRCLE('',#204,5.E-1);
#214=CIRCLE('',#213,5.E-1);
#223=CIRCLE('',#222,5.000000000079E-1);
#232=CIRCLE('',#231,5.E-1);
#241=CIRCLE('',#240,5.E-1);
#250=CIRCLE('',#249,5.000000000079E-1);
#259=CIRCLE('',#258,5.E-1);
#268=CIRCLE('',#267,5.E-1);
#277=CIRCLE('',#276,1.5E0);
#282=CIRCLE('',#281,1.5E0);
#287=CIRCLE('',#286,1.5E0);
#292=CIRCLE('',#291,1.5E0);
#297=CIRCLE('',#296,1.5E0);
#302=CIRCLE('',#301,1.5E0);
#307=CIRCLE('',#306,1.5E0);
#312=CIRCLE('',#311,1.5E0);
#331=B_SPLINE_CURVE_WITH_KNOTS('',3,(#321,#322,#323,#324,#325,#326,#327,#328,
#329,#330),.UNSPECIFIED.,.F.,.F.,(4,1,1,1,1,1,1,4),(0.E0,1.428571428571E-1,
2.857142857143E-1,4.285714285714E-1,5.714285714286E-1,7.142857142857E-1,
8.571428571429E-1,1.E0),.UNSPECIFIED.);
#352=CIRCLE('',#351,5.E-1);
#357=CIRCLE('',#356,5.E-1);
#362=CIRCLE('',#361,5.E-1);
#383=CIRCLE('',#382,5.E-1);
#388=CIRCLE('',#387,5.E-1);
#393=CIRCLE('',#392,5.E-1);
#414=CIRCLE('',#413,5.E-1);
#419=CIRCLE('',#418,5.E-1);
#424=CIRCLE('',#423,5.E-1);
#447=B_SPLINE_CURVE_WITH_KNOTS('',3,(#437,#438,#439,#440,#441,#442,#443,#444,
#445,#446),.UNSPECIFIED.,.F.,.F.,(4,1,1,1,1,1,1,4),(0.E0,1.428571428571E-1,
2.857142857143E-1,4.285714285714E-1,5.714285714286E-1,7.142857142857E-1,
8.571428571429E-1,1.E0),.UNSPECIFIED.);
#456=CIRCLE('',#455,5.E-1);
#461=CIRCLE('',#460,5.E-1);
#466=CIRCLE('',#465,5.E-1);
#479=CIRCLE('',#478,5.000000000040E-1);
#484=CIRCLE('',#483,1.000000000008E0);
#489=CIRCLE('',#488,5.000000000040E-1);
#508=B_SPLINE_CURVE_WITH_KNOTS('',3,(#498,#499,#500,#501,#502,#503,#504,#505,
#506,#507),.UNSPECIFIED.,.F.,.F.,(4,1,1,1,1,1,1,4),(0.E0,1.428571428571E-1,
2.857142857143E-1,4.285714285714E-1,5.714285714286E-1,7.142857142857E-1,
8.571428571429E-1,1.E0),.UNSPECIFIED.);
#529=CIRCLE('',#528,5.E-1);
#534=CIRCLE('',#533,5.E-1);
#539=CIRCLE('',#538,5.E-1);
#560=CIRCLE('',#559,5.E-1);
#565=CIRCLE('',#564,5.E-1);
#570=CIRCLE('',#569,5.E-1);
#591=CIRCLE('',#590,5.E-1);
#596=CIRCLE('',#595,5.E-1);
#601=CIRCLE('',#600,5.E-1);
#624=B_SPLINE_CURVE_WITH_KNOTS('',3,(#614,#615,#616,#617,#618,#619,#620,#621,
#622,#623),.UNSPECIFIED.,.F.,.F.,(4,1,1,1,1,1,1,4),(0.E0,1.428571428571E-1,
2.857142857143E-1,4.285714285714E-1,5.714285714286E-1,7.142857142857E-1,
8.571428571429E-1,1.E0),.UNSPECIFIED.);
#633=CIRCLE('',#632,5.E-1);
#638=CIRCLE('',#637,5.E-1);
#643=CIRCLE('',#642,5.E-1);
#656=CIRCLE('',#655,5.000000000040E-1);
#661=CIRCLE('',#660,1.000000000008E0);
#666=CIRCLE('',#665,5.000000000040E-1);
#685=B_SPLINE_CURVE_WITH_KNOTS('',3,(#675,#676,#677,#678,#679,#680,#681,#682,
#683,#684),.UNSPECIFIED.,.F.,.F.,(4,1,1,1,1,1,1,4),(0.E0,1.428571428571E-1,
2.857142857143E-1,4.285714285714E-1,5.714285714286E-1,7.142857142857E-1,
8.571428571429E-1,1.E0),.UNSPECIFIED.);
#698=CIRCLE('',#697,5.000000000040E-1);
#703=CIRCLE('',#702,1.000000000008E0);
#708=CIRCLE('',#707,5.000000000040E-1);
#713=CIRCLE('',#712,5.000000000079E-1);
#718=CIRCLE('',#717,5.E-1);
#723=CIRCLE('',#722,5.000000000079E-1);
#728=CIRCLE('',#727,5.E-1);
#733=CIRCLE('',#732,1.5E0);
#742=CIRCLE('',#741,1.5E0);
#747=CIRCLE('',#746,1.5E0);
#756=CIRCLE('',#755,1.5E0);
#761=CIRCLE('',#760,5.000000000040E-1);
#766=CIRCLE('',#765,1.000000000008E0);
#771=CIRCLE('',#770,5.000000000040E-1);
#784=CIRCLE('',#783,5.E-1);
#789=CIRCLE('',#788,1.E0);
#794=CIRCLE('',#793,5.E-1);
#815=CIRCLE('',#814,5.000000000040E-1);
#820=CIRCLE('',#819,1.000000000008E0);
#825=CIRCLE('',#824,5.000000000040E-1);
#844=B_SPLINE_CURVE_WITH_KNOTS('',3,(#834,#835,#836,#837,#838,#839,#840,#841,
#842,#843),.UNSPECIFIED.,.F.,.F.,(4,1,1,1,1,1,1,4),(0.E0,1.428571428571E-1,
2.857142857143E-1,4.285714285714E-1,5.714285714286E-1,7.142857142857E-1,
8.571428571429E-1,1.E0),.UNSPECIFIED.);
#865=CIRCLE('',#864,5.E-1);
#870=CIRCLE('',#869,5.E-1);
#875=CIRCLE('',#874,5.E-1);
#896=CIRCLE('',#895,5.E-1);
#901=CIRCLE('',#900,5.E-1);
#906=CIRCLE('',#905,5.E-1);
#927=CIRCLE('',#926,5.E-1);
#932=CIRCLE('',#931,5.E-1);
#937=CIRCLE('',#936,5.E-1);
#960=B_SPLINE_CURVE_WITH_KNOTS('',3,(#950,#951,#952,#953,#954,#955,#956,#957,
#958,#959),.UNSPECIFIED.,.F.,.F.,(4,1,1,1,1,1,1,4),(0.E0,1.428571428571E-1,
2.857142857143E-1,4.285714285714E-1,5.714285714286E-1,7.142857142857E-1,
8.571428571429E-1,1.E0),.UNSPECIFIED.);
#969=CIRCLE('',#968,5.E-1);
#974=CIRCLE('',#973,5.E-1);
#979=CIRCLE('',#978,5.E-1);
#992=CIRCLE('',#991,5.000000000040E-1);
#997=CIRCLE('',#996,1.000000000008E0);
#1002=CIRCLE('',#1001,5.000000000040E-1);
#1031=CIRCLE('',#1030,5.E-1);
#1036=CIRCLE('',#1035,1.E0);
#1041=CIRCLE('',#1040,5.E-1);
#1074=CIRCLE('',#1073,1.5E0);
#1079=CIRCLE('',#1078,1.5E0);
#1084=CIRCLE('',#1083,1.5E0);
#1097=CIRCLE('',#1096,1.5E0);
#1102=CIRCLE('',#1101,1.5E0);
#1107=CIRCLE('',#1106,1.5E0);
#1140=CIRCLE('',#1139,5.E-1);
#1145=CIRCLE('',#1144,5.E-1);
#1162=CIRCLE('',#1161,5.725E0);
#1203=CIRCLE('',#1202,5.E-1);
#1212=CIRCLE('',#1211,5.E-1);
#1229=CIRCLE('',#1228,5.725E0);
#1258=CIRCLE('',#1257,5.E-1);
#1263=CIRCLE('',#1262,5.E-1);
#1272=CIRCLE('',#1271,5.E-1);
#1281=CIRCLE('',#1280,5.E-1);
#1306=CIRCLE('',#1305,5.725E0);
#1327=CIRCLE('',#1326,5.725E0);
#1332=CIRCLE('',#1331,5.725E0);
#1345=CIRCLE('',#1344,1.5E0);
#1354=CIRCLE('',#1353,5.725E0);
#1359=CIRCLE('',#1358,5.725E0);
#1372=CIRCLE('',#1371,1.5E0);
#1377=CIRCLE('',#1376,1.5E0);
#1382=CIRCLE('',#1381,1.5E0);
#1419=CIRCLE('',#1418,1.5E0);
#1424=CIRCLE('',#1423,1.5E0);
#1429=CIRCLE('',#1428,1.5E0);
#1450=CIRCLE('',#1449,1.5E0);
#1455=CIRCLE('',#1454,5.725E0);
#1460=CIRCLE('',#1459,5.725E0);
#1473=CIRCLE('',#1472,5.725E0);
#1486=CIRCLE('',#1485,5.725E0);
#1499=CIRCLE('',#1498,1.5E0);
#1512=CIRCLE('',#1511,5.725E0);
#1517=CIRCLE('',#1516,5.725E0);
#1526=CIRCLE('',#1525,5.725E0);
#1531=CIRCLE('',#1530,1.5E0);
#1536=CIRCLE('',#1535,5.725E0);
#1541=CIRCLE('',#1540,5.725E0);
#1574=CIRCLE('',#1573,1.5E0);
#1579=CIRCLE('',#1578,1.5E0);
#1584=CIRCLE('',#1583,3.5E-1);
#1589=CIRCLE('',#1588,3.5E-1);
#1602=CIRCLE('',#1601,3.5E-1);
#1607=CIRCLE('',#1606,3.5E-1);
#1612=CIRCLE('',#1611,3.5E-1);
#1617=CIRCLE('',#1616,3.5E-1);
#1622=CIRCLE('',#1621,3.5E-1);
#1627=CIRCLE('',#1626,3.5E-1);
#1632=CIRCLE('',#1631,3.5E-1);
#1637=CIRCLE('',#1636,3.5E-1);
#1650=CIRCLE('',#1649,1.5E0);
#1655=CIRCLE('',#1654,1.5E0);
#1660=CIRCLE('',#1659,3.5E-1);
#1665=CIRCLE('',#1664,3.5E-1);
#1686=CIRCLE('',#1685,1.5E0);
#1691=CIRCLE('',#1690,1.5E0);
#1696=CIRCLE('',#1695,3.5E-1);
#1701=CIRCLE('',#1700,3.5E-1);
#1722=CIRCLE('',#1721,1.5E0);
#1727=CIRCLE('',#1726,1.5E0);
#1732=CIRCLE('',#1731,3.5E-1);
#1737=CIRCLE('',#1736,3.5E-1);
#2190=EDGE_CURVE('',#1748,#1749,#33,.T.);
#2192=EDGE_CURVE('',#1751,#1748,#137,.T.);
#2194=EDGE_CURVE('',#1753,#1751,#106,.T.);
#2196=EDGE_CURVE('',#1749,#1753,#64,.T.);
#2200=ADVANCED_FACE('',(#2199),#2189,.F.);
#2214=EDGE_CURVE('',#1779,#1749,#47,.T.);
#2216=EDGE_CURVE('',#1779,#1781,#37,.T.);
#2218=EDGE_CURVE('',#1748,#1781,#156,.T.);
#2222=ADVANCED_FACE('',(#2221),#2212,.T.);
#2235=EDGE_CURVE('',#1783,#1779,#42,.T.);
#2238=EDGE_CURVE('',#1749,#1783,#52,.T.);
#2242=ADVANCED_FACE('',(#2241),#2234,.T.);
#2256=EDGE_CURVE('',#1783,#1785,#56,.T.);
#2258=EDGE_CURVE('',#1786,#1785,#685,.T.);
#2260=EDGE_CURVE('',#1786,#1779,#60,.T.);
#2264=ADVANCED_FACE('',(#2263),#2254,.T.);
#2277=EDGE_CURVE('',#1788,#1783,#68,.T.);
#2279=EDGE_CURVE('',#1790,#1788,#102,.T.);
#2281=EDGE_CURVE('',#1792,#1790,#1018,.T.);
#2283=EDGE_CURVE('',#1794,#1792,#806,.T.);
#2285=EDGE_CURVE('',#1796,#1794,#802,.T.);
#2287=EDGE_CURVE('',#1798,#1796,#693,.T.);
#2289=EDGE_CURVE('',#1785,#1798,#670,.T.);
#2294=ADVANCED_FACE('',(#2293),#2276,.T.);
#2308=EDGE_CURVE('',#1788,#1753,#78,.T.);
#2314=ADVANCED_FACE('',(#2313),#2306,.T.);
#2327=EDGE_CURVE('',#1800,#1788,#73,.T.);
#2330=EDGE_CURVE('',#1753,#1800,#83,.T.);
#2334=ADVANCED_FACE('',(#2333),#2326,.T.);
#2348=EDGE_CURVE('',#1800,#1802,#87,.T.);
#2350=EDGE_CURVE('',#1802,#1790,#98,.T.);
#2355=ADVANCED_FACE('',(#2354),#2346,.T.);
#2368=EDGE_CURVE('',#1804,#1800,#110,.T.);
#2370=EDGE_CURVE('',#1806,#1804,#133,.T.);
#2372=EDGE_CURVE('',#1802,#1806,#200,.T.);
#2377=ADVANCED_FACE('',(#2376),#2367,.F.);
#2391=EDGE_CURVE('',#1804,#1751,#120,.T.);
#2397=ADVANCED_FACE('',(#2396),#2389,.T.);
#2410=EDGE_CURVE('',#1808,#1804,#115,.T.);
#2413=EDGE_CURVE('',#1751,#1808,#125,.T.);
#2417=ADVANCED_FACE('',(#2416),#2409,.T.);
#2431=EDGE_CURVE('',#1808,#1810,#129,.T.);
#2433=EDGE_CURVE('',#1806,#1810,#205,.T.);
#2438=ADVANCED_FACE('',(#2437),#2429,.T.);
#2451=EDGE_CURVE('',#1812,#1808,#141,.T.);
#2453=EDGE_CURVE('',#1814,#1812,#164,.T.);
#2455=EDGE_CURVE('',#1810,#1814,#209,.T.);
#2460=ADVANCED_FACE('',(#2459),#2450,.F.);
#2474=EDGE_CURVE('',#1812,#1748,#151,.T.);
#2480=ADVANCED_FACE('',(#2479),#2472,.T.);
#2493=EDGE_CURVE('',#1781,#1812,#146,.T.);
#2499=ADVANCED_FACE('',(#2498),#2492,.T.);
#2513=EDGE_CURVE('',#1781,#1816,#160,.T.);
#2515=EDGE_CURVE('',#1814,#1816,#214,.T.);
#2520=ADVANCED_FACE('',(#2519),#2511,.T.);
#2535=EDGE_CURVE('',#1816,#1786,#218,.T.);
#2540=ADVANCED_FACE('',(#2539),#2532,.F.);
#2553=EDGE_CURVE('',#1819,#1820,#320,.T.);
#2555=EDGE_CURVE('',#1819,#1822,#169,.T.);
#2557=EDGE_CURVE('',#1824,#1822,#983,.T.);
#2559=EDGE_CURVE('',#1824,#1826,#173,.T.);
#2561=EDGE_CURVE('',#1826,#1828,#178,.T.);
#2563=EDGE_CURVE('',#1828,#1830,#182,.T.);
#2565=EDGE_CURVE('',#1830,#1832,#187,.T.);
#2567=EDGE_CURVE('',#1832,#1834,#191,.T.);
#2569=EDGE_CURVE('',#1836,#1834,#833,.T.);
#2571=EDGE_CURVE('',#1836,#1838,#196,.T.);
#2573=EDGE_CURVE('',#1802,#1838,#1014,.T.);
#2580=EDGE_CURVE('',#1840,#1786,#674,.T.);
#2582=EDGE_CURVE('',#1840,#1842,#223,.T.);
#2584=EDGE_CURVE('',#1844,#1842,#647,.T.);
#2586=EDGE_CURVE('',#1844,#1846,#227,.T.);
#2588=EDGE_CURVE('',#1846,#1848,#232,.T.);
#2590=EDGE_CURVE('',#1848,#1850,#236,.T.);
#2592=EDGE_CURVE('',#1850,#1852,#241,.T.);
#2594=EDGE_CURVE('',#1852,#1854,#245,.T.);
#2596=EDGE_CURVE('',#1856,#1854,#497,.T.);
#2598=EDGE_CURVE('',#1856,#1858,#250,.T.);
#2600=EDGE_CURVE('',#1860,#1858,#470,.T.);
#2602=EDGE_CURVE('',#1860,#1862,#254,.T.);
#2604=EDGE_CURVE('',#1862,#1864,#259,.T.);
#2606=EDGE_CURVE('',#1864,#1866,#263,.T.);
#2608=EDGE_CURVE('',#1866,#1868,#268,.T.);
#2610=EDGE_CURVE('',#1868,#1820,#272,.T.);
#2614=EDGE_CURVE('',#1871,#1872,#277,.T.);
#2616=EDGE_CURVE('',#1872,#1871,#282,.T.);
#2620=EDGE_CURVE('',#1875,#1876,#287,.T.);
#2622=EDGE_CURVE('',#1876,#1875,#292,.T.);
#2626=EDGE_CURVE('',#1879,#1880,#297,.T.);
#2628=EDGE_CURVE('',#1880,#1879,#302,.T.);
#2632=EDGE_CURVE('',#1883,#1884,#307,.T.);
#2634=EDGE_CURVE('',#1884,#1883,#312,.T.);
#2638=ADVANCED_FACE('',(#2613,#2619,#2625,#2631,#2637),#2552,.T.);
#2651=EDGE_CURVE('',#1919,#1920,#316,.T.);
#2653=EDGE_CURVE('',#1819,#1920,#992,.T.);
#2656=EDGE_CURVE('',#1820,#1919,#331,.T.);
#2660=ADVANCED_FACE('',(#2659),#2650,.T.);
#2673=EDGE_CURVE('',#1923,#1924,#339,.T.);
#2675=EDGE_CURVE('',#1926,#1923,#451,.T.);
#2677=EDGE_CURVE('',#1928,#1926,#474,.T.);
#2679=EDGE_CURVE('',#1930,#1928,#1045,.T.);
#2681=EDGE_CURVE('',#1932,#1930,#1026,.T.);
#2683=EDGE_CURVE('',#1920,#1932,#1010,.T.);
#2686=EDGE_CURVE('',#1924,#1919,#428,.T.);
#2690=ADVANCED_FACE('',(#2689),#2672,.T.);
#2703=EDGE_CURVE('',#1759,#1756,#335,.T.);
#2705=EDGE_CURVE('',#1923,#1756,#461,.T.);
#2708=EDGE_CURVE('',#1759,#1924,#424,.T.);
#2712=ADVANCED_FACE('',(#2711),#2702,.T.);
#2725=EDGE_CURVE('',#1756,#1757,#343,.T.);
#2728=EDGE_CURVE('',#1761,#1759,#405,.T.);
#2730=EDGE_CURVE('',#1757,#1761,#374,.T.);
#2734=ADVANCED_FACE('',(#2733),#2724,.F.);
#2748=EDGE_CURVE('',#1936,#1757,#357,.T.);
#2750=EDGE_CURVE('',#1936,#1934,#347,.T.);
#2752=EDGE_CURVE('',#1756,#1934,#466,.T.);
#2756=ADVANCED_FACE('',(#2755),#2746,.T.);
#2769=EDGE_CURVE('',#1938,#1936,#352,.T.);
#2772=EDGE_CURVE('',#1757,#1938,#362,.T.);
#2776=ADVANCED_FACE('',(#2775),#2768,.T.);
#2790=EDGE_CURVE('',#1938,#1864,#366,.T.);
#2793=EDGE_CURVE('',#1862,#1936,#370,.T.);
#2797=ADVANCED_FACE('',(#2796),#2788,.T.);
#2810=EDGE_CURVE('',#1940,#1938,#378,.T.);
#2812=EDGE_CURVE('',#1866,#1940,#401,.T.);
#2818=ADVANCED_FACE('',(#2817),#2809,.F.);
#2832=EDGE_CURVE('',#1940,#1761,#388,.T.);
#2838=ADVANCED_FACE('',(#2837),#2830,.T.);
#2851=EDGE_CURVE('',#1942,#1940,#383,.T.);
#2854=EDGE_CURVE('',#1761,#1942,#393,.T.);
#2858=ADVANCED_FACE('',(#2857),#2850,.T.);
#2872=EDGE_CURVE('',#1942,#1868,#397,.T.);
#2878=ADVANCED_FACE('',(#2877),#2870,.T.);
#2891=EDGE_CURVE('',#1944,#1942,#409,.T.);
#2893=EDGE_CURVE('',#1820,#1944,#432,.T.);
#2899=ADVANCED_FACE('',(#2898),#2890,.F.);
#2913=EDGE_CURVE('',#1944,#1759,#419,.T.);
#2919=ADVANCED_FACE('',(#2918),#2911,.T.);
#2932=EDGE_CURVE('',#1924,#1944,#414,.T.);
#2938=ADVANCED_FACE('',(#2937),#2931,.T.);
#2957=ADVANCED_FACE('',(#2956),#2950,.T.);
#2973=EDGE_CURVE('',#1934,#1860,#436,.T.);
#2977=ADVANCED_FACE('',(#2976),#2969,.F.);
#2990=EDGE_CURVE('',#1934,#1923,#456,.T.);
#2993=EDGE_CURVE('',#1860,#1926,#447,.T.);
#2998=ADVANCED_FACE('',(#2997),#2989,.T.);
#3016=ADVANCED_FACE('',(#3015),#3010,.T.);
#3030=EDGE_CURVE('',#1928,#1858,#489,.T.);
#3036=ADVANCED_FACE('',(#3035),#3028,.T.);
#3062=EDGE_CURVE('',#1856,#1946,#479,.T.);
#3064=EDGE_CURVE('',#1946,#1928,#484,.T.);
#3069=ADVANCED_FACE('',(#3068),#3060,.T.);
#3082=EDGE_CURVE('',#1948,#1946,#493,.T.);
#3086=EDGE_CURVE('',#1854,#1948,#508,.T.);
#3090=ADVANCED_FACE('',(#3089),#3081,.T.);
#3103=EDGE_CURVE('',#1951,#1952,#516,.T.);
#3105=EDGE_CURVE('',#1954,#1951,#628,.T.);
#3107=EDGE_CURVE('',#1956,#1954,#651,.T.);
#3109=EDGE_CURVE('',#1958,#1956,#689,.T.);
#3111=EDGE_CURVE('',#1960,#1958,#1057,.T.);
#3113=EDGE_CURVE('',#1946,#1960,#1049,.T.);
#3116=EDGE_CURVE('',#1952,#1948,#543,.T.);
#3120=ADVANCED_FACE('',(#3119),#3102,.T.);
#3133=EDGE_CURVE('',#1764,#1765,#512,.T.);
#3135=EDGE_CURVE('',#1951,#1765,#638,.T.);
#3138=EDGE_CURVE('',#1764,#1952,#539,.T.);
#3142=ADVANCED_FACE('',(#3141),#3132,.T.);
#3156=EDGE_CURVE('',#1767,#1764,#520,.T.);
#3158=EDGE_CURVE('',#1769,#1767,#574,.T.);
#3160=EDGE_CURVE('',#1765,#1769,#605,.T.);
#3164=ADVANCED_FACE('',(#3163),#3154,.F.);
#3178=EDGE_CURVE('',#1972,#1764,#534,.T.);
#3180=EDGE_CURVE('',#1972,#1970,#524,.T.);
#3182=EDGE_CURVE('',#1767,#1970,#570,.T.);
#3186=ADVANCED_FACE('',(#3185),#3176,.T.);
#3199=EDGE_CURVE('',#1952,#1972,#529,.T.);
#3205=ADVANCED_FACE('',(#3204),#3198,.T.);
#3221=EDGE_CURVE('',#1854,#1972,#547,.T.);
#3225=ADVANCED_FACE('',(#3224),#3217,.T.);
#3241=EDGE_CURVE('',#1970,#1852,#551,.T.);
#3245=ADVANCED_FACE('',(#3244),#3237,.F.);
#3258=EDGE_CURVE('',#1970,#1968,#560,.T.);
#3262=EDGE_CURVE('',#1850,#1968,#555,.T.);
#3266=ADVANCED_FACE('',(#3265),#3257,.T.);
#3280=EDGE_CURVE('',#1968,#1767,#565,.T.);
#3285=ADVANCED_FACE('',(#3284),#3278,.T.);
#3300=EDGE_CURVE('',#1968,#1966,#578,.T.);
#3302=EDGE_CURVE('',#1769,#1966,#601,.T.);
#3306=ADVANCED_FACE('',(#3305),#3297,.T.);
#3322=EDGE_CURVE('',#1966,#1848,#582,.T.);
#3326=ADVANCED_FACE('',(#3325),#3318,.F.);
#3339=EDGE_CURVE('',#1966,#1964,#591,.T.);
#3343=EDGE_CURVE('',#1846,#1964,#586,.T.);
#3347=ADVANCED_FACE('',(#3346),#3338,.T.);
#3361=EDGE_CURVE('',#1964,#1769,#596,.T.);
#3366=ADVANCED_FACE('',(#3365),#3359,.T.);
#3381=EDGE_CURVE('',#1964,#1962,#609,.T.);
#3383=EDGE_CURVE('',#1765,#1962,#643,.T.);
#3387=ADVANCED_FACE('',(#3386),#3378,.T.);
#3403=EDGE_CURVE('',#1962,#1844,#613,.T.);
#3407=ADVANCED_FACE('',(#3406),#3399,.F.);
#3420=EDGE_CURVE('',#1962,#1951,#633,.T.);
#3423=EDGE_CURVE('',#1844,#1954,#624,.T.);
#3428=ADVANCED_FACE('',(#3427),#3419,.T.);
#3446=ADVANCED_FACE('',(#3445),#3440,.T.);
#3460=EDGE_CURVE('',#1956,#1842,#666,.T.);
#3466=ADVANCED_FACE('',(#3465),#3458,.T.);
#3492=EDGE_CURVE('',#1840,#1798,#656,.T.);
#3494=EDGE_CURVE('',#1798,#1956,#661,.T.);
#3499=ADVANCED_FACE('',(#3498),#3490,.T.);
#3518=ADVANCED_FACE('',(#3517),#3511,.T.);
#3531=EDGE_CURVE('',#1958,#1796,#703,.T.);
#3538=ADVANCED_FACE('',(#3537),#3530,.T.);
#3563=EDGE_CURVE('',#1975,#1976,#723,.T.);
#3565=EDGE_CURVE('',#1975,#1958,#698,.T.);
#3568=EDGE_CURVE('',#1796,#1976,#708,.T.);
#3572=ADVANCED_FACE('',(#3571),#3562,.T.);
#3585=EDGE_CURVE('',#1995,#1996,#713,.T.);
#3587=EDGE_CURVE('',#1998,#1996,#1022,.T.);
#3589=EDGE_CURVE('',#1998,#2000,#718,.T.);
#3591=EDGE_CURVE('',#1975,#2000,#1053,.T.);
#3594=EDGE_CURVE('',#2002,#1976,#798,.T.);
#3596=EDGE_CURVE('',#2002,#2004,#728,.T.);
#3598=EDGE_CURVE('',#1995,#2004,#775,.T.);
#3602=EDGE_CURVE('',#2007,#2008,#1061,.T.);
#3604=EDGE_CURVE('',#2007,#2010,#733,.T.);
#3606=EDGE_CURVE('',#2012,#2010,#1553,.T.);
#3608=EDGE_CURVE('',#2014,#2012,#1545,.T.);
#3610=EDGE_CURVE('',#2016,#2014,#1318,.T.);
#3612=EDGE_CURVE('',#2016,#2018,#737,.T.);
#3614=EDGE_CURVE('',#2020,#2018,#1406,.T.);
#3616=EDGE_CURVE('',#2020,#2022,#742,.T.);
#3618=EDGE_CURVE('',#2024,#2022,#1394,.T.);
#3620=EDGE_CURVE('',#2024,#2026,#747,.T.);
#3622=EDGE_CURVE('',#2028,#2026,#1445,.T.);
#3624=EDGE_CURVE('',#2028,#2030,#751,.T.);
#3626=EDGE_CURVE('',#2032,#2030,#1464,.T.);
#3628=EDGE_CURVE('',#2034,#2032,#1507,.T.);
#3630=EDGE_CURVE('',#2036,#2034,#1119,.T.);
#3632=EDGE_CURVE('',#2036,#2008,#756,.T.);
#3636=ADVANCED_FACE('',(#3601,#3635),#3584,.F.);
#3662=EDGE_CURVE('',#1995,#2142,#761,.T.);
#3664=EDGE_CURVE('',#2142,#1932,#766,.T.);
#3666=EDGE_CURVE('',#1932,#1996,#771,.T.);
#3670=ADVANCED_FACE('',(#3669),#3660,.T.);
#3684=EDGE_CURVE('',#2144,#2004,#794,.T.);
#3686=EDGE_CURVE('',#2144,#2142,#779,.T.);
#3691=ADVANCED_FACE('',(#3690),#3682,.T.);
#3717=EDGE_CURVE('',#2002,#1794,#784,.T.);
#3719=EDGE_CURVE('',#1794,#2144,#789,.T.);
#3724=ADVANCED_FACE('',(#3723),#3715,.T.);
#3743=ADVANCED_FACE('',(#3742),#3736,.T.);
#3758=EDGE_CURVE('',#2146,#1792,#820,.T.);
#3760=EDGE_CURVE('',#2146,#2144,#810,.T.);
#3764=ADVANCED_FACE('',(#3763),#3755,.T.);
#3790=EDGE_CURVE('',#1836,#2146,#815,.T.);
#3793=EDGE_CURVE('',#1792,#1838,#825,.T.);
#3797=ADVANCED_FACE('',(#3796),#3788,.T.);
#3810=EDGE_CURVE('',#2148,#2146,#829,.T.);
#3814=EDGE_CURVE('',#1834,#2148,#844,.T.);
#3818=ADVANCED_FACE('',(#3817),#3809,.T.);
#3831=EDGE_CURVE('',#2151,#2152,#852,.T.);
#3833=EDGE_CURVE('',#2154,#2151,#964,.T.);
#3835=EDGE_CURVE('',#2156,#2154,#987,.T.);
#3837=EDGE_CURVE('',#2142,#2156,#1006,.T.);
#3842=EDGE_CURVE('',#2152,#2148,#910,.T.);
#3846=ADVANCED_FACE('',(#3845),#3830,.T.);
#3859=EDGE_CURVE('',#1777,#1775,#848,.T.);
#3861=EDGE_CURVE('',#2151,#1775,#974,.T.);
#3864=EDGE_CURVE('',#1777,#2152,#906,.T.);
#3868=ADVANCED_FACE('',(#3867),#3858,.T.);
#3881=EDGE_CURVE('',#1772,#1773,#856,.T.);
#3883=EDGE_CURVE('',#1775,#1772,#941,.T.);
#3886=EDGE_CURVE('',#1773,#1777,#887,.T.);
#3890=ADVANCED_FACE('',(#3889),#3880,.F.);
#3904=EDGE_CURVE('',#2164,#1773,#870,.T.);
#3906=EDGE_CURVE('',#2164,#2162,#860,.T.);
#3908=EDGE_CURVE('',#1772,#2162,#937,.T.);
#3912=ADVANCED_FACE('',(#3911),#3902,.T.);
#3925=EDGE_CURVE('',#2166,#2164,#865,.T.);
#3928=EDGE_CURVE('',#1773,#2166,#875,.T.);
#3932=ADVANCED_FACE('',(#3931),#3924,.T.);
#3946=EDGE_CURVE('',#2166,#1832,#879,.T.);
#3949=EDGE_CURVE('',#1830,#2164,#883,.T.);
#3953=ADVANCED_FACE('',(#3952),#3944,.T.);
#3966=EDGE_CURVE('',#2168,#2166,#891,.T.);
#3968=EDGE_CURVE('',#1834,#2168,#914,.T.);
#3974=ADVANCED_FACE('',(#3973),#3965,.F.);
#3988=EDGE_CURVE('',#2168,#1777,#901,.T.);
#3994=ADVANCED_FACE('',(#3993),#3986,.T.);
#4007=EDGE_CURVE('',#2152,#2168,#896,.T.);
#4013=ADVANCED_FACE('',(#4012),#4006,.T.);
#4032=ADVANCED_FACE('',(#4031),#4025,.T.);
#4048=EDGE_CURVE('',#2162,#1828,#918,.T.);
#4052=ADVANCED_FACE('',(#4051),#4044,.F.);
#4065=EDGE_CURVE('',#2162,#2160,#927,.T.);
#4069=EDGE_CURVE('',#1826,#2160,#922,.T.);
#4073=ADVANCED_FACE('',(#4072),#4064,.T.);
#4087=EDGE_CURVE('',#2160,#1772,#932,.T.);
#4092=ADVANCED_FACE('',(#4091),#4085,.T.);
#4107=EDGE_CURVE('',#2160,#2158,#945,.T.);
#4109=EDGE_CURVE('',#1775,#2158,#979,.T.);
#4113=ADVANCED_FACE('',(#4112),#4104,.T.);
#4129=EDGE_CURVE('',#2158,#1824,#949,.T.);
#4133=ADVANCED_FACE('',(#4132),#4125,.F.);
#4146=EDGE_CURVE('',#2158,#2151,#969,.T.);
#4149=EDGE_CURVE('',#1824,#2154,#960,.T.);
#4154=ADVANCED_FACE('',(#4153),#4145,.T.);
#4172=ADVANCED_FACE('',(#4171),#4166,.T.);
#4186=EDGE_CURVE('',#2156,#1822,#1002,.T.);
#4192=ADVANCED_FACE('',(#4191),#4184,.T.);
#4219=EDGE_CURVE('',#1920,#2156,#997,.T.);
#4224=ADVANCED_FACE('',(#4223),#4216,.T.);
#4243=ADVANCED_FACE('',(#4242),#4236,.T.);
#4262=ADVANCED_FACE('',(#4261),#4255,.T.);
#4278=EDGE_CURVE('',#1998,#1930,#1031,.T.);
#4282=ADVANCED_FACE('',(#4281),#4274,.T.);
#4309=EDGE_CURVE('',#1930,#1960,#1036,.T.);
#4311=EDGE_CURVE('',#1960,#2000,#1041,.T.);
#4315=ADVANCED_FACE('',(#4314),#4306,.T.);
#4334=ADVANCED_FACE('',(#4333),#4327,.T.);
#4353=ADVANCED_FACE('',(#4352),#4346,.T.);
#4366=EDGE_CURVE('',#2007,#2038,#1065,.T.);
#4369=EDGE_CURVE('',#2040,#2008,#1115,.T.);
#4371=EDGE_CURVE('',#2038,#2040,#1088,.T.);
#4375=ADVANCED_FACE('',(#4374),#4365,.T.);
#4389=EDGE_CURVE('',#2042,#2038,#1084,.T.);
#4391=EDGE_CURVE('',#2042,#2010,#1069,.T.);
#4396=ADVANCED_FACE('',(#4395),#4387,.T.);
#4409=EDGE_CURVE('',#2038,#2044,#1074,.T.);
#4411=EDGE_CURVE('',#2044,#2042,#1079,.T.);
#4416=ADVANCED_FACE('',(#4415),#4408,.T.);
#4430=EDGE_CURVE('',#2046,#2040,#1107,.T.);
#4432=EDGE_CURVE('',#2046,#2044,#1092,.T.);
#4437=ADVANCED_FACE('',(#4436),#4428,.T.);
#4450=EDGE_CURVE('',#2040,#2048,#1097,.T.);
#4452=EDGE_CURVE('',#2048,#2046,#1102,.T.);
#4457=ADVANCED_FACE('',(#4456),#4449,.T.);
#4470=EDGE_CURVE('',#2036,#2048,#1111,.T.);
#4477=ADVANCED_FACE('',(#4476),#4469,.T.);
#4490=EDGE_CURVE('',#2048,#2050,#1127,.T.);
#4494=EDGE_CURVE('',#2050,#2034,#1503,.T.);
#4498=ADVANCED_FACE('',(#4497),#4489,.T.);
#4511=EDGE_CURVE('',#2056,#2046,#1123,.T.);
#4515=EDGE_CURVE('',#2056,#2050,#1499,.T.);
#4519=ADVANCED_FACE('',(#4518),#4510,.T.);
#4532=EDGE_CURVE('',#2083,#2084,#1131,.T.);
#4534=EDGE_CURVE('',#2084,#2086,#1135,.T.);
#4536=EDGE_CURVE('',#2086,#2088,#1140,.T.);
#4538=EDGE_CURVE('',#2090,#2088,#1293,.T.);
#4540=EDGE_CURVE('',#2090,#2092,#1145,.T.);
#4542=EDGE_CURVE('',#2094,#2092,#1245,.T.);
#4544=EDGE_CURVE('',#2094,#2096,#1149,.T.);
#4546=EDGE_CURVE('',#2096,#2098,#1153,.T.);
#4548=EDGE_CURVE('',#2044,#2098,#1561,.T.);
#4552=EDGE_CURVE('',#2056,#2083,#1157,.T.);
#4556=ADVANCED_FACE('',(#4555),#4531,.T.);
#4569=EDGE_CURVE('',#2084,#2140,#1170,.T.);
#4572=EDGE_CURVE('',#2083,#2140,#1162,.T.);
#4576=ADVANCED_FACE('',(#4575),#4568,.T.);
#4582=EDGE_CURVE('',#2113,#2068,#1186,.T.);
#4584=EDGE_CURVE('',#2113,#2120,#1166,.T.);
#4586=EDGE_CURVE('',#2086,#2120,#1301,.T.);
#4590=EDGE_CURVE('',#2140,#1988,#1174,.T.);
#4592=EDGE_CURVE('',#1992,#1988,#1481,.T.);
#4594=EDGE_CURVE('',#2102,#1992,#1490,.T.);
#4596=EDGE_CURVE('',#2070,#2102,#1521,.T.);
#4598=EDGE_CURVE('',#2070,#2068,#1178,.T.);
#4602=ADVANCED_FACE('',(#4601),#4581,.F.);
#4615=EDGE_CURVE('',#2066,#2114,#1182,.T.);
#4617=EDGE_CURVE('',#2113,#2114,#1258,.T.);
#4620=EDGE_CURVE('',#2066,#2068,#1212,.T.);
#4624=ADVANCED_FACE('',(#4623),#4614,.T.);
#4638=EDGE_CURVE('',#2064,#2066,#1207,.T.);
#4640=EDGE_CURVE('',#2110,#2064,#1249,.T.);
#4642=EDGE_CURVE('',#2110,#2114,#1190,.T.);
#4646=ADVANCED_FACE('',(#4645),#4636,.F.);
#4659=EDGE_CURVE('',#2059,#2060,#1194,.T.);
#4661=EDGE_CURVE('',#2060,#2062,#1198,.T.);
#4663=EDGE_CURVE('',#2062,#2064,#1203,.T.);
#4668=EDGE_CURVE('',#2070,#2072,#1216,.T.);
#4670=EDGE_CURVE('',#2072,#2074,#1220,.T.);
#4672=EDGE_CURVE('',#2076,#2074,#1437,.T.);
#4674=EDGE_CURVE('',#2078,#2076,#1390,.T.);
#4676=EDGE_CURVE('',#2080,#2078,#1363,.T.);
#4678=EDGE_CURVE('',#2080,#2059,#1224,.T.);
#4682=ADVANCED_FACE('',(#4681),#4658,.T.);
#4695=EDGE_CURVE('',#2060,#2100,#1233,.T.);
#4698=EDGE_CURVE('',#2059,#2100,#1229,.T.);
#4702=ADVANCED_FACE('',(#4701),#4694,.T.);
#4708=EDGE_CURVE('',#2062,#2104,#1253,.T.);
#4712=EDGE_CURVE('',#2100,#1982,#1237,.T.);
#4714=EDGE_CURVE('',#1982,#1979,#1241,.T.);
#4716=EDGE_CURVE('',#2106,#1979,#1336,.T.);
#4718=EDGE_CURVE('',#2094,#2106,#1322,.T.);
#4721=EDGE_CURVE('',#2108,#2092,#1289,.T.);
#4723=EDGE_CURVE('',#2104,#2108,#1267,.T.);
#4727=ADVANCED_FACE('',(#4726),#4707,.F.);
#4740=EDGE_CURVE('',#2110,#2104,#1263,.T.);
#4747=ADVANCED_FACE('',(#4746),#4739,.T.);
#4764=EDGE_CURVE('',#2108,#2116,#1272,.T.);
#4766=EDGE_CURVE('',#2116,#2118,#1276,.T.);
#4768=EDGE_CURVE('',#2118,#2120,#1281,.T.);
#4773=ADVANCED_FACE('',(#4772),#4759,.T.);
#4786=EDGE_CURVE('',#2090,#2116,#1285,.T.);
#4793=ADVANCED_FACE('',(#4792),#4785,.T.);
#4806=EDGE_CURVE('',#2118,#2088,#1297,.T.);
#4813=ADVANCED_FACE('',(#4812),#4805,.T.);
#4832=ADVANCED_FACE('',(#4831),#4825,.T.);
#4846=EDGE_CURVE('',#2100,#1984,#1306,.T.);
#4848=EDGE_CURVE('',#1984,#1982,#1310,.T.);
#4852=ADVANCED_FACE('',(#4851),#4844,.T.);
#4858=EDGE_CURVE('',#2106,#2096,#1327,.T.);
#4860=EDGE_CURVE('',#1980,#2106,#1332,.T.);
#4862=EDGE_CURVE('',#1980,#1984,#1314,.T.);
#4866=EDGE_CURVE('',#2126,#2059,#1359,.T.);
#4868=EDGE_CURVE('',#2016,#2126,#1354,.T.);
#4871=EDGE_CURVE('',#2136,#2014,#1541,.T.);
#4873=EDGE_CURVE('',#2096,#2136,#1536,.T.);
#4877=ADVANCED_FACE('',(#4876),#4857,.T.);
#4895=ADVANCED_FACE('',(#4894),#4889,.T.);
#4903=EDGE_CURVE('',#1979,#1980,#1340,.T.);
#4907=ADVANCED_FACE('',(#4906),#4900,.T.);
#4919=ADVANCED_FACE('',(#4918),#4912,.F.);
#4933=EDGE_CURVE('',#2080,#2124,#1345,.T.);
#4935=EDGE_CURVE('',#2124,#2018,#1349,.T.);
#4942=ADVANCED_FACE('',(#4941),#4931,.F.);
#4956=EDGE_CURVE('',#2132,#2078,#1382,.T.);
#4958=EDGE_CURVE('',#2132,#2124,#1367,.T.);
#4963=ADVANCED_FACE('',(#4962),#4954,.T.);
#4976=EDGE_CURVE('',#2078,#2130,#1372,.T.);
#4978=EDGE_CURVE('',#2130,#2132,#1377,.T.);
#4983=ADVANCED_FACE('',(#4982),#4975,.T.);
#4996=EDGE_CURVE('',#2128,#2130,#1386,.T.);
#5000=EDGE_CURVE('',#2128,#2076,#1429,.T.);
#5004=ADVANCED_FACE('',(#5003),#4995,.T.);
#5017=EDGE_CURVE('',#2130,#2022,#1402,.T.);
#5020=EDGE_CURVE('',#2024,#2128,#1410,.T.);
#5025=ADVANCED_FACE('',(#5024),#5016,.T.);
#5038=EDGE_CURVE('',#2020,#2132,#1398,.T.);
#5045=ADVANCED_FACE('',(#5044),#5037,.T.);
#5064=ADVANCED_FACE('',(#5063),#5057,.T.);
#5078=EDGE_CURVE('',#2052,#2128,#1424,.T.);
#5080=EDGE_CURVE('',#2052,#2026,#1414,.T.);
#5085=ADVANCED_FACE('',(#5084),#5076,.T.);
#5098=EDGE_CURVE('',#2076,#2052,#1419,.T.);
#5104=ADVANCED_FACE('',(#5103),#5097,.T.);
#5117=EDGE_CURVE('',#2054,#2052,#1433,.T.);
#5121=EDGE_CURVE('',#2054,#2074,#1450,.T.);
#5125=ADVANCED_FACE('',(#5124),#5116,.T.);
#5140=EDGE_CURVE('',#2054,#2028,#1441,.T.);
#5145=ADVANCED_FACE('',(#5144),#5137,.T.);
#5161=EDGE_CURVE('',#2072,#2122,#1455,.T.);
#5163=EDGE_CURVE('',#2122,#2030,#1460,.T.);
#5168=ADVANCED_FACE('',(#5167),#5157,.F.);
#5181=EDGE_CURVE('',#2140,#1987,#1473,.T.);
#5184=EDGE_CURVE('',#2138,#2083,#1517,.T.);
#5186=EDGE_CURVE('',#2032,#2138,#1512,.T.);
#5191=EDGE_CURVE('',#2102,#2072,#1526,.T.);
#5193=EDGE_CURVE('',#1990,#2102,#1486,.T.);
#5195=EDGE_CURVE('',#1990,#1987,#1468,.T.);
#5199=ADVANCED_FACE('',(#5198),#5180,.T.);
#5214=EDGE_CURVE('',#1987,#1988,#1477,.T.);
#5218=ADVANCED_FACE('',(#5217),#5211,.T.);
#5226=EDGE_CURVE('',#1992,#1990,#1494,.T.);
#5231=ADVANCED_FACE('',(#5230),#5223,.F.);
#5249=ADVANCED_FACE('',(#5248),#5243,.T.);
#5263=ADVANCED_FACE('',(#5262),#5254,.T.);
#5281=ADVANCED_FACE('',(#5280),#5275,.T.);
#5287=EDGE_CURVE('',#2134,#2012,#1549,.T.);
#5289=EDGE_CURVE('',#2134,#2098,#1531,.T.);
#5297=ADVANCED_FACE('',(#5296),#5286,.T.);
#5310=EDGE_CURVE('',#2134,#2042,#1557,.T.);
#5317=ADVANCED_FACE('',(#5316),#5309,.T.);
#5336=ADVANCED_FACE('',(#5335),#5329,.T.);
#5350=EDGE_CURVE('',#1896,#1871,#1569,.T.);
#5352=EDGE_CURVE('',#1895,#1896,#1574,.T.);
#5354=EDGE_CURVE('',#1895,#1872,#1565,.T.);
#5358=ADVANCED_FACE('',(#5357),#5348,.T.);
#5373=EDGE_CURVE('',#1896,#1895,#1579,.T.);
#5378=ADVANCED_FACE('',(#5377),#5370,.T.);
#5395=EDGE_CURVE('',#1899,#1900,#1584,.T.);
#5397=EDGE_CURVE('',#1900,#1899,#1589,.T.);
#5401=ADVANCED_FACE('',(#5394,#5400),#5390,.T.);
#5414=EDGE_CURVE('',#2171,#1899,#1597,.T.);
#5416=EDGE_CURVE('',#2171,#2172,#1602,.T.);
#5418=EDGE_CURVE('',#1900,#2172,#1593,.T.);
#5423=ADVANCED_FACE('',(#5422),#5413,.T.);
#5437=EDGE_CURVE('',#2172,#2171,#1607,.T.);
#5443=ADVANCED_FACE('',(#5442),#5435,.T.);
#5460=ADVANCED_FACE('',(#5459),#5455,.T.);
#5466=EDGE_CURVE('',#2175,#2176,#1612,.T.);
#5468=EDGE_CURVE('',#2176,#2175,#1617,.T.);
#5472=ADVANCED_FACE('',(#5471),#5465,.T.);
#5478=EDGE_CURVE('',#2179,#2180,#1622,.T.);
#5480=EDGE_CURVE('',#2180,#2179,#1627,.T.);
#5484=ADVANCED_FACE('',(#5483),#5477,.T.);
#5490=EDGE_CURVE('',#2183,#2184,#1632,.T.);
#5492=EDGE_CURVE('',#2184,#2183,#1637,.T.);
#5496=ADVANCED_FACE('',(#5495),#5489,.T.);
#5502=EDGE_CURVE('',#2175,#1891,#1645,.T.);
#5505=EDGE_CURVE('',#1892,#2176,#1641,.T.);
#5507=EDGE_CURVE('',#1891,#1892,#1660,.T.);
#5511=ADVANCED_FACE('',(#5510),#5501,.T.);
#5527=EDGE_CURVE('',#1892,#1891,#1665,.T.);
#5531=ADVANCED_FACE('',(#5530),#5523,.T.);
#5544=EDGE_CURVE('',#1888,#1886,#1650,.T.);
#5546=EDGE_CURVE('',#1886,#1888,#1655,.T.);
#5554=ADVANCED_FACE('',(#5549,#5553),#5543,.T.);
#5568=EDGE_CURVE('',#1886,#1883,#1673,.T.);
#5571=EDGE_CURVE('',#1888,#1884,#1669,.T.);
#5575=ADVANCED_FACE('',(#5574),#5566,.T.);
#5594=ADVANCED_FACE('',(#5593),#5587,.T.);
#5607=EDGE_CURVE('',#2179,#1907,#1681,.T.);
#5610=EDGE_CURVE('',#1908,#2180,#1677,.T.);
#5612=EDGE_CURVE('',#1907,#1908,#1696,.T.);
#5616=ADVANCED_FACE('',(#5615),#5606,.T.);
#5632=EDGE_CURVE('',#1908,#1907,#1701,.T.);
#5636=ADVANCED_FACE('',(#5635),#5628,.T.);
#5649=EDGE_CURVE('',#1903,#1904,#1686,.T.);
#5651=EDGE_CURVE('',#1904,#1903,#1691,.T.);
#5659=ADVANCED_FACE('',(#5654,#5658),#5648,.T.);
#5673=EDGE_CURVE('',#1904,#1875,#1709,.T.);
#5676=EDGE_CURVE('',#1903,#1876,#1705,.T.);
#5680=ADVANCED_FACE('',(#5679),#5671,.T.);
#5699=ADVANCED_FACE('',(#5698),#5692,.T.);
#5712=EDGE_CURVE('',#2183,#1915,#1717,.T.);
#5715=EDGE_CURVE('',#1916,#2184,#1713,.T.);
#5717=EDGE_CURVE('',#1915,#1916,#1732,.T.);
#5721=ADVANCED_FACE('',(#5720),#5711,.T.);
#5737=EDGE_CURVE('',#1916,#1915,#1737,.T.);
#5741=ADVANCED_FACE('',(#5740),#5733,.T.);
#5754=EDGE_CURVE('',#1911,#1912,#1722,.T.);
#5756=EDGE_CURVE('',#1912,#1911,#1727,.T.);
#5764=ADVANCED_FACE('',(#5759,#5763),#5753,.T.);
#5778=EDGE_CURVE('',#1912,#1879,#1745,.T.);
#5781=EDGE_CURVE('',#1911,#1880,#1741,.T.);
#5785=ADVANCED_FACE('',(#5784),#5776,.T.);
#5804=ADVANCED_FACE('',(#5803),#5797,.T.);
#5814=(LENGTH_UNIT()NAMED_UNIT(*)SI_UNIT(.MILLI.,.METRE.));
#5815=(NAMED_UNIT(*)PLANE_ANGLE_UNIT()SI_UNIT($,.RADIAN.));
#5818=(NAMED_UNIT(*)SI_UNIT($,.STERADIAN.)SOLID_ANGLE_UNIT());
#5820=(GEOMETRIC_REPRESENTATION_CONTEXT(3)GLOBAL_UNCERTAINTY_ASSIGNED_CONTEXT((
#5819))GLOBAL_UNIT_ASSIGNED_CONTEXT((#5814,#5817,#5818))REPRESENTATION_CONTEXT(
'ID1','3'));
#5821=ADVANCED_BREP_SHAPE_REPRESENTATION('',(#5813),#5820);
#5829=PRODUCT_DEFINITION('part definition','',#5828,#5825);
#5830=PRODUCT_DEFINITION_SHAPE('','SHAPE FOR FL2D-30-103.',#5829);
#5831=SHAPE_ASPECT('','solid data associated with FL2D-30-103',#5830,.F.);
#5832=PROPERTY_DEFINITION('',
'shape for solid data with which properties are associated',#5831);
#5833=SHAPE_REPRESENTATION('',(#5813),#5820);
#5834=SHAPE_DEFINITION_REPRESENTATION(#5832,#5833);
#5835=(LENGTH_UNIT()NAMED_UNIT(*)SI_UNIT(.MILLI.,.METRE.));
#5839=PROPERTY_DEFINITION('geometric validation property','area of FL2D-30-103',
#5831);
#5840=REPRESENTATION('surface area',(#5838),#5820);
#5841=PROPERTY_DEFINITION_REPRESENTATION(#5839,#5840);
#5842=(LENGTH_UNIT()NAMED_UNIT(*)SI_UNIT(.MILLI.,.METRE.));
#5846=PROPERTY_DEFINITION('geometric validation property',
'volume of FL2D-30-103',#5831);
#5847=REPRESENTATION('volume',(#5845),#5820);
#5848=PROPERTY_DEFINITION_REPRESENTATION(#5846,#5847);
#5850=PROPERTY_DEFINITION('geometric validation property',
'centroid of FL2D-30-103',#5831);
#5851=REPRESENTATION('centroid',(#5849),#5820);
#5852=PROPERTY_DEFINITION_REPRESENTATION(#5850,#5851);
#5853=(LENGTH_UNIT()NAMED_UNIT(*)SI_UNIT(.MILLI.,.METRE.));
#5857=PROPERTY_DEFINITION('geometric validation property','area of FL2D-30-103',
#5830);
#5858=REPRESENTATION('surface area',(#5856),#5820);
#5859=PROPERTY_DEFINITION_REPRESENTATION(#5857,#5858);
#5860=(LENGTH_UNIT()NAMED_UNIT(*)SI_UNIT(.MILLI.,.METRE.));
#5864=PROPERTY_DEFINITION('geometric validation property',
'volume of FL2D-30-103',#5830);
#5865=REPRESENTATION('volume',(#5863),#5820);
#5866=PROPERTY_DEFINITION_REPRESENTATION(#5864,#5865);
#5868=PROPERTY_DEFINITION('geometric validation property',
'centroid of FL2D-30-103',#5830);
#5869=REPRESENTATION('centroid',(#5867),#5820);
#5870=PROPERTY_DEFINITION_REPRESENTATION(#5868,#5869);
#5871=SHAPE_DEFINITION_REPRESENTATION(#5830,#5821);
ENDSEC;
END-ISO-10303-21;
