ISO-10303-21;
HEADER;
FILE_DESCRIPTION (( 'STEP AP214' ),
    '1' );
FILE_NAME ('MF-SM075-2.STEP',
    '2024-11-08T11:27:33',
    ( '' ),
    ( '' ),
    'SwSTEP 2.0',
    'SolidWorks 2024',
    '' );
FILE_SCHEMA (( 'AUTOMOTIVE_DESIGN' ));
ENDSEC;

DATA;
#1 = ADVANCED_FACE ( 'NONE', ( #271 ), #3632, .F. ) ;
#2 = CARTESIAN_POINT ( 'NONE',  ( -3.799406789245264537, 0.2817995381003017275, -2.601807331347449015 ) ) ;
#3 = ORIENTED_EDGE ( 'NONE', *, *, #1773, .T. ) ;
#4 = CARTESIAN_POINT ( 'NONE',  ( -3.918423181244019560, 0.4142692420985326640, 2.719758311624273617 ) ) ;
#5 = CARTESIAN_POINT ( 'NONE',  ( -3.898048466378319699, 0.4057138301968875038, 2.718257151589937859 ) ) ;
#6 = ORIENTED_EDGE ( 'NONE', *, *, #2640, .F. ) ;
#7 = CARTESIAN_POINT ( 'NONE',  ( 3.299999999999999822, 1.029999999999999805, 0.000000000000000000 ) ) ;
#8 = CARTESIAN_POINT ( 'NONE',  ( -3.969999999999999751, -1.620000000000000329, -2.719999999999999751 ) ) ;
#9 = ORIENTED_EDGE ( 'NONE', *, *, #3023, .F. ) ;
#10 = EDGE_CURVE ( 'NONE', #925, #1232, #15, .T. ) ;
#11 = DIRECTION ( 'NONE',  ( -1.000000000000000000, 0.000000000000000000, 0.000000000000000000 ) ) ;
#12 = CARTESIAN_POINT ( 'NONE',  ( -3.969999999999999751, -1.720000000000000195, 1.154999999999999361 ) ) ;
#13 = SURFACE_STYLE_USAGE ( .BOTH. , #623 ) ;
#14 = VECTOR ( 'NONE', #298, 1000.000000000000000 ) ;
#15 = LINE ( 'NONE', #288, #319 ) ;
#16 = ADVANCED_FACE ( 'NONE', ( #2275 ), #1684, .T. ) ;
#17 = DIRECTION ( 'NONE',  ( 0.000000000000000000, 0.000000000000000000, -1.000000000000000000 ) ) ;
#18 = PLANE ( 'NONE',  #2319 ) ;
#19 = CIRCLE ( 'NONE', #851, 0.04999999999999991257 ) ;
#20 = DIRECTION ( 'NONE',  ( 1.000000000000000000, 0.000000000000000000, 1.594414959537506187E-16 ) ) ;
#21 = CARTESIAN_POINT ( 'NONE',  ( -3.919999999999235651, -0.02999999999999986358, 2.674666028446253563 ) ) ;
#22 = ORIENTED_EDGE ( 'NONE', *, *, #2073, .F. ) ;
#23 = CARTESIAN_POINT ( 'NONE',  ( -3.970000000000000639, 0.4200000000000000400, 2.720000000000000195 ) ) ;
#24 = CARTESIAN_POINT ( 'NONE',  ( -3.763981920150728300, 0.2880226854337163966, 2.545241553870356110 ) ) ;
#25 = VERTEX_POINT ( 'NONE', #3649 ) ;
#26 = EDGE_CURVE ( 'NONE', #1996, #1077, #1382, .T. ) ;
#27 = CIRCLE ( 'NONE', #2425, 0.05000000000000012768 ) ;
#28 = CARTESIAN_POINT ( 'NONE',  ( -3.927318260292213647, 0.3773182602922163231, -2.713274773747341051 ) ) ;
#29 = AXIS2_PLACEMENT_3D ( 'NONE', #972, #1541, #3551 ) ;
#30 = CARTESIAN_POINT ( 'NONE',  ( 2.640000000000001457, -1.250000000000000222, 1.205000000000000293 ) ) ;
#31 = VERTEX_POINT ( 'NONE', #863 ) ;
#32 = DIRECTION ( 'NONE',  ( -0.000000000000000000, 2.281233971484151241E-16, -1.000000000000000000 ) ) ;
#33 = FACE_OUTER_BOUND ( 'NONE', #1856, .T. ) ;
#34 = EDGE_CURVE ( 'NONE', #969, #1754, #3511, .T. ) ;
#35 = VERTEX_POINT ( 'NONE', #2538 ) ;
#36 = FACE_OUTER_BOUND ( 'NONE', #3350, .T. ) ;
#37 = AXIS2_PLACEMENT_3D ( 'NONE', #1365, #2192, #2487 ) ;
#38 = CARTESIAN_POINT ( 'NONE',  ( -3.608691976481047892, 0.3799530506778879269, -2.700100391862187976 ) ) ;
#39 = CARTESIAN_POINT ( 'NONE',  ( -3.937729823807011531, 0.1294964815256619273, 2.708201229430573509 ) ) ;
#40 = ORIENTED_EDGE ( 'NONE', *, *, #1315, .T. ) ;
#41 = CARTESIAN_POINT ( 'NONE',  ( -3.801566528668203659, 0.2833587343844247153, 2.607214441235859770 ) ) ;
#42 = CIRCLE ( 'NONE', #507, 0.04999999999999969746 ) ;
#43 = VERTEX_POINT ( 'NONE', #3053 ) ;
#44 = CARTESIAN_POINT ( 'NONE',  ( -3.920000000000000817, -0.03000000000000003011, 2.519606481481482696 ) ) ;
#45 = CARTESIAN_POINT ( 'NONE',  ( -3.199999999999998845, 0.3699999999999999956, 2.700000000000000178 ) ) ;
#46 = CARTESIAN_POINT ( 'NONE',  ( -3.249999999999999112, -0.3199999999999999512, 2.649999999999999911 ) ) ;
#47 = ORIENTED_EDGE ( 'NONE', *, *, #819, .T. ) ;
#48 = LINE ( 'NONE', #3469, #773 ) ;
#49 = DIRECTION ( 'NONE',  ( 0.000000000000000000, 0.000000000000000000, -1.000000000000000000 ) ) ;
#50 = EDGE_CURVE ( 'NONE', #2436, #1828, #1658, .T. ) ;
#51 = DIRECTION ( 'NONE',  ( -1.000000000000000000, 0.000000000000000000, -1.594414959537506187E-16 ) ) ;
#52 = CARTESIAN_POINT ( 'NONE',  ( -3.947560942873267642, 0.2180484858593977338, -2.715584615220667075 ) ) ;
#53 = ORIENTED_EDGE ( 'NONE', *, *, #1425, .T. ) ;
#54 = CIRCLE ( 'NONE', #2939, 0.05000000000000012768 ) ;
#55 = LINE ( 'NONE', #3435, #1982 ) ;
#56 = APPLICATION_CONTEXT ( 'automotive_design' ) ;
#57 = VERTEX_POINT ( 'NONE', #842 ) ;
#58 =( NAMED_UNIT ( * ) SI_UNIT ( $, .STERADIAN. ) SOLID_ANGLE_UNIT ( ) );
#59 = FACE_OUTER_BOUND ( 'NONE', #3514, .T. ) ;
#60 = DIRECTION ( 'NONE',  ( -0.000000000000000000, -0.000000000000000000, -1.000000000000000000 ) ) ;
#61 = ORIENTED_EDGE ( 'NONE', *, *, #2991, .F. ) ;
#62 = DIRECTION ( 'NONE',  ( 0.000000000000000000, 0.000000000000000000, -1.000000000000000000 ) ) ;
#63 = VECTOR ( 'NONE', #3464, 1000.000000000000000 ) ;
#64 =( NAMED_UNIT ( * ) SI_UNIT ( $, .STERADIAN. ) SOLID_ANGLE_UNIT ( ) );
#65 = LINE ( 'NONE', #1492, #2666 ) ;
#66 = FILL_AREA_STYLE ('',( #1771 ) ) ;
#67 = DIRECTION ( 'NONE',  ( -0.000000000000000000, -0.000000000000000000, 1.000000000000000000 ) ) ;
#68 = CARTESIAN_POINT ( 'NONE',  ( -3.919999999999999929, -0.03000000000000003011, -2.566604456018517944 ) ) ;
#69 = ORIENTED_EDGE ( 'NONE', *, *, #923, .F. ) ;
#70 = AXIS2_PLACEMENT_3D ( 'NONE', #1945, #1483, #503 ) ;
#71 = DIRECTION ( 'NONE',  ( 1.000000000000000000, 0.000000000000000000, 0.000000000000000000 ) ) ;
#72 = VECTOR ( 'NONE', #3624, 1000.000000000000000 ) ;
#73 = EDGE_LOOP ( 'NONE', ( #1444, #884, #1342 ) ) ;
#74 = VECTOR ( 'NONE', #991, 1000.000000000000000 ) ;
#75 = CARTESIAN_POINT ( 'NONE',  ( -4.630000000000000782, 0.3999999999999997446, -2.669999999999999041 ) ) ;
#76 = ADVANCED_FACE ( 'NONE', ( #3355 ), #1568, .T. ) ;
#77 = AXIS2_PLACEMENT_3D ( 'NONE', #1357, #3335, #3035 ) ;
#78 = CARTESIAN_POINT ( 'NONE',  ( -3.349999999999998757, -1.050000000000000044, -2.720000000000000195 ) ) ;
#79 = CIRCLE ( 'NONE', #2257, 0.05000000000000012768 ) ;
#80 = VERTEX_POINT ( 'NONE', #568 ) ;
#81 = SPHERICAL_SURFACE ( 'NONE', #3202, 0.05000000000000000278 ) ;
#82 = DIRECTION ( 'NONE',  ( 8.673617379884013384E-15, 0.000000000000000000, 1.000000000000000000 ) ) ;
#83 = DIRECTION ( 'NONE',  ( -1.000000000000000000, 0.000000000000000000, 0.000000000000000000 ) ) ;
#84 = CARTESIAN_POINT ( 'NONE',  ( -3.961358850143790189, 0.3422296512941196411, -2.719247644909807082 ) ) ;
#85 = SURFACE_STYLE_USAGE ( .BOTH. , #2045 ) ;
#86 = CARTESIAN_POINT ( 'NONE',  ( -3.519999999999999574, 0.3699999999999999956, -2.569737654318255071 ) ) ;
#87 = CARTESIAN_POINT ( 'NONE',  ( -3.926446419791949527, 0.02680260850526375305, 2.694568099497418157 ) ) ;
#88 = ORIENTED_EDGE ( 'NONE', *, *, #1876, .T. ) ;
#89 = AXIS2_PLACEMENT_3D ( 'NONE', #1552, #998, #3180 ) ;
#90 = DIRECTION ( 'NONE',  ( 0.000000000000000000, -1.000000000000000000, 0.000000000000000000 ) ) ;
#91 = EDGE_CURVE ( 'NONE', #3090, #2955, #2500, .T. ) ;
#92 = ORIENTED_EDGE ( 'NONE', *, *, #361, .T. ) ;
#93 = VECTOR ( 'NONE', #3409, 1000.000000000000000 ) ;
#94 = CARTESIAN_POINT ( 'NONE',  ( -3.919999999999237428, -0.03000000000000007869, -2.674655675240443120 ) ) ;
#95 = ADVANCED_FACE ( 'NONE', ( #228 ), #1360, .T. ) ;
#96 = DIRECTION ( 'NONE',  ( -0.000000000000000000, 1.000000000000000000, -0.000000000000000000 ) ) ;
#97 = ADVANCED_FACE ( 'NONE', ( #3338 ), #1702, .T. ) ;
#98 = DIRECTION ( 'NONE',  ( 0.000000000000000000, 0.000000000000000000, -1.000000000000000000 ) ) ;
#99 = EDGE_LOOP ( 'NONE', ( #897, #2210, #2282, #2491 ) ) ;
#100 = CYLINDRICAL_SURFACE ( 'NONE', #2131, 0.05000000000000012768 ) ;
#101 = DIRECTION ( 'NONE',  ( 0.000000000000000000, 1.000000000000000000, 0.000000000000000000 ) ) ;
#102 = CARTESIAN_POINT ( 'NONE',  ( 3.350000000000000089, 1.079999999999999849, -2.669999999999999929 ) ) ;
#103 = CARTESIAN_POINT ( 'NONE',  ( -3.969999999999999751, -1.720000000000000195, 1.254999999999999227 ) ) ;
#104 = SURFACE_STYLE_FILL_AREA ( #1219 ) ;
#105 =( LENGTH_UNIT ( ) NAMED_UNIT ( * ) SI_UNIT ( .MILLI., .METRE. ) );
#106 = VERTEX_POINT ( 'NONE', #903 ) ;
#107 = SURFACE_STYLE_FILL_AREA ( #3513 ) ;
#108 = EDGE_CURVE ( 'NONE', #916, #232, #2879, .T. ) ;
#109 = EDGE_CURVE ( 'NONE', #2351, #476, #2508, .T. ) ;
#110 = CIRCLE ( 'NONE', #3122, 0.05000000000000012768 ) ;
#111 = EDGE_LOOP ( 'NONE', ( #1067, #3058, #1104, #2034 ) ) ;
#112 = CARTESIAN_POINT ( 'NONE',  ( -3.939914836844010004, 0.1492300174176139915, -2.709939710260687473 ) ) ;
#113 = CARTESIAN_POINT ( 'NONE',  ( -3.891687324203750631, 0.3672473969958451323, -2.712671752314884444 ) ) ;
#114 = DIRECTION ( 'NONE',  ( -1.000000000000000000, 0.000000000000000000, 0.000000000000000000 ) ) ;
#115 = ORIENTED_EDGE ( 'NONE', *, *, #3399, .T. ) ;
#116 = CARTESIAN_POINT ( 'NONE',  ( -4.630000000000000782, 1.079999999999999849, 1.154999999999999361 ) ) ;
#117 = LINE ( 'NONE', #3207, #2833 ) ;
#118 = CIRCLE ( 'NONE', #234, 0.04999999999999991257 ) ;
#119 = CARTESIAN_POINT ( 'NONE',  ( -3.199999999999998845, 0.3699999999999999956, 2.649999999999999911 ) ) ;
#120 = DIRECTION ( 'NONE',  ( 1.594414959537506434E-16, -0.000000000000000000, -1.000000000000000000 ) ) ;
#121 = EDGE_LOOP ( 'NONE', ( #2602, #123, #2673, #263 ) ) ;
#122 = DIRECTION ( 'NONE',  ( -0.000000000000000000, -0.000000000000000000, -1.000000000000000000 ) ) ;
#123 = ORIENTED_EDGE ( 'NONE', *, *, #2772, .T. ) ;
#124 = AXIS2_PLACEMENT_3D ( 'NONE', #78, #3126, #1451 ) ;
#125 = DIRECTION ( 'NONE',  ( -0.000000000000000000, 1.000000000000000000, -0.000000000000000000 ) ) ;
#126 = DIRECTION ( 'NONE',  ( 0.000000000000000000, 0.000000000000000000, -1.000000000000000000 ) ) ;
#127 = CIRCLE ( 'NONE', #607, 0.6900000000000000577 ) ;
#128 = CARTESIAN_POINT ( 'NONE',  ( -3.919999999999999929, -2.100000000000000089, -1.155000000000001581 ) ) ;
#129 = CIRCLE ( 'NONE', #1847, 0.04999999999999991257 ) ;
#130 = ORIENTED_EDGE ( 'NONE', *, *, #1585, .T. ) ;
#131 = AXIS2_PLACEMENT_3D ( 'NONE', #2221, #2184, #2736 ) ;
#132 = DIRECTION ( 'NONE',  ( -0.000000000000000000, -0.000000000000000000, -1.000000000000000000 ) ) ;
#133 = LINE ( 'NONE', #2664, #1713 ) ;
#134 = CIRCLE ( 'NONE', #2912, 0.04999999999999969746 ) ;
#135 = DIRECTION ( 'NONE',  ( 0.000000000000000000, 0.000000000000000000, 1.000000000000000000 ) ) ;
#136 = DIRECTION ( 'NONE',  ( 0.000000000000000000, 1.000000000000000000, -8.673617379884030739E-15 ) ) ;
#137 = LINE ( 'NONE', #2929, #1556 ) ;
#138 = EDGE_CURVE ( 'NONE', #3005, #2841, #1787, .T. ) ;
#139 = CIRCLE ( 'NONE', #2855, 0.05000000000000012768 ) ;
#140 =( LENGTH_UNIT ( ) NAMED_UNIT ( * ) SI_UNIT ( .MILLI., .METRE. ) );
#141 = ORIENTED_EDGE ( 'NONE', *, *, #2055, .T. ) ;
#142 = DIRECTION ( 'NONE',  ( -0.000000000000000000, 1.000000000000000000, -0.000000000000000000 ) ) ;
#143 = ORIENTED_EDGE ( 'NONE', *, *, #2893, .F. ) ;
#144 = CARTESIAN_POINT ( 'NONE',  ( -3.952722899213520158, 0.2641806225844771649, -2.716933752161821314 ) ) ;
#145 = CARTESIAN_POINT ( 'NONE',  ( -3.558939555195046456, 0.3699936489027205733, -2.671858859197367764 ) ) ;
#146 = DIRECTION ( 'NONE',  ( 0.000000000000000000, 0.000000000000000000, 1.000000000000000000 ) ) ;
#147 = ADVANCED_FACE ( 'NONE', ( #1808 ), #2887, .T. ) ;
#148 = ORIENTED_EDGE ( 'NONE', *, *, #1753, .F. ) ;
#149 = CARTESIAN_POINT ( 'NONE',  ( -3.969999999999999751, -1.720000000000000195, 1.254999999999999227 ) ) ;
#150 = CARTESIAN_POINT ( 'NONE',  ( -3.969999999999999751, -2.100000000000000089, -1.155000000000001581 ) ) ;
#151 = CARTESIAN_POINT ( 'NONE',  ( -3.919999999999999929, -0.03000000000000007869, -2.569737654318254627 ) ) ;
#152 = CARTESIAN_POINT ( 'NONE',  ( 3.350000000000000533, -1.050000000000000044, -1.205000000000000293 ) ) ;
#153 = UNCERTAINTY_MEASURE_WITH_UNIT (LENGTH_MEASURE( 1.000000000000000082E-05 ), #2165, 'distance_accuracy_value', 'NONE');
#154 =( NAMED_UNIT ( * ) PLANE_ANGLE_UNIT ( ) SI_UNIT ( $, .RADIAN. ) );
#155 = ORIENTED_EDGE ( 'NONE', *, *, #2564, .T. ) ;
#156 = DIRECTION ( 'NONE',  ( 1.000000000000000000, 0.000000000000000000, 0.000000000000000000 ) ) ;
#157 = EDGE_CURVE ( 'NONE', #771, #2831, #1102, .T. ) ;
#158 = ORIENTED_EDGE ( 'NONE', *, *, #2097, .T. ) ;
#159 = CARTESIAN_POINT ( 'NONE',  ( -3.956834541585657838, 0.3014407425036084165, -2.718275432153179683 ) ) ;
#160 = CARTESIAN_POINT ( 'NONE',  ( -3.249999999999999112, 0.3199999999999999512, 2.649999999999999911 ) ) ;
#161 = ADVANCED_FACE ( 'NONE', ( #326 ), #1770, .F. ) ;
#162 = DIRECTION ( 'NONE',  ( 1.000000000000000000, -0.000000000000000000, -0.000000000000000000 ) ) ;
#163 = ORIENTED_EDGE ( 'NONE', *, *, #3437, .F. ) ;
#164 = PRESENTATION_LAYER_ASSIGNMENT (  '', '', ( #404 ) ) ;
#165 =( NAMED_UNIT ( * ) PLANE_ANGLE_UNIT ( ) SI_UNIT ( $, .RADIAN. ) );
#166 = DIRECTION ( 'NONE',  ( 0.000000000000000000, 1.000000000000000000, 0.000000000000000000 ) ) ;
#167 = EDGE_CURVE ( 'NONE', #2065, #1133, #139, .T. ) ;
#168 = CARTESIAN_POINT ( 'NONE',  ( -3.970000000000000639, -1.620000000000000773, 2.670000000000000373 ) ) ;
#169 = CARTESIAN_POINT ( 'NONE',  ( -3.970000000000000639, 0.4200000000000000400, 2.720000000000000639 ) ) ;
#170 = CARTESIAN_POINT ( 'NONE',  ( -3.969999999999999751, -1.670000000000000151, 1.154999999999999361 ) ) ;
#171 = EDGE_CURVE ( 'NONE', #180, #2580, #1567, .T. ) ;
#172 = ORIENTED_EDGE ( 'NONE', *, *, #666, .T. ) ;
#173 = SURFACE_SIDE_STYLE ('',( #1881 ) ) ;
#174 = AXIS2_PLACEMENT_3D ( 'NONE', #918, #497, #198 ) ;
#175 = ORIENTED_EDGE ( 'NONE', *, *, #2878, .F. ) ;
#176 = CARTESIAN_POINT ( 'NONE',  ( 0.000000000000000000, -0.3699999999999999956, 0.000000000000000000 ) ) ;
#177 = CARTESIAN_POINT ( 'NONE',  ( -3.785809964837406394, 0.3939783928635496313, -2.713692785687843223 ) ) ;
#178 = CARTESIAN_POINT ( 'NONE',  ( -3.679496590874254736, 0.3877298361743294342, -2.708201239880908773 ) ) ;
#179 = CARTESIAN_POINT ( 'NONE',  ( -3.520445308244619209, 0.3700494786938463010, 2.672550150786175749 ) ) ;
#180 = VERTEX_POINT ( 'NONE', #2592 ) ;
#181 = ADVANCED_FACE ( 'NONE', ( #1493 ), #3509, .T. ) ;
#182 = FACE_OUTER_BOUND ( 'NONE', #1021, .T. ) ;
#183 = CIRCLE ( 'NONE', #2545, 0.05000000000000012768 ) ;
#184 = CARTESIAN_POINT ( 'NONE',  ( -3.919999999999999929, -1.670000000000000151, 1.254999999999999227 ) ) ;
#185 = EDGE_LOOP ( 'NONE', ( #3037, #1882, #731, #1633 ) ) ;
#186 = DIRECTION ( 'NONE',  ( -0.000000000000000000, 0.000000000000000000, 1.000000000000000000 ) ) ;
#187 = UNCERTAINTY_MEASURE_WITH_UNIT (LENGTH_MEASURE( 1.000000000000000082E-05 ), #2551, 'distance_accuracy_value', 'NONE');
#188 = CIRCLE ( 'NONE', #2489, 0.05000000000000012768 ) ;
#189 =( NAMED_UNIT ( * ) PLANE_ANGLE_UNIT ( ) SI_UNIT ( $, .RADIAN. ) );
#190 = CARTESIAN_POINT ( 'NONE',  ( -3.955713830196888381, 0.3480484663783192101, 2.718257151589937859 ) ) ;
#191 = AXIS2_PLACEMENT_3D ( 'NONE', #2618, #626, #1758 ) ;
#192 = AXIS2_PLACEMENT_3D ( 'NONE', #274, #3339, #2462 ) ;
#193 = EDGE_LOOP ( 'NONE', ( #3306, #2543, #696, #2623 ) ) ;
#194 = ORIENTED_EDGE ( 'NONE', *, *, #3281, .F. ) ;
#195 = CARTESIAN_POINT ( 'NONE',  ( -3.709897298344824623, 0.3262789459445934459, -2.572976729074543556 ) ) ;
#196 = EDGE_CURVE ( 'NONE', #2565, #556, #1511, .T. ) ;
#197 = CARTESIAN_POINT ( 'NONE',  ( -3.668095752220537076, 0.3864713976529254302, -2.707101631048056678 ) ) ;
#198 = DIRECTION ( 'NONE',  ( -8.673617379884013384E-15, 0.000000000000000000, -1.000000000000000000 ) ) ;
#199 = ORIENTED_EDGE ( 'NONE', *, *, #2432, .T. ) ;
#200 = DIRECTION ( 'NONE',  ( 0.000000000000000000, 0.000000000000000000, -1.000000000000000000 ) ) ;
#201 = DIRECTION ( 'NONE',  ( -1.594414959537506434E-16, -2.281233971484151241E-16, 1.000000000000000000 ) ) ;
#202 = CARTESIAN_POINT ( 'NONE',  ( -3.901025468320586498, 0.2052929506848122920, 2.669460319215819943 ) ) ;
#203 = ORIENTED_EDGE ( 'NONE', *, *, #873, .F. ) ;
#204 = CARTESIAN_POINT ( 'NONE',  ( -3.970000000000000639, 0.4200000000000000400, 2.720000000000000639 ) ) ;
#205 = DIRECTION ( 'NONE',  ( -0.000000000000000000, 1.000000000000000000, -0.000000000000000000 ) ) ;
#206 = CIRCLE ( 'NONE', #2271, 0.05000000000000012768 ) ;
#207 = EDGE_CURVE ( 'NONE', #2788, #3518, #317, .T. ) ;
#208 = VERTEX_POINT ( 'NONE', #3257 ) ;
#209 = PRESENTATION_STYLE_ASSIGNMENT (( #2460 ) ) ;
#210 = DIRECTION ( 'NONE',  ( 1.000000000000000000, 0.000000000000000000, 1.594414959537506187E-16 ) ) ;
#211 = CARTESIAN_POINT ( 'NONE',  ( -3.833705449440172330, 0.3071821338893913067, -2.664938197956470578 ) ) ;
#212 =( BOUNDED_CURVE ( )  B_SPLINE_CURVE ( 3, ( #746, #2107, #3262, #169 ),
 .UNSPECIFIED., .F., .T. ) 
 B_SPLINE_CURVE_WITH_KNOTS ( ( 4, 4 ),
 ( 4.538693903676112029, 4.712388980384689674 ),
 .UNSPECIFIED. ) 
 CURVE ( )  GEOMETRIC_REPRESENTATION_ITEM ( )  RATIONAL_B_SPLINE_CURVE ( ( 1.000000000000000000, 0.9974874148863952517, 0.9974874148863952517, 1.000000000000000000 ) ) 
 REPRESENTATION_ITEM ( '' )  );
#213 = ORIENTED_EDGE ( 'NONE', *, *, #3485, .T. ) ;
#214 =( LENGTH_UNIT ( ) NAMED_UNIT ( * ) SI_UNIT ( .MILLI., .METRE. ) );
#215 = EDGE_CURVE ( 'NONE', #1763, #437, #1270, .T. ) ;
#216 = ADVANCED_FACE ( 'NONE', ( #2397 ), #3591, .T. ) ;
#217 = DIRECTION ( 'NONE',  ( 1.000000000000000000, 0.000000000000000000, 1.594414959537506434E-16 ) ) ;
#218 = FACE_OUTER_BOUND ( 'NONE', #3310, .T. ) ;
#219 = EDGE_LOOP ( 'NONE', ( #3389, #1245, #1892 ) ) ;
#220 = LINE ( 'NONE', #1411, #2549 ) ;
#221 = DIRECTION ( 'NONE',  ( 1.000000000000000000, 0.000000000000000000, 0.000000000000000000 ) ) ;
#222 = CARTESIAN_POINT ( 'NONE',  ( -3.902241671489581787, 0.1206096653099999194, 2.606965952563442990 ) ) ;
#223 = ORIENTED_EDGE ( 'NONE', *, *, #1475, .F. ) ;
#224 = CIRCLE ( 'NONE', #2290, 0.05000000000000002359 ) ;
#225 =( LENGTH_UNIT ( ) NAMED_UNIT ( * ) SI_UNIT ( .MILLI., .METRE. ) );
#226 = DIRECTION ( 'NONE',  ( 1.000000000000000000, -0.000000000000000000, -0.000000000000000000 ) ) ;
#227 = CARTESIAN_POINT ( 'NONE',  ( -3.912579130598450750, 0.3914443075983456422, 2.716768853149887253 ) ) ;
#228 = FACE_OUTER_BOUND ( 'NONE', #1844, .T. ) ;
#229 = SURFACE_STYLE_USAGE ( .BOTH. , #173 ) ;
#230 = CARTESIAN_POINT ( 'NONE',  ( -4.630000000000000782, 1.079999999999999849, -2.719999999999999751 ) ) ;
#231 = CARTESIAN_POINT ( 'NONE',  ( -3.866301156282402562, 0.2062172627094231159, -2.607475163973720811 ) ) ;
#232 = VERTEX_POINT ( 'NONE', #2437 ) ;
#233 = FACE_OUTER_BOUND ( 'NONE', #3214, .T. ) ;
#234 = AXIS2_PLACEMENT_3D ( 'NONE', #1000, #2394, #146 ) ;
#235 = CARTESIAN_POINT ( 'NONE',  ( -3.788913564164344105, 0.2742775675591767603, 2.572761272995543802 ) ) ;
#236 = ORIENTED_EDGE ( 'NONE', *, *, #3097, .F. ) ;
#237 = DIRECTION ( 'NONE',  ( 0.000000000000000000, 0.000000000000000000, -1.000000000000000000 ) ) ;
#238 = CARTESIAN_POINT ( 'NONE',  ( -3.869514555341702522, 0.1714475921483597509, -2.519606481481481808 ) ) ;
#239 = VECTOR ( 'NONE', #3265, 1000.000000000000000 ) ;
#240 = CARTESIAN_POINT ( 'NONE',  ( -3.969999999999999751, 1.079999999999999849, -2.719999999999999751 ) ) ;
#241 = ORIENTED_EDGE ( 'NONE', *, *, #2170, .F. ) ;
#242 = AXIS2_PLACEMENT_3D ( 'NONE', #1356, #3033, #3049 ) ;
#243 = FILL_AREA_STYLE ('',( #1543 ) ) ;
#244 = CARTESIAN_POINT ( 'NONE',  ( -4.580000000000000959, -1.670000000000000151, 1.204999999999998739 ) ) ;
#245 = STYLED_ITEM ( 'NONE', ( #485 ), #2948 ) ;
#246 = VECTOR ( 'NONE', #522, 1000.000000000000000 ) ;
#247 = DIRECTION ( 'NONE',  ( 1.000000000000000000, 0.000000000000000000, 0.000000000000000000 ) ) ;
#248 = CIRCLE ( 'NONE', #3557, 0.05000000000000012768 ) ;
#249 = CARTESIAN_POINT ( 'NONE',  ( -4.630000000000000782, -1.620000000000000329, 1.254999999999999227 ) ) ;
#250 = EDGE_CURVE ( 'NONE', #2164, #2973, #2401, .T. ) ;
#251 = CARTESIAN_POINT ( 'NONE',  ( -4.630000000000000782, 1.079999999999999849, -2.669999999999999041 ) ) ;
#252 = CARTESIAN_POINT ( 'NONE',  ( -3.866291815855751768, 0.2012957026035468444, -2.600598184057392182 ) ) ;
#253 = ORIENTED_EDGE ( 'NONE', *, *, #3553, .T. ) ;
#254 = VECTOR ( 'NONE', #1783, 1000.000000000000000 ) ;
#255 = CARTESIAN_POINT ( 'NONE',  ( -3.967170947991094376, 0.3945385319201271668, 2.720000000000000195 ) ) ;
#256 = CIRCLE ( 'NONE', #2911, 0.6800000000000000488 ) ;
#257 = CARTESIAN_POINT ( 'NONE',  ( -3.642417016630476567, 0.3547635259150488385, 2.580301044975505942 ) ) ;
#258 = ORIENTED_EDGE ( 'NONE', *, *, #2640, .T. ) ;
#259 = CARTESIAN_POINT ( 'NONE',  ( -3.249999999999999112, 0.3699999999999999956, -2.700000000000000178 ) ) ;
#260 = LINE ( 'NONE', #2747, #2586 ) ;
#261 = CARTESIAN_POINT ( 'NONE',  ( -3.868921694156351343, 0.2719683267595011666, 2.664932855246977539 ) ) ;
#262 = EDGE_CURVE ( 'NONE', #2817, #2436, #2863, .T. ) ;
#263 = ORIENTED_EDGE ( 'NONE', *, *, #726, .F. ) ;
#264 = CARTESIAN_POINT ( 'NONE',  ( -3.950000000000000178, 1.079999999999999849, 0.000000000000000000 ) ) ;
#265 = CARTESIAN_POINT ( 'NONE',  ( 3.350000000000000533, -2.100000000000000089, 1.205000000000000293 ) ) ;
#266 = EDGE_CURVE ( 'NONE', #969, #3456, #1614, .T. ) ;
#267 = UNCERTAINTY_MEASURE_WITH_UNIT (LENGTH_MEASURE( 1.000000000000000082E-05 ), #3453, 'distance_accuracy_value', 'NONE');
#268 = CARTESIAN_POINT ( 'NONE',  ( -4.580000000000000959, -1.620000000000000329, -2.719999999999999751 ) ) ;
#269 = FILL_AREA_STYLE ('',( #1123 ) ) ;
#270 = AXIS2_PLACEMENT_3D ( 'NONE', #3188, #1739, #2909 ) ;
#271 = FACE_OUTER_BOUND ( 'NONE', #2705, .T. ) ;
#272 = AXIS2_PLACEMENT_3D ( 'NONE', #2982, #587, #2277 ) ;
#273 = FILL_AREA_STYLE ('',( #885 ) ) ;
#274 = CARTESIAN_POINT ( 'NONE',  ( -3.970000000000000639, -2.050000000000000266, 1.154999999999999361 ) ) ;
#275 = CARTESIAN_POINT ( 'NONE',  ( -3.748962487815788780, 0.3159674292304412435, -2.600998864355455353 ) ) ;
#276 = ORIENTED_EDGE ( 'NONE', *, *, #1407, .T. ) ;
#277 = EDGE_CURVE ( 'NONE', #1146, #3518, #442, .T. ) ;
#278 = CARTESIAN_POINT ( 'NONE',  ( -3.756482171154519989, 0.3165276187104523742, 2.611627293090091229 ) ) ;
#279 = EDGE_LOOP ( 'NONE', ( #2657, #253, #2598, #1155 ) ) ;
#280 = EDGE_CURVE ( 'NONE', #688, #3299, #3026, .T. ) ;
#281 = FACE_OUTER_BOUND ( 'NONE', #3137, .T. ) ;
#282 = FACE_OUTER_BOUND ( 'NONE', #2629, .T. ) ;
#283 = CARTESIAN_POINT ( 'NONE',  ( -3.919999999999999929, 0.008167040358623691917, 2.670981036534821662 ) ) ;
#284 = EDGE_LOOP ( 'NONE', ( #2646, #671, #393, #831 ) ) ;
#285 = CARTESIAN_POINT ( 'NONE',  ( -3.969999999999999751, -1.620000000000000329, -2.669999999999999929 ) ) ;
#286 =( NAMED_UNIT ( * ) SI_UNIT ( $, .STERADIAN. ) SOLID_ANGLE_UNIT ( ) );
#287 = LINE ( 'NONE', #3131, #1079 ) ;
#288 = CARTESIAN_POINT ( 'NONE',  ( -4.630000000000000782, -1.620000000000000773, 2.720000000000000195 ) ) ;
#289 = FACE_OUTER_BOUND ( 'NONE', #1653, .T. ) ;
#290 = CARTESIAN_POINT ( 'NONE',  ( 0.000000000000000000, -1.050000000000000044, 0.000000000000000000 ) ) ;
#291 = EDGE_CURVE ( 'NONE', #35, #3438, #2713, .T. ) ;
#292 = LINE ( 'NONE', #1422, #2413 ) ;
#293 = CARTESIAN_POINT ( 'NONE',  ( -3.839866736959270277, 0.2158186879899659516, -2.519606481481481808 ) ) ;
#294 = ORIENTED_EDGE ( 'NONE', *, *, #1753, .T. ) ;
#295 = CARTESIAN_POINT ( 'NONE',  ( -3.809469303082752667, 0.3256963311351283030, 2.667603282377168039 ) ) ;
#296 = PRODUCT ( 'MF-SM075-2', 'MF-SM075-2', '', ( #2342 ) ) ;
#297 = EDGE_LOOP ( 'NONE', ( #3073, #2110, #2431, #175 ) ) ;
#298 = DIRECTION ( 'NONE',  ( -1.000000000000000000, 0.000000000000000000, 0.000000000000000000 ) ) ;
#299 = CIRCLE ( 'NONE', #174, 0.05000000000000012768 ) ;
#300 = DIRECTION ( 'NONE',  ( 1.000000000000000000, 0.000000000000000000, 0.000000000000000000 ) ) ;
#301 = ORIENTED_EDGE ( 'NONE', *, *, #1035, .F. ) ;
#302 = CARTESIAN_POINT ( 'NONE',  ( -4.580000000000000959, -1.720000000000000195, 1.204999999999999183 ) ) ;
#303 = DIRECTION ( 'NONE',  ( -1.000000000000000000, -0.000000000000000000, 0.000000000000000000 ) ) ;
#304 =( LENGTH_UNIT ( ) NAMED_UNIT ( * ) SI_UNIT ( .MILLI., .METRE. ) );
#305 = COLOUR_RGB ( '',0.1098039215686274495, 0.1098039215686274495, 0.1098039215686274495 ) ;
#306 = DIRECTION ( 'NONE',  ( -1.000000000000000000, 0.000000000000000000, 0.000000000000000000 ) ) ;
#307 = VECTOR ( 'NONE', #32, 1000.000000000000000 ) ;
#308 = FACE_OUTER_BOUND ( 'NONE', #1450, .T. ) ;
#309 = CARTESIAN_POINT ( 'NONE',  ( -3.902571467201858990, 0.1169028807415658927, -2.603204621034556521 ) ) ;
#310 = VERTEX_POINT ( 'NONE', #1823 ) ;
#311 = CARTESIAN_POINT ( 'NONE',  ( -3.199999999999998845, 0.3199999999999999512, 0.000000000000000000 ) ) ;
#312 = CARTESIAN_POINT ( 'NONE',  ( -3.712694364604756103, 0.3495703909860080616, 2.647567956930445554 ) ) ;
#313 = ORIENTED_EDGE ( 'NONE', *, *, #2869, .F. ) ;
#314 = COLOUR_RGB ( '',0.1098039215686274495, 0.1098039215686274495, 0.1098039215686274495 ) ;
#315 = CARTESIAN_POINT ( 'NONE',  ( 3.250000000000000888, -0.3199999999999999512, -2.700000000000000178 ) ) ;
#316 = CIRCLE ( 'NONE', #3562, 0.1000000000000000472 ) ;
#317 = CIRCLE ( 'NONE', #971, 0.05000000000000012768 ) ;
#318 = DIRECTION ( 'NONE',  ( 0.000000000000000000, 0.000000000000000000, -1.000000000000000000 ) ) ;
#319 = VECTOR ( 'NONE', #1137, 1000.000000000000000 ) ;
#320 = EDGE_CURVE ( 'NONE', #3402, #3299, #3549, .T. ) ;
#321 = ORIENTED_EDGE ( 'NONE', *, *, #1681, .T. ) ;
#322 = CARTESIAN_POINT ( 'NONE',  ( 2.640000000000001457, -2.100000000000000089, -1.205000000000000293 ) ) ;
#323 = CARTESIAN_POINT ( 'NONE',  ( -3.249999999999999112, -0.3699999999999999956, 2.649999999999999911 ) ) ;
#324 = ADVANCED_FACE ( 'NONE', ( #2138 ), #3311, .T. ) ;
#325 = CARTESIAN_POINT ( 'NONE',  ( -4.630000000000000782, 0.4200000000000000400, 2.670000000000000373 ) ) ;
#326 = FACE_OUTER_BOUND ( 'NONE', #454, .T. ) ;
#327 = CARTESIAN_POINT ( 'NONE',  ( -3.970000000000000639, -1.620000000000000329, 1.254999999999999227 ) ) ;
#328 =( NAMED_UNIT ( * ) SI_UNIT ( $, .STERADIAN. ) SOLID_ANGLE_UNIT ( ) );
#329 = CARTESIAN_POINT ( 'NONE',  ( -3.961358850143790189, 0.3422296512941214175, 2.719247644909807970 ) ) ;
#330 = ADVANCED_FACE ( 'NONE', ( #3277 ), #1750, .T. ) ;
#331 = ORIENTED_EDGE ( 'NONE', *, *, #2227, .F. ) ;
#332 = ORIENTED_EDGE ( 'NONE', *, *, #3111, .T. ) ;
#333 = ORIENTED_EDGE ( 'NONE', *, *, #2389, .T. ) ;
#334 = EDGE_CURVE ( 'NONE', #31, #1794, #2865, .T. ) ;
#335 = PLANE ( 'NONE',  #419 ) ;
#336 = LINE ( 'NONE', #3403, #14 ) ;
#337 = CARTESIAN_POINT ( 'NONE',  ( 2.640000000000001013, -2.100000000000000089, -1.205000000000000293 ) ) ;
#338 = VERTEX_POINT ( 'NONE', #75 ) ;
#339 = LINE ( 'NONE', #622, #3508 ) ;
#340 =( NAMED_UNIT ( * ) SI_UNIT ( $, .STERADIAN. ) SOLID_ANGLE_UNIT ( ) );
#341 = CARTESIAN_POINT ( 'NONE',  ( 3.250000000000000888, 0.3199999999999999512, 2.700000000000000178 ) ) ;
#342 = CARTESIAN_POINT ( 'NONE',  ( -3.519999999999999574, 0.3699999999999999956, -2.669999999999999485 ) ) ;
#343 = CARTESIAN_POINT ( 'NONE',  ( -3.931735592957333658, 0.1169059926482958200, -2.703430139869570592 ) ) ;
#344 = EDGE_LOOP ( 'NONE', ( #1711, #1517, #3433, #333 ) ) ;
#345 = EDGE_CURVE ( 'NONE', #106, #2123, #1634, .T. ) ;
#346 = EDGE_LOOP ( 'NONE', ( #2005, #2443, #1623 ) ) ;
#347 = AXIS2_PLACEMENT_3D ( 'NONE', #2119, #3484, #3505 ) ;
#348 = CARTESIAN_POINT ( 'NONE',  ( -3.950000000000000178, 1.029999999999999805, -2.669999999999999485 ) ) ;
#349 = EDGE_LOOP ( 'NONE', ( #3584, #1464, #2573, #2749 ) ) ;
#350 = CARTESIAN_POINT ( 'NONE',  ( -3.969999999999999751, -1.720000000000000195, 1.204999999999999183 ) ) ;
#351 = DIRECTION ( 'NONE',  ( 0.000000000000000000, -0.000000000000000000, 1.000000000000000000 ) ) ;
#352 = DIRECTION ( 'NONE',  ( 1.000000000000000000, 0.000000000000000000, 0.000000000000000000 ) ) ;
#353 = ORIENTED_EDGE ( 'NONE', *, *, #2835, .F. ) ;
#354 = LINE ( 'NONE', #1488, #662 ) ;
#355 = CIRCLE ( 'NONE', #2951, 0.1000000000000000472 ) ;
#356 = CYLINDRICAL_SURFACE ( 'NONE', #2191, 0.05000000000000012768 ) ;
#357 = AXIS2_PLACEMENT_3D ( 'NONE', #1330, #2449, #1038 ) ;
#358 = CARTESIAN_POINT ( 'NONE',  ( 3.200000000000000178, -0.3199999999999999512, -2.649999999999999911 ) ) ;
#359 = SURFACE_STYLE_USAGE ( .BOTH. , #2888 ) ;
#360 = DIRECTION ( 'NONE',  ( -0.000000000000000000, -0.000000000000000000, 1.000000000000000000 ) ) ;
#361 = EDGE_CURVE ( 'NONE', #2391, #2168, #2796, .T. ) ;
#362 = CARTESIAN_POINT ( 'NONE',  ( -3.938620008785885585, 0.1375454877800649789, 2.708930650167131304 ) ) ;
#363 = EDGE_LOOP ( 'NONE', ( #3363, #3392, #483, #2382 ) ) ;
#364 = ADVANCED_FACE ( 'NONE', ( #3164 ), #335, .F. ) ;
#365 = VECTOR ( 'NONE', #1209, 1000.000000000000000 ) ;
#366 = CARTESIAN_POINT ( 'NONE',  ( -3.349999999999998757, -1.050000000000000044, 2.720000000000000195 ) ) ;
#367 = TOROIDAL_SURFACE ( 'NONE', #712, 0.1000000000000000056, 0.05000000000000000278 ) ;
#368 = ORIENTED_EDGE ( 'NONE', *, *, #2628, .F. ) ;
#369 = CARTESIAN_POINT ( 'NONE',  ( -3.923289868244891565, -0.001274728873622797730, -2.688455662583126404 ) ) ;
#370 = CIRCLE ( 'NONE', #3261, 0.04999999999999991257 ) ;
#371 = LINE ( 'NONE', #2330, #3200 ) ;
#372 = DIRECTION ( 'NONE',  ( -0.000000000000000000, -0.000000000000000000, -1.000000000000000000 ) ) ;
#373 = MECHANICAL_DESIGN_GEOMETRIC_PRESENTATION_REPRESENTATION (  '', ( #3085 ), #849 ) ;
#374 = EDGE_LOOP ( 'NONE', ( #2486, #3264, #3251, #2081 ) ) ;
#375 =( NAMED_UNIT ( * ) PLANE_ANGLE_UNIT ( ) SI_UNIT ( $, .RADIAN. ) );
#376 = VECTOR ( 'NONE', #132, 1000.000000000000000 ) ;
#377 = FILL_AREA_STYLE_COLOUR ( '', #1682 ) ;
#378 = LINE ( 'NONE', #102, #3367 ) ;
#379 = DIRECTION ( 'NONE',  ( -0.000000000000000000, 1.000000000000000000, -0.000000000000000000 ) ) ;
#380 = EDGE_CURVE ( 'NONE', #1763, #3179, #2482, .T. ) ;
#381 = CARTESIAN_POINT ( 'NONE',  ( 3.200000000000000622, -0.3199999999999999512, 2.700000000000000178 ) ) ;
#382 = DIRECTION ( 'NONE',  ( 0.000000000000000000, 0.000000000000000000, -1.000000000000000000 ) ) ;
#383 = ADVANCED_FACE ( 'NONE', ( #1187 ), #3351, .T. ) ;
#384 = CARTESIAN_POINT ( 'NONE',  ( -3.919999999999999929, 0.02236931790317950308, -2.519606481481481808 ) ) ;
#385 = ORIENTED_EDGE ( 'NONE', *, *, #468, .F. ) ;
#386 = VECTOR ( 'NONE', #125, 1000.000000000000000 ) ;
#387 = DIRECTION ( 'NONE',  ( 0.000000000000000000, 0.000000000000000000, -1.000000000000000000 ) ) ;
#388 = ORIENTED_EDGE ( 'NONE', *, *, #1848, .T. ) ;
#389 = CARTESIAN_POINT ( 'NONE',  ( -3.961358850143790189, 0.3422296512941196411, -2.719247644909807082 ) ) ;
#390 = DIRECTION ( 'NONE',  ( -0.000000000000000000, -0.000000000000000000, -1.000000000000000000 ) ) ;
#391 = CARTESIAN_POINT ( 'NONE',  ( -4.580000000000000959, -1.670000000000000595, 2.670000000000000373 ) ) ;
#392 = CIRCLE ( 'NONE', #2446, 0.04999999999999991257 ) ;
#393 = ORIENTED_EDGE ( 'NONE', *, *, #3093, .F. ) ;
#394 = SURFACE_SIDE_STYLE ('',( #1507 ) ) ;
#395 = DIRECTION ( 'NONE',  ( 0.000000000000000000, 0.000000000000000000, -1.000000000000000000 ) ) ;
#396 = ADVANCED_FACE ( 'NONE', ( #1654 ), #2769, .F. ) ;
#397 = SURFACE_STYLE_FILL_AREA ( #3486 ) ;
#398 = CARTESIAN_POINT ( 'NONE',  ( -3.915480352521048424, 0.3885757437043136919, -2.716582728499685295 ) ) ;
#399 = FILL_AREA_STYLE_COLOUR ( '', #314 ) ;
#400 =( NAMED_UNIT ( * ) SI_UNIT ( $, .STERADIAN. ) SOLID_ANGLE_UNIT ( ) );
#401 = EDGE_LOOP ( 'NONE', ( #683, #294, #1225, #155 ) ) ;
#402 = FILL_AREA_STYLE_COLOUR ( '', #2603 ) ;
#403 = COLOUR_RGB ( '',0.1098039215686274495, 0.1098039215686274495, 0.1098039215686274495 ) ;
#404 = STYLED_ITEM ( 'NONE', ( #1004 ), #1731 ) ;
#405 = VERTEX_POINT ( 'NONE', #350 ) ;
#406 = CARTESIAN_POINT ( 'NONE',  ( -3.945313818752512525, 0.1975470913379278604, -2.713574561148133668 ) ) ;
#407 = CARTESIAN_POINT ( 'NONE',  ( -3.969999999999999751, 0.4200000000000000400, -2.719999999999999751 ) ) ;
#408 = CARTESIAN_POINT ( 'NONE',  ( -3.618006863207845480, 0.3809725790679611701, 2.701293902764866584 ) ) ;
#409 = ORIENTED_EDGE ( 'NONE', *, *, #2781, .T. ) ;
#410 = EDGE_CURVE ( 'NONE', #2391, #2946, #3066, .T. ) ;
#411 = DIRECTION ( 'NONE',  ( 0.000000000000000000, 0.000000000000000000, 1.000000000000000000 ) ) ;
#412 = CARTESIAN_POINT ( 'NONE',  ( 3.200000000000000622, -0.3199999999999999512, -2.649999999999999911 ) ) ;
#413 = DIRECTION ( 'NONE',  ( -0.000000000000000000, -0.000000000000000000, -1.000000000000000000 ) ) ;
#414 = PRESENTATION_LAYER_ASSIGNMENT (  '', '', ( #3599 ) ) ;
#415 = DIRECTION ( 'NONE',  ( 0.000000000000000000, -0.000000000000000000, 1.000000000000000000 ) ) ;
#416 = DIRECTION ( 'NONE',  ( 0.000000000000000000, 0.000000000000000000, -1.000000000000000000 ) ) ;
#417 = ORIENTED_EDGE ( 'NONE', *, *, #2106, .F. ) ;
#418 = DIRECTION ( 'NONE',  ( 0.000000000000000000, 0.000000000000000000, -1.000000000000000000 ) ) ;
#419 = AXIS2_PLACEMENT_3D ( 'NONE', #778, #2473, #1085 ) ;
#420 = EDGE_LOOP ( 'NONE', ( #2074, #1261, #943 ) ) ;
#421 = AXIS2_PLACEMENT_3D ( 'NONE', #3061, #2764, #237 ) ;
#422 = CARTESIAN_POINT ( 'NONE',  ( -4.580000000000000959, -1.620000000000000773, 2.720000000000000639 ) ) ;
#423 = CARTESIAN_POINT ( 'NONE',  ( -4.580000000000000959, -1.670000000000000151, -1.205000000000001847 ) ) ;
#424 =( GEOMETRIC_REPRESENTATION_CONTEXT ( 3 ) GLOBAL_UNCERTAINTY_ASSIGNED_CONTEXT ( ( #3629 ) ) GLOBAL_UNIT_ASSIGNED_CONTEXT ( ( #2478, #2799, #3373 ) ) REPRESENTATION_CONTEXT ( 'NONE', 'WORKASPACE' ) );
#425 = CARTESIAN_POINT ( 'NONE',  ( -3.826025432840814311, 0.4040287781217893337, 2.717390734694591359 ) ) ;
#426 = CIRCLE ( 'NONE', #2668, 0.04999999999999991257 ) ;
#427 = EDGE_LOOP ( 'NONE', ( #2950, #3594, #908, #498, #1501, #3065, #514, #2145, #2001, #471, #2157, #3459 ) ) ;
#428 = CIRCLE ( 'NONE', #131, 0.04999999999999969746 ) ;
#429 = CARTESIAN_POINT ( 'NONE',  ( -4.580000000000000959, -1.720000000000000195, 1.154999999999999361 ) ) ;
#430 = CARTESIAN_POINT ( 'NONE',  ( 2.640000000000001013, -1.050000000000000044, -1.205000000000000293 ) ) ;
#431 = EDGE_CURVE ( 'NONE', #598, #2565, #2776, .T. ) ;
#432 = VECTOR ( 'NONE', #1069, 1000.000000000000000 ) ;
#433 = DIRECTION ( 'NONE',  ( 1.000000000000000000, 0.000000000000000000, 0.000000000000000000 ) ) ;
#434 = FACE_OUTER_BOUND ( 'NONE', #3196, .T. ) ;
#435 = AXIS2_PLACEMENT_3D ( 'NONE', #606, #1495, #2298 ) ;
#436 = FACE_OUTER_BOUND ( 'NONE', #2938, .T. ) ;
#437 = VERTEX_POINT ( 'NONE', #422 ) ;
#438 = CARTESIAN_POINT ( 'NONE',  ( -3.249999999999999112, 0.3199999999999999512, -2.700000000000000178 ) ) ;
#439 = EDGE_LOOP ( 'NONE', ( #3345, #3548, #1923, #1914 ) ) ;
#440 = SURFACE_STYLE_FILL_AREA ( #2970 ) ;
#441 = CARTESIAN_POINT ( 'NONE',  ( -3.572369317903180352, 0.3699999999999999400, -2.519606481481481808 ) ) ;
#442 = CIRCLE ( 'NONE', #2505, 0.05000000000000012768 ) ;
#443 = CARTESIAN_POINT ( 'NONE',  ( -3.719058755402358862, 0.3921239480971845937, 2.711533044272638193 ) ) ;
#444 = ORIENTED_EDGE ( 'NONE', *, *, #1153, .T. ) ;
#445 =( GEOMETRIC_REPRESENTATION_CONTEXT ( 3 ) GLOBAL_UNCERTAINTY_ASSIGNED_CONTEXT ( ( #153 ) ) GLOBAL_UNIT_ASSIGNED_CONTEXT ( ( #2165, #2146, #749 ) ) REPRESENTATION_CONTEXT ( 'NONE', 'WORKASPACE' ) );
#446 = CARTESIAN_POINT ( 'NONE',  ( 2.640000000000001013, -0.3700000000000001066, -1.205000000000000293 ) ) ;
#447 = CYLINDRICAL_SURFACE ( 'NONE', #3237, 0.05000000000000012768 ) ;
#448 = B_SPLINE_CURVE_WITH_KNOTS ( 'NONE', 3,
 ( #3036, #2162, #506, #227, #1358, #1089, #2773, #3354, #1683, #2205, #190, #3336 ),
 .UNSPECIFIED., .F., .F.,
 ( 4, 2, 2, 2, 2, 4 ),
 ( 0.000000000000000000, 0.2500000000000016653, 0.3750000000000008327, 0.5000000000000000000, 0.7499999999999998890, 1.000000000000000000 ),
 .UNSPECIFIED. ) ;
#449 = CARTESIAN_POINT ( 'NONE',  ( 3.200000000000000622, 0.3199999999999999512, 2.649999999999999911 ) ) ;
#450 = CYLINDRICAL_SURFACE ( 'NONE', #1673, 0.04999999999999991257 ) ;
#451 = UNCERTAINTY_MEASURE_WITH_UNIT (LENGTH_MEASURE( 1.000000000000000082E-05 ), #1525, 'distance_accuracy_value', 'NONE');
#452 = DIRECTION ( 'NONE',  ( 1.000000000000000000, -0.000000000000000000, -0.000000000000000000 ) ) ;
#453 = FACE_OUTER_BOUND ( 'NONE', #553, .T. ) ;
#454 = EDGE_LOOP ( 'NONE', ( #1204, #2137, #2301, #3245 ) ) ;
#455 = EDGE_CURVE ( 'NONE', #3423, #2641, #1367, .T. ) ;
#456 = ORIENTED_EDGE ( 'NONE', *, *, #1792, .F. ) ;
#457 = CARTESIAN_POINT ( 'NONE',  ( -3.671999508241792665, 0.3521493003969183300, -2.610528478690752774 ) ) ;
#458 = CARTESIAN_POINT ( 'NONE',  ( -4.630000000000000782, -1.720000000000000195, 1.254999999999999227 ) ) ;
#459 = CARTESIAN_POINT ( 'NONE',  ( -3.349999999999998757, -0.3699999999999999956, 2.720000000000000195 ) ) ;
#460 = VERTEX_POINT ( 'NONE', #3247 ) ;
#461 =( LENGTH_UNIT ( ) NAMED_UNIT ( * ) SI_UNIT ( .MILLI., .METRE. ) );
#462 = ORIENTED_EDGE ( 'NONE', *, *, #2552, .T. ) ;
#463 = CARTESIAN_POINT ( 'NONE',  ( -3.919999999999999929, -0.03000000000000007869, -2.619868827155028335 ) ) ;
#464 = FACE_OUTER_BOUND ( 'NONE', #2966, .T. ) ;
#465 = CARTESIAN_POINT ( 'NONE',  ( -3.349999999999998757, -1.050000000000000044, -2.720000000000000195 ) ) ;
#466 = VERTEX_POINT ( 'NONE', #1801 ) ;
#467 = CARTESIAN_POINT ( 'NONE',  ( -3.969999999999999751, -1.670000000000000151, -1.205000000000001403 ) ) ;
#468 = EDGE_CURVE ( 'NONE', #916, #2164, #1533, .T. ) ;
#469 = MECHANICAL_DESIGN_GEOMETRIC_PRESENTATION_REPRESENTATION (  '', ( #1834 ), #765 ) ;
#470 = EDGE_CURVE ( 'NONE', #3084, #3032, #2624, .T. ) ;
#471 = ORIENTED_EDGE ( 'NONE', *, *, #1037, .T. ) ;
#472 = CARTESIAN_POINT ( 'NONE',  ( -3.729830068579616409, 0.3253839956261900812, -2.599812464118897992 ) ) ;
#473 = CARTESIAN_POINT ( 'NONE',  ( -3.815227946057861530, 0.4028485970775487202, -2.717060794139378288 ) ) ;
#474 = FACE_OUTER_BOUND ( 'NONE', #3446, .T. ) ;
#475 = AXIS2_PLACEMENT_3D ( 'NONE', #2625, #96, #699 ) ;
#476 = VERTEX_POINT ( 'NONE', #713 ) ;
#477 = PLANE ( 'NONE',  #2078 ) ;
#478 = AXIS2_PLACEMENT_3D ( 'NONE', #862, #602, #3152 ) ;
#479 = CARTESIAN_POINT ( 'NONE',  ( -3.697260482547197302, 0.3295331841731088951, -2.519606481481481808 ) ) ;
#480 = VECTOR ( 'NONE', #578, 1000.000000000000000 ) ;
#481 = CARTESIAN_POINT ( 'NONE',  ( -3.902069420180000581, 0.1227296512113839472, 2.609040850414891644 ) ) ;
#482 = EDGE_CURVE ( 'NONE', #2788, #1146, #1807, .T. ) ;
#483 = ORIENTED_EDGE ( 'NONE', *, *, #2281, .T. ) ;
#484 = DIRECTION ( 'NONE',  ( -1.000000000000000000, 0.000000000000000000, 0.000000000000000000 ) ) ;
#485 = PRESENTATION_STYLE_ASSIGNMENT (( #3611 ) ) ;
#486 = EDGE_CURVE ( 'NONE', #2094, #106, #1033, .T. ) ;
#487 = PRESENTATION_LAYER_ASSIGNMENT (  '', '', ( #1316 ) ) ;
#488 = ORIENTED_EDGE ( 'NONE', *, *, #345, .T. ) ;
#489 = FILL_AREA_STYLE ('',( #2756 ) ) ;
#490 = EDGE_CURVE ( 'NONE', #2195, #1364, #2737, .T. ) ;
#491 = CIRCLE ( 'NONE', #2556, 0.05000000000000012768 ) ;
#492 = FACE_OUTER_BOUND ( 'NONE', #1173, .T. ) ;
#493 = CARTESIAN_POINT ( 'NONE',  ( -3.866365526823373866, 0.2088697612319003194, -2.610953950937702217 ) ) ;
#494 = ORIENTED_EDGE ( 'NONE', *, *, #3093, .T. ) ;
#495 = FILL_AREA_STYLE_COLOUR ( '', #403 ) ;
#496 = CARTESIAN_POINT ( 'NONE',  ( -3.849114932872217842, 0.4065683258746907724, -2.718407084144417230 ) ) ;
#497 = DIRECTION ( 'NONE',  ( 1.000000000000000000, 0.000000000000000000, -8.673617379884013384E-15 ) ) ;
#498 = ORIENTED_EDGE ( 'NONE', *, *, #1698, .T. ) ;
#499 = CARTESIAN_POINT ( 'NONE',  ( -4.630000000000000782, -1.720000000000000195, 1.154999999999999361 ) ) ;
#500 = CARTESIAN_POINT ( 'NONE',  ( 3.350000000000000533, -2.100000000000000089, 2.720000000000000195 ) ) ;
#501 = CARTESIAN_POINT ( 'NONE',  ( -3.848922679212543496, 0.2350224390825855492, 2.605807453280565511 ) ) ;
#502 = VERTEX_POINT ( 'NONE', #2677 ) ;
#503 = DIRECTION ( 'NONE',  ( 1.000000000000000000, 0.000000000000000000, 0.000000000000000000 ) ) ;
#504 = CARTESIAN_POINT ( 'NONE',  ( -3.199999999999998845, 0.3699999999999999956, -2.649999999999999911 ) ) ;
#505 = DIRECTION ( 'NONE',  ( 0.000000000000000000, 1.000000000000000000, 0.000000000000000000 ) ) ;
#506 = CARTESIAN_POINT ( 'NONE',  ( -3.903867278844385780, 0.4000255680872701336, 2.717513118943325257 ) ) ;
#507 = AXIS2_PLACEMENT_3D ( 'NONE', #1814, #122, #2111 ) ;
#508 = EDGE_LOOP ( 'NONE', ( #1900, #1062, #2983 ) ) ;
#509 = CARTESIAN_POINT ( 'NONE',  ( 2.640000000000001013, -1.050000000000000044, 1.205000000000000293 ) ) ;
#510 = CARTESIAN_POINT ( 'NONE',  ( 2.640000000000001013, -1.050000000000000044, -1.205000000000000293 ) ) ;
#511 = CARTESIAN_POINT ( 'NONE',  ( -3.841706402375045570, 0.2205763449662666853, -2.569287144483146434 ) ) ;
#512 = ORIENTED_EDGE ( 'NONE', *, *, #1876, .F. ) ;
#513 = CARTESIAN_POINT ( 'NONE',  ( -3.921274621634034840, 0.3828250254376069917, 2.716334523498190379 ) ) ;
#514 = ORIENTED_EDGE ( 'NONE', *, *, #3171, .F. ) ;
#515 = CARTESIAN_POINT ( 'NONE',  ( 3.350000000000000089, 1.029999999999999805, -2.669999999999999485 ) ) ;
#516 = DIRECTION ( 'NONE',  ( 0.000000000000000000, 0.000000000000000000, 1.000000000000000000 ) ) ;
#517 = CARTESIAN_POINT ( 'NONE',  ( -3.913624743133908623, 0.3469279808491929629, 2.712426000163611572 ) ) ;
#518 = EDGE_LOOP ( 'NONE', ( #1327, #3060, #1332, #1729, #1318, #241, #1895, #2185 ) ) ;
#519 = EDGE_CURVE ( 'NONE', #2201, #502, #3477, .T. ) ;
#520 = AXIS2_PLACEMENT_3D ( 'NONE', #3366, #774, #1902 ) ;
#521 = CARTESIAN_POINT ( 'NONE',  ( 3.200000000000000622, -0.3199999999999999512, -2.649999999999999911 ) ) ;
#522 = DIRECTION ( 'NONE',  ( -0.000000000000000000, -0.000000000000000000, -1.000000000000000000 ) ) ;
#523 = FACE_OUTER_BOUND ( 'NONE', #73, .T. ) ;
#524 = ORIENTED_EDGE ( 'NONE', *, *, #3444, .T. ) ;
#525 = CARTESIAN_POINT ( 'NONE',  ( 0.000000000000000000, -2.100000000000000089, -1.205000000000000293 ) ) ;
#526 = CARTESIAN_POINT ( 'NONE',  ( -3.969999999999999751, -1.670000000000000151, -1.155000000000001581 ) ) ;
#527 = CARTESIAN_POINT ( 'NONE',  ( -3.868921886733426962, 0.2719685178349952048, -2.664933089587210535 ) ) ;
#528 = VERTEX_POINT ( 'NONE', #946 ) ;
#529 = AXIS2_PLACEMENT_3D ( 'NONE', #1854, #2088, #114 ) ;
#530 = ADVANCED_FACE ( 'NONE', ( #3198 ), #665, .T. ) ;
#531 = CARTESIAN_POINT ( 'NONE',  ( -3.873903897594181966, 0.3443908367375414503, 2.701998501464144553 ) ) ;
#532 = AXIS2_PLACEMENT_3D ( 'NONE', #2636, #957, #2930 ) ;
#533 = ORIENTED_EDGE ( 'NONE', *, *, #1481, .T. ) ;
#534 = LINE ( 'NONE', #833, #1430 ) ;
#535 = FACE_OUTER_BOUND ( 'NONE', #2814, .T. ) ;
#536 = VECTOR ( 'NONE', #1326, 1000.000000000000000 ) ;
#537 = CARTESIAN_POINT ( 'NONE',  ( -3.920000000000000817, 0.02236931790317955859, 2.519606481481482696 ) ) ;
#538 = ORIENTED_EDGE ( 'NONE', *, *, #2331, .F. ) ;
#539 =( GEOMETRIC_REPRESENTATION_CONTEXT ( 3 ) GLOBAL_UNCERTAINTY_ASSIGNED_CONTEXT ( ( #1121 ) ) GLOBAL_UNIT_ASSIGNED_CONTEXT ( ( #225, #1105, #58 ) ) REPRESENTATION_CONTEXT ( 'NONE', 'WORKASPACE' ) );
#540 = DIRECTION ( 'NONE',  ( 0.000000000000000000, 0.000000000000000000, 1.000000000000000000 ) ) ;
#541 = VECTOR ( 'NONE', #390, 1000.000000000000000 ) ;
#542 = CYLINDRICAL_SURFACE ( 'NONE', #2125, 0.05000000000000012768 ) ;
#543 = CARTESIAN_POINT ( 'NONE',  ( 3.200000000000000178, 0.3699999999999999956, -2.649999999999999911 ) ) ;
#544 = CARTESIAN_POINT ( 'NONE',  ( -3.249999999999999112, 0.3699999999999999956, 2.700000000000000178 ) ) ;
#545 = AXIS2_PLACEMENT_3D ( 'NONE', #3297, #724, #1064 ) ;
#546 = CARTESIAN_POINT ( 'NONE',  ( 3.350000000000000089, 1.079999999999999849, 2.720000000000000639 ) ) ;
#547 = TOROIDAL_SURFACE ( 'NONE', #77, 0.6300000000000000044, 0.05000000000000000278 ) ;
#548 = ADVANCED_FACE ( 'NONE', ( #684 ), #2934, .T. ) ;
#549 = LINE ( 'NONE', #1140, #2965 ) ;
#550 = CARTESIAN_POINT ( 'NONE',  ( -3.784330700232291900, 0.2713547247169456056, -2.519606481481481808 ) ) ;
#551 = EDGE_CURVE ( 'NONE', #2841, #850, #3343, .T. ) ;
#552 = AXIS2_PLACEMENT_3D ( 'NONE', #290, #1420, #2483 ) ;
#553 = EDGE_LOOP ( 'NONE', ( #3640, #2038, #2190, #2304 ) ) ;
#554 = DIRECTION ( 'NONE',  ( 0.000000000000000000, 0.000000000000000000, -1.000000000000000000 ) ) ;
#555 = CARTESIAN_POINT ( 'NONE',  ( -3.720446811308180557, 0.3171119151617982079, 2.519606481481482696 ) ) ;
#556 = VERTEX_POINT ( 'NONE', #3286 ) ;
#557 = CARTESIAN_POINT ( 'NONE',  ( -3.950000000000000178, 0.3999999999999997446, 2.720000000000000639 ) ) ;
#558 = ADVANCED_FACE ( 'NONE', ( #2723 ), #1346, .T. ) ;
#559 = DIRECTION ( 'NONE',  ( 1.000000000000000000, 0.000000000000000000, 0.000000000000000000 ) ) ;
#560 = CARTESIAN_POINT ( 'NONE',  ( -3.839866736959272941, 0.2158186879899653132, 2.544892775256526019 ) ) ;
#561 = VERTEX_POINT ( 'NONE', #2211 ) ;
#562 = TOROIDAL_SURFACE ( 'NONE', #1509, 0.1000000000000000056, 0.05000000000000000278 ) ;
#563 = DIRECTION ( 'NONE',  ( 1.000000000000000000, 0.000000000000000000, 0.000000000000000000 ) ) ;
#564 = ADVANCED_FACE ( 'NONE', ( #233 ), #1054, .T. ) ;
#565 = DIRECTION ( 'NONE',  ( 0.000000000000000000, -1.000000000000000000, 0.000000000000000000 ) ) ;
#566 = DIRECTION ( 'NONE',  ( 0.000000000000000000, 0.000000000000000000, 1.000000000000000000 ) ) ;
#567 = PRESENTATION_LAYER_ASSIGNMENT (  '', '', ( #2976 ) ) ;
#568 = CARTESIAN_POINT ( 'NONE',  ( -3.919999999999999929, -1.620000000000000329, -2.669999999999999929 ) ) ;
#569 = CIRCLE ( 'NONE', #272, 0.04999999999999991257 ) ;
#570 = CARTESIAN_POINT ( 'NONE',  ( 2.640000000000001013, -0.3700000000000001066, -2.720000000000000195 ) ) ;
#571 = DIRECTION ( 'NONE',  ( -1.594414959537506434E-16, 0.000000000000000000, 1.000000000000000000 ) ) ;
#572 = CARTESIAN_POINT ( 'NONE',  ( -3.520000000000000462, 0.3699999999999999956, 2.670000000000000373 ) ) ;
#573 = CARTESIAN_POINT ( 'NONE',  ( -3.730869142239594982, 0.3152133236373772518, -2.572695790709877528 ) ) ;
#574 = ORIENTED_EDGE ( 'NONE', *, *, #3229, .T. ) ;
#575 = DIRECTION ( 'NONE',  ( 0.000000000000000000, 0.000000000000000000, -1.000000000000000000 ) ) ;
#576 = CARTESIAN_POINT ( 'NONE',  ( -3.800284905902902466, 0.3302712609787976650, 2.667781059781082043 ) ) ;
#577 = VERTEX_POINT ( 'NONE', #1896 ) ;
#578 = DIRECTION ( 'NONE',  ( 0.000000000000000000, 0.000000000000000000, -1.000000000000000000 ) ) ;
#579 = DIRECTION ( 'NONE',  ( 1.000000000000000000, 0.000000000000000000, 0.000000000000000000 ) ) ;
#580 = EDGE_LOOP ( 'NONE', ( #890, #1570, #1301 ) ) ;
#581 = CARTESIAN_POINT ( 'NONE',  ( -3.919999999999999929, -0.03000000000000007869, -2.669999999999999929 ) ) ;
#582 = STYLED_ITEM ( 'NONE', ( #2706 ), #637 ) ;
#583 = LINE ( 'NONE', #1192, #3441 ) ;
#584 = VECTOR ( 'NONE', #3008, 1000.000000000000000 ) ;
#585 = CARTESIAN_POINT ( 'NONE',  ( -3.919999999999999929, -1.720000000000000195, -1.155000000000001581 ) ) ;
#586 = ORIENTED_EDGE ( 'NONE', *, *, #3293, .T. ) ;
#587 = DIRECTION ( 'NONE',  ( -1.000000000000000000, -0.000000000000000000, 0.000000000000000000 ) ) ;
#588 = PLANE ( 'NONE',  #435 ) ;
#589 = CARTESIAN_POINT ( 'NONE',  ( -3.525808624630155652, 0.3706577054158957663, -2.679388446246876665 ) ) ;
#590 = CARTESIAN_POINT ( 'NONE',  ( -3.901025469014282709, 0.2052929519952880200, -2.669460320932820263 ) ) ;
#591 = ORIENTED_EDGE ( 'NONE', *, *, #2389, .F. ) ;
#592 = SPHERICAL_SURFACE ( 'NONE', #2458, 0.05000000000000000278 ) ;
#593 = ADVANCED_FACE ( 'NONE', ( #1665 ), #562, .T. ) ;
#594 = CARTESIAN_POINT ( 'NONE',  ( -3.559321182732332556, 0.3700383628976360306, 2.672212427291438708 ) ) ;
#595 = ORIENTED_EDGE ( 'NONE', *, *, #2158, .T. ) ;
#596 = VECTOR ( 'NONE', #579, 1000.000000000000000 ) ;
#597 = CARTESIAN_POINT ( 'NONE',  ( 0.000000000000000000, -2.100000000000000089, 0.000000000000000000 ) ) ;
#598 = VERTEX_POINT ( 'NONE', #3544 ) ;
#599 = DIRECTION ( 'NONE',  ( 0.000000000000000000, 0.000000000000000000, 1.000000000000000000 ) ) ;
#600 = CARTESIAN_POINT ( 'NONE',  ( 3.200000000000000622, 0.3199999999999999512, 2.649999999999999911 ) ) ;
#601 = EDGE_CURVE ( 'NONE', #2565, #3619, #3235, .T. ) ;
#602 = DIRECTION ( 'NONE',  ( 0.000000000000000000, 0.000000000000000000, -1.000000000000000000 ) ) ;
#603 = AXIS2_PLACEMENT_3D ( 'NONE', #2380, #1242, #126 ) ;
#604 = ORIENTED_EDGE ( 'NONE', *, *, #3501, .T. ) ;
#605 = DIRECTION ( 'NONE',  ( -1.000000000000000000, 0.000000000000000000, 0.000000000000000000 ) ) ;
#606 = CARTESIAN_POINT ( 'NONE',  ( -6.919999999999999929, -1.670000000000000151, 1.204999999999998739 ) ) ;
#607 = AXIS2_PLACEMENT_3D ( 'NONE', #2614, #566, #1719 ) ;
#608 = AXIS2_PLACEMENT_3D ( 'NONE', #2398, #484, #3536 ) ;
#609 = ADVANCED_FACE ( 'NONE', ( #3000 ), #2127, .T. ) ;
#610 = APPLICATION_PROTOCOL_DEFINITION ( 'draft international standard', 'automotive_design', 1998, #56 ) ;
#611 = CARTESIAN_POINT ( 'NONE',  ( -3.902111470125652737, 0.1220730696547704941, -2.608450899844662274 ) ) ;
#612 = VECTOR ( 'NONE', #3353, 1000.000000000000000 ) ;
#613 = VERTEX_POINT ( 'NONE', #1073 ) ;
#614 = DIRECTION ( 'NONE',  ( 0.000000000000000000, -1.000000000000000000, 0.000000000000000000 ) ) ;
#615 = AXIS2_PLACEMENT_3D ( 'NONE', #804, #571, #785 ) ;
#616 = ORIENTED_EDGE ( 'NONE', *, *, #1715, .F. ) ;
#617 = VECTOR ( 'NONE', #360, 1000.000000000000000 ) ;
#618 = CARTESIAN_POINT ( 'NONE',  ( -3.969999999999999751, 0.4200000000000000400, -2.719999999999999751 ) ) ;
#619 = STYLED_ITEM ( 'NONE', ( #1579 ), #216 ) ;
#620 = CARTESIAN_POINT ( 'NONE',  ( -3.920000000000000817, -2.100000000000000089, 1.154999999999999361 ) ) ;
#621 = VERTEX_POINT ( 'NONE', #3581 ) ;
#622 = CARTESIAN_POINT ( 'NONE',  ( -4.630000000000000782, -2.050000000000000266, -1.205000000000001403 ) ) ;
#623 = SURFACE_SIDE_STYLE ('',( #1049 ) ) ;
#624 = CARTESIAN_POINT ( 'NONE',  ( 2.440000000000001279, -1.050000000000000044, 1.205000000000000293 ) ) ;
#625 = AXIS2_PLACEMENT_3D ( 'NONE', #1178, #2296, #1756 ) ;
#626 = DIRECTION ( 'NONE',  ( -0.000000000000000000, -1.000000000000000000, 0.000000000000000000 ) ) ;
#627 =( GEOMETRIC_REPRESENTATION_CONTEXT ( 3 ) GLOBAL_UNCERTAINTY_ASSIGNED_CONTEXT ( ( #451 ) ) GLOBAL_UNIT_ASSIGNED_CONTEXT ( ( #1525, #2060, #340 ) ) REPRESENTATION_CONTEXT ( 'NONE', 'WORKASPACE' ) );
#628 = CARTESIAN_POINT ( 'NONE',  ( -3.909589070667325750, 0.07469915374371205452, -2.519606481481481808 ) ) ;
#629 = ORIENTED_EDGE ( 'NONE', *, *, #482, .T. ) ;
#630 = CARTESIAN_POINT ( 'NONE',  ( -3.944538531920128488, 0.4171709479911288598, 2.720000000000000195 ) ) ;
#631 = ORIENTED_EDGE ( 'NONE', *, *, #2447, .F. ) ;
#632 = CARTESIAN_POINT ( 'NONE',  ( -3.876890761443924749, 0.1787946635053128674, 2.519606481481482696 ) ) ;
#633 = LINE ( 'NONE', #2585, #3255 ) ;
#634 = DIRECTION ( 'NONE',  ( 0.000000000000000000, 1.000000000000000000, 0.000000000000000000 ) ) ;
#635 = ORIENTED_EDGE ( 'NONE', *, *, #2509, .F. ) ;
#636 = DIRECTION ( 'NONE',  ( 0.000000000000000000, 1.000000000000000000, -0.000000000000000000 ) ) ;
#637 = ADVANCED_FACE ( 'NONE', ( #2169 ), #2423, .F. ) ;
#638 = DIRECTION ( 'NONE',  ( 1.000000000000000000, 0.000000000000000000, 0.000000000000000000 ) ) ;
#639 = DIRECTION ( 'NONE',  ( 1.000000000000000000, 0.000000000000000000, 0.000000000000000000 ) ) ;
#640 = SURFACE_STYLE_FILL_AREA ( #66 ) ;
#641 = DIRECTION ( 'NONE',  ( -1.000000000000000000, 0.000000000000000000, 0.000000000000000000 ) ) ;
#642 = CARTESIAN_POINT ( 'NONE',  ( -3.919999999999999041, -0.03000000000000009256, -2.667719452608779740 ) ) ;
#643 = ORIENTED_EDGE ( 'NONE', *, *, #277, .T. ) ;
#644 = AXIS2_PLACEMENT_3D ( 'NONE', #3534, #166, #953 ) ;
#645 = DIRECTION ( 'NONE',  ( 0.000000000000000000, 1.000000000000000000, 0.000000000000000000 ) ) ;
#646 = EDGE_LOOP ( 'NONE', ( #1001, #2553, #1664, #2019 ) ) ;
#647 = CARTESIAN_POINT ( 'NONE',  ( -3.936371586191029781, 0.1172346564218796350, -2.707158549331019959 ) ) ;
#648 = ADVANCED_FACE ( 'NONE', ( #870 ), #2880, .F. ) ;
#649 = CARTESIAN_POINT ( 'NONE',  ( -3.941261108535459634, 0.3912611085354498752, -2.717783861430465908 ) ) ;
#650 = DIRECTION ( 'NONE',  ( -1.000000000000000000, 0.000000000000000000, -1.594414959537506187E-16 ) ) ;
#651 = ADVANCED_FACE ( 'NONE', ( #1185 ), #592, .T. ) ;
#652 = VERTEX_POINT ( 'NONE', #2566 ) ;
#653 = DIRECTION ( 'NONE',  ( -1.000000000000000000, 0.000000000000000000, 0.000000000000000000 ) ) ;
#654 = DIRECTION ( 'NONE',  ( 0.000000000000000000, 0.000000000000000000, 1.000000000000000000 ) ) ;
#655 = LINE ( 'NONE', #459, #3303 ) ;
#656 = LINE ( 'NONE', #1789, #1267 ) ;
#657 = CARTESIAN_POINT ( 'NONE',  ( -3.920000000000000817, -0.03000000000000001624, -2.668992587944846839 ) ) ;
#658 = ORIENTED_EDGE ( 'NONE', *, *, #2612, .T. ) ;
#659 = ADVANCED_FACE ( 'NONE', ( #1406 ), #3081, .T. ) ;
#660 = DIRECTION ( 'NONE',  ( 0.000000000000000000, -1.000000000000000000, -0.000000000000000000 ) ) ;
#661 =( GEOMETRIC_REPRESENTATION_CONTEXT ( 3 ) GLOBAL_UNCERTAINTY_ASSIGNED_CONTEXT ( ( #1636 ) ) GLOBAL_UNIT_ASSIGNED_CONTEXT ( ( #140, #2685, #400 ) ) REPRESENTATION_CONTEXT ( 'NONE', 'WORKASPACE' ) );
#662 = VECTOR ( 'NONE', #2609, 1000.000000000000000 ) ;
#663 = ADVANCED_FACE ( 'NONE', ( #1994 ), #3123, .T. ) ;
#664 = ORIENTED_EDGE ( 'NONE', *, *, #2114, .F. ) ;
#665 = CYLINDRICAL_SURFACE ( 'NONE', #680, 0.04999999999999991257 ) ;
#666 = EDGE_CURVE ( 'NONE', #180, #3423, #55, .T. ) ;
#667 = VECTOR ( 'NONE', #3071, 1000.000000000000000 ) ;
#668 = FACE_OUTER_BOUND ( 'NONE', #279, .T. ) ;
#669 = CARTESIAN_POINT ( 'NONE',  ( 3.299999999999999822, 0.4200000000000000400, -2.669999999999999485 ) ) ;
#670 =( GEOMETRIC_REPRESENTATION_CONTEXT ( 3 ) GLOBAL_UNCERTAINTY_ASSIGNED_CONTEXT ( ( #267 ) ) GLOBAL_UNIT_ASSIGNED_CONTEXT ( ( #3453, #2318, #3429 ) ) REPRESENTATION_CONTEXT ( 'NONE', 'WORKASPACE' ) );
#671 = ORIENTED_EDGE ( 'NONE', *, *, #2878, .T. ) ;
#672 = DIRECTION ( 'NONE',  ( 0.000000000000000000, -1.000000000000000000, 0.000000000000000000 ) ) ;
#673 = CARTESIAN_POINT ( 'NONE',  ( -3.920000000000000817, -0.02999999999999993297, 2.569737654318253739 ) ) ;
#674 = CARTESIAN_POINT ( 'NONE',  ( -3.520000000000000462, 0.3699999999999999400, 2.519606481481482696 ) ) ;
#675 = FILL_AREA_STYLE_COLOUR ( '', #734 ) ;
#676 = EDGE_CURVE ( 'NONE', #1720, #652, #1762, .T. ) ;
#677 = DIRECTION ( 'NONE',  ( -1.000000000000000000, 0.000000000000000000, 0.000000000000000000 ) ) ;
#678 = SURFACE_STYLE_FILL_AREA ( #2355 ) ;
#679 = EDGE_LOOP ( 'NONE', ( #2638, #3527, #2179, #444, #258, #740, #3317, #1592, #1873 ) ) ;
#680 = AXIS2_PLACEMENT_3D ( 'NONE', #1850, #3496, #1817 ) ;
#681 = DIRECTION ( 'NONE',  ( -0.000000000000000000, -1.000000000000000000, 0.000000000000000000 ) ) ;
#682 = EDGE_CURVE ( 'NONE', #43, #2173, #392, .T. ) ;
#683 = ORIENTED_EDGE ( 'NONE', *, *, #2306, .T. ) ;
#684 = FACE_OUTER_BOUND ( 'NONE', #1345, .T. ) ;
#685 = CARTESIAN_POINT ( 'NONE',  ( -4.630000000000000782, -2.050000000000000266, 1.204999999999999183 ) ) ;
#686 = DIRECTION ( 'NONE',  ( -0.000000000000000000, 1.000000000000000000, -0.000000000000000000 ) ) ;
#687 = AXIS2_PLACEMENT_3D ( 'NONE', #3138, #614, #1747 ) ;
#688 = VERTEX_POINT ( 'NONE', #2067 ) ;
#689 = FILL_AREA_STYLE_COLOUR ( '', #970 ) ;
#690 = DIRECTION ( 'NONE',  ( -0.000000000000000000, -0.000000000000000000, 1.000000000000000000 ) ) ;
#691 = FACE_OUTER_BOUND ( 'NONE', #981, .T. ) ;
#692 =( NAMED_UNIT ( * ) SI_UNIT ( $, .STERADIAN. ) SOLID_ANGLE_UNIT ( ) );
#693 = ORIENTED_EDGE ( 'NONE', *, *, #2495, .T. ) ;
#694 =( LENGTH_UNIT ( ) NAMED_UNIT ( * ) SI_UNIT ( .MILLI., .METRE. ) );
#695 = VECTOR ( 'NONE', #1353, 1000.000000000000000 ) ;
#696 = ORIENTED_EDGE ( 'NONE', *, *, #3593, .F. ) ;
#697 = DIRECTION ( 'NONE',  ( 1.000000000000000000, -8.673617379884032317E-15, 0.000000000000000000 ) ) ;
#698 = EDGE_CURVE ( 'NONE', #80, #2164, #3492, .T. ) ;
#699 = DIRECTION ( 'NONE',  ( 0.000000000000000000, 0.000000000000000000, -1.000000000000000000 ) ) ;
#700 = CARTESIAN_POINT ( 'NONE',  ( -3.586677582738801995, 0.3775394932543675863, 2.696412832950345173 ) ) ;
#701 = ORIENTED_EDGE ( 'NONE', *, *, #801, .T. ) ;
#702 = DIRECTION ( 'NONE',  ( -1.000000000000000000, 0.000000000000000000, -0.000000000000000000 ) ) ;
#703 = DIRECTION ( 'NONE',  ( 0.000000000000000000, 0.000000000000000000, -1.000000000000000000 ) ) ;
#704 = DIRECTION ( 'NONE',  ( 1.000000000000000000, -0.000000000000000000, -0.000000000000000000 ) ) ;
#705 = CYLINDRICAL_SURFACE ( 'NONE', #2785, 0.6800000000000000488 ) ;
#706 = SURFACE_SIDE_STYLE ('',( #3576 ) ) ;
#707 = ORIENTED_EDGE ( 'NONE', *, *, #1685, .F. ) ;
#708 = CARTESIAN_POINT ( 'NONE',  ( -4.580000000000000959, -1.670000000000000151, -1.255000000000001448 ) ) ;
#709 = VECTOR ( 'NONE', #2702, 1000.000000000000000 ) ;
#710 = VECTOR ( 'NONE', #540, 1000.000000000000000 ) ;
#711 = ORIENTED_EDGE ( 'NONE', *, *, #949, .F. ) ;
#712 = AXIS2_PLACEMENT_3D ( 'NONE', #2980, #1582, #1843 ) ;
#713 = CARTESIAN_POINT ( 'NONE',  ( 3.200000000000000622, -0.3199999999999999512, 2.700000000000000178 ) ) ;
#714 = CARTESIAN_POINT ( 'NONE',  ( -3.519999999999999574, 0.3699999999999999400, -2.519606481481481808 ) ) ;
#715 = CARTESIAN_POINT ( 'NONE',  ( 3.299999999999997158, 1.029999999999999805, -2.669999999999999485 ) ) ;
#716 = AXIS2_PLACEMENT_3D ( 'NONE', #3050, #2770, #2497 ) ;
#717 = ORIENTED_EDGE ( 'NONE', *, *, #3493, .T. ) ;
#718 = AXIS2_PLACEMENT_3D ( 'NONE', #1769, #3467, #934 ) ;
#719 =( NAMED_UNIT ( * ) SI_UNIT ( $, .STERADIAN. ) SOLID_ANGLE_UNIT ( ) );
#720 = SURFACE_STYLE_USAGE ( .BOTH. , #3205 ) ;
#721 = AXIS2_PLACEMENT_3D ( 'NONE', #230, #3394, #2502 ) ;
#722 = MECHANICAL_DESIGN_GEOMETRIC_PRESENTATION_REPRESENTATION (  '', ( #1445 ), #1969 ) ;
#723 = CARTESIAN_POINT ( 'NONE',  ( -3.943912932522640524, 0.4171014369469601135, 2.720000000000000639 ) ) ;
#724 = DIRECTION ( 'NONE',  ( 0.000000000000000000, 1.000000000000000000, 0.000000000000000000 ) ) ;
#725 =( GEOMETRIC_REPRESENTATION_CONTEXT ( 3 ) GLOBAL_UNCERTAINTY_ASSIGNED_CONTEXT ( ( #2371 ) ) GLOBAL_UNIT_ASSIGNED_CONTEXT ( ( #3472, #939, #2635 ) ) REPRESENTATION_CONTEXT ( 'NONE', 'WORKASPACE' ) );
#726 = EDGE_CURVE ( 'NONE', #2516, #57, #961, .T. ) ;
#727 = SURFACE_SIDE_STYLE ('',( #2964 ) ) ;
#728 = ORIENTED_EDGE ( 'NONE', *, *, #2356, .F. ) ;
#729 = FILL_AREA_STYLE_COLOUR ( '', #1956 ) ;
#730 =( BOUNDED_CURVE ( )  B_SPLINE_CURVE ( 3, ( #1159, #883, #2536, #2004 ),
 .UNSPECIFIED., .F., .T. ) 
 B_SPLINE_CURVE_WITH_KNOTS ( ( 4, 4 ),
 ( 4.538693903676106700, 4.712388980384689674 ),
 .UNSPECIFIED. ) 
 CURVE ( )  GEOMETRIC_REPRESENTATION_ITEM ( )  RATIONAL_B_SPLINE_CURVE ( ( 1.000000000000000000, 0.9974874148863950296, 0.9974874148863950296, 1.000000000000000000 ) ) 
 REPRESENTATION_ITEM ( '' )  );
#731 = ORIENTED_EDGE ( 'NONE', *, *, #1589, .T. ) ;
#732 = FILL_AREA_STYLE ('',( #495 ) ) ;
#733 = CARTESIAN_POINT ( 'NONE',  ( -3.199999999999998845, 0.3199999999999999512, -2.700000000000000178 ) ) ;
#734 = COLOUR_RGB ( '',0.1098039215686274495, 0.1098039215686274495, 0.1098039215686274495 ) ;
#735 = CYLINDRICAL_SURFACE ( 'NONE', #1359, 0.05000000000000012768 ) ;
#736 = VERTEX_POINT ( 'NONE', #708 ) ;
#737 = VECTOR ( 'NONE', #864, 1000.000000000000000 ) ;
#738 = DIRECTION ( 'NONE',  ( 0.000000000000000000, -0.000000000000000000, 1.000000000000000000 ) ) ;
#739 = DIRECTION ( 'NONE',  ( 1.000000000000000000, 0.000000000000000000, -0.000000000000000000 ) ) ;
#740 = ORIENTED_EDGE ( 'NONE', *, *, #3221, .T. ) ;
#741 = EDGE_CURVE ( 'NONE', #1943, #556, #206, .T. ) ;
#742 = CARTESIAN_POINT ( 'NONE',  ( 3.299999999999999822, 0.3699999999999999956, 2.720000000000000639 ) ) ;
#743 = FACE_OUTER_BOUND ( 'NONE', #1183, .T. ) ;
#744 = UNCERTAINTY_MEASURE_WITH_UNIT (LENGTH_MEASURE( 1.000000000000000082E-05 ), #1158, 'distance_accuracy_value', 'NONE');
#745 = ADVANCED_FACE ( 'NONE', ( #2375 ), #926, .T. ) ;
#746 = CARTESIAN_POINT ( 'NONE',  ( -3.961358850143790189, 0.3422296512941214175, 2.719247644909807970 ) ) ;
#747 = EDGE_CURVE ( 'NONE', #736, #3018, #42, .T. ) ;
#748 = ORIENTED_EDGE ( 'NONE', *, *, #2564, .F. ) ;
#749 =( NAMED_UNIT ( * ) SI_UNIT ( $, .STERADIAN. ) SOLID_ANGLE_UNIT ( ) );
#750 = ORIENTED_EDGE ( 'NONE', *, *, #1494, .T. ) ;
#751 =( NAMED_UNIT ( * ) PLANE_ANGLE_UNIT ( ) SI_UNIT ( $, .RADIAN. ) );
#752 = CARTESIAN_POINT ( 'NONE',  ( 2.440000000000001279, -1.050000000000000044, 1.205000000000000293 ) ) ;
#753 = CARTESIAN_POINT ( 'NONE',  ( -3.730988818922065242, 0.3934597398340894392, -2.712470300808994317 ) ) ;
#754 = SURFACE_SIDE_STYLE ('',( #397 ) ) ;
#755 = VERTEX_POINT ( 'NONE', #3243 ) ;
#756 = CARTESIAN_POINT ( 'NONE',  ( 2.660000000000000586, -0.3699999999999999956, -1.205000000000000293 ) ) ;
#757 = CARTESIAN_POINT ( 'NONE',  ( -3.199999999999998845, -0.3199999999999999512, -2.649999999999999911 ) ) ;
#758 = EDGE_CURVE ( 'NONE', #771, #31, #3401, .T. ) ;
#759 = CARTESIAN_POINT ( 'NONE',  ( -3.919999999999999929, -0.02999999999999989134, 2.653881360220831542 ) ) ;
#760 = ORIENTED_EDGE ( 'NONE', *, *, #3229, .F. ) ;
#761 = EDGE_CURVE ( 'NONE', #1943, #598, #2894, .T. ) ;
#762 = DIRECTION ( 'NONE',  ( -1.000000000000000000, 0.000000000000000000, -1.594414959537506187E-16 ) ) ;
#763 = ORIENTED_EDGE ( 'NONE', *, *, #2128, .T. ) ;
#764 = SURFACE_SIDE_STYLE ('',( #3541 ) ) ;
#765 =( GEOMETRIC_REPRESENTATION_CONTEXT ( 3 ) GLOBAL_UNCERTAINTY_ASSIGNED_CONTEXT ( ( #187 ) ) GLOBAL_UNIT_ASSIGNED_CONTEXT ( ( #2551, #1213, #856 ) ) REPRESENTATION_CONTEXT ( 'NONE', 'WORKASPACE' ) );
#766 = CARTESIAN_POINT ( 'NONE',  ( -3.873903984332267569, 0.3443909237259448197, -2.701998545094665971 ) ) ;
#767 = ORIENTED_EDGE ( 'NONE', *, *, #1439, .T. ) ;
#768 = CARTESIAN_POINT ( 'NONE',  ( -3.773202676299312497, 0.3981816896761128377, -2.714991601033470925 ) ) ;
#769 = CARTESIAN_POINT ( 'NONE',  ( -3.892229651294121684, 0.4113588501437900335, 2.719247644909807970 ) ) ;
#770 = AXIS2_PLACEMENT_3D ( 'NONE', #2996, #2080, #1827 ) ;
#771 = VERTEX_POINT ( 'NONE', #2932 ) ;
#772 = DIRECTION ( 'NONE',  ( -0.000000000000000000, 1.000000000000000000, -0.000000000000000000 ) ) ;
#773 = VECTOR ( 'NONE', #1177, 1000.000000000000000 ) ;
#774 = DIRECTION ( 'NONE',  ( -1.594414959537506434E-16, 0.000000000000000000, 1.000000000000000000 ) ) ;
#775 = CARTESIAN_POINT ( 'NONE',  ( -3.931735555495414758, 0.1169056199385028610, 2.703430099228555594 ) ) ;
#776 = COLOUR_RGB ( '',0.1098039215686274495, 0.1098039215686274495, 0.1098039215686274495 ) ;
#777 = ORIENTED_EDGE ( 'NONE', *, *, #832, .F. ) ;
#778 = CARTESIAN_POINT ( 'NONE',  ( 0.000000000000000000, 1.079999999999999849, 0.000000000000000000 ) ) ;
#779 = PRESENTATION_STYLE_ASSIGNMENT (( #816 ) ) ;
#780 = CARTESIAN_POINT ( 'NONE',  ( -3.969999999999999751, -2.050000000000000266, -1.155000000000001581 ) ) ;
#781 = PLANE ( 'NONE',  #1257 ) ;
#782 = PRESENTATION_LAYER_ASSIGNMENT (  '', '', ( #2376 ) ) ;
#783 = VERTEX_POINT ( 'NONE', #1547 ) ;
#784 = MECHANICAL_DESIGN_GEOMETRIC_PRESENTATION_REPRESENTATION (  '', ( #619 ), #2039 ) ;
#785 = DIRECTION ( 'NONE',  ( 1.000000000000000000, 0.000000000000000000, 0.000000000000000000 ) ) ;
#786 = CLOSED_SHELL ( 'NONE', ( #1974, #2140, #383, #2252, #1893, #3213, #648, #2734, #1227, #3252, #1, #1466, #364, #2058, #3605, #1957, #2481, #1212, #1297, #1870, #651, #95, #97, #1863, #3017, #330, #181, #1535, #978, #564, #927, #2895, #1809, #2442, #2599, #593, #3365, #3468, #3113, #3167, #530, #3183, #2704, #16, #2626, #3638, #558, #3227, #2212, #3503, #2288, #1193, #2176, #1971, #2750, #2180, #76, #2057, #843, #663, #2012, #1405, #2935, #1329, #1456, #1977, #935, #2842 ) ) ;
#787 = CARTESIAN_POINT ( 'NONE',  ( -3.932830472185188331, 0.3712800677041586117, -2.716272443146894755 ) ) ;
#788 = VERTEX_POINT ( 'NONE', #2600 ) ;
#789 = DIRECTION ( 'NONE',  ( 0.000000000000000000, -2.281233971484151241E-16, 1.000000000000000000 ) ) ;
#790 = EDGE_CURVE ( 'NONE', #688, #476, #3195, .T. ) ;
#791 = CARTESIAN_POINT ( 'NONE',  ( -3.199999999999998845, -0.3199999999999999512, -2.649999999999999911 ) ) ;
#792 = CARTESIAN_POINT ( 'NONE',  ( -3.803898043148572938, 0.3025464096149794169, 2.640050968173764723 ) ) ;
#793 = EDGE_LOOP ( 'NONE', ( #1112, #1816, #1291 ) ) ;
#794 = DIRECTION ( 'NONE',  ( 0.000000000000000000, 0.000000000000000000, 1.000000000000000000 ) ) ;
#795 = CARTESIAN_POINT ( 'NONE',  ( -3.961358850143790189, 0.3422296512941214175, 2.719247644909807970 ) ) ;
#796 = ORIENTED_EDGE ( 'NONE', *, *, #1600, .F. ) ;
#797 = SURFACE_SIDE_STYLE ('',( #894 ) ) ;
#798 = DIRECTION ( 'NONE',  ( 0.000000000000000000, 0.000000000000000000, -1.000000000000000000 ) ) ;
#799 = LINE ( 'NONE', #2535, #1793 ) ;
#800 = SURFACE_SIDE_STYLE ('',( #1399 ) ) ;
#801 = EDGE_CURVE ( 'NONE', #2094, #1133, #3458, .T. ) ;
#802 = ORIENTED_EDGE ( 'NONE', *, *, #2721, .F. ) ;
#803 = CYLINDRICAL_SURFACE ( 'NONE', #1041, 0.04999999999999991257 ) ;
#804 = CARTESIAN_POINT ( 'NONE',  ( 2.440000000000000835, -1.250000000000000222, 2.720000000000000195 ) ) ;
#805 = CARTESIAN_POINT ( 'NONE',  ( -3.869514555341702522, 0.1714475921483597509, -2.519606481481481808 ) ) ;
#806 = ORIENTED_EDGE ( 'NONE', *, *, #1600, .T. ) ;
#807 = CARTESIAN_POINT ( 'NONE',  ( -4.580000000000000959, -1.620000000000000773, 2.720000000000000195 ) ) ;
#808 = CARTESIAN_POINT ( 'NONE',  ( -3.561089762566504557, 0.3702613702260798556, 2.675129833491714848 ) ) ;
#809 = ORIENTED_EDGE ( 'NONE', *, *, #109, .T. ) ;
#810 = EDGE_CURVE ( 'NONE', #621, #3021, #1630, .T. ) ;
#811 = DIRECTION ( 'NONE',  ( -1.000000000000000000, 0.000000000000000000, 0.000000000000000000 ) ) ;
#812 = CARTESIAN_POINT ( 'NONE',  ( -3.624699153743711655, 0.3595890706673261494, -2.519606481481481808 ) ) ;
#813 = CARTESIAN_POINT ( 'NONE',  ( -3.869514555341703410, 0.1714475921483598897, 2.546287889711844166 ) ) ;
#814 = EDGE_LOOP ( 'NONE', ( #2695, #3162, #2066 ) ) ;
#815 = DIRECTION ( 'NONE',  ( 1.594414959537506434E-16, 0.000000000000000000, -1.000000000000000000 ) ) ;
#816 = SURFACE_STYLE_USAGE ( .BOTH. , #3352 ) ;
#817 = UNCERTAINTY_MEASURE_WITH_UNIT (LENGTH_MEASURE( 1.000000000000000082E-05 ), #2498, 'distance_accuracy_value', 'NONE');
#818 = CARTESIAN_POINT ( 'NONE',  ( 3.200000000000000178, 0.3699999999999999956, 2.700000000000000178 ) ) ;
#819 = EDGE_CURVE ( 'NONE', #1410, #1586, #2917, .T. ) ;
#820 = SURFACE_STYLE_USAGE ( .BOTH. , #1912 ) ;
#821 = CARTESIAN_POINT ( 'NONE',  ( -3.969999999999999751, -1.620000000000000773, 2.670000000000000373 ) ) ;
#822 = LINE ( 'NONE', #1401, #737 ) ;
#823 = CARTESIAN_POINT ( 'NONE',  ( -3.199999999999998845, 0.3699999999999999956, 2.649999999999999911 ) ) ;
#824 = CARTESIAN_POINT ( 'NONE',  ( -3.781468142685120437, 0.2932640296055000761, -2.596497741878702303 ) ) ;
#825 = ORIENTED_EDGE ( 'NONE', *, *, #1068, .T. ) ;
#826 = EDGE_CURVE ( 'NONE', #3021, #25, #3105, .T. ) ;
#827 = CARTESIAN_POINT ( 'NONE',  ( -3.969999999999999751, -2.050000000000000266, -1.155000000000001581 ) ) ;
#828 = AXIS2_PLACEMENT_3D ( 'NONE', #2572, #60, #352 ) ;
#829 = CARTESIAN_POINT ( 'NONE',  ( -3.891687324417821170, 0.3672473970181006075, 2.712671752336358377 ) ) ;
#830 = VECTOR ( 'NONE', #120, 1000.000000000000000 ) ;
#831 = ORIENTED_EDGE ( 'NONE', *, *, #3023, .T. ) ;
#832 = EDGE_CURVE ( 'NONE', #2094, #788, #3225, .T. ) ;
#833 = CARTESIAN_POINT ( 'NONE',  ( -3.349999999999998757, -1.050000000000000044, 2.720000000000000195 ) ) ;
#834 = CARTESIAN_POINT ( 'NONE',  ( -3.919999999999999929, -0.03000000000000003011, -2.519606481481481808 ) ) ;
#835 =( GEOMETRIC_REPRESENTATION_CONTEXT ( 3 ) GLOBAL_UNCERTAINTY_ASSIGNED_CONTEXT ( ( #2735 ) ) GLOBAL_UNIT_ASSIGNED_CONTEXT ( ( #2720, #1302, #1641 ) ) REPRESENTATION_CONTEXT ( 'NONE', 'WORKASPACE' ) );
#836 = CARTESIAN_POINT ( 'NONE',  ( -3.904747155548319082, 0.09244884917238024857, 2.578390754081754999 ) ) ;
#837 = ORIENTED_EDGE ( 'NONE', *, *, #1574, .F. ) ;
#838 = STYLED_ITEM ( 'NONE', ( #2521 ), #2943 ) ;
#839 = CARTESIAN_POINT ( 'NONE',  ( -4.630000000000000782, 0.4200000000000000400, 2.670000000000000373 ) ) ;
#840 = PRESENTATION_LAYER_ASSIGNMENT (  '', '', ( #1907 ) ) ;
#841 = FACE_OUTER_BOUND ( 'NONE', #950, .T. ) ;
#842 = CARTESIAN_POINT ( 'NONE',  ( -3.349999999999998757, -0.3699999999999999956, 2.720000000000000195 ) ) ;
#843 = ADVANCED_FACE ( 'NONE', ( #1239 ), #2049, .T. ) ;
#844 = CIRCLE ( 'NONE', #1083, 0.05000000000000012768 ) ;
#845 = MANIFOLD_SOLID_BREP ( 'Fillet6', #2903 ) ;
#846 = CYLINDRICAL_SURFACE ( 'NONE', #2492, 0.04999999999999991257 ) ;
#847 = CARTESIAN_POINT ( 'NONE',  ( -3.839866736959270277, 0.2158186879899659516, -2.543312425385015008 ) ) ;
#848 = COLOUR_RGB ( '',0.1098039215686274495, 0.1098039215686274495, 0.1098039215686274495 ) ;
#849 =( GEOMETRIC_REPRESENTATION_CONTEXT ( 3 ) GLOBAL_UNCERTAINTY_ASSIGNED_CONTEXT ( ( #2771 ) ) GLOBAL_UNIT_ASSIGNED_CONTEXT ( ( #3185, #375, #1782 ) ) REPRESENTATION_CONTEXT ( 'NONE', 'WORKASPACE' ) );
#850 = VERTEX_POINT ( 'NONE', #509 ) ;
#851 = AXIS2_PLACEMENT_3D ( 'NONE', #149, #2154, #411 ) ;
#852 = CARTESIAN_POINT ( 'NONE',  ( -3.892229651294119464, 0.4113588501437908662, 2.719247644909808859 ) ) ;
#853 = CARTESIAN_POINT ( 'NONE',  ( -3.677858836971377610, 0.3517367361441374185, 2.616028987284099383 ) ) ;
#854 = ORIENTED_EDGE ( 'NONE', *, *, #1564, .F. ) ;
#855 = LINE ( 'NONE', #2513, #480 ) ;
#856 =( NAMED_UNIT ( * ) SI_UNIT ( $, .STERADIAN. ) SOLID_ANGLE_UNIT ( ) );
#857 = ORIENTED_EDGE ( 'NONE', *, *, #1578, .F. ) ;
#858 = AXIS2_PLACEMENT_3D ( 'NONE', #1778, #697, #2898 ) ;
#859 = DIRECTION ( 'NONE',  ( 0.000000000000000000, 0.000000000000000000, 1.000000000000000000 ) ) ;
#860 = DIRECTION ( 'NONE',  ( 1.000000000000000000, -0.000000000000000000, -0.000000000000000000 ) ) ;
#861 = EDGE_CURVE ( 'NONE', #25, #2173, #2674, .T. ) ;
#862 = CARTESIAN_POINT ( 'NONE',  ( -3.199999999999998845, -0.3199999999999999512, 2.700000000000000178 ) ) ;
#863 = CARTESIAN_POINT ( 'NONE',  ( -3.950000000000000178, 1.079999999999999849, -2.669999999999999485 ) ) ;
#864 = DIRECTION ( 'NONE',  ( -0.000000000000000000, -0.000000000000000000, -1.000000000000000000 ) ) ;
#865 = DIRECTION ( 'NONE',  ( 1.000000000000000000, 0.000000000000000000, 0.000000000000000000 ) ) ;
#866 = VECTOR ( 'NONE', #3361, 1000.000000000000000 ) ;
#867 = CYLINDRICAL_SURFACE ( 'NONE', #357, 0.04999999999999969746 ) ;
#868 = CARTESIAN_POINT ( 'NONE',  ( -3.940768623105569635, 0.1569520448901710330, 2.710624088191509351 ) ) ;
#869 = ORIENTED_EDGE ( 'NONE', *, *, #2294, .T. ) ;
#870 = FACE_OUTER_BOUND ( 'NONE', #2741, .T. ) ;
#871 = CARTESIAN_POINT ( 'NONE',  ( -3.751487405097422290, 0.3161213622987628091, 2.604713697394844374 ) ) ;
#872 = ORIENTED_EDGE ( 'NONE', *, *, #3553, .F. ) ;
#873 = EDGE_CURVE ( 'NONE', #2810, #2094, #2444, .T. ) ;
#874 = FACE_OUTER_BOUND ( 'NONE', #3560, .T. ) ;
#875 = DIRECTION ( 'NONE',  ( -0.000000000000000000, -0.000000000000000000, -1.000000000000000000 ) ) ;
#876 = EDGE_LOOP ( 'NONE', ( #2719, #1190, #701, #1800 ) ) ;
#877 = FACE_OUTER_BOUND ( 'NONE', #2530, .T. ) ;
#878 = EDGE_CURVE ( 'NONE', #2516, #2862, #2404, .T. ) ;
#879 = PRESENTATION_LAYER_ASSIGNMENT (  '', '', ( #3587 ) ) ;
#880 = CARTESIAN_POINT ( 'NONE',  ( 3.200000000000000622, 0.3199999999999999512, -2.649999999999999911 ) ) ;
#881 = EDGE_CURVE ( 'NONE', #3032, #25, #3319, .T. ) ;
#882 = AXIS2_PLACEMENT_3D ( 'NONE', #1281, #2694, #1391 ) ;
#883 = CARTESIAN_POINT ( 'NONE',  ( -3.917924184011380540, 0.4142137982234869731, -2.719748583263986497 ) ) ;
#884 = ORIENTED_EDGE ( 'NONE', *, *, #1035, .T. ) ;
#885 = FILL_AREA_STYLE_COLOUR ( '', #3103 ) ;
#886 = FILL_AREA_STYLE_COLOUR ( '', #1206 ) ;
#887 = APPLICATION_CONTEXT ( 'automotive_design' ) ;
#888 = CARTESIAN_POINT ( 'NONE',  ( -3.519999999999999130, 0.3699999999992351074, -2.674666029208036200 ) ) ;
#889 = CARTESIAN_POINT ( 'NONE',  ( -3.943964687905042066, 0.2357142811857129983, -2.713706955877012827 ) ) ;
#890 = ORIENTED_EDGE ( 'NONE', *, *, #2073, .T. ) ;
#891 = PRESENTATION_STYLE_ASSIGNMENT (( #3417 ) ) ;
#892 = CARTESIAN_POINT ( 'NONE',  ( -3.833705258150176487, 0.3071819418486039233, 2.664937963644605556 ) ) ;
#893 = EDGE_LOOP ( 'NONE', ( #3285, #1521, #2692, #1424 ) ) ;
#894 = SURFACE_STYLE_FILL_AREA ( #243 ) ;
#895 = LINE ( 'NONE', #315, #1602 ) ;
#896 = CIRCLE ( 'NONE', #2601, 0.04999999999999991257 ) ;
#897 = ORIENTED_EDGE ( 'NONE', *, *, #3321, .F. ) ;
#898 = MANIFOLD_SOLID_BREP ( 'Fillet5', #786 ) ;
#899 = CARTESIAN_POINT ( 'NONE',  ( -3.520000000000000906, 0.3699999999999999956, 2.619868827155024782 ) ) ;
#900 = FILL_AREA_STYLE_COLOUR ( '', #776 ) ;
#901 = AXIS2_PLACEMENT_3D ( 'NONE', #3143, #1465, #3440 ) ;
#902 = AXIS2_PLACEMENT_3D ( 'NONE', #7, #1130, #1730 ) ;
#903 = CARTESIAN_POINT ( 'NONE',  ( 3.200000000000000622, 0.3699999999999999956, -2.649999999999999911 ) ) ;
#904 = DIRECTION ( 'NONE',  ( 1.000000000000000000, 0.000000000000000000, 0.000000000000000000 ) ) ;
#905 = FILL_AREA_STYLE ('',( #1220 ) ) ;
#906 = CARTESIAN_POINT ( 'NONE',  ( 0.000000000000000000, 0.000000000000000000, 0.000000000000000000 ) ) ;
#907 = DIRECTION ( 'NONE',  ( 0.000000000000000000, -1.000000000000000000, 0.000000000000000000 ) ) ;
#908 = ORIENTED_EDGE ( 'NONE', *, *, #1093, .T. ) ;
#909 = AXIS2_PLACEMENT_3D ( 'NONE', #880, #2906, #2023 ) ;
#910 = ORIENTED_EDGE ( 'NONE', *, *, #2520, .F. ) ;
#911 = ORIENTED_EDGE ( 'NONE', *, *, #3600, .F. ) ;
#912 = CARTESIAN_POINT ( 'NONE',  ( 2.640000000000001013, -2.100000000000000089, 2.720000000000000195 ) ) ;
#913 = DIRECTION ( 'NONE',  ( -1.000000000000000000, 0.000000000000000000, 0.000000000000000000 ) ) ;
#914 = ADVANCED_FACE ( 'NONE', ( #1865 ), #2480, .T. ) ;
#915 = FILL_AREA_STYLE ('',( #2269 ) ) ;
#916 = VERTEX_POINT ( 'NONE', #2186 ) ;
#917 = LINE ( 'NONE', #2313, #1853 ) ;
#918 = CARTESIAN_POINT ( 'NONE',  ( 3.200000000000000622, -0.3199999999999999512, -2.649999999999999911 ) ) ;
#919 = PRESENTATION_STYLE_ASSIGNMENT (( #3487 ) ) ;
#920 = DIRECTION ( 'NONE',  ( 0.000000000000000000, 0.000000000000000000, 1.000000000000000000 ) ) ;
#921 = AXIS2_PLACEMENT_3D ( 'NONE', #3208, #3153, #2317 ) ;
#922 = CARTESIAN_POINT ( 'NONE',  ( -3.349999999999998757, -1.050000000000000044, -2.720000000000000195 ) ) ;
#923 = EDGE_CURVE ( 'NONE', #652, #2292, #569, .T. ) ;
#924 =( GEOMETRIC_REPRESENTATION_CONTEXT ( 3 ) GLOBAL_UNCERTAINTY_ASSIGNED_CONTEXT ( ( #3556 ) ) GLOBAL_UNIT_ASSIGNED_CONTEXT ( ( #2297, #2243, #3375 ) ) REPRESENTATION_CONTEXT ( 'NONE', 'WORKASPACE' ) );
#925 = VERTEX_POINT ( 'NONE', #249 ) ;
#926 = CYLINDRICAL_SURFACE ( 'NONE', #3042, 0.6900000000000000577 ) ;
#927 = ADVANCED_FACE ( 'NONE', ( #289 ), #803, .F. ) ;
#928 = ORIENTED_EDGE ( 'NONE', *, *, #2411, .T. ) ;
#929 = CARTESIAN_POINT ( 'NONE',  ( -3.927302838220894099, 0.03452566120767912305, -2.696037104735646395 ) ) ;
#930 = DIRECTION ( 'NONE',  ( 1.000000000000000000, 0.000000000000000000, 0.000000000000000000 ) ) ;
#931 = PLANE ( 'NONE',  #1066 ) ;
#932 = VERTEX_POINT ( 'NONE', #3410 ) ;
#933 = CARTESIAN_POINT ( 'NONE',  ( -6.919999999999999929, -2.050000000000000266, -1.155000000000002025 ) ) ;
#934 = DIRECTION ( 'NONE',  ( 0.000000000000000000, 0.000000000000000000, -1.000000000000000000 ) ) ;
#935 = ADVANCED_FACE ( 'NONE', ( #3356 ), #2040, .T. ) ;
#936 = DIRECTION ( 'NONE',  ( 1.000000000000000000, 0.000000000000000000, 0.000000000000000000 ) ) ;
#937 = DIRECTION ( 'NONE',  ( 1.000000000000000000, 0.000000000000000000, -0.000000000000000000 ) ) ;
#938 = EDGE_CURVE ( 'NONE', #3040, #850, #822, .T. ) ;
#939 =( NAMED_UNIT ( * ) PLANE_ANGLE_UNIT ( ) SI_UNIT ( $, .RADIAN. ) );
#940 = PLANE ( 'NONE',  #532 ) ;
#941 = CARTESIAN_POINT ( 'NONE',  ( -3.955713830196887493, 0.3480484663783174337, -2.718257151589937415 ) ) ;
#942 = ORIENTED_EDGE ( 'NONE', *, *, #361, .F. ) ;
#943 = ORIENTED_EDGE ( 'NONE', *, *, #2075, .F. ) ;
#944 = DIRECTION ( 'NONE',  ( 0.000000000000000000, 0.000000000000000000, -1.000000000000000000 ) ) ;
#945 = ORIENTED_EDGE ( 'NONE', *, *, #3107, .T. ) ;
#946 = CARTESIAN_POINT ( 'NONE',  ( 2.640000000000001457, -2.100000000000000089, 1.205000000000000293 ) ) ;
#947 = CARTESIAN_POINT ( 'NONE',  ( 2.640000000000001013, -0.3700000000000001066, 1.205000000000000293 ) ) ;
#948 = CARTESIAN_POINT ( 'NONE',  ( -3.667234554088977472, 0.3863715744769627980, 2.707158538662910896 ) ) ;
#949 = EDGE_CURVE ( 'NONE', #3296, #1428, #1660, .T. ) ;
#950 = EDGE_LOOP ( 'NONE', ( #1337, #1238, #3623, #2768 ) ) ;
#951 = SURFACE_STYLE_USAGE ( .BOTH. , #394 ) ;
#952 = CIRCLE ( 'NONE', #828, 0.05000000000000012768 ) ;
#953 = DIRECTION ( 'NONE',  ( 0.000000000000000000, 0.000000000000000000, 1.000000000000000000 ) ) ;
#954 = PRESENTATION_STYLE_ASSIGNMENT (( #1350 ) ) ;
#955 = DIRECTION ( 'NONE',  ( 0.000000000000000000, 1.000000000000000000, 0.000000000000000000 ) ) ;
#956 = DIRECTION ( 'NONE',  ( 0.000000000000000000, 0.000000000000000000, 1.000000000000000000 ) ) ;
#957 = DIRECTION ( 'NONE',  ( -1.000000000000000000, 0.000000000000000000, -1.594414959537506434E-16 ) ) ;
#958 = VECTOR ( 'NONE', #907, 1000.000000000000000 ) ;
#959 = CYLINDRICAL_SURFACE ( 'NONE', #3495, 0.04999999999999991257 ) ;
#960 = ORIENTED_EDGE ( 'NONE', *, *, #334, .T. ) ;
#961 = LINE ( 'NONE', #366, #1335 ) ;
#962 = AXIS2_PLACEMENT_3D ( 'NONE', #1986, #1738, #936 ) ;
#963 = STYLED_ITEM ( 'NONE', ( #779 ), #2223 ) ;
#964 = EDGE_LOOP ( 'NONE', ( #1885, #2359, #3176, #3121 ) ) ;
#965 = CARTESIAN_POINT ( 'NONE',  ( -3.939719284245189357, 0.1474749798767639175, -2.709797047674510129 ) ) ;
#966 = CARTESIAN_POINT ( 'NONE',  ( -3.862146292203035625, 0.3513663249371760111, -2.702259261609595509 ) ) ;
#967 = DIRECTION ( 'NONE',  ( 5.204170427930430118E-14, 1.000000000000000000, 0.000000000000000000 ) ) ;
#968 = MECHANICAL_DESIGN_GEOMETRIC_PRESENTATION_REPRESENTATION (  '', ( #3151 ), #725 ) ;
#969 = VERTEX_POINT ( 'NONE', #3116 ) ;
#970 = COLOUR_RGB ( '',0.1098039215686274495, 0.1098039215686274495, 0.1098039215686274495 ) ;
#971 = AXIS2_PLACEMENT_3D ( 'NONE', #1045, #3574, #135 ) ;
#972 = CARTESIAN_POINT ( 'NONE',  ( -4.580000000000000959, -1.720000000000000195, -1.255000000000001448 ) ) ;
#973 = LINE ( 'NONE', #1875, #2400 ) ;
#974 = VECTOR ( 'NONE', #2224, 1000.000000000000000 ) ;
#975 = UNCERTAINTY_MEASURE_WITH_UNIT (LENGTH_MEASURE( 1.000000000000000082E-05 ), #3371, 'distance_accuracy_value', 'NONE');
#976 = LINE ( 'NONE', #3538, #1905 ) ;
#977 = DIRECTION ( 'NONE',  ( 0.000000000000000000, -1.000000000000000000, 0.000000000000000000 ) ) ;
#978 = ADVANCED_FACE ( 'NONE', ( #36 ), #1951, .T. ) ;
#979 = ORIENTED_EDGE ( 'NONE', *, *, #2615, .T. ) ;
#980 = SURFACE_STYLE_USAGE ( .BOTH. , #2655 ) ;
#981 = EDGE_LOOP ( 'NONE', ( #2324, #767, #3480 ) ) ;
#982 = CARTESIAN_POINT ( 'NONE',  ( -3.942123960886816825, 0.1690588716820411730, -2.711533052841132552 ) ) ;
#983 = CARTESIAN_POINT ( 'NONE',  ( -3.519999999999998685, 0.3699999999999999400, -2.672187454703513598 ) ) ;
#984 = CARTESIAN_POINT ( 'NONE',  ( 3.299999999999999822, 0.3699999999999999956, 2.670000000000000373 ) ) ;
#985 = AXIS2_PLACEMENT_3D ( 'NONE', #348, #2082, #418 ) ;
#986 = ADVANCED_FACE ( 'NONE', ( #1109 ), #3393, .T. ) ;
#987 = ORIENTED_EDGE ( 'NONE', *, *, #878, .F. ) ;
#988 = CARTESIAN_POINT ( 'NONE',  ( -4.630000000000000782, 0.3999999999999997446, 2.720000000000000639 ) ) ;
#989 = DIRECTION ( 'NONE',  ( -0.000000000000000000, -0.000000000000000000, 1.000000000000000000 ) ) ;
#990 = EDGE_CURVE ( 'NONE', #3284, #3491, #3054, .T. ) ;
#991 = DIRECTION ( 'NONE',  ( -0.000000000000000000, -0.000000000000000000, 1.000000000000000000 ) ) ;
#992 = PLANE ( 'NONE',  #1144 ) ;
#993 = CARTESIAN_POINT ( 'NONE',  ( 0.000000000000000000, 0.3699999999999999956, 0.000000000000000000 ) ) ;
#994 = VERTEX_POINT ( 'NONE', #2775 ) ;
#995 = CARTESIAN_POINT ( 'NONE',  ( 3.299999999999999822, 1.079999999999999849, 0.000000000000000000 ) ) ;
#996 = AXIS2_PLACEMENT_3D ( 'NONE', #3586, #201, #2493 ) ;
#997 = VERTEX_POINT ( 'NONE', #570 ) ;
#998 = DIRECTION ( 'NONE',  ( -0.000000000000000000, 0.000000000000000000, -1.000000000000000000 ) ) ;
#999 = DIRECTION ( 'NONE',  ( 0.000000000000000000, 0.000000000000000000, 1.000000000000000000 ) ) ;
#1000 = CARTESIAN_POINT ( 'NONE',  ( -4.580000000000000959, -1.720000000000000195, -1.155000000000001581 ) ) ;
#1001 = ORIENTED_EDGE ( 'NONE', *, *, #3526, .T. ) ;
#1002 = EDGE_CURVE ( 'NONE', #1150, #43, #2559, .T. ) ;
#1003 = DIRECTION ( 'NONE',  ( 0.000000000000000000, 0.000000000000000000, -1.000000000000000000 ) ) ;
#1004 = PRESENTATION_STYLE_ASSIGNMENT (( #720 ) ) ;
#1005 = DIRECTION ( 'NONE',  ( 0.000000000000000000, -1.000000000000000000, 0.000000000000000000 ) ) ;
#1006 = CIRCLE ( 'NONE', #3063, 0.6900000000000000577 ) ;
#1007 = CARTESIAN_POINT ( 'NONE',  ( 0.000000000000000000, 0.3699999999999999956, 0.000000000000000000 ) ) ;
#1008 = FACE_OUTER_BOUND ( 'NONE', #3465, .T. ) ;
#1009 = SURFACE_STYLE_USAGE ( .BOTH. , #727 ) ;
#1010 = EDGE_LOOP ( 'NONE', ( #2688, #1830, #3141, #1114 ) ) ;
#1011 = PRESENTATION_STYLE_ASSIGNMENT (( #229 ) ) ;
#1012 = PRESENTATION_LAYER_ASSIGNMENT (  '', '', ( #1666 ) ) ;
#1013 = AXIS2_PLACEMENT_3D ( 'NONE', #521, #1764, #2584 ) ;
#1014 = ORIENTED_EDGE ( 'NONE', *, *, #2869, .T. ) ;
#1015 = DIRECTION ( 'NONE',  ( -0.000000000000000000, 1.000000000000000000, 0.000000000000000000 ) ) ;
#1016 = CARTESIAN_POINT ( 'NONE',  ( -3.755116762643603057, 0.3511160775371187093, -2.671074036716021727 ) ) ;
#1017 = ADVANCED_FACE ( 'NONE', ( #1419 ), #1161, .F. ) ;
#1018 = CARTESIAN_POINT ( 'NONE',  ( -3.970000000000000639, -2.050000000000000266, 1.154999999999999361 ) ) ;
#1019 = COLOUR_RGB ( '',0.1098039215686274495, 0.1098039215686274495, 0.1098039215686274495 ) ;
#1020 = CARTESIAN_POINT ( 'NONE',  ( -3.520000000000000906, 0.3699999999999997180, 2.653881360220831098 ) ) ;
#1021 = EDGE_LOOP ( 'NONE', ( #825, #2676, #2782, #2364 ) ) ;
#1022 = CIRCLE ( 'NONE', #3082, 0.04999999999999969746 ) ;
#1023 = EDGE_CURVE ( 'NONE', #3456, #2068, #2789, .T. ) ;
#1024 = PLANE ( 'NONE',  #2083 ) ;
#1025 = LINE ( 'NONE', #3224, #1999 ) ;
#1026 = AXIS2_PLACEMENT_3D ( 'NONE', #1933, #2006, #3096 ) ;
#1027 = AXIS2_PLACEMENT_3D ( 'NONE', #429, #2412, #2662 ) ;
#1028 = DIRECTION ( 'NONE',  ( 0.000000000000000000, 0.000000000000000000, -1.000000000000000000 ) ) ;
#1029 = DIRECTION ( 'NONE',  ( 0.000000000000000000, 0.000000000000000000, -1.000000000000000000 ) ) ;
#1030 = FILL_AREA_STYLE ('',( #2142 ) ) ;
#1031 = FILL_AREA_STYLE_COLOUR ( '', #3608 ) ;
#1032 = EDGE_LOOP ( 'NONE', ( #385, #1160, #872, #1618, #388, #2867 ) ) ;
#1033 = CIRCLE ( 'NONE', #858, 0.05000000000000002359 ) ;
#1034 = EDGE_LOOP ( 'NONE', ( #1186, #1311, #1954, #1981 ) ) ;
#1035 = EDGE_CURVE ( 'NONE', #1828, #3438, #79, .T. ) ;
#1036 = CARTESIAN_POINT ( 'NONE',  ( -3.833474376046503984, 0.3987144357347614521, -2.716082529257525913 ) ) ;
#1037 = EDGE_CURVE ( 'NONE', #43, #3021, #3173, .T. ) ;
#1038 = DIRECTION ( 'NONE',  ( 1.000000000000000000, 0.000000000000000000, 0.000000000000000000 ) ) ;
#1039 = CARTESIAN_POINT ( 'NONE',  ( -3.545003602138309784, 0.3727781780153673341, 2.694755033025089119 ) ) ;
#1040 = ORIENTED_EDGE ( 'NONE', *, *, #1811, .F. ) ;
#1041 = AXIS2_PLACEMENT_3D ( 'NONE', #1440, #51, #2801 ) ;
#1042 = CARTESIAN_POINT ( 'NONE',  ( -3.919999999999999929, 0.02236931790317950308, -2.519606481481481808 ) ) ;
#1043 = CARTESIAN_POINT ( 'NONE',  ( -3.866396389003124323, 0.2093432678690893278, 2.611518540235656882 ) ) ;
#1044 = ORIENTED_EDGE ( 'NONE', *, *, #1132, .F. ) ;
#1045 = CARTESIAN_POINT ( 'NONE',  ( -3.199999999999998845, 0.3199999999999999512, 2.649999999999999911 ) ) ;
#1046 = CARTESIAN_POINT ( 'NONE',  ( -3.199999999999998845, 0.3199999999999999512, -2.649999999999999467 ) ) ;
#1047 = DIRECTION ( 'NONE',  ( 1.000000000000000000, 0.000000000000000000, -0.000000000000000000 ) ) ;
#1048 = ADVANCED_FACE ( 'NONE', ( #1757 ), #1476, .T. ) ;
#1049 = SURFACE_STYLE_FILL_AREA ( #2441 ) ;
#1050 = ORIENTED_EDGE ( 'NONE', *, *, #2838, .F. ) ;
#1051 = ADVANCED_FACE ( 'NONE', ( #3154 ), #2044, .T. ) ;
#1052 = CARTESIAN_POINT ( 'NONE',  ( -3.873413597744032266, 0.2651647677235801637, -2.668297114322336849 ) ) ;
#1053 = ORIENTED_EDGE ( 'NONE', *, *, #3325, .F. ) ;
#1054 = CYLINDRICAL_SURFACE ( 'NONE', #3098, 0.04999999999999991257 ) ;
#1055 = PRESENTATION_LAYER_ASSIGNMENT (  '', '', ( #582 ) ) ;
#1056 = DIRECTION ( 'NONE',  ( 1.594414959537506434E-16, 0.000000000000000000, -1.000000000000000000 ) ) ;
#1057 = CARTESIAN_POINT ( 'NONE',  ( -3.637348800261232196, 0.3830387555845805037, 2.704861656698276384 ) ) ;
#1058 = ORIENTED_EDGE ( 'NONE', *, *, #3437, .T. ) ;
#1059 = CARTESIAN_POINT ( 'NONE',  ( -3.920000000000000817, -2.100000000000000089, 2.670000000000000373 ) ) ;
#1060 = DIRECTION ( 'NONE',  ( -1.000000000000000000, 0.000000000000000000, -1.594414959537506187E-16 ) ) ;
#1061 = CARTESIAN_POINT ( 'NONE',  ( -3.920300419161091288, -0.02729622755017699354, 2.675540194643596603 ) ) ;
#1062 = ORIENTED_EDGE ( 'NONE', *, *, #1259, .T. ) ;
#1063 = CARTESIAN_POINT ( 'NONE',  ( -3.920000000000000817, -1.620000000000000773, 2.720000000000000639 ) ) ;
#1064 = DIRECTION ( 'NONE',  ( 0.000000000000000000, 0.000000000000000000, 1.000000000000000000 ) ) ;
#1065 = CARTESIAN_POINT ( 'NONE',  ( -4.580000000000000959, -1.620000000000000329, -2.669999999999999485 ) ) ;
#1066 = AXIS2_PLACEMENT_3D ( 'NONE', #1452, #2332, #1732 ) ;
#1067 = ORIENTED_EDGE ( 'NONE', *, *, #923, .T. ) ;
#1068 = EDGE_CURVE ( 'NONE', #1828, #994, #1741, .T. ) ;
#1069 = DIRECTION ( 'NONE',  ( -0.000000000000000000, -1.000000000000000000, 0.000000000000000000 ) ) ;
#1070 = VECTOR ( 'NONE', #1056, 1000.000000000000000 ) ;
#1071 = CARTESIAN_POINT ( 'NONE',  ( -3.901632924743957176, 0.3609301234226426347, -2.712628794576285696 ) ) ;
#1072 = ORIENTED_EDGE ( 'NONE', *, *, #1312, .T. ) ;
#1073 = CARTESIAN_POINT ( 'NONE',  ( -3.920000000000000817, -0.03000000000000007869, 2.670000000000000373 ) ) ;
#1074 = CARTESIAN_POINT ( 'NONE',  ( -6.919999999999999929, -1.670000000000000595, 2.670000000000000373 ) ) ;
#1075 = CARTESIAN_POINT ( 'NONE',  ( -3.783904975612388810, 0.2942031645127404227, 2.601779191625002152 ) ) ;
#1076 = VECTOR ( 'NONE', #3559, 1000.000000000000000 ) ;
#1077 = VERTEX_POINT ( 'NONE', #510 ) ;
#1078 = CARTESIAN_POINT ( 'NONE',  ( -3.970000000000000639, 1.079999999999999849, 2.720000000000000639 ) ) ;
#1079 = VECTOR ( 'NONE', #2854, 1000.000000000000000 ) ;
#1080 = DIRECTION ( 'NONE',  ( -1.000000000000000000, -0.000000000000000000, -0.000000000000000000 ) ) ;
#1081 = AXIS2_PLACEMENT_3D ( 'NONE', #2121, #3575, #1271 ) ;
#1082 = CARTESIAN_POINT ( 'NONE',  ( -3.947560916612090853, 0.2180482495088351125, 2.715584605221448733 ) ) ;
#1083 = AXIS2_PLACEMENT_3D ( 'NONE', #1065, #1637, #1378 ) ;
#1084 = ORIENTED_EDGE ( 'NONE', *, *, #2237, .F. ) ;
#1085 = DIRECTION ( 'NONE',  ( 0.000000000000000000, -0.000000000000000000, -1.000000000000000000 ) ) ;
#1086 = CARTESIAN_POINT ( 'NONE',  ( -3.349999999999998757, -0.3699999999999999956, -2.720000000000000195 ) ) ;
#1087 = UNCERTAINTY_MEASURE_WITH_UNIT (LENGTH_MEASURE( 1.000000000000000082E-05 ), #1645, 'distance_accuracy_value', 'NONE');
#1088 = PLANE ( 'NONE',  #2024 ) ;
#1089 = CARTESIAN_POINT ( 'NONE',  ( -3.921274621634034840, 0.3828250254376069917, 2.716334523498190379 ) ) ;
#1090 = DIRECTION ( 'NONE',  ( 0.000000000000000000, 0.000000000000000000, 1.000000000000000000 ) ) ;
#1091 =( NAMED_UNIT ( * ) SI_UNIT ( $, .STERADIAN. ) SOLID_ANGLE_UNIT ( ) );
#1092 = DIRECTION ( 'NONE',  ( -1.000000000000000000, 0.000000000000000000, 0.000000000000000000 ) ) ;
#1093 = EDGE_CURVE ( 'NONE', #2973, #2946, #3651, .T. ) ;
#1094 = CARTESIAN_POINT ( 'NONE',  ( -3.814684697561067761, 0.2928644789078919675, -2.638648794594598446 ) ) ;
#1095 = ORIENTED_EDGE ( 'NONE', *, *, #2571, .T. ) ;
#1096 = DIRECTION ( 'NONE',  ( 1.000000000000000000, 0.000000000000000000, 0.000000000000000000 ) ) ;
#1097 = CARTESIAN_POINT ( 'NONE',  ( -3.770942714793016126, 0.2891752175477416698, 2.573971785509199250 ) ) ;
#1098 = EDGE_LOOP ( 'NONE', ( #2050, #1169, #3602, #2892 ) ) ;
#1099 = AXIS2_PLACEMENT_3D ( 'NONE', #449, #2941, #1294 ) ;
#1100 = DIRECTION ( 'NONE',  ( 0.000000000000000000, 0.000000000000000000, 1.000000000000000000 ) ) ;
#1101 = DIRECTION ( 'NONE',  ( 1.000000000000000000, 0.000000000000000000, 0.000000000000000000 ) ) ;
#1102 = CIRCLE ( 'NONE', #270, 0.6299999999999998934 ) ;
#1103 = CARTESIAN_POINT ( 'NONE',  ( -3.898341139406870326, 0.3202703539163728186, 2.701903867765777179 ) ) ;
#1104 = ORIENTED_EDGE ( 'NONE', *, *, #171, .F. ) ;
#1105 =( NAMED_UNIT ( * ) PLANE_ANGLE_UNIT ( ) SI_UNIT ( $, .RADIAN. ) );
#1106 = FILL_AREA_STYLE ('',( #1697 ) ) ;
#1107 = FILL_AREA_STYLE_COLOUR ( '', #2783 ) ;
#1108 = CARTESIAN_POINT ( 'NONE',  ( 3.299999999999997158, 1.079999999999999849, -2.669999999999999485 ) ) ;
#1109 = FACE_OUTER_BOUND ( 'NONE', #1127, .T. ) ;
#1110 = DIRECTION ( 'NONE',  ( -1.594414959537506434E-16, 0.000000000000000000, 1.000000000000000000 ) ) ;
#1111 = CARTESIAN_POINT ( 'NONE',  ( -3.915480352521048424, 0.3885757437043136919, -2.716582728499685295 ) ) ;
#1112 = ORIENTED_EDGE ( 'NONE', *, *, #482, .F. ) ;
#1113 = CARTESIAN_POINT ( 'NONE',  ( -3.767395224342124926, 0.3255199889766141608, 2.643481746292001944 ) ) ;
#1114 = ORIENTED_EDGE ( 'NONE', *, *, #3564, .T. ) ;
#1115 = CARTESIAN_POINT ( 'NONE',  ( 1.590000000000000524, -1.050000000000000044, -1.205000000000000293 ) ) ;
#1116 = CARTESIAN_POINT ( 'NONE',  ( 3.350000000000000089, 0.4200000000000000400, -2.669999999999999485 ) ) ;
#1117 = CARTESIAN_POINT ( 'NONE',  ( -3.955713830196888381, 0.3480484663783192101, 2.718257151589937859 ) ) ;
#1118 = ADVANCED_FACE ( 'NONE', ( #2802 ), #3616, .F. ) ;
#1119 = ORIENTED_EDGE ( 'NONE', *, *, #790, .F. ) ;
#1120 = CIRCLE ( 'NONE', #644, 0.05000000000000012768 ) ;
#1121 = UNCERTAINTY_MEASURE_WITH_UNIT (LENGTH_MEASURE( 1.000000000000000082E-05 ), #225, 'distance_accuracy_value', 'NONE');
#1122 = SURFACE_SIDE_STYLE ('',( #3645 ) ) ;
#1123 = FILL_AREA_STYLE_COLOUR ( '', #3140 ) ;
#1124 = CARTESIAN_POINT ( 'NONE',  ( 3.350000000000000533, 0.4200000000000000400, 2.720000000000000639 ) ) ;
#1125 = CARTESIAN_POINT ( 'NONE',  ( -4.580000000000000959, -1.620000000000000773, 2.670000000000000373 ) ) ;
#1126 = CARTESIAN_POINT ( 'NONE',  ( -3.697260482547197302, 0.3295331841731088951, -2.544112793396367422 ) ) ;
#1127 = EDGE_LOOP ( 'NONE', ( #763, #857, #223, #1119 ) ) ;
#1128 = CARTESIAN_POINT ( 'NONE',  ( -3.670538164915361445, 0.3522784416502839910, 2.609035260204402462 ) ) ;
#1129 = ORIENTED_EDGE ( 'NONE', *, *, #2525, .T. ) ;
#1130 = DIRECTION ( 'NONE',  ( 0.000000000000000000, 0.000000000000000000, -1.000000000000000000 ) ) ;
#1131 = EDGE_CURVE ( 'NONE', #3457, #1232, #134, .T. ) ;
#1132 = EDGE_CURVE ( 'NONE', #1150, #2292, #1852, .T. ) ;
#1133 = VERTEX_POINT ( 'NONE', #2540 ) ;
#1134 = CIRCLE ( 'NONE', #3377, 0.05000000000000012768 ) ;
#1135 = AXIS2_PLACEMENT_3D ( 'NONE', #2272, #672, #2851 ) ;
#1136 = CARTESIAN_POINT ( 'NONE',  ( 2.440000000000001723, -1.050000000000000044, -1.205000000000000293 ) ) ;
#1137 = DIRECTION ( 'NONE',  ( -0.000000000000000000, -2.281233971484151241E-16, 1.000000000000000000 ) ) ;
#1138 =( GEOMETRIC_REPRESENTATION_CONTEXT ( 3 ) GLOBAL_UNCERTAINTY_ASSIGNED_CONTEXT ( ( #744 ) ) GLOBAL_UNIT_ASSIGNED_CONTEXT ( ( #1158, #2273, #2868 ) ) REPRESENTATION_CONTEXT ( 'NONE', 'WORKASPACE' ) );
#1139 = CARTESIAN_POINT ( 'NONE',  ( -3.950000000000000178, 0.3999999999999997446, 2.670000000000000373 ) ) ;
#1140 = CARTESIAN_POINT ( 'NONE',  ( 0.000000000000000000, 1.079999999999999849, -2.669999999999999485 ) ) ;
#1141 = CARTESIAN_POINT ( 'NONE',  ( -3.559515750776113929, 0.3745118219802426873, -2.690779866136766785 ) ) ;
#1142 = CARTESIAN_POINT ( 'NONE',  ( -3.933002058285071101, 0.08654057689146860133, 2.703668980437818448 ) ) ;
#1143 = ADVANCED_FACE ( 'NONE', ( #1402 ), #2524, .F. ) ;
#1144 = AXIS2_PLACEMENT_3D ( 'NONE', #465, #1581, #1599 ) ;
#1145 = AXIS2_PLACEMENT_3D ( 'NONE', #3358, #3635, #3320 ) ;
#1146 = VERTEX_POINT ( 'NONE', #823 ) ;
#1147 = VECTOR ( 'NONE', #3254, 1000.000000000000000 ) ;
#1148 = FILL_AREA_STYLE_COLOUR ( '', #3294 ) ;
#1149 = CARTESIAN_POINT ( 'NONE',  ( -3.899328457282725147, 0.3627483051929659696, 2.712578470284372933 ) ) ;
#1150 = VERTEX_POINT ( 'NONE', #2244 ) ;
#1151 = ADVANCED_FACE ( 'NONE', ( #1343 ), #2739, .F. ) ;
#1152 = CARTESIAN_POINT ( 'NONE',  ( -3.961358850143790189, 0.3422296512941161994, -2.719247644909807970 ) ) ;
#1153 = EDGE_CURVE ( 'NONE', #460, #232, #1934, .T. ) ;
#1154 = LINE ( 'NONE', #3404, #2360 ) ;
#1155 = ORIENTED_EDGE ( 'NONE', *, *, #3074, .T. ) ;
#1156 = PRESENTATION_LAYER_ASSIGNMENT (  '', '', ( #2921 ) ) ;
#1157 = DIRECTION ( 'NONE',  ( -1.594414959537506434E-16, 0.000000000000000000, 1.000000000000000000 ) ) ;
#1158 =( LENGTH_UNIT ( ) NAMED_UNIT ( * ) SI_UNIT ( .MILLI., .METRE. ) );
#1159 = CARTESIAN_POINT ( 'NONE',  ( -3.892229651294118131, 0.4113588501437907552, -2.719247644909807526 ) ) ;
#1160 = ORIENTED_EDGE ( 'NONE', *, *, #108, .T. ) ;
#1161 = PLANE ( 'NONE',  #1317 ) ;
#1162 = SURFACE_STYLE_FILL_AREA ( #2062 ) ;
#1163 = AXIS2_PLACEMENT_3D ( 'NONE', #1829, #1205, #1532 ) ;
#1164 = DIRECTION ( 'NONE',  ( 0.000000000000000000, 0.000000000000000000, -1.000000000000000000 ) ) ;
#1165 = CARTESIAN_POINT ( 'NONE',  ( -3.946746690823129011, 0.2103418522910512622, 2.714286321665944968 ) ) ;
#1166 = ORIENTED_EDGE ( 'NONE', *, *, #2170, .T. ) ;
#1167 =( NAMED_UNIT ( * ) SI_UNIT ( $, .STERADIAN. ) SOLID_ANGLE_UNIT ( ) );
#1168 = CARTESIAN_POINT ( 'NONE',  ( -3.814684520976717508, 0.2928643014300656433, 2.638648447171275890 ) ) ;
#1169 = ORIENTED_EDGE ( 'NONE', *, *, #2086, .F. ) ;
#1170 = CARTESIAN_POINT ( 'NONE',  ( 3.299999999999999822, 1.029999999999999805, -2.669999999999999485 ) ) ;
#1171 = DIRECTION ( 'NONE',  ( 0.000000000000000000, 0.000000000000000000, -1.000000000000000000 ) ) ;
#1172 = LINE ( 'NONE', #1486, #3004 ) ;
#1173 = EDGE_LOOP ( 'NONE', ( #2054, #3542, #2236 ) ) ;
#1174 = CARTESIAN_POINT ( 'NONE',  ( -3.199999999999998845, -0.3199999999999999512, -2.649999999999999911 ) ) ;
#1175 = DIRECTION ( 'NONE',  ( 0.000000000000000000, 0.000000000000000000, -1.000000000000000000 ) ) ;
#1176 = COLOUR_RGB ( '',0.1098039215686274495, 0.1098039215686274495, 0.1098039215686274495 ) ;
#1177 = DIRECTION ( 'NONE',  ( -0.000000000000000000, 1.000000000000000000, -0.000000000000000000 ) ) ;
#1178 = CARTESIAN_POINT ( 'NONE',  ( -4.580000000000000959, -2.050000000000000266, 1.154999999999999361 ) ) ;
#1179 = CARTESIAN_POINT ( 'NONE',  ( -4.630000000000000782, -1.620000000000000329, -2.719999999999999751 ) ) ;
#1180 = LINE ( 'NONE', #341, #617 ) ;
#1181 = SPHERICAL_SURFACE ( 'NONE', #3132, 0.05000000000000000278 ) ;
#1182 = CARTESIAN_POINT ( 'NONE',  ( -3.933038796661029401, 0.08734916994925923106, -2.704861696420115535 ) ) ;
#1183 = EDGE_LOOP ( 'NONE', ( #2267, #1215, #92, #2134, #276, #2098 ) ) ;
#1184 = EDGE_CURVE ( 'NONE', #3296, #80, #3148, .T. ) ;
#1185 = FACE_OUTER_BOUND ( 'NONE', #1288, .T. ) ;
#1186 = ORIENTED_EDGE ( 'NONE', *, *, #1811, .T. ) ;
#1187 = FACE_OUTER_BOUND ( 'NONE', #1819, .T. ) ;
#1188 = CARTESIAN_POINT ( 'NONE',  ( 0.000000000000000000, 1.029999999999999805, -2.669999999999999485 ) ) ;
#1189 = CARTESIAN_POINT ( 'NONE',  ( -3.199999999999998845, -0.3699999999999999956, -2.700000000000000178 ) ) ;
#1190 = ORIENTED_EDGE ( 'NONE', *, *, #873, .T. ) ;
#1191 = MECHANICAL_DESIGN_GEOMETRIC_PRESENTATION_REPRESENTATION (  '', ( #1666 ), #835 ) ;
#1192 = CARTESIAN_POINT ( 'NONE',  ( 3.250000000000000888, 0.3699999999999999956, 2.649999999999999911 ) ) ;
#1193 = ADVANCED_FACE ( 'NONE', ( #3056 ), #846, .T. ) ;
#1194 = AXIS2_PLACEMENT_3D ( 'NONE', #1170, #3420, #2085 ) ;
#1195 = DIRECTION ( 'NONE',  ( 1.000000000000000000, -0.000000000000000000, -0.000000000000000000 ) ) ;
#1196 = MECHANICAL_DESIGN_GEOMETRIC_PRESENTATION_REPRESENTATION (  '', ( #2958 ), #661 ) ;
#1197 = CARTESIAN_POINT ( 'NONE',  ( -4.630000000000000782, -1.620000000000000773, 2.670000000000000373 ) ) ;
#1198 = DIRECTION ( 'NONE',  ( -1.000000000000000000, 0.000000000000000000, 0.000000000000000000 ) ) ;
#1199 = PRESENTATION_LAYER_ASSIGNMENT (  '', '', ( #245 ) ) ;
#1200 = AXIS2_PLACEMENT_3D ( 'NONE', #3333, #1157, #1909 ) ;
#1201 = CARTESIAN_POINT ( 'NONE',  ( 3.299999999999997158, 1.029999999999999805, -2.719999999999999751 ) ) ;
#1202 = CARTESIAN_POINT ( 'NONE',  ( -3.902726362639635127, 0.1153051637570992327, -2.601530278068043156 ) ) ;
#1203 = AXIS2_PLACEMENT_3D ( 'NONE', #1784, #860, #2925 ) ;
#1204 = ORIENTED_EDGE ( 'NONE', *, *, #938, .T. ) ;
#1205 = DIRECTION ( 'NONE',  ( 1.000000000000000000, 0.000000000000000000, 1.594414959537506434E-16 ) ) ;
#1206 = COLOUR_RGB ( '',0.1098039215686274495, 0.1098039215686274495, 0.1098039215686274495 ) ;
#1207 = AXIS2_PLACEMENT_3D ( 'NONE', #3150, #653, #599 ) ;
#1208 = ORIENTED_EDGE ( 'NONE', *, *, #2615, .F. ) ;
#1209 = DIRECTION ( 'NONE',  ( 1.594414959537506434E-16, -0.000000000000000000, -1.000000000000000000 ) ) ;
#1210 = CIRCLE ( 'NONE', #3385, 0.04999999999999969746 ) ;
#1211 = DIRECTION ( 'NONE',  ( 0.000000000000000000, 0.000000000000000000, -1.000000000000000000 ) ) ;
#1212 = ADVANCED_FACE ( 'NONE', ( #1661 ), #18, .F. ) ;
#1213 =( NAMED_UNIT ( * ) PLANE_ANGLE_UNIT ( ) SI_UNIT ( $, .RADIAN. ) );
#1214 = EDGE_CURVE ( 'NONE', #598, #31, #549, .T. ) ;
#1215 = ORIENTED_EDGE ( 'NONE', *, *, #2227, .T. ) ;
#1216 = LINE ( 'NONE', #2352, #1319 ) ;
#1217 = CARTESIAN_POINT ( 'NONE',  ( -3.349999999999998757, -1.050000000000000044, -2.720000000000000195 ) ) ;
#1218 = CARTESIAN_POINT ( 'NONE',  ( -3.903867278844382671, 0.4000255680872711328, -2.717513118943324368 ) ) ;
#1219 = FILL_AREA_STYLE ('',( #2872 ) ) ;
#1220 = FILL_AREA_STYLE_COLOUR ( '', #3450 ) ;
#1221 = EDGE_CURVE ( 'NONE', #338, #2597, #3595, .T. ) ;
#1222 = VECTOR ( 'NONE', #2800, 1000.000000000000000 ) ;
#1223 = CARTESIAN_POINT ( 'NONE',  ( -3.919999999999999041, 0.02278876576586025965, -2.643422752126553643 ) ) ;
#1224 = PRESENTATION_LAYER_ASSIGNMENT (  '', '', ( #2807 ) ) ;
#1225 = ORIENTED_EDGE ( 'NONE', *, *, #3537, .T. ) ;
#1226 = CARTESIAN_POINT ( 'NONE',  ( -3.969999999999999751, -1.670000000000000151, -1.205000000000001403 ) ) ;
#1227 = ADVANCED_FACE ( 'NONE', ( #2758 ), #2261, .F. ) ;
#1228 = ORIENTED_EDGE ( 'NONE', *, *, #266, .F. ) ;
#1229 = CARTESIAN_POINT ( 'NONE',  ( -3.951558329527430580, 0.2536298531466411599, -2.716476517520018064 ) ) ;
#1230 = FACE_OUTER_BOUND ( 'NONE', #646, .T. ) ;
#1231 = DIRECTION ( 'NONE',  ( -0.000000000000000000, -0.000000000000000000, -1.000000000000000000 ) ) ;
#1232 = VERTEX_POINT ( 'NONE', #1989 ) ;
#1233 = DIRECTION ( 'NONE',  ( 0.000000000000000000, 1.000000000000000000, 0.000000000000000000 ) ) ;
#1234 = CARTESIAN_POINT ( 'NONE',  ( -3.898048466378317478, 0.4057138301968869487, -2.718257151589937415 ) ) ;
#1235 = PRESENTATION_STYLE_ASSIGNMENT (( #3189 ) ) ;
#1236 =( LENGTH_UNIT ( ) NAMED_UNIT ( * ) SI_UNIT ( .MILLI., .METRE. ) );
#1237 = PLANE ( 'NONE',  #1433 ) ;
#1238 = ORIENTED_EDGE ( 'NONE', *, *, #2433, .F. ) ;
#1239 = FACE_OUTER_BOUND ( 'NONE', #1304, .T. ) ;
#1240 = ORIENTED_EDGE ( 'NONE', *, *, #3384, .F. ) ;
#1241 = CARTESIAN_POINT ( 'NONE',  ( -3.920654706462760597, -0.02425494577472464205, -2.679353603353006097 ) ) ;
#1242 = DIRECTION ( 'NONE',  ( -0.000000000000000000, 1.000000000000000000, -0.000000000000000000 ) ) ;
#1243 = CARTESIAN_POINT ( 'NONE',  ( -3.870684852743611959, 0.4089649836381778480, 2.718827609408646317 ) ) ;
#1244 = AXIS2_PLACEMENT_3D ( 'NONE', #3147, #1766, #318 ) ;
#1245 = ORIENTED_EDGE ( 'NONE', *, *, #2823, .F. ) ;
#1246 = DIRECTION ( 'NONE',  ( 0.000000000000000000, 0.000000000000000000, 1.000000000000000000 ) ) ;
#1247 = CIRCLE ( 'NONE', #1723, 0.04999999999999991257 ) ;
#1248 = FACE_OUTER_BOUND ( 'NONE', #374, .T. ) ;
#1249 = ADVANCED_FACE ( 'NONE', ( #492 ), #2889, .T. ) ;
#1250 = CARTESIAN_POINT ( 'NONE',  ( -3.199999999999998845, 0.3699999999999999956, 0.000000000000000000 ) ) ;
#1251 = CARTESIAN_POINT ( 'NONE',  ( -3.912579130598448085, 0.3914443075983461973, -2.716768853149886365 ) ) ;
#1252 = SURFACE_STYLE_USAGE ( .BOTH. , #1528 ) ;
#1253 = VECTOR ( 'NONE', #930, 1000.000000000000000 ) ;
#1254 =( LENGTH_UNIT ( ) NAMED_UNIT ( * ) SI_UNIT ( .MILLI., .METRE. ) );
#1255 = ORIENTED_EDGE ( 'NONE', *, *, #2097, .F. ) ;
#1256 = CARTESIAN_POINT ( 'NONE',  ( 3.200000000000000622, 0.3199999999999999512, -2.649999999999999911 ) ) ;
#1257 = AXIS2_PLACEMENT_3D ( 'NONE', #1948, #1617, #1931 ) ;
#1258 = VECTOR ( 'NONE', #186, 1000.000000000000000 ) ;
#1259 = EDGE_CURVE ( 'NONE', #1880, #35, #27, .T. ) ;
#1260 = STYLED_ITEM ( 'NONE', ( #2238 ), #1534 ) ;
#1261 = ORIENTED_EDGE ( 'NONE', *, *, #2237, .T. ) ;
#1262 = DIRECTION ( 'NONE',  ( 1.000000000000000000, -0.000000000000000000, 0.000000000000000000 ) ) ;
#1263 = FACE_OUTER_BOUND ( 'NONE', #1032, .T. ) ;
#1264 = VECTOR ( 'NONE', #2061, 1000.000000000000000 ) ;
#1265 = CARTESIAN_POINT ( 'NONE',  ( -3.796883490707405606, 0.4008127509291124491, 2.716173708579664670 ) ) ;
#1266 = EDGE_CURVE ( 'NONE', #1794, #3179, #256, .T. ) ;
#1267 = VECTOR ( 'NONE', #2560, 1000.000000000000000 ) ;
#1268 = VERTEX_POINT ( 'NONE', #3454 ) ;
#1269 = VECTOR ( 'NONE', #989, 1000.000000000000000 ) ;
#1270 = LINE ( 'NONE', #2993, #2202 ) ;
#1271 = DIRECTION ( 'NONE',  ( 1.000000000000000000, 0.000000000000000000, 0.000000000000000000 ) ) ;
#1272 = DIRECTION ( 'NONE',  ( -0.000000000000000000, -0.000000000000000000, -1.000000000000000000 ) ) ;
#1273 = EDGE_LOOP ( 'NONE', ( #1275, #213, #837, #301 ) ) ;
#1274 = CARTESIAN_POINT ( 'NONE',  ( 3.250000000000000888, -0.3199999999999999512, 2.700000000000000178 ) ) ;
#1275 = ORIENTED_EDGE ( 'NONE', *, *, #50, .F. ) ;
#1276 = DIRECTION ( 'NONE',  ( -0.000000000000000000, 1.000000000000000000, -0.000000000000000000 ) ) ;
#1277 = CARTESIAN_POINT ( 'NONE',  ( -3.666961481218627306, 0.3817435406949095666, -2.703421922336852745 ) ) ;
#1278 = CARTESIAN_POINT ( 'NONE',  ( -3.851440698311471511, 0.4068345367010082203, 2.718275430902556078 ) ) ;
#1279 = ORIENTED_EDGE ( 'NONE', *, *, #2826, .F. ) ;
#1280 = CARTESIAN_POINT ( 'NONE',  ( 3.299999999999999822, 1.079999999999999849, 2.670000000000000373 ) ) ;
#1281 = CARTESIAN_POINT ( 'NONE',  ( -3.349999999999998757, -1.050000000000000044, 2.720000000000000195 ) ) ;
#1282 = DIRECTION ( 'NONE',  ( 0.000000000000000000, 0.000000000000000000, 1.000000000000000000 ) ) ;
#1283 = CARTESIAN_POINT ( 'NONE',  ( 2.640000000000001013, -0.3700000000000001066, -1.205000000000000293 ) ) ;
#1284 = SURFACE_STYLE_USAGE ( .BOTH. , #1565 ) ;
#1285 = ORIENTED_EDGE ( 'NONE', *, *, #881, .T. ) ;
#1286 = EDGE_CURVE ( 'NONE', #788, #2738, #1180, .T. ) ;
#1287 = CIRCLE ( 'NONE', #3055, 0.6800000000000000488 ) ;
#1288 = EDGE_LOOP ( 'NONE', ( #2661, #1835, #3494 ) ) ;
#1289 = CARTESIAN_POINT ( 'NONE',  ( -3.875556910192432536, 0.3783254078509271645, -2.713408405634506249 ) ) ;
#1290 = DIRECTION ( 'NONE',  ( -1.000000000000000000, 0.000000000000000000, 0.000000000000000000 ) ) ;
#1291 = ORIENTED_EDGE ( 'NONE', *, *, #277, .F. ) ;
#1292 = CARTESIAN_POINT ( 'NONE',  ( -4.630000000000000782, 1.079999999999999849, 2.670000000000000373 ) ) ;
#1293 = FILL_AREA_STYLE ('',( #2076 ) ) ;
#1294 = DIRECTION ( 'NONE',  ( 1.000000000000000000, 0.000000000000000000, 0.000000000000000000 ) ) ;
#1295 = VECTOR ( 'NONE', #1872, 1000.000000000000000 ) ;
#1296 = CARTESIAN_POINT ( 'NONE',  ( -3.950000000000000178, 0.3999999999999997446, 0.000000000000000000 ) ) ;
#1297 = ADVANCED_FACE ( 'NONE', ( #2320 ), #588, .F. ) ;
#1298 = UNCERTAINTY_MEASURE_WITH_UNIT (LENGTH_MEASURE( 1.000000000000000082E-05 ), #2825, 'distance_accuracy_value', 'NONE');
#1299 =( NAMED_UNIT ( * ) SI_UNIT ( $, .STERADIAN. ) SOLID_ANGLE_UNIT ( ) );
#1300 = ADVANCED_FACE ( 'NONE', ( #1441 ), #3430, .T. ) ;
#1301 = ORIENTED_EDGE ( 'NONE', *, *, #1632, .F. ) ;
#1302 =( NAMED_UNIT ( * ) PLANE_ANGLE_UNIT ( ) SI_UNIT ( $, .RADIAN. ) );
#1303 = STYLED_ITEM ( 'NONE', ( #209 ), #914 ) ;
#1304 = EDGE_LOOP ( 'NONE', ( #2347, #3360, #631, #2755 ) ) ;
#1305 = MECHANICAL_DESIGN_GEOMETRIC_PRESENTATION_REPRESENTATION (  '', ( #838 ), #424 ) ;
#1306 = DIRECTION ( 'NONE',  ( 0.000000000000000000, -0.000000000000000000, -1.000000000000000000 ) ) ;
#1307 = CARTESIAN_POINT ( 'NONE',  ( -3.961358850143790189, 0.3422296512941196411, -2.719247644909807082 ) ) ;
#1308 = AXIS2_PLACEMENT_3D ( 'NONE', #546, #306, #1438 ) ;
#1309 = CARTESIAN_POINT ( 'NONE',  ( -3.687545603503196823, 0.3886200217802928680, -2.708930660639068844 ) ) ;
#1310 = CARTESIAN_POINT ( 'NONE',  ( -3.521899730225428016, 0.3702110811361581932, 2.674673256907366348 ) ) ;
#1311 = ORIENTED_EDGE ( 'NONE', *, *, #676, .F. ) ;
#1312 = EDGE_CURVE ( 'NONE', #2608, #850, #656, .T. ) ;
#1313 = DIRECTION ( 'NONE',  ( -1.000000000000000000, 0.000000000000000000, 0.000000000000000000 ) ) ;
#1314 = CARTESIAN_POINT ( 'NONE',  ( -3.950000000000000178, 1.029999999999999805, 2.670000000000000373 ) ) ;
#1315 = EDGE_CURVE ( 'NONE', #466, #2817, #212, .T. ) ;
#1316 = STYLED_ITEM ( 'NONE', ( #2079 ), #1338 ) ;
#1317 = AXIS2_PLACEMENT_3D ( 'NONE', #2539, #605, #3134 ) ;
#1318 = ORIENTED_EDGE ( 'NONE', *, *, #3193, .F. ) ;
#1319 = VECTOR ( 'NONE', #1768, 1000.000000000000000 ) ;
#1320 = CARTESIAN_POINT ( 'NONE',  ( -3.199999999999998845, 0.3199999999999999512, 2.649999999999999911 ) ) ;
#1321 = DIRECTION ( 'NONE',  ( 0.000000000000000000, -1.000000000000000000, 0.000000000000000000 ) ) ;
#1322 = EDGE_CURVE ( 'NONE', #1364, #925, #1210, .T. ) ;
#1323 = DIRECTION ( 'NONE',  ( -1.000000000000000000, 0.000000000000000000, 0.000000000000000000 ) ) ;
#1324 = CYLINDRICAL_SURFACE ( 'NONE', #478, 0.05000000000000012768 ) ;
#1325 = EDGE_LOOP ( 'NONE', ( #2877, #1487, #802, #1072, #2654, #524, #3383, #1640 ) ) ;
#1326 = DIRECTION ( 'NONE',  ( 1.000000000000000000, -0.000000000000000000, 1.594414959537506187E-16 ) ) ;
#1327 = ORIENTED_EDGE ( 'NONE', *, *, #2721, .T. ) ;
#1328 =( NAMED_UNIT ( * ) PLANE_ANGLE_UNIT ( ) SI_UNIT ( $, .RADIAN. ) );
#1329 = ADVANCED_FACE ( 'NONE', ( #1008 ), #2671, .T. ) ;
#1330 = CARTESIAN_POINT ( 'NONE',  ( -4.580000000000000959, -2.050000000000000266, 0.000000000000000000 ) ) ;
#1331 = DIRECTION ( 'NONE',  ( 1.000000000000000000, 0.000000000000000000, 1.594414959537506434E-16 ) ) ;
#1332 = ORIENTED_EDGE ( 'NONE', *, *, #3111, .F. ) ;
#1333 = DIRECTION ( 'NONE',  ( 0.000000000000000000, 1.000000000000000000, 0.000000000000000000 ) ) ;
#1334 = PLANE ( 'NONE',  #3590 ) ;
#1335 = VECTOR ( 'NONE', #142, 1000.000000000000000 ) ;
#1336 = CARTESIAN_POINT ( 'NONE',  ( -3.866321237800151245, 0.2066900148779288182, 2.608062032040653122 ) ) ;
#1337 = ORIENTED_EDGE ( 'NONE', *, *, #157, .T. ) ;
#1338 = ADVANCED_FACE ( 'NONE', ( #436 ), #2995, .T. ) ;
#1339 = DIRECTION ( 'NONE',  ( 0.000000000000000000, -1.000000000000000000, 0.000000000000000000 ) ) ;
#1340 = DIRECTION ( 'NONE',  ( 0.000000000000000000, -0.000000000000000000, -1.000000000000000000 ) ) ;
#1341 = CARTESIAN_POINT ( 'NONE',  ( 3.200000000000000622, -0.3199999999999999512, 2.649999999999999911 ) ) ;
#1342 = ORIENTED_EDGE ( 'NONE', *, *, #1944, .F. ) ;
#1343 = FACE_OUTER_BOUND ( 'NONE', #3101, .T. ) ;
#1344 = CARTESIAN_POINT ( 'NONE',  ( -3.877286726846161269, 0.3413221199613032386, -2.701909137165342756 ) ) ;
#1345 = EDGE_LOOP ( 'NONE', ( #3159, #115, #3160, #2270 ) ) ;
#1346 = SPHERICAL_SURFACE ( 'NONE', #37, 0.05000000000000000278 ) ;
#1347 =( GEOMETRIC_REPRESENTATION_CONTEXT ( 3 ) GLOBAL_UNCERTAINTY_ASSIGNED_CONTEXT ( ( #1298 ) ) GLOBAL_UNIT_ASSIGNED_CONTEXT ( ( #2825, #1955, #2011 ) ) REPRESENTATION_CONTEXT ( 'NONE', 'WORKASPACE' ) );
#1348 = VECTOR ( 'NONE', #1080, 1000.000000000000000 ) ;
#1349 = CARTESIAN_POINT ( 'NONE',  ( -4.630000000000000782, -1.720000000000000195, -1.155000000000001581 ) ) ;
#1350 = SURFACE_STYLE_USAGE ( .BOTH. , #754 ) ;
#1351 = ORIENTED_EDGE ( 'NONE', *, *, #3564, .F. ) ;
#1352 = SURFACE_SIDE_STYLE ('',( #3346 ) ) ;
#1353 = DIRECTION ( 'NONE',  ( -0.000000000000000000, -0.000000000000000000, 1.000000000000000000 ) ) ;
#1354 = CARTESIAN_POINT ( 'NONE',  ( -3.866436974441806562, 0.2104499931863097473, 2.612930168396667696 ) ) ;
#1355 = ORIENTED_EDGE ( 'NONE', *, *, #1792, .T. ) ;
#1356 = CARTESIAN_POINT ( 'NONE',  ( -4.580000000000000959, 0.3999999999999997446, 2.670000000000000373 ) ) ;
#1357 = CARTESIAN_POINT ( 'NONE',  ( -3.950000000000000178, 0.3999999999999997446, -2.669999999999999485 ) ) ;
#1358 = CARTESIAN_POINT ( 'NONE',  ( -3.915480352521051088, 0.3885757437043133034, 2.716582728499686628 ) ) ;
#1359 = AXIS2_PLACEMENT_3D ( 'NONE', #3027, #2368, #2633 ) ;
#1360 = CYLINDRICAL_SURFACE ( 'NONE', #2147, 0.05000000000000012768 ) ;
#1361 = CARTESIAN_POINT ( 'NONE',  ( 3.200000000000000622, 0.3199999999999999512, 0.000000000000000000 ) ) ;
#1362 =( GEOMETRIC_REPRESENTATION_CONTEXT ( 3 ) GLOBAL_UNCERTAINTY_ASSIGNED_CONTEXT ( ( #1967 ) ) GLOBAL_UNIT_ASSIGNED_CONTEXT ( ( #105, #1477, #328 ) ) REPRESENTATION_CONTEXT ( 'NONE', 'WORKASPACE' ) );
#1363 = CARTESIAN_POINT ( 'NONE',  ( -3.866283961645831990, 0.2024585290771498958, -2.602261687327854123 ) ) ;
#1364 = VERTEX_POINT ( 'NONE', #2387 ) ;
#1365 = CARTESIAN_POINT ( 'NONE',  ( -3.969999999999999751, -2.050000000000000266, -1.155000000000001581 ) ) ;
#1366 = PRESENTATION_LAYER_ASSIGNMENT (  '', '', ( #1303 ) ) ;
#1367 = CIRCLE ( 'NONE', #3253, 0.04999999999999969746 ) ;
#1368 = CARTESIAN_POINT ( 'NONE',  ( -3.672655194952759494, 0.3521077104385163525, 2.611119139965198066 ) ) ;
#1369 = MECHANICAL_DESIGN_GEOMETRIC_PRESENTATION_REPRESENTATION (  '', ( #1960 ), #3012 ) ;
#1370 = ORIENTED_EDGE ( 'NONE', *, *, #3171, .T. ) ;
#1371 = LINE ( 'NONE', #3292, #1529 ) ;
#1372 = CIRCLE ( 'NONE', #3439, 0.05000000000000012768 ) ;
#1373 = CARTESIAN_POINT ( 'NONE',  ( -3.866202621125941263, 0.1846804207777418549, 2.577602968387803006 ) ) ;
#1374 = CIRCLE ( 'NONE', #1550, 0.05000000000000012768 ) ;
#1375 = ORIENTED_EDGE ( 'NONE', *, *, #1795, .F. ) ;
#1376 = FACE_OUTER_BOUND ( 'NONE', #580, .T. ) ;
#1377 = UNCERTAINTY_MEASURE_WITH_UNIT (LENGTH_MEASURE( 1.000000000000000082E-05 ), #461, 'distance_accuracy_value', 'NONE');
#1378 = DIRECTION ( 'NONE',  ( 0.000000000000000000, 0.000000000000000000, 1.000000000000000000 ) ) ;
#1379 = AXIS2_PLACEMENT_3D ( 'NONE', #327, #17, #1198 ) ;
#1380 = CIRCLE ( 'NONE', #2017, 0.2000000000000000944 ) ;
#1381 = CARTESIAN_POINT ( 'NONE',  ( 2.660000000000000586, -0.3699999999999999956, -1.205000000000000293 ) ) ;
#1382 = LINE ( 'NONE', #2206, #974 ) ;
#1383 = DIRECTION ( 'NONE',  ( 0.000000000000000000, -1.000000000000000000, 0.000000000000000000 ) ) ;
#1384 = CARTESIAN_POINT ( 'NONE',  ( -3.763981920150726523, 0.2880226854337166187, -2.543639379580983295 ) ) ;
#1385 = ORIENTED_EDGE ( 'NONE', *, *, #1993, .F. ) ;
#1386 = DIRECTION ( 'NONE',  ( 0.000000000000000000, 1.000000000000000000, 0.000000000000000000 ) ) ;
#1387 = ADVANCED_FACE ( 'NONE', ( #2399 ), #992, .F. ) ;
#1388 = CARTESIAN_POINT ( 'NONE',  ( -3.894355675754547441, 0.3659069606914327477, 2.712599952439950002 ) ) ;
#1389 = EDGE_LOOP ( 'NONE', ( #1370, #2344, #1595, #2583 ) ) ;
#1390 = DIRECTION ( 'NONE',  ( 1.000000000000000000, 0.000000000000000000, 0.000000000000000000 ) ) ;
#1391 = DIRECTION ( 'NONE',  ( -1.000000000000000000, 0.000000000000000000, -0.000000000000000000 ) ) ;
#1392 = MECHANICAL_DESIGN_GEOMETRIC_PRESENTATION_REPRESENTATION (  '', ( #2976 ), #627 ) ;
#1393 = CARTESIAN_POINT ( 'NONE',  ( -3.867569554549869615, 0.2354997936200886599, 2.644257093363152400 ) ) ;
#1394 = STYLED_ITEM ( 'NONE', ( #3411 ), #1249 ) ;
#1395 = ORIENTED_EDGE ( 'NONE', *, *, #1632, .T. ) ;
#1396 = CARTESIAN_POINT ( 'NONE',  ( -3.728794663505313522, 0.3268907614439249820, 2.519606481481482696 ) ) ;
#1397 = DIRECTION ( 'NONE',  ( 0.000000000000000000, -8.673617379884049672E-15, -1.000000000000000000 ) ) ;
#1398 = CARTESIAN_POINT ( 'NONE',  ( 3.350000000000000533, 0.4200000000000000400, 2.720000000000000639 ) ) ;
#1399 = SURFACE_STYLE_FILL_AREA ( #269 ) ;
#1400 = ORIENTED_EDGE ( 'NONE', *, *, #1681, .F. ) ;
#1401 = CARTESIAN_POINT ( 'NONE',  ( 2.640000000000001013, -1.050000000000000044, 1.205000000000000293 ) ) ;
#1402 = FACE_OUTER_BOUND ( 'NONE', #3192, .T. ) ;
#1403 = CARTESIAN_POINT ( 'NONE',  ( -3.826179623241175776, 0.3141518157268741729, -2.665778417784737897 ) ) ;
#1404 = ORIENTED_EDGE ( 'NONE', *, *, #2569, .F. ) ;
#1405 = ADVANCED_FACE ( 'NONE', ( #691 ), #2978, .T. ) ;
#1406 = FACE_OUTER_BOUND ( 'NONE', #2992, .T. ) ;
#1407 = EDGE_CURVE ( 'NONE', #3568, #35, #976, .T. ) ;
#1408 = EDGE_CURVE ( 'NONE', #556, #994, #137, .T. ) ;
#1409 = CARTESIAN_POINT ( 'NONE',  ( -3.697260482547197746, 0.3295331841731093392, 2.545746611949725846 ) ) ;
#1410 = VERTEX_POINT ( 'NONE', #1545 ) ;
#1411 = CARTESIAN_POINT ( 'NONE',  ( 3.299999999999998934, 1.079999999999999849, 2.720000000000000639 ) ) ;
#1412 = CARTESIAN_POINT ( 'NONE',  ( 0.000000000000000000, -2.100000000000000089, 0.000000000000000000 ) ) ;
#1413 = CARTESIAN_POINT ( 'NONE',  ( -3.920000000000000817, -0.03000000000000003011, 2.519606481481482696 ) ) ;
#1414 = ORIENTED_EDGE ( 'NONE', *, *, #3415, .F. ) ;
#1415 = DIRECTION ( 'NONE',  ( 0.000000000000000000, 0.000000000000000000, 1.000000000000000000 ) ) ;
#1416 = PRODUCT_DEFINITION_CONTEXT ( 'detailed design', #887, 'design' ) ;
#1417 = DIRECTION ( 'NONE',  ( 0.000000000000000000, 0.000000000000000000, -1.000000000000000000 ) ) ;
#1418 = ORIENTED_EDGE ( 'NONE', *, *, #167, .F. ) ;
#1419 = FACE_OUTER_BOUND ( 'NONE', #297, .T. ) ;
#1420 = DIRECTION ( 'NONE',  ( 0.000000000000000000, 1.000000000000000000, 0.000000000000000000 ) ) ;
#1421 = ADVANCED_FACE ( 'NONE', ( #3523 ), #1810, .T. ) ;
#1422 = CARTESIAN_POINT ( 'NONE',  ( -3.919999999999999929, -2.050000000000000266, 1.204999999999999183 ) ) ;
#1423 = CARTESIAN_POINT ( 'NONE',  ( -3.788358635322667922, 0.2739236640270598655, -2.569287955653896560 ) ) ;
#1424 = ORIENTED_EDGE ( 'NONE', *, *, #1913, .F. ) ;
#1425 = EDGE_CURVE ( 'NONE', #2817, #2436, #2204, .T. ) ;
#1426 = PRESENTATION_LAYER_ASSIGNMENT (  '', '', ( #1834 ) ) ;
#1427 = CARTESIAN_POINT ( 'NONE',  ( -3.875556909814217299, 0.3783254078563342837, 2.713408405600318485 ) ) ;
#1428 = VERTEX_POINT ( 'NONE', #268 ) ;
#1429 = CARTESIAN_POINT ( 'NONE',  ( -4.630000000000000782, -2.050000000000000266, -1.155000000000001581 ) ) ;
#1430 = VECTOR ( 'NONE', #3086, 1000.000000000000000 ) ;
#1431 = LINE ( 'NONE', #2018, #3488 ) ;
#1432 = ORIENTED_EDGE ( 'NONE', *, *, #3485, .F. ) ;
#1433 = AXIS2_PLACEMENT_3D ( 'NONE', #544, #2753, #1970 ) ;
#1434 = LINE ( 'NONE', #1086, #246 ) ;
#1435 = VECTOR ( 'NONE', #1333, 1000.000000000000000 ) ;
#1436 = DIRECTION ( 'NONE',  ( -0.000000000000000000, -1.000000000000000000, -0.000000000000000000 ) ) ;
#1437 = DIRECTION ( 'NONE',  ( -1.000000000000000000, -0.000000000000000000, 5.204170427930408030E-14 ) ) ;
#1438 = DIRECTION ( 'NONE',  ( 0.000000000000000000, 0.000000000000000000, 1.000000000000000000 ) ) ;
#1439 = EDGE_CURVE ( 'NONE', #1428, #2089, #844, .T. ) ;
#1440 = CARTESIAN_POINT ( 'NONE',  ( -6.919999999999999929, -1.720000000000000195, 1.254999999999998783 ) ) ;
#1441 = FACE_OUTER_BOUND ( 'NONE', #3580, .T. ) ;
#1442 = DIRECTION ( 'NONE',  ( 1.000000000000000000, -0.000000000000000000, -0.000000000000000000 ) ) ;
#1443 = CARTESIAN_POINT ( 'NONE',  ( -3.948701424014168015, 0.2833835323609517620, -2.716095982676019371 ) ) ;
#1444 = ORIENTED_EDGE ( 'NONE', *, *, #1068, .F. ) ;
#1445 = STYLED_ITEM ( 'NONE', ( #1522 ), #2346 ) ;
#1446 = SURFACE_SIDE_STYLE ('',( #2230 ) ) ;
#1447 = AXIS2_PLACEMENT_3D ( 'NONE', #2960, #1005, #1028 ) ;
#1448 = CLOSED_SHELL ( 'NONE', ( #1118, #2239, #1790, #2703, #1387, #609, #396, #2665, #3370, #1143, #1017, #161, #745, #1151 ) ) ;
#1449 = CARTESIAN_POINT ( 'NONE',  ( -3.739863426687000114, 0.3252304302416609283, 2.612135552786510662 ) ) ;
#1450 = EDGE_LOOP ( 'NONE', ( #3525, #2568, #1760, #1644 ) ) ;
#1451 = DIRECTION ( 'NONE',  ( -0.000000000000000000, 0.000000000000000000, -1.000000000000000000 ) ) ;
#1452 = CARTESIAN_POINT ( 'NONE',  ( -4.630000000000000782, 1.079999999999999849, 2.720000000000000639 ) ) ;
#1453 = EDGE_LOOP ( 'NONE', ( #586, #3203, #2729 ) ) ;
#1454 = CARTESIAN_POINT ( 'NONE',  ( -3.520000000000000462, 0.3699999999999999956, 2.569737654318253739 ) ) ;
#1455 = DIRECTION ( 'NONE',  ( 0.000000000000000000, -1.000000000000000000, 0.000000000000000000 ) ) ;
#1456 = ADVANCED_FACE ( 'NONE', ( #841 ), #547, .T. ) ;
#1457 = DIRECTION ( 'NONE',  ( 0.000000000000000000, 0.000000000000000000, 1.000000000000000000 ) ) ;
#1458 = CARTESIAN_POINT ( 'NONE',  ( 2.640000000000001013, -0.3700000000000001066, 1.205000000000000293 ) ) ;
#1459 = SURFACE_STYLE_USAGE ( .BOTH. , #2578 ) ;
#1460 = VECTOR ( 'NONE', #90, 1000.000000000000000 ) ;
#1461 = CARTESIAN_POINT ( 'NONE',  ( -3.919993648902721617, 0.008939555195045547492, -2.671858859197369540 ) ) ;
#1462 = VERTEX_POINT ( 'NONE', #3092 ) ;
#1463 = ORIENTED_EDGE ( 'NONE', *, *, #262, .F. ) ;
#1464 = ORIENTED_EDGE ( 'NONE', *, *, #2411, .F. ) ;
#1465 = DIRECTION ( 'NONE',  ( 1.000000000000000000, 0.000000000000000000, -0.000000000000000000 ) ) ;
#1466 = ADVANCED_FACE ( 'NONE', ( #2798 ), #1088, .F. ) ;
#1467 = DIRECTION ( 'NONE',  ( 0.000000000000000000, 1.000000000000000000, 0.000000000000000000 ) ) ;
#1468 = SURFACE_STYLE_FILL_AREA ( #915 ) ;
#1469 = ORIENTED_EDGE ( 'NONE', *, *, #1836, .F. ) ;
#1470 = FACE_OUTER_BOUND ( 'NONE', #2918, .T. ) ;
#1471 = DIRECTION ( 'NONE',  ( 1.000000000000000000, 0.000000000000000000, 0.000000000000000000 ) ) ;
#1472 = CIRCLE ( 'NONE', #3416, 0.05000000000000012768 ) ;
#1473 = CARTESIAN_POINT ( 'NONE',  ( -4.580000000000000959, -1.720000000000000195, -1.205000000000001403 ) ) ;
#1474 = DIRECTION ( 'NONE',  ( 0.000000000000000000, 0.000000000000000000, 1.000000000000000000 ) ) ;
#1475 = EDGE_CURVE ( 'NONE', #476, #2459, #188, .T. ) ;
#1476 = CYLINDRICAL_SURFACE ( 'NONE', #2617, 0.05000000000000012768 ) ;
#1477 =( NAMED_UNIT ( * ) PLANE_ANGLE_UNIT ( ) SI_UNIT ( $, .RADIAN. ) );
#1478 = CARTESIAN_POINT ( 'NONE',  ( -3.929953041580333650, 0.05869190064803537360, 2.700100379744902135 ) ) ;
#1479 = VERTEX_POINT ( 'NONE', #1679 ) ;
#1480 = CARTESIAN_POINT ( 'NONE',  ( -3.919999999999999929, -2.100000000000000089, -2.669999999999999929 ) ) ;
#1481 = EDGE_CURVE ( 'NONE', #2597, #2089, #428, .T. ) ;
#1482 = ORIENTED_EDGE ( 'NONE', *, *, #938, .F. ) ;
#1483 = DIRECTION ( 'NONE',  ( 0.000000000000000000, 1.000000000000000000, 0.000000000000000000 ) ) ;
#1484 = CARTESIAN_POINT ( 'NONE',  ( -3.918423181244021336, 0.4142692420985454871, -2.719758311624274505 ) ) ;
#1485 = CIRCLE ( 'NONE', #3246, 0.05000000000000012768 ) ;
#1486 = CARTESIAN_POINT ( 'NONE',  ( -4.630000000000000782, -1.670000000000000151, -1.255000000000001448 ) ) ;
#1487 = ORIENTED_EDGE ( 'NONE', *, *, #3095, .T. ) ;
#1488 = CARTESIAN_POINT ( 'NONE',  ( -3.249999999999999112, 0.3699999999999999956, 2.649999999999999911 ) ) ;
#1489 = STYLED_ITEM ( 'NONE', ( #2095 ), #845 ) ;
#1490 = SPHERICAL_SURFACE ( 'NONE', #3381, 0.05000000000000000278 ) ;
#1491 = AXIS2_PLACEMENT_3D ( 'NONE', #912, #2035, #815 ) ;
#1492 = CARTESIAN_POINT ( 'NONE',  ( -6.919999999999999929, -1.670000000000000151, -2.669999999999999485 ) ) ;
#1493 = FACE_OUTER_BOUND ( 'NONE', #1389, .T. ) ;
#1494 = EDGE_CURVE ( 'NONE', #43, #1720, #1022, .T. ) ;
#1495 = DIRECTION ( 'NONE',  ( -3.637233570339487753E-32, 1.000000000000000000, 2.281233971484151241E-16 ) ) ;
#1496 = B_SPLINE_CURVE_WITH_KNOTS ( 'NONE', 3,
 ( #2859, #86, #2652, #342 ),
 .UNSPECIFIED., .F., .F.,
 ( 4, 4 ),
 ( 0.000000000000000000, 1.000000000000000000 ),
 .UNSPECIFIED. ) ;
#1497 = CARTESIAN_POINT ( 'NONE',  ( -3.924932372206576314, 0.01325175643611076377, 2.691677029569638169 ) ) ;
#1498 = EDGE_LOOP ( 'NONE', ( #2997, #1536, #2969, #3242 ) ) ;
#1499 = CARTESIAN_POINT ( 'NONE',  ( 2.660000000000000586, -1.060000000000000053, -2.720000000000000195 ) ) ;
#1500 = AXIS2_PLACEMENT_3D ( 'NONE', #1558, #3238, #200 ) ;
#1501 = ORIENTED_EDGE ( 'NONE', *, *, #2569, .T. ) ;
#1502 = DIRECTION ( 'NONE',  ( 0.000000000000000000, 0.000000000000000000, -1.000000000000000000 ) ) ;
#1503 = EDGE_CURVE ( 'NONE', #528, #3231, #799, .T. ) ;
#1504 = DIRECTION ( 'NONE',  ( 0.000000000000000000, 1.000000000000000000, 0.000000000000000000 ) ) ;
#1505 = SPHERICAL_SURFACE ( 'NONE', #2595, 0.05000000000000000278 ) ;
#1506 = ORIENTED_EDGE ( 'NONE', *, *, #1646, .T. ) ;
#1507 = SURFACE_STYLE_FILL_AREA ( #1735 ) ;
#1508 = CARTESIAN_POINT ( 'NONE',  ( -3.920000000000000817, 0.3699999999999999956, 2.670000000000000373 ) ) ;
#1509 = AXIS2_PLACEMENT_3D ( 'NONE', #1919, #2784, #3022 ) ;
#1510 = FILL_AREA_STYLE_COLOUR ( '', #2409 ) ;
#1511 = LINE ( 'NONE', #2975, #1269 ) ;
#1512 = DIRECTION ( 'NONE',  ( 0.000000000000000000, 0.000000000000000000, 1.000000000000000000 ) ) ;
#1513 = ORIENTED_EDGE ( 'NONE', *, *, #682, .F. ) ;
#1514 = DIRECTION ( 'NONE',  ( -1.594414959537506434E-16, 0.000000000000000000, 1.000000000000000000 ) ) ;
#1515 = AXIS2_PLACEMENT_3D ( 'NONE', #3215, #2345, #3475 ) ;
#1516 = EDGE_CURVE ( 'NONE', #476, #755, #2161, .T. ) ;
#1517 = ORIENTED_EDGE ( 'NONE', *, *, #2356, .T. ) ;
#1518 = CARTESIAN_POINT ( 'NONE',  ( -3.950598480376426469, 0.2449442447874734807, -2.716085365017596231 ) ) ;
#1519 = CARTESIAN_POINT ( 'NONE',  ( -3.666836602122406585, 0.3526055521662489478, -2.605253004617047452 ) ) ;
#1520 = LINE ( 'NONE', #128, #2890 ) ;
#1521 = ORIENTED_EDGE ( 'NONE', *, *, #1993, .T. ) ;
#1522 = PRESENTATION_STYLE_ASSIGNMENT (( #951 ) ) ;
#1523 = DIRECTION ( 'NONE',  ( 0.000000000000000000, 1.000000000000000000, 0.000000000000000000 ) ) ;
#1524 = DIRECTION ( 'NONE',  ( 0.000000000000000000, 0.000000000000000000, 1.000000000000000000 ) ) ;
#1525 =( LENGTH_UNIT ( ) NAMED_UNIT ( * ) SI_UNIT ( .MILLI., .METRE. ) );
#1526 = AXIS2_PLACEMENT_3D ( 'NONE', #2247, #575, #2528 ) ;
#1527 = EDGE_CURVE ( 'NONE', #1794, #1943, #2477, .T. ) ;
#1528 = SURFACE_SIDE_STYLE ('',( #2963 ) ) ;
#1529 = VECTOR ( 'NONE', #1672, 1000.000000000000000 ) ;
#1530 = FACE_OUTER_BOUND ( 'NONE', #420, .T. ) ;
#1531 = ORIENTED_EDGE ( 'NONE', *, *, #280, .F. ) ;
#1532 = DIRECTION ( 'NONE',  ( 0.000000000000000000, 0.000000000000000000, 1.000000000000000000 ) ) ;
#1533 = B_SPLINE_CURVE_WITH_KNOTS ( 'NONE', 3,
 ( #389, #2689, #159, #2919, #144, #1229, #2642, #1518, #3217, #406, #982, #2348, #112, #965, #647, #2099, #2392, #3232, #3528, #2658, #929, #3461, #369, #1241, #94, #2361 ),
 .UNSPECIFIED., .F., .F.,
 ( 4, 2, 1, 2, 2, 1, 1, 2, 2, 2, 1, 2, 2, 2, 4 ),
 ( 0.000000000000000000, 0.1250000000000010547, 0.1875000000000009714, 0.2187500000000003608, 0.2499999999999997780, 0.3749999999999973910, 0.4374999999999963363, 0.4687499999999962252, 0.4999999999999961142, 0.6249999999999974465, 0.6874999999999982236, 0.7187499999999980016, 0.7499999999999976685, 0.8749999999999987788, 1.000000000000000000 ),
 .UNSPECIFIED. ) ;
#1534 = ADVANCED_FACE ( 'NONE', ( #3051 ), #2852, .T. ) ;
#1535 = ADVANCED_FACE ( 'NONE', ( #523 ), #2555, .T. ) ;
#1536 = ORIENTED_EDGE ( 'NONE', *, *, #1286, .F. ) ;
#1537 = CARTESIAN_POINT ( 'NONE',  ( -4.580000000000000959, -1.670000000000000151, -1.205000000000001403 ) ) ;
#1538 = CARTESIAN_POINT ( 'NONE',  ( -3.768048485859396113, 0.3975609428732660433, -2.715584615220668407 ) ) ;
#1539 = DIRECTION ( 'NONE',  ( 1.000000000000000000, 0.000000000000000000, 0.000000000000000000 ) ) ;
#1540 = ORIENTED_EDGE ( 'NONE', *, *, #470, .F. ) ;
#1541 = DIRECTION ( 'NONE',  ( 1.000000000000000000, -0.000000000000000000, 0.000000000000000000 ) ) ;
#1542 = DIRECTION ( 'NONE',  ( -1.000000000000000000, 0.000000000000000000, 0.000000000000000000 ) ) ;
#1543 = FILL_AREA_STYLE_COLOUR ( '', #2308 ) ;
#1544 = LINE ( 'NONE', #152, #3316 ) ;
#1545 = CARTESIAN_POINT ( 'NONE',  ( -3.969999999999999751, -1.670000000000000151, -2.669999999999999485 ) ) ;
#1546 = EDGE_LOOP ( 'NONE', ( #2527, #1355, #2403, #2454 ) ) ;
#1547 = CARTESIAN_POINT ( 'NONE',  ( -3.969999999999999751, 0.4200000000000000400, -2.719999999999999751 ) ) ;
#1548 = AXIS2_PLACEMENT_3D ( 'NONE', #3408, #1437, #2338 ) ;
#1549 = CIRCLE ( 'NONE', #1081, 0.04999999999999969746 ) ;
#1550 = AXIS2_PLACEMENT_3D ( 'NONE', #600, #3426, #2590 ) ;
#1551 = ORIENTED_EDGE ( 'NONE', *, *, #881, .F. ) ;
#1552 = CARTESIAN_POINT ( 'NONE',  ( -3.199999999999998845, 0.3199999999999999512, 2.649999999999999911 ) ) ;
#1553 = DIRECTION ( 'NONE',  ( -0.000000000000000000, -0.000000000000000000, 1.000000000000000000 ) ) ;
#1554 = MECHANICAL_DESIGN_GEOMETRIC_PRESENTATION_REPRESENTATION (  '', ( #3210 ), #670 ) ;
#1555 = CARTESIAN_POINT ( 'NONE',  ( -3.970000000000000639, -1.620000000000000773, 2.720000000000000639 ) ) ;
#1556 = VECTOR ( 'NONE', #3280, 1000.000000000000000 ) ;
#1557 = ORIENTED_EDGE ( 'NONE', *, *, #2838, .T. ) ;
#1558 = CARTESIAN_POINT ( 'NONE',  ( 3.200000000000000622, 0.3699999999999999956, 2.649999999999999911 ) ) ;
#1559 = FACE_OUTER_BOUND ( 'NONE', #121, .T. ) ;
#1560 =( NAMED_UNIT ( * ) SI_UNIT ( $, .STERADIAN. ) SOLID_ANGLE_UNIT ( ) );
#1561 = DIRECTION ( 'NONE',  ( -1.734723475976810250E-14, 1.000000000000000000, 0.000000000000000000 ) ) ;
#1562 = UNCERTAINTY_MEASURE_WITH_UNIT (LENGTH_MEASURE( 1.000000000000000082E-05 ), #214, 'distance_accuracy_value', 'NONE');
#1563 = DIRECTION ( 'NONE',  ( -0.000000000000000000, 0.000000000000000000, 1.000000000000000000 ) ) ;
#1564 = EDGE_CURVE ( 'NONE', #1268, #755, #1374, .T. ) ;
#1565 = SURFACE_SIDE_STYLE ('',( #3539 ) ) ;
#1566 = ORIENTED_EDGE ( 'NONE', *, *, #726, .T. ) ;
#1567 = CIRCLE ( 'NONE', #625, 0.04999999999999991257 ) ;
#1568 = TOROIDAL_SURFACE ( 'NONE', #3278, 0.1000000000000000056, 0.05000000000000000278 ) ;
#1569 = AXIS2_PLACEMENT_3D ( 'NONE', #2523, #1740, #3634 ) ;
#1570 = ORIENTED_EDGE ( 'NONE', *, *, #455, .T. ) ;
#1571 = CARTESIAN_POINT ( 'NONE',  ( -4.580000000000000959, -2.050000000000000266, -1.155000000000001581 ) ) ;
#1572 = CARTESIAN_POINT ( 'NONE',  ( -3.572369317903180352, 0.3699999999999999400, -2.565011468081736634 ) ) ;
#1573 = CARTESIAN_POINT ( 'NONE',  ( -3.707124745653852305, 0.3907932580524791089, 2.710586496803981227 ) ) ;
#1574 = EDGE_CURVE ( 'NONE', #3438, #208, #3449, .T. ) ;
#1575 = ORIENTED_EDGE ( 'NONE', *, *, #2041, .T. ) ;
#1576 = DIRECTION ( 'NONE',  ( 0.000000000000000000, 0.000000000000000000, -1.000000000000000000 ) ) ;
#1577 = CARTESIAN_POINT ( 'NONE',  ( -3.969999999999999751, -1.670000000000000595, 2.670000000000000373 ) ) ;
#1578 = EDGE_CURVE ( 'NONE', #2459, #3402, #3407, .T. ) ;
#1579 = PRESENTATION_STYLE_ASSIGNMENT (( #2385 ) ) ;
#1580 = DIRECTION ( 'NONE',  ( 0.000000000000000000, -1.000000000000000000, 0.000000000000000000 ) ) ;
#1581 = DIRECTION ( 'NONE',  ( -0.000000000000000000, 0.000000000000000000, 1.000000000000000000 ) ) ;
#1582 = DIRECTION ( 'NONE',  ( 1.000000000000000000, -0.000000000000000000, 0.000000000000000000 ) ) ;
#1583 = ORIENTED_EDGE ( 'NONE', *, *, #1259, .F. ) ;
#1584 =( NAMED_UNIT ( * ) PLANE_ANGLE_UNIT ( ) SI_UNIT ( $, .RADIAN. ) );
#1585 = EDGE_CURVE ( 'NONE', #3531, #405, #370, .T. ) ;
#1586 = VERTEX_POINT ( 'NONE', #1985 ) ;
#1587 = SURFACE_STYLE_USAGE ( .BOTH. , #2465 ) ;
#1588 = CARTESIAN_POINT ( 'NONE',  ( -3.640271415488732121, 0.3553478869393806860, -2.576291816679705970 ) ) ;
#1589 = EDGE_CURVE ( 'NONE', #2738, #2351, #583, .T. ) ;
#1590 = CARTESIAN_POINT ( 'NONE',  ( -3.543234498520624332, 0.3726596160892549081, -2.686266200866275433 ) ) ;
#1591 = DIRECTION ( 'NONE',  ( 1.000000000000000000, 0.000000000000000000, 0.000000000000000000 ) ) ;
#1592 = ORIENTED_EDGE ( 'NONE', *, *, #949, .T. ) ;
#1593 = DIRECTION ( 'NONE',  ( 0.000000000000000000, 0.000000000000000000, -1.000000000000000000 ) ) ;
#1594 = FACE_OUTER_BOUND ( 'NONE', #401, .T. ) ;
#1595 = ORIENTED_EDGE ( 'NONE', *, *, #2432, .F. ) ;
#1596 = DIRECTION ( 'NONE',  ( -1.000000000000000000, -0.000000000000000000, -1.594414959537506434E-16 ) ) ;
#1597 =( GEOMETRIC_REPRESENTATION_CONTEXT ( 3 ) GLOBAL_UNCERTAINTY_ASSIGNED_CONTEXT ( ( #2183 ) ) GLOBAL_UNIT_ASSIGNED_CONTEXT ( ( #2650, #3187, #2059 ) ) REPRESENTATION_CONTEXT ( 'NONE', 'WORKASPACE' ) );
#1598 = PLANE ( 'NONE',  #1897 ) ;
#1599 = DIRECTION ( 'NONE',  ( 1.000000000000000000, 0.000000000000000000, 0.000000000000000000 ) ) ;
#1600 = EDGE_CURVE ( 'NONE', #2955, #1716, #248, .T. ) ;
#1601 = ORIENTED_EDGE ( 'NONE', *, *, #3095, .F. ) ;
#1602 = VECTOR ( 'NONE', #3442, 1000.000000000000000 ) ;
#1603 = ORIENTED_EDGE ( 'NONE', *, *, #861, .T. ) ;
#1604 = CIRCLE ( 'NONE', #29, 0.04999999999999991257 ) ;
#1605 = CARTESIAN_POINT ( 'NONE',  ( -3.731102756302835832, 0.3253387955526454434, -2.601473228963286477 ) ) ;
#1606 = LINE ( 'NONE', #2728, #1949 ) ;
#1607 = CARTESIAN_POINT ( 'NONE',  ( -3.969999999999999751, -2.050000000000000266, -6.329827389363899669E-16 ) ) ;
#1608 = ORIENTED_EDGE ( 'NONE', *, *, #1475, .T. ) ;
#1609 = CARTESIAN_POINT ( 'NONE',  ( -3.784330700232291900, 0.2713547247169456056, -2.519606481481481808 ) ) ;
#1610 = CARTESIAN_POINT ( 'NONE',  ( -3.866296290749464237, 0.2051533638755294042, 2.605999502052484651 ) ) ;
#1611 = PRESENTATION_LAYER_ASSIGNMENT (  '', '', ( #1394 ) ) ;
#1612 = COLOUR_RGB ( '',0.1098039215686274495, 0.1098039215686274495, 0.1098039215686274495 ) ;
#1613 = ORIENTED_EDGE ( 'NONE', *, *, #50, .T. ) ;
#1614 = LINE ( 'NONE', #1063, #3161 ) ;
#1615 = DIRECTION ( 'NONE',  ( 0.000000000000000000, 0.000000000000000000, 1.000000000000000000 ) ) ;
#1616 = CARTESIAN_POINT ( 'NONE',  ( 0.000000000000000000, 1.079999999999999849, 2.670000000000000373 ) ) ;
#1617 = DIRECTION ( 'NONE',  ( -1.000000000000000000, 0.000000000000000000, 0.000000000000000000 ) ) ;
#1618 = ORIENTED_EDGE ( 'NONE', *, *, #3648, .F. ) ;
#1619 = DIRECTION ( 'NONE',  ( 0.000000000000000000, -1.000000000000000000, 0.000000000000000000 ) ) ;
#1620 = CARTESIAN_POINT ( 'NONE',  ( 3.299999999999999822, 0.4200000000000000400, -2.669999999999999485 ) ) ;
#1621 = CARTESIAN_POINT ( 'NONE',  ( -3.763981920150726523, 0.2880226854337166187, -2.519606481481481364 ) ) ;
#1622 = VECTOR ( 'NONE', #1096, 1000.000000000000000 ) ;
#1623 = ORIENTED_EDGE ( 'NONE', *, *, #3269, .F. ) ;
#1624 = DIRECTION ( 'NONE',  ( 0.000000000000000000, 0.000000000000000000, 1.000000000000000000 ) ) ;
#1625 = CARTESIAN_POINT ( 'NONE',  ( -3.892229651294118131, 0.4113588501437907552, -2.719247644909807526 ) ) ;
#1626 = DIRECTION ( 'NONE',  ( -0.000000000000000000, 1.000000000000000000, -0.000000000000000000 ) ) ;
#1627 = ORIENTED_EDGE ( 'NONE', *, *, #741, .T. ) ;
#1628 = ADVANCED_FACE ( 'NONE', ( #33 ), #1490, .T. ) ;
#1629 = LINE ( 'NONE', #500, #695 ) ;
#1630 = CIRCLE ( 'NONE', #1163, 0.1000000000000000472 ) ;
#1631 = CARTESIAN_POINT ( 'NONE',  ( -3.922778178015367434, -0.004996397861690124280, 2.694755033025088231 ) ) ;
#1632 = EDGE_CURVE ( 'NONE', #3084, #2641, #3318, .T. ) ;
#1633 = ORIENTED_EDGE ( 'NONE', *, *, #2687, .T. ) ;
#1634 = LINE ( 'NONE', #2015, #3076 ) ;
#1635 = FACE_OUTER_BOUND ( 'NONE', #1867, .T. ) ;
#1636 = UNCERTAINTY_MEASURE_WITH_UNIT (LENGTH_MEASURE( 1.000000000000000082E-05 ), #140, 'distance_accuracy_value', 'NONE');
#1637 = DIRECTION ( 'NONE',  ( -1.000000000000000000, -0.000000000000000000, -0.000000000000000000 ) ) ;
#1638 = CARTESIAN_POINT ( 'NONE',  ( -3.919999999999999929, -0.03000000000000003011, -2.519606481481481808 ) ) ;
#1639 = EDGE_CURVE ( 'NONE', #2810, #2123, #2786, .T. ) ;
#1640 = ORIENTED_EDGE ( 'NONE', *, *, #1861, .F. ) ;
#1641 =( NAMED_UNIT ( * ) SI_UNIT ( $, .STERADIAN. ) SOLID_ANGLE_UNIT ( ) );
#1642 = DIRECTION ( 'NONE',  ( -1.594414959537506187E-16, 0.000000000000000000, 1.000000000000000000 ) ) ;
#1643 = CARTESIAN_POINT ( 'NONE',  ( -3.782198840857436739, 0.2935414171906488012, -2.598119175662326974 ) ) ;
#1644 = ORIENTED_EDGE ( 'NONE', *, *, #666, .F. ) ;
#1645 =( LENGTH_UNIT ( ) NAMED_UNIT ( * ) SI_UNIT ( .MILLI., .METRE. ) );
#1646 = EDGE_CURVE ( 'NONE', #2810, #3090, #1675, .T. ) ;
#1647 = AXIS2_PLACEMENT_3D ( 'NONE', #412, #703, #1542 ) ;
#1648 = CARTESIAN_POINT ( 'NONE',  ( -3.697260482547198635, 0.3295331841731089506, 2.519606481481482696 ) ) ;
#1649 = ORIENTED_EDGE ( 'NONE', *, *, #2979, .T. ) ;
#1650 = CARTESIAN_POINT ( 'NONE',  ( -4.580000000000000959, -2.050000000000000266, 1.204999999999999183 ) ) ;
#1651 = DIRECTION ( 'NONE',  ( 1.000000000000000000, 0.000000000000000000, 0.000000000000000000 ) ) ;
#1652 = CARTESIAN_POINT ( 'NONE',  ( -3.920211081136158349, -0.02810026977457321523, 2.674673256907368124 ) ) ;
#1653 = EDGE_LOOP ( 'NONE', ( #199, #1469, #3222, #1961 ) ) ;
#1654 = FACE_OUTER_BOUND ( 'NONE', #363, .T. ) ;
#1655 = DIRECTION ( 'NONE',  ( -0.000000000000000000, -1.000000000000000000, 0.000000000000000000 ) ) ;
#1656 = SURFACE_STYLE_USAGE ( .BOTH. , #1122 ) ;
#1657 = AXIS2_PLACEMENT_3D ( 'NONE', #1714, #634, #2533 ) ;
#1658 = LINE ( 'NONE', #1124, #1222 ) ;
#1659 = EDGE_CURVE ( 'NONE', #310, #556, #1120, .T. ) ;
#1660 = LINE ( 'NONE', #1179, #2148 ) ;
#1661 = FACE_OUTER_BOUND ( 'NONE', #3028, .T. ) ;
#1662 = PRODUCT_DEFINITION_FORMATION_WITH_SPECIFIED_SOURCE ( 'ANY', '', #296, .NOT_KNOWN. ) ;
#1663 = CARTESIAN_POINT ( 'NONE',  ( -3.950025568087270234, 0.3538672788443839590, -2.717513118943324368 ) ) ;
#1664 = ORIENTED_EDGE ( 'NONE', *, *, #1913, .T. ) ;
#1665 = FACE_OUTER_BOUND ( 'NONE', #3578, .T. ) ;
#1666 = STYLED_ITEM ( 'NONE', ( #1011 ), #898 ) ;
#1667 = AXIS2_PLACEMENT_3D ( 'NONE', #2667, #413, #433 ) ;
#1668 = CARTESIAN_POINT ( 'NONE',  ( -3.798888330461398510, 0.2814278552820998480, 2.600372155941880425 ) ) ;
#1669 = AXIS2_PLACEMENT_3D ( 'NONE', #2570, #3199, #1171 ) ;
#1670 = ORIENTED_EDGE ( 'NONE', *, *, #3482, .T. ) ;
#1671 = FACE_OUTER_BOUND ( 'NONE', #1546, .T. ) ;
#1672 = DIRECTION ( 'NONE',  ( -1.000000000000000000, 0.000000000000000000, 0.000000000000000000 ) ) ;
#1673 = AXIS2_PLACEMENT_3D ( 'NONE', #1879, #762, #3013 ) ;
#1674 = CARTESIAN_POINT ( 'NONE',  ( -3.848139644033356621, 0.2334892149124228877, 2.602391080176243765 ) ) ;
#1675 = CIRCLE ( 'NONE', #2824, 0.05000000000000012768 ) ;
#1676 = ORIENTED_EDGE ( 'NONE', *, *, #2373, .T. ) ;
#1677 = PRESENTATION_STYLE_ASSIGNMENT (( #2219 ) ) ;
#1678 = CARTESIAN_POINT ( 'NONE',  ( -3.519999999999999574, 0.3699999999999999400, -2.519606481481481808 ) ) ;
#1679 = CARTESIAN_POINT ( 'NONE',  ( 2.640000000000001457, -1.250000000000000222, -1.205000000000000293 ) ) ;
#1680 = VECTOR ( 'NONE', #2818, 1000.000000000000000 ) ;
#1681 = EDGE_CURVE ( 'NONE', #2710, #2511, #2091, .T. ) ;
#1682 = COLOUR_RGB ( '',0.1098039215686274495, 0.1098039215686274495, 0.1098039215686274495 ) ;
#1683 = CARTESIAN_POINT ( 'NONE',  ( -3.938583887435370912, 0.3654830811831388249, 2.716520764552074585 ) ) ;
#1684 = CYLINDRICAL_SURFACE ( 'NONE', #1910, 0.05000000000000012768 ) ;
#1685 = EDGE_CURVE ( 'NONE', #3476, #466, #1025, .T. ) ;
#1686 = DIRECTION ( 'NONE',  ( 0.000000000000000000, 0.000000000000000000, -1.000000000000000000 ) ) ;
#1687 = CARTESIAN_POINT ( 'NONE',  ( -3.894355684835256071, 0.3659069700298013261, -2.712599954055169071 ) ) ;
#1688 = ORIENTED_EDGE ( 'NONE', *, *, #486, .T. ) ;
#1689 = DIRECTION ( 'NONE',  ( 1.000000000000000000, 0.000000000000000000, 0.000000000000000000 ) ) ;
#1690 = CARTESIAN_POINT ( 'NONE',  ( -3.862146291159183065, 0.3513663244491804782, 2.702259262315590327 ) ) ;
#1691 = PRODUCT_DEFINITION_SHAPE ( 'NONE', 'NONE',  #2405 ) ;
#1692 = ORIENTED_EDGE ( 'NONE', *, *, #2520, .T. ) ;
#1693 = DIRECTION ( 'NONE',  ( 0.000000000000000000, 0.000000000000000000, -1.000000000000000000 ) ) ;
#1694 = CARTESIAN_POINT ( 'NONE',  ( 3.299999999999999822, 0.4200000000000000400, 2.670000000000000373 ) ) ;
#1695 = CARTESIAN_POINT ( 'NONE',  ( -3.915579775206130098, 0.3469853781121479130, 2.712624840584698216 ) ) ;
#1696 = ORIENTED_EDGE ( 'NONE', *, *, #1408, .T. ) ;
#1697 = FILL_AREA_STYLE_COLOUR ( '', #1019 ) ;
#1698 = EDGE_CURVE ( 'NONE', #2946, #613, #1822, .T. ) ;
#1699 = DIRECTION ( 'NONE',  ( 0.000000000000000000, 0.000000000000000000, -1.000000000000000000 ) ) ;
#1700 = EDGE_CURVE ( 'NONE', #1077, #2325, #2384, .T. ) ;
#1701 =( NAMED_UNIT ( * ) PLANE_ANGLE_UNIT ( ) SI_UNIT ( $, .RADIAN. ) );
#1702 = CYLINDRICAL_SURFACE ( 'NONE', #2806, 0.04999999999999991257 ) ;
#1703 = CARTESIAN_POINT ( 'NONE',  ( -3.919999999999999929, -2.050000000000000266, -1.205000000000001625 ) ) ;
#1704 = CARTESIAN_POINT ( 'NONE',  ( -3.969999999999999751, -1.620000000000000329, -2.669999999999999485 ) ) ;
#1705 = CARTESIAN_POINT ( 'NONE',  ( 3.350000000000000533, -2.100000000000000089, -1.205000000000000293 ) ) ;
#1706 = CARTESIAN_POINT ( 'NONE',  ( -3.786288872113729997, 0.2951531352047401247, -2.606662565879431792 ) ) ;
#1707 = ORIENTED_EDGE ( 'NONE', *, *, #431, .F. ) ;
#1708 = CARTESIAN_POINT ( 'NONE',  ( -3.970000000000000639, 0.4199999999999999289, 2.720000000000000195 ) ) ;
#1709 = EDGE_CURVE ( 'NONE', #2351, #2459, #2108, .T. ) ;
#1710 = CARTESIAN_POINT ( 'NONE',  ( -3.780253394831276648, 0.3188742533882535368, 2.643002019705530614 ) ) ;
#1711 = ORIENTED_EDGE ( 'NONE', *, *, #3415, .T. ) ;
#1712 = CARTESIAN_POINT ( 'NONE',  ( -3.969999999999999751, -1.670000000000000151, 1.204999999999999183 ) ) ;
#1713 = VECTOR ( 'NONE', #2990, 1000.000000000000000 ) ;
#1714 = CARTESIAN_POINT ( 'NONE',  ( -3.969999999999999751, -2.100000000000000089, -2.669999999999999929 ) ) ;
#1715 = EDGE_CURVE ( 'NONE', #1716, #2810, #133, .T. ) ;
#1716 = VERTEX_POINT ( 'NONE', #2649 ) ;
#1717 = CARTESIAN_POINT ( 'NONE',  ( 3.200000000000000622, 0.3199999999999999512, 2.649999999999999911 ) ) ;
#1718 = UNCERTAINTY_MEASURE_WITH_UNIT (LENGTH_MEASURE( 1.000000000000000082E-05 ), #2417, 'distance_accuracy_value', 'NONE');
#1719 = DIRECTION ( 'NONE',  ( -1.000000000000000000, 0.000000000000000000, 0.000000000000000000 ) ) ;
#1720 = VERTEX_POINT ( 'NONE', #150 ) ;
#1721 =( NAMED_UNIT ( * ) PLANE_ANGLE_UNIT ( ) SI_UNIT ( $, .RADIAN. ) );
#1722 = B_SPLINE_SURFACE_WITH_KNOTS ( 'NONE', 3, 3, ( 
 ( #674, #2926, #1020, #2987, #179, #1310, #2430, #1039, #1057, #2172, #3305, #769 ),
 ( #2510, #3124, #1995, #3083, #594, #3344, #808, #2529, #2231, #1939, #3382, #5 ),
 ( #2787, #3362, #257, #1128, #1368, #2248, #853, #312, #3639, #1728, #1427, #3059 ),
 ( #1648, #1409, #2490, #1959, #3622, #2844, #1449, #1113, #576, #1690, #829, #1978 ),
 ( #555, #2827, #3044, #871, #2809, #3104, #278, #1710, #295, #2567, #1388, #2762 ),
 ( #2546, #24, #1097, #1075, #2213, #2194, #3327, #792, #1922, #531, #1149, #513 ),
 ( #2266, #3400, #235, #1668, #3418, #2013, #41, #1168, #892, #2284, #3031, #3626 ),
 ( #2793, #560, #1888, #1965, #1674, #501, #2178, #2156, #261, #1103, #1695, #3348 ),
 ( #2217, #813, #1373, #1610, #1336, #1043, #1354, #1393, #3009, #3368, #517, #2494 ),
 ( #1942, #2199, #836, #222, #481, #3089, #3064, #2515, #202, #2813, #2453, #3572 ),
 ( #537, #3295, #3047, #283, #3309, #1926, #3642, #2731, #775, #2235, #3606, #1117 ),
 ( #1413, #1903, #759, #2748, #3588, #1652, #1061, #1631, #2471, #1082, #3330, #795 ) ),
 .UNSPECIFIED., .F., .F., .F.,
 ( 4, 2, 2, 2, 2, 4 ),
 ( 4, 2, 2, 2, 2, 4 ),
 ( 0.000000000000000000, 0.2500000000000016653, 0.3750000000000008327, 0.5000000000000000000, 0.7499999999999998890, 1.000000000000000000 ),
 ( 0.000000000000000000, 0.2819125688996950707, 0.3043528011215795859, 0.3201701766853852216, 0.6600850883426926385, 1.000000000000000000 ),
 .UNSPECIFIED. ) ;
#1723 = AXIS2_PLACEMENT_3D ( 'NONE', #715, #2986, #967 ) ;
#1724 = CARTESIAN_POINT ( 'NONE',  ( -3.563251815315956250, 0.3749323785802110565, -2.691677042835000755 ) ) ;
#1725 = CARTESIAN_POINT ( 'NONE',  ( -3.919999999999999929, 0.02236931790317950308, -2.565948047979793589 ) ) ;
#1726 = ORIENTED_EDGE ( 'NONE', *, *, #1131, .F. ) ;
#1727 = DIRECTION ( 'NONE',  ( 0.000000000000000000, 0.000000000000000000, 1.000000000000000000 ) ) ;
#1728 = CARTESIAN_POINT ( 'NONE',  ( -3.836263368303511445, 0.3657249446861515763, 2.703877452913543866 ) ) ;
#1729 = ORIENTED_EDGE ( 'NONE', *, *, #2448, .T. ) ;
#1730 = DIRECTION ( 'NONE',  ( -1.000000000000000000, 0.000000000000000000, 0.000000000000000000 ) ) ;
#1731 = ADVANCED_FACE ( 'NONE', ( #1248 ), #447, .T. ) ;
#1732 = DIRECTION ( 'NONE',  ( -1.000000000000000000, 0.000000000000000000, -0.000000000000000000 ) ) ;
#1733 = ORIENTED_EDGE ( 'NONE', *, *, #1266, .T. ) ;
#1734 = VECTOR ( 'NONE', #2557, 1000.000000000000000 ) ;
#1735 = FILL_AREA_STYLE ('',( #377 ) ) ;
#1736 = DIRECTION ( 'NONE',  ( -1.000000000000000000, -0.000000000000000000, 0.000000000000000000 ) ) ;
#1737 = PRESENTATION_LAYER_ASSIGNMENT (  '', '', ( #2613 ) ) ;
#1738 = DIRECTION ( 'NONE',  ( -0.000000000000000000, 0.000000000000000000, 1.000000000000000000 ) ) ;
#1739 = DIRECTION ( 'NONE',  ( 0.000000000000000000, 0.000000000000000000, 1.000000000000000000 ) ) ;
#1740 = DIRECTION ( 'NONE',  ( 0.000000000000000000, -1.000000000000000000, 0.000000000000000000 ) ) ;
#1741 = CIRCLE ( 'NONE', #3386, 0.05000000000000012768 ) ;
#1742 =( NAMED_UNIT ( * ) SI_UNIT ( $, .STERADIAN. ) SOLID_ANGLE_UNIT ( ) );
#1743 = DIRECTION ( 'NONE',  ( 0.000000000000000000, 1.000000000000000000, 0.000000000000000000 ) ) ;
#1744 = CARTESIAN_POINT ( 'NONE',  ( -3.919999999999999041, 0.01089407064260900122, -2.667472614121308983 ) ) ;
#1745 =( GEOMETRIC_REPRESENTATION_CONTEXT ( 3 ) GLOBAL_UNCERTAINTY_ASSIGNED_CONTEXT ( ( #3372 ) ) GLOBAL_UNIT_ASSIGNED_CONTEXT ( ( #3014, #1947, #286 ) ) REPRESENTATION_CONTEXT ( 'NONE', 'WORKASPACE' ) );
#1746 = ORIENTED_EDGE ( 'NONE', *, *, #1804, .F. ) ;
#1747 = DIRECTION ( 'NONE',  ( 0.000000000000000000, 0.000000000000000000, -1.000000000000000000 ) ) ;
#1748 = AXIS2_PLACEMENT_3D ( 'NONE', #103, #1596, #3011 ) ;
#1749 = ORIENTED_EDGE ( 'NONE', *, *, #1589, .F. ) ;
#1750 = SPHERICAL_SURFACE ( 'NONE', #70, 0.05000000000000000278 ) ;
#1751 = CARTESIAN_POINT ( 'NONE',  ( -3.969999999999999751, 0.4200000000000001510, -2.719999999999999751 ) ) ;
#1752 = DIRECTION ( 'NONE',  ( 0.000000000000000000, 0.000000000000000000, -1.000000000000000000 ) ) ;
#1753 = EDGE_CURVE ( 'NONE', #2195, #2580, #973, .T. ) ;
#1754 = VERTEX_POINT ( 'NONE', #1577 ) ;
#1755 = CYLINDRICAL_SURFACE ( 'NONE', #2791, 0.04999999999999991257 ) ;
#1756 = DIRECTION ( 'NONE',  ( 0.000000000000000000, 0.000000000000000000, 1.000000000000000000 ) ) ;
#1757 = FACE_OUTER_BOUND ( 'NONE', #1098, .T. ) ;
#1758 = DIRECTION ( 'NONE',  ( 0.000000000000000000, 0.000000000000000000, -1.000000000000000000 ) ) ;
#1759 = CARTESIAN_POINT ( 'NONE',  ( -3.953576853744318775, 0.2721916836988702570, -2.717882190842074941 ) ) ;
#1760 = ORIENTED_EDGE ( 'NONE', *, *, #455, .F. ) ;
#1761 = ORIENTED_EDGE ( 'NONE', *, *, #3561, .F. ) ;
#1762 = LINE ( 'NONE', #2507, #866 ) ;
#1763 = VERTEX_POINT ( 'NONE', #1821 ) ;
#1764 = DIRECTION ( 'NONE',  ( 1.000000000000000000, 0.000000000000000000, 0.000000000000000000 ) ) ;
#1765 = FACE_OUTER_BOUND ( 'NONE', #219, .T. ) ;
#1766 = DIRECTION ( 'NONE',  ( -1.000000000000000000, -0.000000000000000000, -0.000000000000000000 ) ) ;
#1767 = ORIENTED_EDGE ( 'NONE', *, *, #3561, .T. ) ;
#1768 = DIRECTION ( 'NONE',  ( 0.000000000000000000, 0.000000000000000000, -1.000000000000000000 ) ) ;
#1769 = CARTESIAN_POINT ( 'NONE',  ( -4.580000000000000959, -2.050000000000000266, -1.155000000000001581 ) ) ;
#1770 = PLANE ( 'NONE',  #2335 ) ;
#1771 = FILL_AREA_STYLE_COLOUR ( '', #1612 ) ;
#1772 = CARTESIAN_POINT ( 'NONE',  ( -3.922659612376529825, -0.006765542714332326187, 2.686266189670292626 ) ) ;
#1773 = EDGE_CURVE ( 'NONE', #2065, #2999, #1938, .T. ) ;
#1774 = EDGE_LOOP ( 'NONE', ( #1975, #3230, #1583, #635 ) ) ;
#1775 = DIRECTION ( 'NONE',  ( 0.000000000000000000, 0.000000000000000000, -1.000000000000000000 ) ) ;
#1776 = VERTEX_POINT ( 'NONE', #1838 ) ;
#1777 = AXIS2_PLACEMENT_3D ( 'NONE', #1018, #2922, #2644 ) ;
#1778 = CARTESIAN_POINT ( 'NONE',  ( 3.200000000000000178, 0.3199999999999999512, -2.649999999999999911 ) ) ;
#1779 = CARTESIAN_POINT ( 'NONE',  ( -3.969999999999999751, 0.4200000000000002620, -2.719999999999999751 ) ) ;
#1780 = CYLINDRICAL_SURFACE ( 'NONE', #1657, 0.05000000000000012768 ) ;
#1781 = ORIENTED_EDGE ( 'NONE', *, *, #3550, .F. ) ;
#1782 =( NAMED_UNIT ( * ) SI_UNIT ( $, .STERADIAN. ) SOLID_ANGLE_UNIT ( ) );
#1783 = DIRECTION ( 'NONE',  ( -1.000000000000000000, 0.000000000000000000, 0.000000000000000000 ) ) ;
#1784 = CARTESIAN_POINT ( 'NONE',  ( -3.199999999999998845, 0.3199999999999999512, -2.649999999999999911 ) ) ;
#1785 = FACE_OUTER_BOUND ( 'NONE', #1034, .T. ) ;
#1786 = VECTOR ( 'NONE', #811, 1000.000000000000000 ) ;
#1787 = LINE ( 'NONE', #624, #3460 ) ;
#1788 = PRESENTATION_LAYER_ASSIGNMENT (  '', '', ( #963 ) ) ;
#1789 = CARTESIAN_POINT ( 'NONE',  ( 2.640000000000001013, -0.3700000000000001066, 1.205000000000000293 ) ) ;
#1790 = ADVANCED_FACE ( 'NONE', ( #1559 ), #2683, .F. ) ;
#1791 = CARTESIAN_POINT ( 'NONE',  ( -3.920000000000000817, -0.03000000000000007869, 2.670000000000000373 ) ) ;
#1792 = EDGE_CURVE ( 'NONE', #1794, #577, #54, .T. ) ;
#1793 = VECTOR ( 'NONE', #505, 1000.000000000000000 ) ;
#1794 = VERTEX_POINT ( 'NONE', #2216 ) ;
#1795 = EDGE_CURVE ( 'NONE', #755, #3518, #3088, .T. ) ;
#1796 = CARTESIAN_POINT ( 'NONE',  ( 3.200000000000000178, 0.3699999999999999956, -2.700000000000000178 ) ) ;
#1797 = MECHANICAL_DESIGN_GEOMETRIC_PRESENTATION_REPRESENTATION (  '', ( #1316 ), #3507 ) ;
#1798 = COLOUR_RGB ( '',0.1098039215686274495, 0.1098039215686274495, 0.1098039215686274495 ) ;
#1799 = VECTOR ( 'NONE', #2957, 1000.000000000000000 ) ;
#1800 = ORIENTED_EDGE ( 'NONE', *, *, #2327, .T. ) ;
#1801 = CARTESIAN_POINT ( 'NONE',  ( -3.961358850143790189, 0.3422296512941214175, 2.719247644909807970 ) ) ;
#1802 = CYLINDRICAL_SURFACE ( 'NONE', #2366, 0.05000000000000012768 ) ;
#1803 = CARTESIAN_POINT ( 'NONE',  ( -3.747546977787612033, 0.3953138064072539426, 2.713574554218598944 ) ) ;
#1804 = EDGE_CURVE ( 'NONE', #1462, #1716, #110, .T. ) ;
#1805 = ORIENTED_EDGE ( 'NONE', *, *, #2373, .F. ) ;
#1806 = DIRECTION ( 'NONE',  ( 0.000000000000000000, 0.000000000000000000, -1.000000000000000000 ) ) ;
#1807 = CIRCLE ( 'NONE', #89, 0.05000000000000012768 ) ;
#1808 = FACE_OUTER_BOUND ( 'NONE', #3419, .T. ) ;
#1809 = ADVANCED_FACE ( 'NONE', ( #2435 ), #1964, .T. ) ;
#1810 = CYLINDRICAL_SURFACE ( 'NONE', #2670, 0.05000000000000012768 ) ;
#1811 = EDGE_CURVE ( 'NONE', #1150, #652, #2166, .T. ) ;
#1812 = FACE_OUTER_BOUND ( 'NONE', #3637, .T. ) ;
#1813 = ORIENTED_EDGE ( 'NONE', *, *, #3158, .T. ) ;
#1814 = CARTESIAN_POINT ( 'NONE',  ( -4.580000000000000959, -1.620000000000000329, -1.255000000000001448 ) ) ;
#1815 = VECTOR ( 'NONE', #71, 1000.000000000000000 ) ;
#1816 = ORIENTED_EDGE ( 'NONE', *, *, #207, .T. ) ;
#1817 = DIRECTION ( 'NONE',  ( 0.000000000000000000, 0.000000000000000000, 1.000000000000000000 ) ) ;
#1818 = CARTESIAN_POINT ( 'NONE',  ( -3.794944144818306331, 0.4005984694839457294, 2.716085360434474794 ) ) ;
#1819 = EDGE_LOOP ( 'NONE', ( #6, #945 ) ) ;
#1820 = CARTESIAN_POINT ( 'NONE',  ( 2.640000000000001013, -0.3700000000000001066, 2.720000000000000195 ) ) ;
#1821 = CARTESIAN_POINT ( 'NONE',  ( -4.580000000000000959, 0.3999999999999997446, 2.720000000000000639 ) ) ;
#1822 = B_SPLINE_CURVE_WITH_KNOTS ( 'NONE', 3,
 ( #3552, #673, #3256, #2414 ),
 .UNSPECIFIED., .F., .F.,
 ( 4, 4 ),
 ( 0.000000000000000000, 1.000000000000000000 ),
 .UNSPECIFIED. ) ;
#1823 = CARTESIAN_POINT ( 'NONE',  ( 3.299999999999999822, 1.029999999999999805, 2.720000000000000639 ) ) ;
#1824 = LINE ( 'NONE', #1890, #1258 ) ;
#1825 = UNCERTAINTY_MEASURE_WITH_UNIT (LENGTH_MEASURE( 1.000000000000000082E-05 ), #3029, 'distance_accuracy_value', 'NONE');
#1826 = AXIS2_PLACEMENT_3D ( 'NONE', #2452, #2155, #1925 ) ;
#1827 = DIRECTION ( 'NONE',  ( 1.000000000000000000, 0.000000000000000000, 0.000000000000000000 ) ) ;
#1828 = VERTEX_POINT ( 'NONE', #3308 ) ;
#1829 = CARTESIAN_POINT ( 'NONE',  ( -3.919999999999999929, -1.720000000000000195, -1.255000000000001448 ) ) ;
#1830 = ORIENTED_EDGE ( 'NONE', *, *, #1836, .T. ) ;
#1831 = CARTESIAN_POINT ( 'NONE',  ( -4.580000000000000959, -1.720000000000000195, 1.254999999999999227 ) ) ;
#1832 = CARTESIAN_POINT ( 'NONE',  ( -3.898048466378317478, 0.4057138301968869487, -2.718257151589937415 ) ) ;
#1833 = CARTESIAN_POINT ( 'NONE',  ( -3.584525590234632020, 0.3773028299268805230, 2.696037091127859942 ) ) ;
#1834 = STYLED_ITEM ( 'NONE', ( #3127 ), #3341 ) ;
#1835 = ORIENTED_EDGE ( 'NONE', *, *, #2041, .F. ) ;
#1836 = EDGE_CURVE ( 'NONE', #1364, #2068, #2198, .T. ) ;
#1837 = LINE ( 'NONE', #1292, #1799 ) ;
#1838 = CARTESIAN_POINT ( 'NONE',  ( 3.350000000000000533, -1.060000000000000053, -1.205000000000000293 ) ) ;
#1839 = CARTESIAN_POINT ( 'NONE',  ( -3.917924184011383204, 0.4142137982234870841, 2.719748583263987829 ) ) ;
#1840 = MECHANICAL_DESIGN_GEOMETRIC_PRESENTATION_REPRESENTATION (  '', ( #1303 ), #445 ) ;
#1841 = DIRECTION ( 'NONE',  ( 0.000000000000000000, -0.000000000000000000, -1.000000000000000000 ) ) ;
#1842 = FILL_AREA_STYLE ('',( #399 ) ) ;
#1843 = DIRECTION ( 'NONE',  ( 0.000000000000000000, 0.000000000000000000, -1.000000000000000000 ) ) ;
#1844 = EDGE_LOOP ( 'NONE', ( #1404, #1014, #707, #1575 ) ) ;
#1845 = B_SPLINE_CURVE_WITH_KNOTS ( 'NONE', 3,
 ( #3396, #888, #589, #1590, #2171, #1141, #1724, #2839, #2279, #2429, #38, #2708, #3304, #197, #178, #1309, #3566, #753, #1884, #768, #3002, #3025, #473, #496, #1625 ),
 .UNSPECIFIED., .F., .F.,
 ( 4, 2, 2, 2, 2, 2, 1, 2, 2, 1, 1, 2, 2, 4 ),
 ( 0.000000000000000000, 0.1250000000000085210, 0.1875000000000135725, 0.2187500000000137945, 0.2500000000000140443, 0.3750000000000215383, 0.4375000000000240363, 0.4687500000000240918, 0.5000000000000240918, 0.6250000000000140998, 0.6875000000000106581, 0.7187500000000074385, 0.7500000000000042188, 1.000000000000000000 ),
 .UNSPECIFIED. ) ;
#1846 = CIRCLE ( 'NONE', #962, 0.04999999999999969746 ) ;
#1847 = AXIS2_PLACEMENT_3D ( 'NONE', #3279, #2697, #1561 ) ;
#1848 = EDGE_CURVE ( 'NONE', #2168, #2973, #2780, .T. ) ;
#1849 = ORIENTED_EDGE ( 'NONE', *, *, #3325, .T. ) ;
#1850 = CARTESIAN_POINT ( 'NONE',  ( -6.919999999999999929, -2.050000000000000266, 1.154999999999998916 ) ) ;
#1851 = CARTESIAN_POINT ( 'NONE',  ( -3.559392103145766040, 0.3700029249391781905, -2.668736391462350532 ) ) ;
#1852 = CIRCLE ( 'NONE', #192, 0.04999999999999991257 ) ;
#1853 = VECTOR ( 'NONE', #2002, 1000.000000000000000 ) ;
#1854 = CARTESIAN_POINT ( 'NONE',  ( 2.440000000000001279, -1.250000000000000222, 1.205000000000000293 ) ) ;
#1855 =( GEOMETRIC_REPRESENTATION_CONTEXT ( 3 ) GLOBAL_UNCERTAINTY_ASSIGNED_CONTEXT ( ( #3260 ) ) GLOBAL_UNIT_ASSIGNED_CONTEXT ( ( #1236, #1721, #1742 ) ) REPRESENTATION_CONTEXT ( 'NONE', 'WORKASPACE' ) );
#1856 = EDGE_LOOP ( 'NONE', ( #1506, #3128, #2933 ) ) ;
#1857 = LINE ( 'NONE', #446, #3212 ) ;
#1858 = CARTESIAN_POINT ( 'NONE',  ( -3.249999999999999112, -0.3199999999999999512, -2.649999999999999911 ) ) ;
#1859 = LINE ( 'NONE', #2977, #2610 ) ;
#1860 = SURFACE_STYLE_USAGE ( .BOTH. , #706 ) ;
#1861 = EDGE_CURVE ( 'NONE', #2201, #528, #1371, .T. ) ;
#1862 = FACE_OUTER_BOUND ( 'NONE', #344, .T. ) ;
#1863 = ADVANCED_FACE ( 'NONE', ( #535 ), #2730, .T. ) ;
#1864 = ORIENTED_EDGE ( 'NONE', *, *, #878, .T. ) ;
#1865 = FACE_OUTER_BOUND ( 'NONE', #1940, .T. ) ;
#1866 = AXIS2_PLACEMENT_3D ( 'NONE', #3226, #639, #2634 ) ;
#1867 = EDGE_LOOP ( 'NONE', ( #664, #3273, #3643, #3342 ) ) ;
#1868 = CARTESIAN_POINT ( 'NONE',  ( 1.590000000000000524, -1.050000000000000044, 1.205000000000000293 ) ) ;
#1869 = CARTESIAN_POINT ( 'NONE',  ( -3.712694365764163340, 0.3495703913112325756, -2.647567967022941726 ) ) ;
#1870 = ADVANCED_FACE ( 'NONE', ( #1594 ), #1334, .F. ) ;
#1871 = CARTESIAN_POINT ( 'NONE',  ( -3.920000000000000817, -1.620000000000000329, 1.254999999999999227 ) ) ;
#1872 = DIRECTION ( 'NONE',  ( 0.000000000000000000, 0.000000000000000000, 1.000000000000000000 ) ) ;
#1873 = ORIENTED_EDGE ( 'NONE', *, *, #2447, .T. ) ;
#1874 = CARTESIAN_POINT ( 'NONE',  ( 2.640000000000001013, -0.3699999999999999956, -0.000000000000000000 ) ) ;
#1875 = CARTESIAN_POINT ( 'NONE',  ( -4.580000000000000959, -1.670000000000000151, 1.204999999999999183 ) ) ;
#1876 = EDGE_CURVE ( 'NONE', #437, #3476, #260, .T. ) ;
#1877 = ORIENTED_EDGE ( 'NONE', *, *, #2030, .T. ) ;
#1878 = CARTESIAN_POINT ( 'NONE',  ( -3.919999999999999929, -0.03000000000000007869, -2.669999999999999929 ) ) ;
#1879 = CARTESIAN_POINT ( 'NONE',  ( -6.919999999999999929, -1.720000000000000195, -1.255000000000001670 ) ) ;
#1880 = VERTEX_POINT ( 'NONE', #1116 ) ;
#1881 = SURFACE_STYLE_FILL_AREA ( #1915 ) ;
#1882 = ORIENTED_EDGE ( 'NONE', *, *, #1286, .T. ) ;
#1883 = CARTESIAN_POINT ( 'NONE',  ( -3.767395226486635718, 0.3255199887659044333, -2.643481744101249920 ) ) ;
#1884 = CARTESIAN_POINT ( 'NONE',  ( -3.760341962522161019, 0.3967467028019856512, -2.714286327938371990 ) ) ;
#1885 = ORIENTED_EDGE ( 'NONE', *, *, #1516, .T. ) ;
#1886 = LINE ( 'NONE', #988, #376 ) ;
#1887 = DIRECTION ( 'NONE',  ( 0.000000000000000000, 0.000000000000000000, -1.000000000000000000 ) ) ;
#1888 = CARTESIAN_POINT ( 'NONE',  ( -3.841959824086203401, 0.2212318172965260510, 2.572760350053873601 ) ) ;
#1889 = ORIENTED_EDGE ( 'NONE', *, *, #486, .F. ) ;
#1890 = CARTESIAN_POINT ( 'NONE',  ( -3.249999999999999112, -0.3199999999999999512, 2.700000000000000178 ) ) ;
#1891 =( NAMED_UNIT ( * ) SI_UNIT ( $, .STERADIAN. ) SOLID_ANGLE_UNIT ( ) );
#1892 = ORIENTED_EDGE ( 'NONE', *, *, #3107, .F. ) ;
#1893 = ADVANCED_FACE ( 'NONE', ( #2175 ), #2234, .F. ) ;
#1894 = CARTESIAN_POINT ( 'NONE',  ( -3.720446811308178781, 0.3171119151617983745, -2.544351319465457006 ) ) ;
#1895 = ORIENTED_EDGE ( 'NONE', *, *, #3178, .F. ) ;
#1896 = CARTESIAN_POINT ( 'NONE',  ( -3.950000000000000178, 1.029999999999999805, 2.720000000000000639 ) ) ;
#1897 = AXIS2_PLACEMENT_3D ( 'NONE', #1007, #1321, #1340 ) ;
#1898 = LINE ( 'NONE', #3119, #3543 ) ;
#1899 = CARTESIAN_POINT ( 'NONE',  ( -4.580000000000000959, 1.079999999999999849, 1.154999999999999361 ) ) ;
#1900 = ORIENTED_EDGE ( 'NONE', *, *, #2781, .F. ) ;
#1901 = LINE ( 'NONE', #1712, #3197 ) ;
#1902 = DIRECTION ( 'NONE',  ( 1.000000000000000000, 0.000000000000000000, 0.000000000000000000 ) ) ;
#1903 = CARTESIAN_POINT ( 'NONE',  ( -3.920000000000000817, -0.03000000000000003011, 2.569737654320989328 ) ) ;
#1904 = EDGE_CURVE ( 'NONE', #31, #338, #1287, .T. ) ;
#1905 = VECTOR ( 'NONE', #452, 1000.000000000000000 ) ;
#1906 = ORIENTED_EDGE ( 'NONE', *, *, #3388, .T. ) ;
#1907 = STYLED_ITEM ( 'NONE', ( #2829 ), #2503 ) ;
#1908 = VECTOR ( 'NONE', #690, 1000.000000000000000 ) ;
#1909 = DIRECTION ( 'NONE',  ( 1.000000000000000000, 0.000000000000000000, 0.000000000000000000 ) ) ;
#1910 = AXIS2_PLACEMENT_3D ( 'NONE', #1108, #2522, #1932 ) ;
#1911 = DIRECTION ( 'NONE',  ( 0.000000000000000000, 0.000000000000000000, -1.000000000000000000 ) ) ;
#1912 = SURFACE_SIDE_STYLE ('',( #678 ) ) ;
#1913 = EDGE_CURVE ( 'NONE', #3491, #2201, #1629, .T. ) ;
#1914 = ORIENTED_EDGE ( 'NONE', *, *, #1037, .F. ) ;
#1915 = FILL_AREA_STYLE ('',( #729 ) ) ;
#1916 = DIRECTION ( 'NONE',  ( 0.000000000000000000, 0.000000000000000000, -1.000000000000000000 ) ) ;
#1917 = CARTESIAN_POINT ( 'NONE',  ( -3.846942956661009383, 0.2311203384871542144, -2.596736170643166197 ) ) ;
#1918 = EDGE_LOOP ( 'NONE', ( #409, #2861, #3109, #2232 ) ) ;
#1919 = CARTESIAN_POINT ( 'NONE',  ( -4.580000000000000959, -1.720000000000000195, 1.254999999999999227 ) ) ;
#1920 = PRODUCT_RELATED_PRODUCT_CATEGORY ( 'part', '', ( #296 ) ) ;
#1921 = DIRECTION ( 'NONE',  ( -8.673617379884013384E-15, -0.000000000000000000, -1.000000000000000000 ) ) ;
#1922 = CARTESIAN_POINT ( 'NONE',  ( -3.826179479206390788, 0.3141516715700314877, 2.665778241790178971 ) ) ;
#1923 = ORIENTED_EDGE ( 'NONE', *, *, #826, .F. ) ;
#1924 = LINE ( 'NONE', #2233, #72 ) ;
#1925 = DIRECTION ( 'NONE',  ( 1.000000000000000000, 0.000000000000000000, 0.000000000000000000 ) ) ;
#1926 = CARTESIAN_POINT ( 'NONE',  ( -3.920181313121747113, 0.01043158114382239723, 2.674284412742466976 ) ) ;
#1927 = ORIENTED_EDGE ( 'NONE', *, *, #2158, .F. ) ;
#1928 = CARTESIAN_POINT ( 'NONE',  ( -3.520000000000000018, 0.3699999999999999956, -5.612340657572023475E-16 ) ) ;
#1929 = SPHERICAL_SURFACE ( 'NONE', #716, 0.05000000000000000278 ) ;
#1930 = DIRECTION ( 'NONE',  ( 1.000000000000000000, 0.000000000000000000, 0.000000000000000000 ) ) ;
#1931 = DIRECTION ( 'NONE',  ( 0.000000000000000000, 0.000000000000000000, 1.000000000000000000 ) ) ;
#1932 = DIRECTION ( 'NONE',  ( 0.000000000000000000, 0.000000000000000000, -1.000000000000000000 ) ) ;
#1933 = CARTESIAN_POINT ( 'NONE',  ( -3.249999999999999112, -0.3199999999999999512, 2.649999999999999911 ) ) ;
#1934 = LINE ( 'NONE', #3038, #2196 ) ;
#1935 = CARTESIAN_POINT ( 'NONE',  ( -3.866333767010704747, 0.3494130262138813170, -2.702309899348980693 ) ) ;
#1936 = ORIENTED_EDGE ( 'NONE', *, *, #2281, .F. ) ;
#1937 = DIRECTION ( 'NONE',  ( 0.000000000000000000, -1.000000000000000000, 0.000000000000000000 ) ) ;
#1938 = CIRCLE ( 'NONE', #1647, 0.05000000000000012768 ) ;
#1939 = CARTESIAN_POINT ( 'NONE',  ( -3.785809729207161745, 0.3939783685803681101, 2.713692773509852607 ) ) ;
#1940 = EDGE_LOOP ( 'NONE', ( #809, #1608, #3267 ) ) ;
#1941 = DIRECTION ( 'NONE',  ( 1.000000000000000000, 0.000000000000000000, 0.000000000000000000 ) ) ;
#1942 = CARTESIAN_POINT ( 'NONE',  ( -3.909589070667326638, 0.07469915374371198513, 2.519606481481482696 ) ) ;
#1943 = VERTEX_POINT ( 'NONE', #2469 ) ;
#1944 = EDGE_CURVE ( 'NONE', #994, #3438, #1472, .T. ) ;
#1945 = CARTESIAN_POINT ( 'NONE',  ( -4.580000000000000959, -1.620000000000000773, 2.670000000000000373 ) ) ;
#1946 = CARTESIAN_POINT ( 'NONE',  ( 3.200000000000000178, 0.3199999999999999512, -2.700000000000000178 ) ) ;
#1947 =( NAMED_UNIT ( * ) PLANE_ANGLE_UNIT ( ) SI_UNIT ( $, .RADIAN. ) );
#1948 = CARTESIAN_POINT ( 'NONE',  ( 3.250000000000000888, 0.3699999999999999956, 2.700000000000000178 ) ) ;
#1949 = VECTOR ( 'NONE', #2151, 1000.000000000000000 ) ;
#1950 = ORIENTED_EDGE ( 'NONE', *, *, #109, .F. ) ;
#1951 = CYLINDRICAL_SURFACE ( 'NONE', #1569, 0.05000000000000012768 ) ;
#1952 = DIRECTION ( 'NONE',  ( -1.000000000000000000, 0.000000000000000000, 0.000000000000000000 ) ) ;
#1953 = CARTESIAN_POINT ( 'NONE',  ( -3.770099810728516854, 0.2890356826786104616, -2.570392681652872380 ) ) ;
#1954 = ORIENTED_EDGE ( 'NONE', *, *, #1494, .F. ) ;
#1955 =( NAMED_UNIT ( * ) PLANE_ANGLE_UNIT ( ) SI_UNIT ( $, .RADIAN. ) );
#1956 = COLOUR_RGB ( '',0.7921568627450980005, 0.8196078431372548767, 0.9333333333333333481 ) ;
#1957 = ADVANCED_FACE ( 'NONE', ( #282 ), #2532, .T. ) ;
#1958 = PRESENTATION_LAYER_ASSIGNMENT (  '', '', ( #2605 ) ) ;
#1959 = CARTESIAN_POINT ( 'NONE',  ( -3.734053189431465469, 0.3252642508541447874, 2.605206460859743167 ) ) ;
#1960 = STYLED_ITEM ( 'NONE', ( #2945 ), #2904 ) ;
#1961 = ORIENTED_EDGE ( 'NONE', *, *, #2306, .F. ) ;
#1962 = EDGE_CURVE ( 'NONE', #3090, #2123, #224, .T. ) ;
#1963 = CARTESIAN_POINT ( 'NONE',  ( 2.640000000000001013, -0.3700000000000001066, 1.205000000000000293 ) ) ;
#1964 = CYLINDRICAL_SURFACE ( 'NONE', #2881, 0.05000000000000012768 ) ;
#1965 = CARTESIAN_POINT ( 'NONE',  ( -3.847698190075816704, 0.2326191404344104818, 2.600370082884257972 ) ) ;
#1966 = EDGE_LOOP ( 'NONE', ( #1927, #2218, #1950, #1749 ) ) ;
#1967 = UNCERTAINTY_MEASURE_WITH_UNIT (LENGTH_MEASURE( 1.000000000000000082E-05 ), #105, 'distance_accuracy_value', 'NONE');
#1968 = DIRECTION ( 'NONE',  ( 0.000000000000000000, 0.000000000000000000, -1.000000000000000000 ) ) ;
#1969 =( GEOMETRIC_REPRESENTATION_CONTEXT ( 3 ) GLOBAL_UNCERTAINTY_ASSIGNED_CONTEXT ( ( #3228 ) ) GLOBAL_UNIT_ASSIGNED_CONTEXT ( ( #3204, #165, #719 ) ) REPRESENTATION_CONTEXT ( 'NONE', 'WORKASPACE' ) );
#1970 = DIRECTION ( 'NONE',  ( 0.000000000000000000, 0.000000000000000000, -1.000000000000000000 ) ) ;
#1971 = ADVANCED_FACE ( 'NONE', ( #2684 ), #2416, .T. ) ;
#1972 = DIRECTION ( 'NONE',  ( 0.000000000000000000, -1.000000000000000000, 0.000000000000000000 ) ) ;
#1973 = CARTESIAN_POINT ( 'NONE',  ( -3.720446811308178781, 0.3171119151617983745, -2.519606481481481364 ) ) ;
#1974 = ADVANCED_FACE ( 'NONE', ( #434 ), #2139, .T. ) ;
#1975 = ORIENTED_EDGE ( 'NONE', *, *, #1944, .T. ) ;
#1976 = CARTESIAN_POINT ( 'NONE',  ( -3.970000000000000639, 0.4199999999999999845, 2.720000000000000195 ) ) ;
#1977 = ADVANCED_FACE ( 'NONE', ( #3313 ), #705, .T. ) ;
#1978 = CARTESIAN_POINT ( 'NONE',  ( -3.912579130598450750, 0.3914443075983456422, 2.716768853149887253 ) ) ;
#1979 = ORIENTED_EDGE ( 'NONE', *, *, #1093, .F. ) ;
#1980 = LINE ( 'NONE', #1078, #1435 ) ;
#1981 = ORIENTED_EDGE ( 'NONE', *, *, #1002, .F. ) ;
#1982 = VECTOR ( 'NONE', #554, 1000.000000000000000 ) ;
#1983 = DIRECTION ( 'NONE',  ( 0.000000000000000000, 0.000000000000000000, 1.000000000000000000 ) ) ;
#1984 = EDGE_CURVE ( 'NONE', #2955, #3299, #1824, .T. ) ;
#1985 = CARTESIAN_POINT ( 'NONE',  ( -3.969999999999999751, -1.670000000000000151, -1.255000000000001448 ) ) ;
#1986 = CARTESIAN_POINT ( 'NONE',  ( -3.969999999999999751, -1.620000000000000329, -1.255000000000001448 ) ) ;
#1987 = ORIENTED_EDGE ( 'NONE', *, *, #1322, .F. ) ;
#1988 = DIRECTION ( 'NONE',  ( -1.000000000000000000, 0.000000000000000000, 0.000000000000000000 ) ) ;
#1989 = CARTESIAN_POINT ( 'NONE',  ( -4.630000000000000782, -1.620000000000000773, 2.670000000000000373 ) ) ;
#1990 = CARTESIAN_POINT ( 'NONE',  ( -3.920000000000000817, -1.720000000000000195, 1.154999999999999361 ) ) ;
#1991 = CARTESIAN_POINT ( 'NONE',  ( -3.934645121720457883, 0.1015238852512970746, 2.705422398453200206 ) ) ;
#1992 = ORIENTED_EDGE ( 'NONE', *, *, #2509, .T. ) ;
#1993 = EDGE_CURVE ( 'NONE', #1776, #502, #1859, .T. ) ;
#1994 = FACE_OUTER_BOUND ( 'NONE', #2010, .T. ) ;
#1995 = CARTESIAN_POINT ( 'NONE',  ( -3.572846517947664502, 0.3699999999999997180, 2.653891034462860343 ) ) ;
#1996 = VERTEX_POINT ( 'NONE', #1283 ) ;
#1997 = MECHANICAL_DESIGN_GEOMETRIC_PRESENTATION_REPRESENTATION (  '', ( #582 ), #3118 ) ;
#1998 = PLANE ( 'NONE',  #124 ) ;
#1999 = VECTOR ( 'NONE', #101, 1000.000000000000000 ) ;
#2000 = FACE_OUTER_BOUND ( 'NONE', #2214, .T. ) ;
#2001 = ORIENTED_EDGE ( 'NONE', *, *, #1002, .T. ) ;
#2002 = DIRECTION ( 'NONE',  ( -1.000000000000000000, -0.000000000000000000, -1.594414959537506187E-16 ) ) ;
#2003 = CARTESIAN_POINT ( 'NONE',  ( 3.299999999999999822, 0.4200000000000000400, 2.670000000000000373 ) ) ;
#2004 = CARTESIAN_POINT ( 'NONE',  ( -3.969999999999999751, 0.4200000000000000400, -2.719999999999999751 ) ) ;
#2005 = ORIENTED_EDGE ( 'NONE', *, *, #1184, .T. ) ;
#2006 = DIRECTION ( 'NONE',  ( -1.000000000000000000, 0.000000000000000000, 0.000000000000000000 ) ) ;
#2007 = CIRCLE ( 'NONE', #2766, 0.05000000000000012768 ) ;
#2008 = CARTESIAN_POINT ( 'NONE',  ( -3.525745044334884337, 0.3706547062308163110, 2.679353599578387257 ) ) ;
#2009 = CARTESIAN_POINT ( 'NONE',  ( -3.949771185989965794, 0.2374861800203210416, 2.715726731504742197 ) ) ;
#2010 = EDGE_LOOP ( 'NONE', ( #1395, #1255, #1414, #1540 ) ) ;
#2011 =( NAMED_UNIT ( * ) SI_UNIT ( $, .STERADIAN. ) SOLID_ANGLE_UNIT ( ) );
#2012 = ADVANCED_FACE ( 'NONE', ( #3240 ), #450, .F. ) ;
#2013 = CARTESIAN_POINT ( 'NONE',  ( -3.800996862488120076, 0.2829469825530986360, 2.605809759015575988 ) ) ;
#2014 = ORIENTED_EDGE ( 'NONE', *, *, #761, .T. ) ;
#2015 = CARTESIAN_POINT ( 'NONE',  ( 0.000000000000000000, 0.3699999999999999956, -2.649999999999999911 ) ) ;
#2016 = CARTESIAN_POINT ( 'NONE',  ( -4.630000000000000782, -2.050000000000000266, 1.154999999999999361 ) ) ;
#2017 = AXIS2_PLACEMENT_3D ( 'NONE', #3108, #2197, #1390 ) ;
#2018 = CARTESIAN_POINT ( 'NONE',  ( -3.969999999999999751, 1.079999999999999849, -2.719999999999999751 ) ) ;
#2019 = ORIENTED_EDGE ( 'NONE', *, *, #1861, .T. ) ;
#2020 = MECHANICAL_DESIGN_GEOMETRIC_PRESENTATION_REPRESENTATION (  '', ( #245 ), #3498 ) ;
#2021 = CARTESIAN_POINT ( 'NONE',  ( -3.520000000000000462, 0.3699999999999999400, 2.519606481481482696 ) ) ;
#2022 = VECTOR ( 'NONE', #2203, 1000.000000000000000 ) ;
#2023 = DIRECTION ( 'NONE',  ( 0.000000000000000000, 0.000000000000000000, 1.000000000000000000 ) ) ;
#2024 = AXIS2_PLACEMENT_3D ( 'NONE', #2816, #3610, #1968 ) ;
#2025 = CARTESIAN_POINT ( 'NONE',  ( -3.249999999999999112, 0.3199999999999999512, -2.649999999999999467 ) ) ;
#2026 = CARTESIAN_POINT ( 'NONE',  ( -3.924167668824415145, 0.3799428710649329077, -2.716272443146894755 ) ) ;
#2027 = DIRECTION ( 'NONE',  ( 0.000000000000000000, 0.000000000000000000, -1.000000000000000000 ) ) ;
#2028 = AXIS2_PLACEMENT_3D ( 'NONE', #1704, #1383, #3376 ) ;
#2029 = DIRECTION ( 'NONE',  ( -1.000000000000000000, 0.000000000000000000, 0.000000000000000000 ) ) ;
#2030 = EDGE_CURVE ( 'NONE', #1754, #3476, #129, .T. ) ;
#2031 = CARTESIAN_POINT ( 'NONE',  ( -3.948181678072685052, 0.2232025695110465557, 2.714991595408982494 ) ) ;
#2032 = ORIENTED_EDGE ( 'NONE', *, *, #2826, .T. ) ;
#2033 = CARTESIAN_POINT ( 'NONE',  ( -3.927318260292217644, 0.3773182602922169337, 2.713274773747342827 ) ) ;
#2034 = ORIENTED_EDGE ( 'NONE', *, *, #2552, .F. ) ;
#2035 = DIRECTION ( 'NONE',  ( 1.000000000000000000, 0.000000000000000000, 1.594414959537506434E-16 ) ) ;
#2036 = DIRECTION ( 'NONE',  ( 0.000000000000000000, 0.000000000000000000, 1.000000000000000000 ) ) ;
#2037 = FACE_OUTER_BOUND ( 'NONE', #99, .T. ) ;
#2038 = ORIENTED_EDGE ( 'NONE', *, *, #3349, .T. ) ;
#2039 =( GEOMETRIC_REPRESENTATION_CONTEXT ( 3 ) GLOBAL_UNCERTAINTY_ASSIGNED_CONTEXT ( ( #2698 ) ) GLOBAL_UNIT_ASSIGNED_CONTEXT ( ( #2696, #2104, #1560 ) ) REPRESENTATION_CONTEXT ( 'NONE', 'WORKASPACE' ) );
#2040 = TOROIDAL_SURFACE ( 'NONE', #2337, 0.6300000000000000044, 0.05000000000000000278 ) ;
#2041 = EDGE_CURVE ( 'NONE', #3476, #969, #2961, .T. ) ;
#2042 = SPHERICAL_SURFACE ( 'NONE', #2470, 0.05000000000000000278 ) ;
#2043 = CARTESIAN_POINT ( 'NONE',  ( -3.892229651294118131, 0.4113588501437907552, -2.719247644909807526 ) ) ;
#2044 = CYLINDRICAL_SURFACE ( 'NONE', #3445, 0.05000000000000012768 ) ;
#2045 = SURFACE_SIDE_STYLE ('',( #1162 ) ) ;
#2046 = DIRECTION ( 'NONE',  ( 1.000000000000000000, 0.000000000000000000, 0.000000000000000000 ) ) ;
#2047 = CARTESIAN_POINT ( 'NONE',  ( -3.961358850143790189, 0.3422296512941196411, -2.719247644909807082 ) ) ;
#2048 = ORIENTED_EDGE ( 'NONE', *, *, #3097, .T. ) ;
#2049 = CYLINDRICAL_SURFACE ( 'NONE', #3072, 0.05000000000000012768 ) ;
#2050 = ORIENTED_EDGE ( 'NONE', *, *, #1709, .T. ) ;
#2051 = DIRECTION ( 'NONE',  ( -1.000000000000000000, 0.000000000000000000, 0.000000000000000000 ) ) ;
#2052 = CARTESIAN_POINT ( 'NONE',  ( -3.967170947991112584, 0.3945385319201394902, -2.719999999999999751 ) ) ;
#2053 = CARTESIAN_POINT ( 'NONE',  ( 0.000000000000000000, 0.3699999999999999956, 2.649999999999999911 ) ) ;
#2054 = ORIENTED_EDGE ( 'NONE', *, *, #2128, .F. ) ;
#2055 = EDGE_CURVE ( 'NONE', #1776, #3491, #1544, .T. ) ;
#2056 = CARTESIAN_POINT ( 'NONE',  ( -3.969999999999999751, -2.050000000000000266, 1.204999999999999183 ) ) ;
#2057 = ADVANCED_FACE ( 'NONE', ( #464 ), #2942, .T. ) ;
#2058 = ADVANCED_FACE ( 'NONE', ( #743 ), #1598, .T. ) ;
#2059 =( NAMED_UNIT ( * ) SI_UNIT ( $, .STERADIAN. ) SOLID_ANGLE_UNIT ( ) );
#2060 =( NAMED_UNIT ( * ) PLANE_ANGLE_UNIT ( ) SI_UNIT ( $, .RADIAN. ) );
#2061 = DIRECTION ( 'NONE',  ( -0.000000000000000000, 1.000000000000000000, -0.000000000000000000 ) ) ;
#2062 = FILL_AREA_STYLE ('',( #886 ) ) ;
#2063 = FACE_OUTER_BOUND ( 'NONE', #427, .T. ) ;
#2064 = CARTESIAN_POINT ( 'NONE',  ( -3.920120688376811380, 0.009897150481679805809, -2.673948485518938600 ) ) ;
#2065 = VERTEX_POINT ( 'NONE', #2733 ) ;
#2066 = ORIENTED_EDGE ( 'NONE', *, *, #3388, .F. ) ;
#2067 = CARTESIAN_POINT ( 'NONE',  ( -3.199999999999998845, -0.3199999999999999512, 2.700000000000000178 ) ) ;
#2068 = VERTEX_POINT ( 'NONE', #3592 ) ;
#2069 = VECTOR ( 'NONE', #875, 1000.000000000000000 ) ;
#2070 = CARTESIAN_POINT ( 'NONE',  ( 3.350000000000000533, -1.050000000000000044, 1.205000000000000293 ) ) ;
#2071 = CARTESIAN_POINT ( 'NONE',  ( -3.955861043696679236, 0.4058610436966510471, -2.720035582276560060 ) ) ;
#2072 = CARTESIAN_POINT ( 'NONE',  ( -3.645855539451278826, 0.3840219605308309858, 2.704862191775745384 ) ) ;
#2073 = EDGE_CURVE ( 'NONE', #3084, #3423, #426, .T. ) ;
#2074 = ORIENTED_EDGE ( 'NONE', *, *, #171, .T. ) ;
#2075 = EDGE_CURVE ( 'NONE', #180, #2710, #1549, .T. ) ;
#2076 = FILL_AREA_STYLE_COLOUR ( '', #1176 ) ;
#2077 = DIRECTION ( 'NONE',  ( -1.594414959537506434E-16, -0.000000000000000000, 1.000000000000000000 ) ) ;
#2078 = AXIS2_PLACEMENT_3D ( 'NONE', #259, #1100, #2468 ) ;
#2079 = PRESENTATION_STYLE_ASSIGNMENT (( #1860 ) ) ;
#2080 = DIRECTION ( 'NONE',  ( 0.000000000000000000, 1.000000000000000000, 0.000000000000000000 ) ) ;
#2081 = ORIENTED_EDGE ( 'NONE', *, *, #3399, .F. ) ;
#2082 = DIRECTION ( 'NONE',  ( 1.000000000000000000, -0.000000000000000000, 0.000000000000000000 ) ) ;
#2083 = AXIS2_PLACEMENT_3D ( 'NONE', #2135, #3223, #738 ) ;
#2084 = ORIENTED_EDGE ( 'NONE', *, *, #138, .F. ) ;
#2085 = DIRECTION ( 'NONE',  ( -1.000000000000000000, 0.000000000000000000, 0.000000000000000000 ) ) ;
#2086 = EDGE_CURVE ( 'NONE', #2999, #2459, #2386, .T. ) ;
#2087 = CARTESIAN_POINT ( 'NONE',  ( -3.800284908467352896, 0.3302712613001729247, -2.667781058083355195 ) ) ;
#2088 = DIRECTION ( 'NONE',  ( -0.000000000000000000, -0.000000000000000000, -1.000000000000000000 ) ) ;
#2089 = VERTEX_POINT ( 'NONE', #2105 ) ;
#2090 = DIRECTION ( 'NONE',  ( 0.000000000000000000, 0.000000000000000000, -1.000000000000000000 ) ) ;
#2091 = LINE ( 'NONE', #116, #2647 ) ;
#2092 = COLOUR_RGB ( '',0.1098039215686274495, 0.1098039215686274495, 0.1098039215686274495 ) ;
#2093 = PRESENTATION_STYLE_ASSIGNMENT (( #1252 ) ) ;
#2094 = VERTEX_POINT ( 'NONE', #1946 ) ;
#2095 = PRESENTATION_STYLE_ASSIGNMENT (( #980 ) ) ;
#2096 = AXIS2_PLACEMENT_3D ( 'NONE', #1256, #660, #2326 ) ;
#2097 = EDGE_CURVE ( 'NONE', #3563, #2641, #3091, .T. ) ;
#2098 = ORIENTED_EDGE ( 'NONE', *, *, #291, .T. ) ;
#2099 = CARTESIAN_POINT ( 'NONE',  ( -3.934021971244363147, 0.09585563101746022441, -2.704862202843820729 ) ) ;
#2100 = CARTESIAN_POINT ( 'NONE',  ( -3.519999999999999130, 0.3699999999999999956, -2.668992587944845951 ) ) ;
#2101 = CARTESIAN_POINT ( 'NONE',  ( -3.605137486514409684, 0.3795659924859161594, 2.699478382755417627 ) ) ;
#2102 = ORIENTED_EDGE ( 'NONE', *, *, #810, .T. ) ;
#2103 = CYLINDRICAL_SURFACE ( 'NONE', #3016, 0.05000000000000012768 ) ;
#2104 =( NAMED_UNIT ( * ) PLANE_ANGLE_UNIT ( ) SI_UNIT ( $, .RADIAN. ) );
#2105 = CARTESIAN_POINT ( 'NONE',  ( -4.580000000000000959, -1.670000000000000151, -2.669999999999999485 ) ) ;
#2106 = EDGE_CURVE ( 'NONE', #3457, #1364, #3609, .T. ) ;
#2107 = CARTESIAN_POINT ( 'NONE',  ( -3.964213798223486851, 0.3679241840113837148, 2.719748583263987829 ) ) ;
#2108 = CIRCLE ( 'NONE', #347, 0.05000000000000012768 ) ;
#2109 = FILL_AREA_STYLE ('',( #2637 ) ) ;
#2110 = ORIENTED_EDGE ( 'NONE', *, *, #26, .T. ) ;
#2111 = DIRECTION ( 'NONE',  ( 1.000000000000000000, 0.000000000000000000, 0.000000000000000000 ) ) ;
#2112 = ORIENTED_EDGE ( 'NONE', *, *, #380, .T. ) ;
#2113 = SURFACE_SIDE_STYLE ('',( #440 ) ) ;
#2114 = EDGE_CURVE ( 'NONE', #80, #1410, #3612, .T. ) ;
#2115 = CARTESIAN_POINT ( 'NONE',  ( -3.520000000000000018, 0.3699999999999997180, -2.643496299658435245 ) ) ;
#2116 = CIRCLE ( 'NONE', #529, 0.2000000000000000944 ) ;
#2117 = ORIENTED_EDGE ( 'NONE', *, *, #10, .F. ) ;
#2118 = CARTESIAN_POINT ( 'NONE',  ( -4.580000000000000959, 1.079999999999999849, -2.719999999999999751 ) ) ;
#2119 = CARTESIAN_POINT ( 'NONE',  ( 3.200000000000000622, -0.3199999999999999512, 2.649999999999999911 ) ) ;
#2120 = EDGE_CURVE ( 'NONE', #3619, #460, #2518, .T. ) ;
#2121 = CARTESIAN_POINT ( 'NONE',  ( -4.580000000000000959, -2.050000000000000266, 1.154999999999999361 ) ) ;
#2122 = VECTOR ( 'NONE', #3585, 1000.000000000000000 ) ;
#2123 = VERTEX_POINT ( 'NONE', #504 ) ;
#2124 = CARTESIAN_POINT ( 'NONE',  ( -3.919999999999999929, -1.720000000000000195, -1.205000000000001403 ) ) ;
#2125 = AXIS2_PLACEMENT_3D ( 'NONE', #839, #11, #1983 ) ;
#2126 = EDGE_LOOP ( 'NONE', ( #1688, #693, #777 ) ) ;
#2127 = PLANE ( 'NONE',  #2163 ) ;
#2128 = EDGE_CURVE ( 'NONE', #688, #3402, #2488, .T. ) ;
#2129 = LINE ( 'NONE', #685, #2606 ) ;
#2130 = PRESENTATION_LAYER_ASSIGNMENT (  '', '', ( #3085 ) ) ;
#2131 = AXIS2_PLACEMENT_3D ( 'NONE', #3483, #3170, #1246 ) ;
#2132 = LINE ( 'NONE', #2954, #3130 ) ;
#2133 = CARTESIAN_POINT ( 'NONE',  ( -4.630000000000000782, 0.3999999999999997446, 2.670000000000000373 ) ) ;
#2134 = ORIENTED_EDGE ( 'NONE', *, *, #3648, .T. ) ;
#2135 = CARTESIAN_POINT ( 'NONE',  ( -6.919999999999999929, -1.670000000000000151, -1.205000000000001847 ) ) ;
#2136 = SURFACE_STYLE_FILL_AREA ( #1293 ) ;
#2137 = ORIENTED_EDGE ( 'NONE', *, *, #1312, .F. ) ;
#2138 = FACE_OUTER_BOUND ( 'NONE', #2390, .T. ) ;
#2139 = CYLINDRICAL_SURFACE ( 'NONE', #545, 0.05000000000000012768 ) ;
#2140 = ADVANCED_FACE ( 'NONE', ( #2554 ), #542, .T. ) ;
#2141 = UNCERTAINTY_MEASURE_WITH_UNIT (LENGTH_MEASURE( 1.000000000000000082E-05 ), #694, 'distance_accuracy_value', 'NONE');
#2142 = FILL_AREA_STYLE_COLOUR ( '', #848 ) ;
#2143 = AXIS2_PLACEMENT_3D ( 'NONE', #1831, #1262, #1502 ) ;
#2144 = FACE_OUTER_BOUND ( 'NONE', #2732, .T. ) ;
#2145 = ORIENTED_EDGE ( 'NONE', *, *, #3281, .T. ) ;
#2146 =( NAMED_UNIT ( * ) PLANE_ANGLE_UNIT ( ) SI_UNIT ( $, .RADIAN. ) );
#2147 = AXIS2_PLACEMENT_3D ( 'NONE', #2774, #2479, #1090 ) ;
#2148 = VECTOR ( 'NONE', #1988, 1000.000000000000000 ) ;
#2149 = EDGE_LOOP ( 'NONE', ( #2916, #806, #1746 ) ) ;
#2150 = CARTESIAN_POINT ( 'NONE',  ( -3.579988400245433855, 0.3724903971126468094, -2.693859557663241144 ) ) ;
#2151 = DIRECTION ( 'NONE',  ( -1.000000000000000000, -0.000000000000000000, -0.000000000000000000 ) ) ;
#2152 = LINE ( 'NONE', #1250, #1295 ) ;
#2153 = ORIENTED_EDGE ( 'NONE', *, *, #3146, .T. ) ;
#2154 = DIRECTION ( 'NONE',  ( 1.000000000000000000, 0.000000000000000000, 1.594414959537506434E-16 ) ) ;
#2155 = DIRECTION ( 'NONE',  ( 0.000000000000000000, -0.000000000000000000, -1.000000000000000000 ) ) ;
#2156 = CARTESIAN_POINT ( 'NONE',  ( -3.856955224748046529, 0.2505956638413558979, 2.638644705521975720 ) ) ;
#2157 = ORIENTED_EDGE ( 'NONE', *, *, #810, .F. ) ;
#2158 = EDGE_CURVE ( 'NONE', #755, #2738, #1372, .T. ) ;
#2159 = FILL_AREA_STYLE_COLOUR ( '', #2377 ) ;
#2160 = CARTESIAN_POINT ( 'NONE',  ( -3.969999999999999751, -1.620000000000000329, -2.669999999999999485 ) ) ;
#2161 = LINE ( 'NONE', #818, #667 ) ;
#2162 = CARTESIAN_POINT ( 'NONE',  ( -3.898048466378319699, 0.4057138301968875038, 2.718257151589937859 ) ) ;
#2163 = AXIS2_PLACEMENT_3D ( 'NONE', #176, #3041, #3324 ) ;
#2164 = VERTEX_POINT ( 'NONE', #581 ) ;
#2165 =( LENGTH_UNIT ( ) NAMED_UNIT ( * ) SI_UNIT ( .MILLI., .METRE. ) );
#2166 = CIRCLE ( 'NONE', #1826, 0.04999999999999969746 ) ;
#2167 = CARTESIAN_POINT ( 'NONE',  ( -3.809469352754766280, 0.3256963794322651484, -2.667603341833344022 ) ) ;
#2168 = VERTEX_POINT ( 'NONE', #1678 ) ;
#2169 = FACE_OUTER_BOUND ( 'NONE', #964, .T. ) ;
#2170 = EDGE_CURVE ( 'NONE', #57, #932, #1434, .T. ) ;
#2171 = CARTESIAN_POINT ( 'NONE',  ( -3.549094452631257113, 0.3733331410614719736, -2.688058598552713452 ) ) ;
#2172 = CARTESIAN_POINT ( 'NONE',  ( -3.768048249508834768, 0.3975609166120915861, 2.715584605221449177 ) ) ;
#2173 = VERTEX_POINT ( 'NONE', #3110 ) ;
#2174 = LINE ( 'NONE', #1115, #1786 ) ;
#2175 = FACE_OUTER_BOUND ( 'NONE', #3276, .T. ) ;
#2176 = ADVANCED_FACE ( 'NONE', ( #1635 ), #2256, .T. ) ;
#2177 = CIRCLE ( 'NONE', #2537, 0.1000000000000000472 ) ;
#2178 = CARTESIAN_POINT ( 'NONE',  ( -3.849255490717189421, 0.2356710792847438174, 2.607212074481872310 ) ) ;
#2179 = ORIENTED_EDGE ( 'NONE', *, *, #2120, .T. ) ;
#2180 = ADVANCED_FACE ( 'NONE', ( #1376 ), #2751, .T. ) ;
#2181 = CARTESIAN_POINT ( 'NONE',  ( -3.919999999999999929, -0.03000000000000003011, -2.519606481481481808 ) ) ;
#2182 = DIRECTION ( 'NONE',  ( 0.000000000000000000, 0.000000000000000000, 1.000000000000000000 ) ) ;
#2183 = UNCERTAINTY_MEASURE_WITH_UNIT (LENGTH_MEASURE( 1.000000000000000082E-05 ), #2650, 'distance_accuracy_value', 'NONE');
#2184 = DIRECTION ( 'NONE',  ( 8.673617379884087537E-15, 0.000000000000000000, 1.000000000000000000 ) ) ;
#2185 = ORIENTED_EDGE ( 'NONE', *, *, #2427, .F. ) ;
#2186 = CARTESIAN_POINT ( 'NONE',  ( -3.961358850143790189, 0.3422296512941196411, -2.719247644909807082 ) ) ;
#2187 = CARTESIAN_POINT ( 'NONE',  ( 3.299999999999999822, 0.4200000000000000400, 2.670000000000000373 ) ) ;
#2188 = CIRCLE ( 'NONE', #603, 0.05000000000000012768 ) ;
#2189 = CARTESIAN_POINT ( 'NONE',  ( -3.899328485105358677, 0.3627483332432000496, -2.712578475185869475 ) ) ;
#2190 = ORIENTED_EDGE ( 'NONE', *, *, #91, .T. ) ;
#2191 = AXIS2_PLACEMENT_3D ( 'NONE', #325, #83, #1457 ) ;
#2192 = DIRECTION ( 'NONE',  ( 1.000000000000000000, 0.000000000000000000, 0.000000000000000000 ) ) ;
#2193 = DIRECTION ( 'NONE',  ( -1.000000000000000000, -3.637233570339487753E-32, -0.000000000000000000 ) ) ;
#2194 = CARTESIAN_POINT ( 'NONE',  ( -3.786609527150308185, 0.2952928218221255174, 2.607237175829027365 ) ) ;
#2195 = VERTEX_POINT ( 'NONE', #302 ) ;
#2196 = VECTOR ( 'NONE', #1952, 1000.000000000000000 ) ;
#2197 = DIRECTION ( 'NONE',  ( 0.000000000000000000, 0.000000000000000000, 1.000000000000000000 ) ) ;
#2198 = LINE ( 'NONE', #184, #584 ) ;
#2199 = CARTESIAN_POINT ( 'NONE',  ( -3.909589070667326638, 0.07469915374371201289, 2.546783092472202803 ) ) ;
#2200 = AXIS2_PLACEMENT_3D ( 'NONE', #3135, #2594, #956 ) ;
#2201 = VERTEX_POINT ( 'NONE', #265 ) ;
#2202 = VECTOR ( 'NONE', #1339, 1000.000000000000000 ) ;
#2203 = DIRECTION ( 'NONE',  ( 0.000000000000000000, -1.000000000000000000, 0.000000000000000000 ) ) ;
#2204 = LINE ( 'NONE', #1398, #612 ) ;
#2205 = CARTESIAN_POINT ( 'NONE',  ( -3.950025568087269345, 0.3538672788443857908, 2.717513118943325257 ) ) ;
#2206 = CARTESIAN_POINT ( 'NONE',  ( 2.640000000000001013, -0.3700000000000001066, -1.205000000000000293 ) ) ;
#2207 = DIRECTION ( 'NONE',  ( -0.000000000000000000, 1.000000000000000000, -0.000000000000000000 ) ) ;
#2208 = CARTESIAN_POINT ( 'NONE',  ( -3.797016193757541291, 0.2800872811714776867, -2.595130690136743912 ) ) ;
#2209 = PRESENTATION_LAYER_ASSIGNMENT (  '', '', ( #619 ) ) ;
#2210 = ORIENTED_EDGE ( 'NONE', *, *, #468, .T. ) ;
#2211 = CARTESIAN_POINT ( 'NONE',  ( 2.660000000000000586, -0.3700000000000001066, 1.205000000000000293 ) ) ;
#2212 = ADVANCED_FACE ( 'NONE', ( #3644 ), #1929, .T. ) ;
#2213 = CARTESIAN_POINT ( 'NONE',  ( -3.784888835903576609, 0.2945936695653135762, 2.603810644600196955 ) ) ;
#2214 = EDGE_LOOP ( 'NONE', ( #1040, #2686, #69 ) ) ;
#2215 = DIRECTION ( 'NONE',  ( 0.000000000000000000, 1.000000000000000000, 0.000000000000000000 ) ) ;
#2216 = CARTESIAN_POINT ( 'NONE',  ( -3.950000000000000178, 1.079999999999999849, 2.670000000000000373 ) ) ;
#2217 = CARTESIAN_POINT ( 'NONE',  ( -3.869514555341703410, 0.1714475921483599175, 2.519606481481482696 ) ) ;
#2218 = ORIENTED_EDGE ( 'NONE', *, *, #1516, .F. ) ;
#2219 = SURFACE_STYLE_USAGE ( .BOTH. , #797 ) ;
#2220 = SURFACE_STYLE_FILL_AREA ( #1106 ) ;
#2221 = CARTESIAN_POINT ( 'NONE',  ( -4.580000000000000959, -1.620000000000000329, -2.669999999999999485 ) ) ;
#2222 =( BOUNDED_CURVE ( )  B_SPLINE_CURVE ( 3, ( #407, #3270, #3218, #1307 ),
 .UNSPECIFIED., .F., .T. ) 
 B_SPLINE_CURVE_WITH_KNOTS ( ( 4, 4 ),
 ( 1.570796326794896780, 1.744491403503477756 ),
 .UNSPECIFIED. ) 
 CURVE ( )  GEOMETRIC_REPRESENTATION_ITEM ( )  RATIONAL_B_SPLINE_CURVE ( ( 1.000000000000000000, 0.9974874148863951406, 0.9974874148863951406, 1.000000000000000000 ) ) 
 REPRESENTATION_ITEM ( '' )  );
#2223 = ADVANCED_FACE ( 'NONE', ( #3628 ), #81, .T. ) ;
#2224 = DIRECTION ( 'NONE',  ( -0.000000000000000000, -1.000000000000000000, -0.000000000000000000 ) ) ;
#2225 = DIRECTION ( 'NONE',  ( 0.000000000000000000, 0.000000000000000000, -1.000000000000000000 ) ) ;
#2226 = CARTESIAN_POINT ( 'NONE',  ( -3.920000000000000817, -0.03000000000000007869, 2.720000000000000639 ) ) ;
#2227 = EDGE_CURVE ( 'NONE', #208, #2391, #2632, .T. ) ;
#2228 = CARTESIAN_POINT ( 'NONE',  ( -3.803898176083550187, 0.3025465427278795083, -2.640051229102770236 ) ) ;
#2229 = ORIENTED_EDGE ( 'NONE', *, *, #1131, .T. ) ;
#2230 = SURFACE_STYLE_FILL_AREA ( #3102 ) ;
#2231 = CARTESIAN_POINT ( 'NONE',  ( -3.666961108614893661, 0.3817435032515727467, 2.703421881660649895 ) ) ;
#2232 = ORIENTED_EDGE ( 'NONE', *, *, #3158, .F. ) ;
#2233 = CARTESIAN_POINT ( 'NONE',  ( -4.630000000000000782, -2.100000000000000089, 1.154999999999999361 ) ) ;
#2234 = CYLINDRICAL_SURFACE ( 'NONE', #520, 0.4000000000000001887 ) ;
#2235 = CARTESIAN_POINT ( 'NONE',  ( -3.943964663558977346, 0.2357140451572360129, 2.713706943791591719 ) ) ;
#2236 = ORIENTED_EDGE ( 'NONE', *, *, #320, .F. ) ;
#2237 = EDGE_CURVE ( 'NONE', #2580, #2710, #3024, .T. ) ;
#2238 = PRESENTATION_STYLE_ASSIGNMENT (( #1656 ) ) ;
#2239 = ADVANCED_FACE ( 'NONE', ( #2630 ), #2924, .F. ) ;
#2240 =( LENGTH_UNIT ( ) NAMED_UNIT ( * ) SI_UNIT ( .MILLI., .METRE. ) );
#2241 = AXIS2_PLACEMENT_3D ( 'NONE', #3201, #3249, #1290 ) ;
#2242 = ORIENTED_EDGE ( 'NONE', *, *, #2761, .T. ) ;
#2243 =( NAMED_UNIT ( * ) PLANE_ANGLE_UNIT ( ) SI_UNIT ( $, .RADIAN. ) );
#2244 = CARTESIAN_POINT ( 'NONE',  ( -3.920000000000000817, -2.050000000000000266, 1.154999999999999361 ) ) ;
#2245 = CARTESIAN_POINT ( 'NONE',  ( -3.797575462386130862, 0.2804867714730606698, -2.596738092301072776 ) ) ;
#2246 = EDGE_LOOP ( 'NONE', ( #1767, #1551, #591, #3168 ) ) ;
#2247 = CARTESIAN_POINT ( 'NONE',  ( -3.249999999999999112, 0.3699999999999999956, 2.700000000000000178 ) ) ;
#2248 = CARTESIAN_POINT ( 'NONE',  ( -3.676324373411203883, 0.3518403532563500469, 2.614606335791772374 ) ) ;
#2249 = PRESENTATION_LAYER_ASSIGNMENT (  '', '', ( #1960 ) ) ;
#2250 = ORIENTED_EDGE ( 'NONE', *, *, #2835, .T. ) ;
#2251 =( GEOMETRIC_REPRESENTATION_CONTEXT ( 3 ) GLOBAL_UNCERTAINTY_ASSIGNED_CONTEXT ( ( #1825 ) ) GLOBAL_UNIT_ASSIGNED_CONTEXT ( ( #3029, #2746, #2790 ) ) REPRESENTATION_CONTEXT ( 'NONE', 'WORKASPACE' ) );
#2252 = ADVANCED_FACE ( 'NONE', ( #877 ), #100, .T. ) ;
#2253 = DIRECTION ( 'NONE',  ( -0.000000000000000000, -1.000000000000000000, -0.000000000000000000 ) ) ;
#2254 = COLOUR_RGB ( '',0.1098039215686274495, 0.1098039215686274495, 0.1098039215686274495 ) ;
#2255 = ORIENTED_EDGE ( 'NONE', *, *, #138, .T. ) ;
#2256 = CYLINDRICAL_SURFACE ( 'NONE', #1200, 0.04999999999999969746 ) ;
#2257 = AXIS2_PLACEMENT_3D ( 'NONE', #3471, #937, #2027 ) ;
#2258 = CIRCLE ( 'NONE', #1027, 0.04999999999999991257 ) ;
#2259 = CARTESIAN_POINT ( 'NONE',  ( 2.640000000000001013, -1.050000000000000044, 2.720000000000000195 ) ) ;
#2260 = CARTESIAN_POINT ( 'NONE',  ( -3.969999999999999751, -1.720000000000000195, -1.255000000000001448 ) ) ;
#2261 = PLANE ( 'NONE',  #721 ) ;
#2262 = CARTESIAN_POINT ( 'NONE',  ( -3.548725221674413621, 0.3732898636233506484, 2.688455649593408214 ) ) ;
#2263 = CARTESIAN_POINT ( 'NONE',  ( -3.923333136402455512, -0.0009055950688338089112, 2.688058586414793005 ) ) ;
#2264 = ORIENTED_EDGE ( 'NONE', *, *, #3482, .F. ) ;
#2265 =( GEOMETRIC_REPRESENTATION_CONTEXT ( 3 ) GLOBAL_UNCERTAINTY_ASSIGNED_CONTEXT ( ( #1562 ) ) GLOBAL_UNIT_ASSIGNED_CONTEXT ( ( #214, #1328, #3620 ) ) REPRESENTATION_CONTEXT ( 'NONE', 'WORKASPACE' ) );
#2266 = CARTESIAN_POINT ( 'NONE',  ( -3.784330700232292344, 0.2713547247169454946, 2.519606481481482696 ) ) ;
#2267 = ORIENTED_EDGE ( 'NONE', *, *, #1574, .T. ) ;
#2268 = CARTESIAN_POINT ( 'NONE',  ( -3.944538531920110280, 0.4171709479911183127, -2.719999999999999751 ) ) ;
#2269 = FILL_AREA_STYLE_COLOUR ( '', #3425 ) ;
#2270 = ORIENTED_EDGE ( 'NONE', *, *, #1578, .T. ) ;
#2271 = AXIS2_PLACEMENT_3D ( 'NONE', #2622, #2358, #2876 ) ;
#2272 = CARTESIAN_POINT ( 'NONE',  ( -4.580000000000000959, -2.050000000000000266, 1.154999999999999361 ) ) ;
#2273 =( NAMED_UNIT ( * ) PLANE_ANGLE_UNIT ( ) SI_UNIT ( $, .RADIAN. ) );
#2274 = CARTESIAN_POINT ( 'NONE',  ( -4.630000000000000782, -1.620000000000000329, -1.255000000000001448 ) ) ;
#2275 = FACE_OUTER_BOUND ( 'NONE', #1918, .T. ) ;
#2276 = EDGE_CURVE ( 'NONE', #2173, #3084, #339, .T. ) ;
#2277 = DIRECTION ( 'NONE',  ( 0.000000000000000000, 0.000000000000000000, -1.000000000000000000 ) ) ;
#2278 = SURFACE_STYLE_FILL_AREA ( #905 ) ;
#2279 = CARTESIAN_POINT ( 'NONE',  ( -3.576802676659136093, 0.3764464275918392167, -2.694568113321455627 ) ) ;
#2280 = CARTESIAN_POINT ( 'NONE',  ( -3.919999999999999041, -0.03000000000000102238, -2.643496299658437465 ) ) ;
#2281 = EDGE_CURVE ( 'NONE', #1479, #3284, #3448, .T. ) ;
#2282 = ORIENTED_EDGE ( 'NONE', *, *, #698, .F. ) ;
#2283 = CARTESIAN_POINT ( 'NONE',  ( -3.955861043696649038, 0.4058610436966431090, 2.720035582276583597 ) ) ;
#2284 = CARTESIAN_POINT ( 'NONE',  ( -3.877286611420382112, 0.3413220041656301329, 2.701909079059008789 ) ) ;
#2285 = ORIENTED_EDGE ( 'NONE', *, *, #215, .F. ) ;
#2286 = MECHANICAL_DESIGN_GEOMETRIC_PRESENTATION_REPRESENTATION (  '', ( #3587 ), #1347 ) ;
#2287 = CARTESIAN_POINT ( 'NONE',  ( -3.520000000000000462, 0.3699999999999999400, 2.519606481481482696 ) ) ;
#2288 = ADVANCED_FACE ( 'NONE', ( #1470 ), #1755, .T. ) ;
#2289 = DIRECTION ( 'NONE',  ( -0.000000000000000000, -1.000000000000000000, -0.000000000000000000 ) ) ;
#2290 = AXIS2_PLACEMENT_3D ( 'NONE', #1046, #2456, #136 ) ;
#2291 = SURFACE_STYLE_USAGE ( .BOTH. , #2607 ) ;
#2292 = VERTEX_POINT ( 'NONE', #2056 ) ;
#2293 =( NAMED_UNIT ( * ) SI_UNIT ( $, .STERADIAN. ) SOLID_ANGLE_UNIT ( ) );
#2294 = EDGE_CURVE ( 'NONE', #1268, #106, #1216, .T. ) ;
#2295 = DIRECTION ( 'NONE',  ( 0.000000000000000000, 0.000000000000000000, -1.000000000000000000 ) ) ;
#2296 = DIRECTION ( 'NONE',  ( -1.000000000000000000, 0.000000000000000000, 0.000000000000000000 ) ) ;
#2297 =( LENGTH_UNIT ( ) NAMED_UNIT ( * ) SI_UNIT ( .MILLI., .METRE. ) );
#2298 = DIRECTION ( 'NONE',  ( 0.000000000000000000, -2.281233971484151241E-16, 1.000000000000000000 ) ) ;
#2299 = VECTOR ( 'NONE', #3182, 1000.000000000000000 ) ;
#2300 = LINE ( 'NONE', #3432, #958 ) ;
#2301 = ORIENTED_EDGE ( 'NONE', *, *, #2427, .T. ) ;
#2302 = ORIENTED_EDGE ( 'NONE', *, *, #3337, .T. ) ;
#2303 = DIRECTION ( 'NONE',  ( 1.000000000000000000, 0.000000000000000000, 0.000000000000000000 ) ) ;
#2304 = ORIENTED_EDGE ( 'NONE', *, *, #1984, .T. ) ;
#2305 =( GEOMETRIC_REPRESENTATION_CONTEXT ( 3 ) GLOBAL_UNCERTAINTY_ASSIGNED_CONTEXT ( ( #2141 ) ) GLOBAL_UNIT_ASSIGNED_CONTEXT ( ( #694, #1584, #1091 ) ) REPRESENTATION_CONTEXT ( 'NONE', 'WORKASPACE' ) );
#2306 = EDGE_CURVE ( 'NONE', #405, #2195, #917, .T. ) ;
#2307 = CARTESIAN_POINT ( 'NONE',  ( -3.892229651294115023, 0.4113588501437906442, -2.719247644909807526 ) ) ;
#2308 = COLOUR_RGB ( '',0.1098039215686274495, 0.1098039215686274495, 0.1098039215686274495 ) ;
#2309 = AXIS2_PLACEMENT_3D ( 'NONE', #993, #977, #3263 ) ;
#2310 = CARTESIAN_POINT ( 'NONE',  ( -4.630000000000000782, -1.620000000000000329, 2.720000000000000639 ) ) ;
#2311 = EDGE_LOOP ( 'NONE', ( #1676, #928, #3607, #574, #728, #158, #3194, #321, #3589, #3328 ) ) ;
#2312 = STYLED_ITEM ( 'NONE', ( #2886 ), #2998 ) ;
#2313 = CARTESIAN_POINT ( 'NONE',  ( -4.630000000000000782, -1.720000000000000195, 1.204999999999999183 ) ) ;
#2314 = DIRECTION ( 'NONE',  ( -0.000000000000000000, -1.000000000000000000, -0.000000000000000000 ) ) ;
#2315 = MECHANICAL_DESIGN_GEOMETRIC_PRESENTATION_REPRESENTATION (  '', ( #2613 ), #1138 ) ;
#2316 = FACE_OUTER_BOUND ( 'NONE', #1273, .T. ) ;
#2317 = DIRECTION ( 'NONE',  ( 0.000000000000000000, 0.000000000000000000, -1.000000000000000000 ) ) ;
#2318 =( NAMED_UNIT ( * ) PLANE_ANGLE_UNIT ( ) SI_UNIT ( $, .RADIAN. ) );
#2319 = AXIS2_PLACEMENT_3D ( 'NONE', #3077, #1642, #210 ) ;
#2320 = FACE_OUTER_BOUND ( 'NONE', #1010, .T. ) ;
#2321 = MECHANICAL_DESIGN_GEOMETRIC_PRESENTATION_REPRESENTATION (  '', ( #963 ), #3087 ) ;
#2322 = APPLICATION_PROTOCOL_DEFINITION ( 'draft international standard', 'automotive_design', 1998, #887 ) ;
#2323 = CARTESIAN_POINT ( 'NONE',  ( -3.924511816031091893, 0.009515694588327332920, 2.690779853092452711 ) ) ;
#2324 = ORIENTED_EDGE ( 'NONE', *, *, #2680, .T. ) ;
#2325 = VERTEX_POINT ( 'NONE', #3129 ) ;
#2326 = DIRECTION ( 'NONE',  ( 0.000000000000000000, 0.000000000000000000, 1.000000000000000000 ) ) ;
#2327 = EDGE_CURVE ( 'NONE', #1133, #1716, #2648, .T. ) ;
#2328 = ORIENTED_EDGE ( 'NONE', *, *, #826, .T. ) ;
#2329 = DIRECTION ( 'NONE',  ( -0.000000000000000000, -0.000000000000000000, -1.000000000000000000 ) ) ;
#2330 = CARTESIAN_POINT ( 'NONE',  ( 2.640000000000001013, -1.050000000000000044, 2.720000000000000195 ) ) ;
#2331 = EDGE_CURVE ( 'NONE', #3299, #2788, #354, .T. ) ;
#2332 = DIRECTION ( 'NONE',  ( 0.000000000000000000, 0.000000000000000000, -1.000000000000000000 ) ) ;
#2333 = EDGE_LOOP ( 'NONE', ( #2450, #979, #456, #1733 ) ) ;
#2334 = FACE_OUTER_BOUND ( 'NONE', #1966, .T. ) ;
#2335 = AXIS2_PLACEMENT_3D ( 'NONE', #1458, #2577, #1474 ) ;
#2336 = PRESENTATION_STYLE_ASSIGNMENT (( #3186 ) ) ;
#2337 = AXIS2_PLACEMENT_3D ( 'NONE', #1139, #2225, #2501 ) ;
#2338 = DIRECTION ( 'NONE',  ( -5.204170427930408030E-14, 0.000000000000000000, -1.000000000000000000 ) ) ;
#2339 = CARTESIAN_POINT ( 'NONE',  ( -3.950025568087270234, 0.3538672788443839590, -2.717513118943324368 ) ) ;
#2340 = CARTESIAN_POINT ( 'NONE',  ( -3.919999999999999929, -2.100000000000000089, -1.155000000000001581 ) ) ;
#2341 = SURFACE_SIDE_STYLE ('',( #2278 ) ) ;
#2342 = PRODUCT_CONTEXT ( 'NONE', #56, 'mechanical' ) ;
#2343 = CARTESIAN_POINT ( 'NONE',  ( -3.901832956349363002, 0.1257399218678173503, -2.611949805064417429 ) ) ;
#2344 = ORIENTED_EDGE ( 'NONE', *, *, #1023, .T. ) ;
#2345 = DIRECTION ( 'NONE',  ( -0.000000000000000000, 1.000000000000000000, 0.000000000000000000 ) ) ;
#2346 = ADVANCED_FACE ( 'NONE', ( #2334 ), #2905, .T. ) ;
#2347 = ORIENTED_EDGE ( 'NONE', *, *, #1221, .F. ) ;
#2348 = CARTESIAN_POINT ( 'NONE',  ( -3.940793270952335003, 0.1571248621308296567, -2.710586506084738723 ) ) ;
#2349 = CARTESIAN_POINT ( 'NONE',  ( -4.580000000000000959, -1.620000000000000329, -2.669999999999999041 ) ) ;
#2350 = CARTESIAN_POINT ( 'NONE',  ( -3.699229901025201883, 0.3899148238884728168, 2.709939700503971149 ) ) ;
#2351 = VERTEX_POINT ( 'NONE', #2974 ) ;
#2352 = CARTESIAN_POINT ( 'NONE',  ( 3.200000000000000622, 0.3699999999999999956, 0.000000000000000000 ) ) ;
#2353 = EDGE_CURVE ( 'NONE', #2195, #2511, #2258, .T. ) ;
#2354 = FACE_OUTER_BOUND ( 'NONE', #3115, .T. ) ;
#2355 = FILL_AREA_STYLE ('',( #2700 ) ) ;
#2356 = EDGE_CURVE ( 'NONE', #3563, #3018, #316, .T. ) ;
#2357 = ORIENTED_EDGE ( 'NONE', *, *, #3269, .T. ) ;
#2358 = DIRECTION ( 'NONE',  ( -0.000000000000000000, -0.000000000000000000, -1.000000000000000000 ) ) ;
#2359 = ORIENTED_EDGE ( 'NONE', *, *, #1795, .T. ) ;
#2360 = VECTOR ( 'NONE', #372, 1000.000000000000000 ) ;
#2361 = CARTESIAN_POINT ( 'NONE',  ( -3.919999999999999929, -0.03000000000000007869, -2.669999999999999929 ) ) ;
#2362 = CARTESIAN_POINT ( 'NONE',  ( -3.624699153743711655, 0.3595890706673261494, -2.519606481481481808 ) ) ;
#2363 = CARTESIAN_POINT ( 'NONE',  ( 2.660000000000000586, -1.060000000000000053, -1.205000000000000293 ) ) ;
#2364 = ORIENTED_EDGE ( 'NONE', *, *, #2512, .F. ) ;
#2365 = DIRECTION ( 'NONE',  ( 0.000000000000000000, 0.000000000000000000, -1.000000000000000000 ) ) ;
#2366 = AXIS2_PLACEMENT_3D ( 'NONE', #1188, #913, #2036 ) ;
#2367 =( NAMED_UNIT ( * ) SI_UNIT ( $, .STERADIAN. ) SOLID_ANGLE_UNIT ( ) );
#2368 = DIRECTION ( 'NONE',  ( -1.000000000000000000, 0.000000000000000000, 0.000000000000000000 ) ) ;
#2369 = MECHANICAL_DESIGN_GEOMETRIC_PRESENTATION_REPRESENTATION (  '', ( #2312 ), #2547 ) ;
#2370 = AXIS2_PLACEMENT_3D ( 'NONE', #168, #205, #1029 ) ;
#2371 = UNCERTAINTY_MEASURE_WITH_UNIT (LENGTH_MEASURE( 1.000000000000000082E-05 ), #3472, 'distance_accuracy_value', 'NONE');
#2372 = DIRECTION ( 'NONE',  ( 1.000000000000000000, 0.000000000000000000, 0.000000000000000000 ) ) ;
#2373 = EDGE_CURVE ( 'NONE', #1232, #3179, #1837, .T. ) ;
#2374 = ORIENTED_EDGE ( 'NONE', *, *, #345, .F. ) ;
#2375 = FACE_OUTER_BOUND ( 'NONE', #2506, .T. ) ;
#2376 = STYLED_ITEM ( 'NONE', ( #2093 ), #1421 ) ;
#2377 = COLOUR_RGB ( '',0.1098039215686274495, 0.1098039215686274495, 0.1098039215686274495 ) ;
#2378 = ORIENTED_EDGE ( 'NONE', *, *, #990, .F. ) ;
#2379 = FILL_AREA_STYLE_COLOUR ( '', #2092 ) ;
#2380 = CARTESIAN_POINT ( 'NONE',  ( -4.580000000000000959, -1.620000000000000773, 2.670000000000000373 ) ) ;
#2381 = FACE_OUTER_BOUND ( 'NONE', #1325, .T. ) ;
#2382 = ORIENTED_EDGE ( 'NONE', *, *, #3526, .F. ) ;
#2383 = CARTESIAN_POINT ( 'NONE',  ( -4.580000000000000959, 0.3999999999999997446, -2.669999999999999041 ) ) ;
#2384 = LINE ( 'NONE', #430, #2699 ) ;
#2385 = SURFACE_STYLE_USAGE ( .BOTH. , #3521 ) ;
#2386 = LINE ( 'NONE', #3522, #74 ) ;
#2387 = CARTESIAN_POINT ( 'NONE',  ( -4.580000000000000959, -1.670000000000000151, 1.254999999999999227 ) ) ;
#2388 = DIRECTION ( 'NONE',  ( 0.000000000000000000, 1.000000000000000000, 0.000000000000000000 ) ) ;
#2389 = EDGE_CURVE ( 'NONE', #736, #3032, #1604, .T. ) ;
#2390 = EDGE_LOOP ( 'NONE', ( #3, #2153, #1418 ) ) ;
#2391 = VERTEX_POINT ( 'NONE', #3570 ) ;
#2392 = CARTESIAN_POINT ( 'NONE',  ( -3.930972588567211101, 0.06800694295006332046, -2.701293914614861791 ) ) ;
#2393 = CARTESIAN_POINT ( 'NONE',  ( -3.560894070642610654, 0.3699999999999996625, -2.667468711705065054 ) ) ;
#2394 = DIRECTION ( 'NONE',  ( 0.000000000000000000, 1.000000000000000000, 0.000000000000000000 ) ) ;
#2395 = VERTEX_POINT ( 'NONE', #756 ) ;
#2396 = DIRECTION ( 'NONE',  ( 0.000000000000000000, -1.000000000000000000, 0.000000000000000000 ) ) ;
#2397 = FACE_OUTER_BOUND ( 'NONE', #2822, .T. ) ;
#2398 = CARTESIAN_POINT ( 'NONE',  ( -4.630000000000000782, -1.620000000000000329, -2.669999999999999485 ) ) ;
#2399 = FACE_OUTER_BOUND ( 'NONE', #284, .T. ) ;
#2400 = VECTOR ( 'NONE', #3239, 1000.000000000000000 ) ;
#2401 = B_SPLINE_CURVE_WITH_KNOTS ( 'NONE', 3,
 ( #1878, #463, #151, #2181 ),
 .UNSPECIFIED., .F., .F.,
 ( 4, 4 ),
 ( 0.000000000000000000, 1.000000000000000000 ),
 .UNSPECIFIED. ) ;
#2402 = SPHERICAL_SURFACE ( 'NONE', #770, 0.05000000000000000278 ) ;
#2403 = ORIENTED_EDGE ( 'NONE', *, *, #3493, .F. ) ;
#2404 = LINE ( 'NONE', #3019, #709 ) ;
#2405 = PRODUCT_DEFINITION ( 'UNKNOWN', '', #1662, #1416 ) ;
#2406 = VERTEX_POINT ( 'NONE', #1820 ) ;
#2407 = CARTESIAN_POINT ( 'NONE',  ( -3.836263369734864703, 0.3657249453289989072, -2.703877455441225042 ) ) ;
#2408 = PLANE ( 'NONE',  #2241 ) ;
#2409 = COLOUR_RGB ( '',0.1098039215686274495, 0.1098039215686274495, 0.1098039215686274495 ) ;
#2410 = EDGE_LOOP ( 'NONE', ( #1208, #2422, #88, #3434, #1692, #53, #1613, #2988, #717 ) ) ;
#2411 = EDGE_CURVE ( 'NONE', #3179, #338, #1886, .T. ) ;
#2412 = DIRECTION ( 'NONE',  ( -0.000000000000000000, -1.000000000000000000, 0.000000000000000000 ) ) ;
#2413 = VECTOR ( 'NONE', #20, 1000.000000000000000 ) ;
#2414 = CARTESIAN_POINT ( 'NONE',  ( -3.920000000000000817, -0.03000000000000007869, 2.670000000000000373 ) ) ;
#2415 = CARTESIAN_POINT ( 'NONE',  ( -3.892229651294121684, 0.4113588501437900335, 2.719247644909807970 ) ) ;
#2416 = SPHERICAL_SURFACE ( 'NONE', #2757, 0.05000000000000000278 ) ;
#2417 =( LENGTH_UNIT ( ) NAMED_UNIT ( * ) SI_UNIT ( .MILLI., .METRE. ) );
#2418 = COLOUR_RGB ( '',0.1098039215686274495, 0.1098039215686274495, 0.1098039215686274495 ) ;
#2419 = MECHANICAL_DESIGN_GEOMETRIC_PRESENTATION_REPRESENTATION (  '', ( #1907 ), #2251 ) ;
#2420 = ORIENTED_EDGE ( 'NONE', *, *, #91, .F. ) ;
#2421 = VECTOR ( 'NONE', #1930, 1000.000000000000000 ) ;
#2422 = ORIENTED_EDGE ( 'NONE', *, *, #215, .T. ) ;
#2423 = PLANE ( 'NONE',  #1526 ) ;
#2424 = DIRECTION ( 'NONE',  ( -1.000000000000000000, 0.000000000000000000, 0.000000000000000000 ) ) ;
#2425 = AXIS2_PLACEMENT_3D ( 'NONE', #1620, #382, #2029 ) ;
#2426 = VECTOR ( 'NONE', #2857, 1000.000000000000000 ) ;
#2427 = EDGE_CURVE ( 'NONE', #2608, #2406, #3533, .T. ) ;
#2428 = VECTOR ( 'NONE', #3504, 1000.000000000000000 ) ;
#2429 = CARTESIAN_POINT ( 'NONE',  ( -3.592950107944456128, 0.3782375107143901016, -2.697640337836031854 ) ) ;
#2430 = CARTESIAN_POINT ( 'NONE',  ( -3.522703772449822690, 0.3703004191610911877, 2.675540194643596159 ) ) ;
#2431 = ORIENTED_EDGE ( 'NONE', *, *, #1700, .T. ) ;
#2432 = EDGE_CURVE ( 'NONE', #405, #2068, #19, .T. ) ;
#2433 = EDGE_CURVE ( 'NONE', #338, #2831, #2913, .T. ) ;
#2434 = FACE_OUTER_BOUND ( 'NONE', #876, .T. ) ;
#2435 = FACE_OUTER_BOUND ( 'NONE', #1774, .T. ) ;
#2436 = VERTEX_POINT ( 'NONE', #3519 ) ;
#2437 = CARTESIAN_POINT ( 'NONE',  ( -3.892229651294118131, 0.4113588501437907552, -2.719247644909807526 ) ) ;
#2438 = DIRECTION ( 'NONE',  ( -1.000000000000000000, -0.000000000000000000, -0.000000000000000000 ) ) ;
#2439 = DIRECTION ( 'NONE',  ( 0.000000000000000000, 1.000000000000000000, 0.000000000000000000 ) ) ;
#2440 = MECHANICAL_DESIGN_GEOMETRIC_PRESENTATION_REPRESENTATION (  '', ( #2921 ), #2265 ) ;
#2441 = FILL_AREA_STYLE ('',( #1107 ) ) ;
#2442 = ADVANCED_FACE ( 'NONE', ( #182 ), #2103, .T. ) ;
#2443 = ORIENTED_EDGE ( 'NONE', *, *, #2114, .T. ) ;
#2444 = LINE ( 'NONE', #438, #239 ) ;
#2445 = ORIENTED_EDGE ( 'NONE', *, *, #26, .F. ) ;
#2446 = AXIS2_PLACEMENT_3D ( 'NONE', #827, #2805, #944 ) ;
#2447 = EDGE_CURVE ( 'NONE', #1428, #2831, #3007, .T. ) ;
#2448 = EDGE_CURVE ( 'NONE', #1996, #997, #1857, .T. ) ;
#2449 = DIRECTION ( 'NONE',  ( 0.000000000000000000, 0.000000000000000000, 1.000000000000000000 ) ) ;
#2450 = ORIENTED_EDGE ( 'NONE', *, *, #380, .F. ) ;
#2451 = LINE ( 'NONE', #1059, #2122 ) ;
#2452 = CARTESIAN_POINT ( 'NONE',  ( -3.969999999999999751, -2.050000000000000266, 1.154999999999999361 ) ) ;
#2453 = CARTESIAN_POINT ( 'NONE',  ( -3.928255391461116464, 0.3256930582507157612, 2.713408606685079327 ) ) ;
#2454 = ORIENTED_EDGE ( 'NONE', *, *, #3293, .F. ) ;
#2455 = SURFACE_STYLE_FILL_AREA ( #3535 ) ;
#2456 = DIRECTION ( 'NONE',  ( -0.000000000000000000, -8.673617379884032317E-15, -1.000000000000000000 ) ) ;
#2457 = CARTESIAN_POINT ( 'NONE',  ( -3.920000000000000817, -0.03000000000000003011, 2.519606481481482696 ) ) ;
#2458 = AXIS2_PLACEMENT_3D ( 'NONE', #2582, #1386, #1689 ) ;
#2459 = VERTEX_POINT ( 'NONE', #2693 ) ;
#2460 = SURFACE_STYLE_USAGE ( .BOTH. , #764 ) ;
#2461 =( GEOMETRIC_REPRESENTATION_CONTEXT ( 3 ) GLOBAL_UNCERTAINTY_ASSIGNED_CONTEXT ( ( #1377 ) ) GLOBAL_UNIT_ASSIGNED_CONTEXT ( ( #461, #3520, #2367 ) ) REPRESENTATION_CONTEXT ( 'NONE', 'WORKASPACE' ) );
#2462 = DIRECTION ( 'NONE',  ( 0.000000000000000000, 0.000000000000000000, -1.000000000000000000 ) ) ;
#2463 = CARTESIAN_POINT ( 'NONE',  ( -3.784330700232291900, 0.2713547247169456056, -2.543312425385015008 ) ) ;
#2464 = ORIENTED_EDGE ( 'NONE', *, *, #747, .T. ) ;
#2465 = SURFACE_SIDE_STYLE ('',( #2984 ) ) ;
#2466 = DIRECTION ( 'NONE',  ( 0.000000000000000000, 0.000000000000000000, 1.000000000000000000 ) ) ;
#2467 = ORIENTED_EDGE ( 'NONE', *, *, #410, .F. ) ;
#2468 = DIRECTION ( 'NONE',  ( 1.000000000000000000, 0.000000000000000000, -0.000000000000000000 ) ) ;
#2469 = CARTESIAN_POINT ( 'NONE',  ( 3.299999999999999822, 1.079999999999999849, 2.670000000000000373 ) ) ;
#2470 = AXIS2_PLACEMENT_3D ( 'NONE', #3427, #3172, #638 ) ;
#2471 = CARTESIAN_POINT ( 'NONE',  ( -3.933038755584579160, 0.08734880026123183205, 2.704861656698276828 ) ) ;
#2472 = EDGE_LOOP ( 'NONE', ( #1877, #512, #353, #1351 ) ) ;
#2473 = DIRECTION ( 'NONE',  ( 0.000000000000000000, -1.000000000000000000, 0.000000000000000000 ) ) ;
#2474 = VECTOR ( 'NONE', #2193, 1000.000000000000000 ) ;
#2475 = DIRECTION ( 'NONE',  ( 0.000000000000000000, 1.000000000000000000, 0.000000000000000000 ) ) ;
#2476 = UNCERTAINTY_MEASURE_WITH_UNIT (LENGTH_MEASURE( 1.000000000000000082E-05 ), #2240, 'distance_accuracy_value', 'NONE');
#2477 = LINE ( 'NONE', #1616, #2421 ) ;
#2478 =( LENGTH_UNIT ( ) NAMED_UNIT ( * ) SI_UNIT ( .MILLI., .METRE. ) );
#2479 = DIRECTION ( 'NONE',  ( 0.000000000000000000, 1.000000000000000000, 0.000000000000000000 ) ) ;
#2480 = SPHERICAL_SURFACE ( 'NONE', #3462, 0.05000000000000000278 ) ;
#2481 = ADVANCED_FACE ( 'NONE', ( #3274 ), #1024, .F. ) ;
#2482 = CIRCLE ( 'NONE', #242, 0.05000000000000012768 ) ;
#2483 = DIRECTION ( 'NONE',  ( 0.000000000000000000, -0.000000000000000000, 1.000000000000000000 ) ) ;
#2484 = CIRCLE ( 'NONE', #3312, 0.6300000000000003375 ) ;
#2485 = CARTESIAN_POINT ( 'NONE',  ( -3.866603686900625281, 0.1830779484150550640, -2.573706547948496848 ) ) ;
#2486 = ORIENTED_EDGE ( 'NONE', *, *, #1804, .T. ) ;
#2487 = DIRECTION ( 'NONE',  ( 0.000000000000000000, 0.000000000000000000, -1.000000000000000000 ) ) ;
#2488 = CIRCLE ( 'NONE', #3258, 0.05000000000000012768 ) ;
#2489 = AXIS2_PLACEMENT_3D ( 'NONE', #1341, #1047, #1417 ) ;
#2490 = CARTESIAN_POINT ( 'NONE',  ( -3.711638444147355997, 0.3258305695481765185, 2.576844769364404986 ) ) ;
#2491 = ORIENTED_EDGE ( 'NONE', *, *, #1184, .F. ) ;
#2492 = AXIS2_PLACEMENT_3D ( 'NONE', #526, #1972, #2819 ) ;
#2493 = DIRECTION ( 'NONE',  ( 0.000000000000000000, -1.000000000000000000, 0.000000000000000000 ) ) ;
#2494 = CARTESIAN_POINT ( 'NONE',  ( -3.938583887435370912, 0.3654830811831388249, 2.716520764552074585 ) ) ;
#2495 = EDGE_CURVE ( 'NONE', #106, #788, #491, .T. ) ;
#2496 = EDGE_LOOP ( 'NONE', ( #47, #2302, #1557, #2048 ) ) ;
#2497 = DIRECTION ( 'NONE',  ( 0.000000000000000000, 0.000000000000000000, -1.000000000000000000 ) ) ;
#2498 =( LENGTH_UNIT ( ) NAMED_UNIT ( * ) SI_UNIT ( .MILLI., .METRE. ) );
#2499 = DIRECTION ( 'NONE',  ( 0.000000000000000000, -0.000000000000000000, -1.000000000000000000 ) ) ;
#2500 = LINE ( 'NONE', #3133, #93 ) ;
#2501 = DIRECTION ( 'NONE',  ( -1.000000000000000000, 0.000000000000000000, 0.000000000000000000 ) ) ;
#2502 = DIRECTION ( 'NONE',  ( 1.000000000000000000, 0.000000000000000000, -0.000000000000000000 ) ) ;
#2503 = ADVANCED_FACE ( 'NONE', ( #2434 ), #477, .F. ) ;
#2504 = CARTESIAN_POINT ( 'NONE',  ( -3.867569554187944902, 0.2354997967241741763, -2.644257094865337443 ) ) ;
#2505 = AXIS2_PLACEMENT_3D ( 'NONE', #1320, #704, #1282 ) ;
#2506 = EDGE_LOOP ( 'NONE', ( #2264, #61, #1601, #1385 ) ) ;
#2507 = CARTESIAN_POINT ( 'NONE',  ( -3.969999999999999751, -2.100000000000000089, 1.204999999999999183 ) ) ;
#2508 = CIRCLE ( 'NONE', #921, 0.05000000000000012768 ) ;
#2509 = EDGE_CURVE ( 'NONE', #994, #1880, #855, .T. ) ;
#2510 = CARTESIAN_POINT ( 'NONE',  ( -3.572369317903177688, 0.3699999999999999400, 2.519606481481482696 ) ) ;
#2511 = VERTEX_POINT ( 'NONE', #499 ) ;
#2512 = EDGE_CURVE ( 'NONE', #1828, #310, #220, .T. ) ;
#2513 = CARTESIAN_POINT ( 'NONE',  ( 3.350000000000000089, 0.4200000000000000400, -2.719999999999999751 ) ) ;
#2514 = CARTESIAN_POINT ( 'NONE',  ( -3.909589070667325750, 0.07469915374371205452, -2.519606481481481808 ) ) ;
#2515 = CARTESIAN_POINT ( 'NONE',  ( -3.899504024742955988, 0.1628234152392519507, 2.645430539646480561 ) ) ;
#2516 = VERTEX_POINT ( 'NONE', #3603 ) ;
#2517 = CARTESIAN_POINT ( 'NONE',  ( -3.920000000000000817, 0.07471975511965976702, 2.519606481481482696 ) ) ;
#2518 = LINE ( 'NONE', #3034, #2022 ) ;
#2519 = FILL_AREA_STYLE ('',( #3298 ) ) ;
#2520 = EDGE_CURVE ( 'NONE', #466, #2817, #1980, .T. ) ;
#2521 = PRESENTATION_STYLE_ASSIGNMENT (( #820 ) ) ;
#2522 = DIRECTION ( 'NONE',  ( 0.000000000000000000, -1.000000000000000000, 0.000000000000000000 ) ) ;
#2523 = CARTESIAN_POINT ( 'NONE',  ( -4.580000000000000959, 1.079999999999999849, 2.670000000000000373 ) ) ;
#2524 = PLANE ( 'NONE',  #1145 ) ;
#2525 = EDGE_CURVE ( 'NONE', #1479, #3005, #1380, .T. ) ;
#2526 = CARTESIAN_POINT ( 'NONE',  ( -3.697260482547197302, 0.3295331841731088951, -2.519606481481481808 ) ) ;
#2527 = ORIENTED_EDGE ( 'NONE', *, *, #1527, .F. ) ;
#2528 = DIRECTION ( 'NONE',  ( -1.000000000000000000, 0.000000000000000000, -0.000000000000000000 ) ) ;
#2529 = CARTESIAN_POINT ( 'NONE',  ( -3.579987952440701893, 0.3724903518291477478, 2.693859482774382919 ) ) ;
#2530 = EDGE_LOOP ( 'NONE', ( #3323, #2875 ) ) ;
#2531 = CYLINDRICAL_SURFACE ( 'NONE', #902, 0.05000000000000012768 ) ;
#2532 = PLANE ( 'NONE',  #3357 ) ;
#2533 = DIRECTION ( 'NONE',  ( 0.000000000000000000, 0.000000000000000000, 1.000000000000000000 ) ) ;
#2534 = ORIENTED_EDGE ( 'NONE', *, *, #1639, .T. ) ;
#2535 = CARTESIAN_POINT ( 'NONE',  ( 2.640000000000001457, -2.100000000000000089, 1.205000000000000293 ) ) ;
#2536 = CARTESIAN_POINT ( 'NONE',  ( -3.943912932522638748, 0.4171014369469600580, -2.719999999999999751 ) ) ;
#2537 = AXIS2_PLACEMENT_3D ( 'NONE', #2744, #1331, #1524 ) ;
#2538 = CARTESIAN_POINT ( 'NONE',  ( 3.299999999999999822, 0.3699999999999999956, -2.669999999999999485 ) ) ;
#2539 = CARTESIAN_POINT ( 'NONE',  ( 2.640000000000001013, -0.3700000000000001066, -1.205000000000000293 ) ) ;
#2540 = CARTESIAN_POINT ( 'NONE',  ( 3.200000000000000178, -0.3199999999999999512, -2.700000000000000178 ) ) ;
#2541 = CARTESIAN_POINT ( 'NONE',  ( -3.199999999999998845, 0.3199999999999999512, 2.700000000000000178 ) ) ;
#2542 = CARTESIAN_POINT ( 'NONE',  ( -3.920144122545350829, -0.02870289709184239632, -2.674328160146925981 ) ) ;
#2543 = ORIENTED_EDGE ( 'NONE', *, *, #1984, .F. ) ;
#2544 = CARTESIAN_POINT ( 'NONE',  ( -3.941261108535476954, 0.3912611085354851248, 2.717783861430383752 ) ) ;
#2545 = AXIS2_PLACEMENT_3D ( 'NONE', #2659, #2424, #999 ) ;
#2546 = CARTESIAN_POINT ( 'NONE',  ( -3.763981920150728300, 0.2880226854337165632, 2.519606481481482696 ) ) ;
#2547 =( GEOMETRIC_REPRESENTATION_CONTEXT ( 3 ) GLOBAL_UNCERTAINTY_ASSIGNED_CONTEXT ( ( #3070 ) ) GLOBAL_UNIT_ASSIGNED_CONTEXT ( ( #304, #1701, #2870 ) ) REPRESENTATION_CONTEXT ( 'NONE', 'WORKASPACE' ) );
#2548 = ORIENTED_EDGE ( 'NONE', *, *, #3283, .F. ) ;
#2549 = VECTOR ( 'NONE', #772, 1000.000000000000000 ) ;
#2550 = DIRECTION ( 'NONE',  ( 1.594414959537506434E-16, -0.000000000000000000, -1.000000000000000000 ) ) ;
#2551 =( LENGTH_UNIT ( ) NAMED_UNIT ( * ) SI_UNIT ( .MILLI., .METRE. ) );
#2552 = EDGE_CURVE ( 'NONE', #652, #180, #1924, .T. ) ;
#2553 = ORIENTED_EDGE ( 'NONE', *, *, #990, .T. ) ;
#2554 = FACE_OUTER_BOUND ( 'NONE', #2923, .T. ) ;
#2555 = SPHERICAL_SURFACE ( 'NONE', #2962, 0.05000000000000000278 ) ;
#2556 = AXIS2_PLACEMENT_3D ( 'NONE', #2989, #1593, #1313 ) ;
#2557 = DIRECTION ( 'NONE',  ( 1.000000000000000000, 0.000000000000000000, 0.000000000000000000 ) ) ;
#2558 = EDGE_LOOP ( 'NONE', ( #2712, #960, #3627, #2014 ) ) ;
#2559 = LINE ( 'NONE', #1703, #1680 ) ;
#2560 = DIRECTION ( 'NONE',  ( -0.000000000000000000, -1.000000000000000000, -0.000000000000000000 ) ) ;
#2561 = B_SPLINE_CURVE_WITH_KNOTS ( 'NONE', 3,
 ( #1791, #21, #2563, #1772, #2263, #2323, #1497, #2891, #87, #2620, #1478, #1142, #1991, #3397, #39, #362, #868, #3120, #1165, #2031, #3413, #2009, #3136, #2860, #329 ),
 .UNSPECIFIED., .F., .F.,
 ( 4, 2, 2, 2, 2, 2, 1, 2, 2, 1, 1, 2, 2, 4 ),
 ( 0.000000000000000000, 0.1250000000000010547, 0.1875000000000008049, 0.2187500000000007216, 0.2500000000000006661, 0.3750000000000006106, 0.4375000000000002220, 0.4687499999999999445, 0.4999999999999996669, 0.6250000000000005551, 0.6875000000000011102, 0.7187500000000014433, 0.7500000000000016653, 1.000000000000000000 ),
 .UNSPECIFIED. ) ;
#2562 = CARTESIAN_POINT ( 'NONE',  ( 2.640000000000001013, -2.100000000000000089, 2.720000000000000195 ) ) ;
#2563 = CARTESIAN_POINT ( 'NONE',  ( -3.920657705189728670, -0.02419138567858297381, 2.679388442350977062 ) ) ;
#2564 = EDGE_CURVE ( 'NONE', #2292, #405, #1901, .T. ) ;
#2565 = VERTEX_POINT ( 'NONE', #515 ) ;
#2566 = CARTESIAN_POINT ( 'NONE',  ( -3.969999999999999751, -2.100000000000000089, 1.154999999999999361 ) ) ;
#2567 = CARTESIAN_POINT ( 'NONE',  ( -3.866333737463581777, 0.3494129968793166507, 2.702309884625485381 ) ) ;
#2568 = ORIENTED_EDGE ( 'NONE', *, *, #2808, .F. ) ;
#2569 = EDGE_CURVE ( 'NONE', #613, #969, #2451, .T. ) ;
#2570 = CARTESIAN_POINT ( 'NONE',  ( -4.630000000000000782, 0.4200000000000000400, -2.669999999999999485 ) ) ;
#2571 = EDGE_CURVE ( 'NONE', #1077, #3005, #2174, .T. ) ;
#2572 = CARTESIAN_POINT ( 'NONE',  ( 3.200000000000000622, 0.3199999999999999512, 2.649999999999999911 ) ) ;
#2573 = ORIENTED_EDGE ( 'NONE', *, *, #1266, .F. ) ;
#2574 = DIRECTION ( 'NONE',  ( -1.000000000000000000, 0.000000000000000000, -1.594414959537506187E-16 ) ) ;
#2575 = CARTESIAN_POINT ( 'NONE',  ( -3.199999999999998845, -0.3199999999999999512, -2.649999999999999467 ) ) ;
#2576 = FACE_OUTER_BOUND ( 'NONE', #1453, .T. ) ;
#2577 = DIRECTION ( 'NONE',  ( -1.000000000000000000, 0.000000000000000000, 0.000000000000000000 ) ) ;
#2578 = SURFACE_SIDE_STYLE ('',( #3075 ) ) ;
#2579 = CARTESIAN_POINT ( 'NONE',  ( -3.922488899833919351, 0.02997794672260669160, -2.693861105768836861 ) ) ;
#2580 = VERTEX_POINT ( 'NONE', #1650 ) ;
#2581 = ORIENTED_EDGE ( 'NONE', *, *, #262, .T. ) ;
#2582 = CARTESIAN_POINT ( 'NONE',  ( -3.970000000000000639, -1.620000000000000773, 2.670000000000000373 ) ) ;
#2583 = ORIENTED_EDGE ( 'NONE', *, *, #1585, .F. ) ;
#2584 = DIRECTION ( 'NONE',  ( 0.000000000000000000, 0.000000000000000000, -1.000000000000000000 ) ) ;
#2585 = CARTESIAN_POINT ( 'NONE',  ( -3.920000000000000817, -1.620000000000000329, 2.720000000000000639 ) ) ;
#2586 = VECTOR ( 'NONE', #3641, 1000.000000000000000 ) ;
#2587 = LINE ( 'NONE', #2053, #596 ) ;
#2588 = ORIENTED_EDGE ( 'NONE', *, *, #2761, .F. ) ;
#2589 = DIRECTION ( 'NONE',  ( 1.000000000000000000, 0.000000000000000000, 1.594414959537506187E-16 ) ) ;
#2590 = DIRECTION ( 'NONE',  ( 0.000000000000000000, 0.000000000000000000, -1.000000000000000000 ) ) ;
#2591 = CARTESIAN_POINT ( 'NONE',  ( -4.580000000000000959, -2.050000000000000266, -1.205000000000001403 ) ) ;
#2592 = CARTESIAN_POINT ( 'NONE',  ( -4.580000000000000959, -2.100000000000000089, 1.154999999999999361 ) ) ;
#2593 = SURFACE_SIDE_STYLE ('',( #104 ) ) ;
#2594 = DIRECTION ( 'NONE',  ( 0.000000000000000000, 1.000000000000000000, -0.000000000000000000 ) ) ;
#2595 = AXIS2_PLACEMENT_3D ( 'NONE', #669, #2627, #98 ) ;
#2596 = LINE ( 'NONE', #3490, #1076 ) ;
#2597 = VERTEX_POINT ( 'NONE', #3364 ) ;
#2598 = ORIENTED_EDGE ( 'NONE', *, *, #1153, .F. ) ;
#2599 = ADVANCED_FACE ( 'NONE', ( #1671 ), #3307, .T. ) ;
#2600 = CARTESIAN_POINT ( 'NONE',  ( 3.250000000000000888, 0.3199999999999999512, -2.649999999999999911 ) ) ;
#2601 = AXIS2_PLACEMENT_3D ( 'NONE', #2743, #217, #2466 ) ;
#2602 = ORIENTED_EDGE ( 'NONE', *, *, #2612, .F. ) ;
#2603 = COLOUR_RGB ( '',0.7921568627450980005, 0.8196078431372548767, 0.9333333333333333481 ) ;
#2604 = DIRECTION ( 'NONE',  ( 0.000000000000000000, -1.000000000000000000, 0.000000000000000000 ) ) ;
#2605 = STYLED_ITEM ( 'NONE', ( #1677 ), #324 ) ;
#2606 = VECTOR ( 'NONE', #1553, 1000.000000000000000 ) ;
#2607 = SURFACE_SIDE_STYLE ('',( #1468 ) ) ;
#2608 = VERTEX_POINT ( 'NONE', #1963 ) ;
#2609 = DIRECTION ( 'NONE',  ( 0.000000000000000000, 1.000000000000000000, -0.000000000000000000 ) ) ;
#2610 = VECTOR ( 'NONE', #415, 1000.000000000000000 ) ;
#2611 = DIRECTION ( 'NONE',  ( 0.000000000000000000, 1.000000000000000000, -0.000000000000000000 ) ) ;
#2612 = EDGE_CURVE ( 'NONE', #3040, #2516, #534, .T. ) ;
#2613 = STYLED_ITEM ( 'NONE', ( #2336 ), #1628 ) ;
#2614 = CARTESIAN_POINT ( 'NONE',  ( 2.660000000000000586, -1.060000000000000053, 1.205000000000000293 ) ) ;
#2615 = EDGE_CURVE ( 'NONE', #1763, #577, #2484, .T. ) ;
#2616 = PRESENTATION_STYLE_ASSIGNMENT (( #359 ) ) ;
#2617 = AXIS2_PLACEMENT_3D ( 'NONE', #381, #920, #904 ) ;
#2618 = CARTESIAN_POINT ( 'NONE',  ( -3.199999999999998845, 0.3699999999999999956, -2.649999999999999467 ) ) ;
#2619 = CARTESIAN_POINT ( 'NONE',  ( 2.640000000000001457, -1.250000000000000222, -1.205000000000000293 ) ) ;
#2620 = CARTESIAN_POINT ( 'NONE',  ( -3.928237502239162016, 0.04295003712071174956, 2.697640325078447532 ) ) ;
#2621 = ORIENTED_EDGE ( 'NONE', *, *, #2979, .F. ) ;
#2622 = CARTESIAN_POINT ( 'NONE',  ( 3.299999999999999822, 1.029999999999999805, 2.670000000000000373 ) ) ;
#2623 = ORIENTED_EDGE ( 'NONE', *, *, #3266, .F. ) ;
#2624 = LINE ( 'NONE', #1537, #386 ) ;
#2625 = CARTESIAN_POINT ( 'NONE',  ( 3.299999999999997158, 0.4200000000000000400, -2.669999999999999485 ) ) ;
#2626 = ADVANCED_FACE ( 'NONE', ( #281 ), #2531, .T. ) ;
#2627 = DIRECTION ( 'NONE',  ( 1.000000000000000000, 0.000000000000000000, 0.000000000000000000 ) ) ;
#2628 = EDGE_CURVE ( 'NONE', #3518, #688, #3463, .T. ) ;
#2629 = EDGE_LOOP ( 'NONE', ( #1058, #2701, #462, #172 ) ) ;
#2630 = FACE_OUTER_BOUND ( 'NONE', #893, .T. ) ;
#2631 = CARTESIAN_POINT ( 'NONE',  ( -3.199999999999998845, 0.3199999999999999512, -2.649999999999999911 ) ) ;
#2632 = B_SPLINE_CURVE_WITH_KNOTS ( 'NONE', 3,
 ( #3466, #899, #1454, #2021 ),
 .UNSPECIFIED., .F., .F.,
 ( 4, 4 ),
 ( 0.000000000000000000, 1.000000000000000000 ),
 .UNSPECIFIED. ) ;
#2633 = DIRECTION ( 'NONE',  ( 0.000000000000000000, 0.000000000000000000, 1.000000000000000000 ) ) ;
#2634 = DIRECTION ( 'NONE',  ( 0.000000000000000000, 0.000000000000000000, -1.000000000000000000 ) ) ;
#2635 =( NAMED_UNIT ( * ) SI_UNIT ( $, .STERADIAN. ) SOLID_ANGLE_UNIT ( ) );
#2636 = CARTESIAN_POINT ( 'NONE',  ( -3.920000000000000817, -2.100000000000000089, 2.720000000000000639 ) ) ;
#2637 = FILL_AREA_STYLE_COLOUR ( '', #305 ) ;
#2638 = ORIENTED_EDGE ( 'NONE', *, *, #157, .F. ) ;
#2639 = DIRECTION ( 'NONE',  ( 0.000000000000000000, 0.000000000000000000, -1.000000000000000000 ) ) ;
#2640 = EDGE_CURVE ( 'NONE', #232, #783, #336, .T. ) ;
#2641 = VERTEX_POINT ( 'NONE', #1429 ) ;
#2642 = CARTESIAN_POINT ( 'NONE',  ( -3.950812761413964758, 0.2468835869370906155, -2.716173712933334983 ) ) ;
#2643 = CARTESIAN_POINT ( 'NONE',  ( -3.665241162381738693, 0.3527592764907033218, -2.603567764950359908 ) ) ;
#2644 = DIRECTION ( 'NONE',  ( 1.000000000000000000, 0.000000000000000000, -1.734723475976817507E-14 ) ) ;
#2645 = AXIS2_PLACEMENT_3D ( 'NONE', #3302, #1015, #1624 ) ;
#2646 = ORIENTED_EDGE ( 'NONE', *, *, #3193, .T. ) ;
#2647 = VECTOR ( 'NONE', #1523, 1000.000000000000000 ) ;
#2648 = LINE ( 'NONE', #2884, #254 ) ;
#2649 = CARTESIAN_POINT ( 'NONE',  ( -3.199999999999998845, -0.3199999999999999512, -2.700000000000000178 ) ) ;
#2650 =( LENGTH_UNIT ( ) NAMED_UNIT ( * ) SI_UNIT ( .MILLI., .METRE. ) );
#2651 = CARTESIAN_POINT ( 'NONE',  ( -3.932830472185188331, 0.3712800677041586117, -2.716272443146894755 ) ) ;
#2652 = CARTESIAN_POINT ( 'NONE',  ( -3.519999999999999130, 0.3699999999999999956, -2.619868827155028779 ) ) ;
#2653 = PLANE ( 'NONE',  #2309 ) ;
#2654 = ORIENTED_EDGE ( 'NONE', *, *, #551, .F. ) ;
#2655 = SURFACE_SIDE_STYLE ('',( #107 ) ) ;
#2656 = AXIS2_PLACEMENT_3D ( 'NONE', #1899, #1233, #3272 ) ;
#2657 = ORIENTED_EDGE ( 'NONE', *, *, #1407, .F. ) ;
#2658 = CARTESIAN_POINT ( 'NONE',  ( -3.927539501463796601, 0.03667765266414481362, -2.696412846145371578 ) ) ;
#2659 = CARTESIAN_POINT ( 'NONE',  ( -4.580000000000000959, -1.620000000000000773, 2.670000000000000373 ) ) ;
#2660 = CARTESIAN_POINT ( 'NONE',  ( -3.892229651294121684, 0.4113588501437900335, 2.719247644909807970 ) ) ;
#2661 = ORIENTED_EDGE ( 'NONE', *, *, #34, .F. ) ;
#2662 = DIRECTION ( 'NONE',  ( 0.000000000000000000, 0.000000000000000000, 1.000000000000000000 ) ) ;
#2663 = CIRCLE ( 'NONE', #3139, 0.04999999999999991257 ) ;
#2664 = CARTESIAN_POINT ( 'NONE',  ( -3.199999999999998845, 0.3699999999999999956, -2.700000000000000178 ) ) ;
#2665 = ADVANCED_FACE ( 'NONE', ( #1230 ), #2849, .F. ) ;
#2666 = VECTOR ( 'NONE', #1195, 1000.000000000000000 ) ;
#2667 = CARTESIAN_POINT ( 'NONE',  ( -3.199999999999998845, -0.3199999999999999512, 2.649999999999999911 ) ) ;
#2668 = AXIS2_PLACEMENT_3D ( 'NONE', #2669, #2438, #1615 ) ;
#2669 = CARTESIAN_POINT ( 'NONE',  ( -4.580000000000000959, -2.050000000000000266, -1.155000000000001581 ) ) ;
#2670 = AXIS2_PLACEMENT_3D ( 'NONE', #543, #565, #1699 ) ;
#2671 = CYLINDRICAL_SURFACE ( 'NONE', #3209, 0.04999999999999969746 ) ;
#2672 = PRESENTATION_STYLE_ASSIGNMENT (( #1284 ) ) ;
#2673 = ORIENTED_EDGE ( 'NONE', *, *, #3178, .T. ) ;
#2674 = LINE ( 'NONE', #467, #3250 ) ;
#2675 = AXIS2_PLACEMENT_3D ( 'NONE', #2715, #2439, #677 ) ;
#2676 = ORIENTED_EDGE ( 'NONE', *, *, #1408, .F. ) ;
#2677 = CARTESIAN_POINT ( 'NONE',  ( 3.350000000000000533, -1.060000000000000053, 1.205000000000000293 ) ) ;
#2678 = CARTESIAN_POINT ( 'NONE',  ( -3.545004043315084008, 0.3727782270350088467, -2.694755108348671602 ) ) ;
#2679 = CARTESIAN_POINT ( 'NONE',  ( -3.773066367784231989, 0.3981717198939009328, 2.715033359984157624 ) ) ;
#2680 = EDGE_CURVE ( 'NONE', #2597, #1428, #1134, .T. ) ;
#2681 = ORIENTED_EDGE ( 'NONE', *, *, #490, .T. ) ;
#2682 = CARTESIAN_POINT ( 'NONE',  ( -4.630000000000000782, -1.720000000000000195, -1.255000000000001448 ) ) ;
#2683 = PLANE ( 'NONE',  #882 ) ;
#2684 = FACE_OUTER_BOUND ( 'NONE', #346, .T. ) ;
#2685 =( NAMED_UNIT ( * ) PLANE_ANGLE_UNIT ( ) SI_UNIT ( $, .RADIAN. ) );
#2686 = ORIENTED_EDGE ( 'NONE', *, *, #1132, .T. ) ;
#2687 = EDGE_CURVE ( 'NONE', #2351, #2065, #895, .T. ) ;
#2688 = ORIENTED_EDGE ( 'NONE', *, *, #2106, .T. ) ;
#2689 = CARTESIAN_POINT ( 'NONE',  ( -3.958964986285500753, 0.3206848765695050618, -2.718827609873153861 ) ) ;
#2690 = CARTESIAN_POINT ( 'NONE',  ( -3.903867278844382671, 0.4000255680872711328, -2.717513118943324368 ) ) ;
#2691 = CARTESIAN_POINT ( 'NONE',  ( -3.697474860480364445, 0.3897192709430364888, 2.709797037549282361 ) ) ;
#2692 = ORIENTED_EDGE ( 'NONE', *, *, #519, .F. ) ;
#2693 = CARTESIAN_POINT ( 'NONE',  ( 3.200000000000000622, -0.3699999999999999956, 2.649999999999999911 ) ) ;
#2694 = DIRECTION ( 'NONE',  ( 0.000000000000000000, 0.000000000000000000, -1.000000000000000000 ) ) ;
#2695 = ORIENTED_EDGE ( 'NONE', *, *, #431, .T. ) ;
#2696 =( LENGTH_UNIT ( ) NAMED_UNIT ( * ) SI_UNIT ( .MILLI., .METRE. ) );
#2697 = DIRECTION ( 'NONE',  ( -1.000000000000000000, -1.734723475976810250E-14, 0.000000000000000000 ) ) ;
#2698 = UNCERTAINTY_MEASURE_WITH_UNIT (LENGTH_MEASURE( 1.000000000000000082E-05 ), #2696, 'distance_accuracy_value', 'NONE');
#2699 = VECTOR ( 'NONE', #395, 1000.000000000000000 ) ;
#2700 = FILL_AREA_STYLE_COLOUR ( '', #2418 ) ;
#2701 = ORIENTED_EDGE ( 'NONE', *, *, #676, .T. ) ;
#2702 = DIRECTION ( 'NONE',  ( -0.000000000000000000, -0.000000000000000000, -1.000000000000000000 ) ) ;
#2703 = ADVANCED_FACE ( 'NONE', ( #874 ), #1998, .F. ) ;
#2704 = ADVANCED_FACE ( 'NONE', ( #668 ), #3478, .T. ) ;
#2705 = EDGE_LOOP ( 'NONE', ( #1992, #1813, #2931, #1696 ) ) ;
#2706 = PRESENTATION_STYLE_ASSIGNMENT (( #1587 ) ) ;
#2707 = CARTESIAN_POINT ( 'NONE',  ( -3.624699153743711655, 0.3595890706673261494, -2.546331517624357055 ) ) ;
#2708 = CARTESIAN_POINT ( 'NONE',  ( -3.636540664548444379, 0.3830020685974956374, -2.703668991772873120 ) ) ;
#2709 = CIRCLE ( 'NONE', #1244, 0.05000000000000012768 ) ;
#2710 = VERTEX_POINT ( 'NONE', #2016 ) ;
#2711 = CARTESIAN_POINT ( 'NONE',  ( 3.299999999999999822, 0.4200000000000000400, 2.720000000000000639 ) ) ;
#2712 = ORIENTED_EDGE ( 'NONE', *, *, #1214, .T. ) ;
#2713 = LINE ( 'NONE', #742, #1908 ) ;
#2714 = DIRECTION ( 'NONE',  ( 1.000000000000000000, 0.000000000000000000, 0.000000000000000000 ) ) ;
#2715 = CARTESIAN_POINT ( 'NONE',  ( -4.580000000000000959, -1.620000000000000329, -2.669999999999999485 ) ) ;
#2716 = AXIS2_PLACEMENT_3D ( 'NONE', #597, #1467, #351 ) ;
#2717 = CARTESIAN_POINT ( 'NONE',  ( -3.249999999999999112, -0.3199999999999999512, -2.649999999999999467 ) ) ;
#2718 = EDGE_CURVE ( 'NONE', #621, #80, #633, .T. ) ;
#2719 = ORIENTED_EDGE ( 'NONE', *, *, #1715, .T. ) ;
#2720 =( LENGTH_UNIT ( ) NAMED_UNIT ( * ) SI_UNIT ( .MILLI., .METRE. ) );
#2721 = EDGE_CURVE ( 'NONE', #2608, #561, #3145, .T. ) ;
#2722 = ORIENTED_EDGE ( 'NONE', *, *, #1023, .F. ) ;
#2723 = FACE_OUTER_BOUND ( 'NONE', #2883, .T. ) ;
#2724 = CARTESIAN_POINT ( 'NONE',  ( -3.738126620500993091, 0.3252121636498113699, -2.610158116240863801 ) ) ;
#2725 = AXIS2_PLACEMENT_3D ( 'NONE', #119, #3558, #416 ) ;
#2726 = VECTOR ( 'NONE', #1110, 1000.000000000000000 ) ;
#2727 = AXIS2_PLACEMENT_3D ( 'NONE', #2383, #3291, #2090 ) ;
#2728 = CARTESIAN_POINT ( 'NONE',  ( -4.630000000000000782, 1.029999999999999805, 2.720000000000000639 ) ) ;
#2729 = ORIENTED_EDGE ( 'NONE', *, *, #741, .F. ) ;
#2730 = CYLINDRICAL_SURFACE ( 'NONE', #996, 0.04999999999999991257 ) ;
#2731 = CARTESIAN_POINT ( 'NONE',  ( -3.922488854568572325, 0.02997749904908519891, 2.693861030864208583 ) ) ;
#2732 = EDGE_LOOP ( 'NONE', ( #130, #748, #1044, #194 ) ) ;
#2733 = CARTESIAN_POINT ( 'NONE',  ( 3.250000000000000888, -0.3199999999999999512, -2.649999999999999911 ) ) ;
#2734 = ADVANCED_FACE ( 'NONE', ( #1765 ), #3481, .F. ) ;
#2735 = UNCERTAINTY_MEASURE_WITH_UNIT (LENGTH_MEASURE( 1.000000000000000082E-05 ), #2720, 'distance_accuracy_value', 'NONE');
#2736 = DIRECTION ( 'NONE',  ( -1.000000000000000000, 0.000000000000000000, 8.673617379884087537E-15 ) ) ;
#2737 = CIRCLE ( 'NONE', #2143, 0.04999999999999991257 ) ;
#2738 = VERTEX_POINT ( 'NONE', #2866 ) ;
#2739 = CYLINDRICAL_SURFACE ( 'NONE', #615, 0.2000000000000000944 ) ;
#2740 = CARTESIAN_POINT ( 'NONE',  ( -3.924167668824415145, 0.3799428710649329077, -2.716272443146894755 ) ) ;
#2741 = EDGE_LOOP ( 'NONE', ( #2621, #1463, #2981 ) ) ;
#2742 = VECTOR ( 'NONE', #387, 1000.000000000000000 ) ;
#2743 = CARTESIAN_POINT ( 'NONE',  ( -3.969999999999999751, -1.720000000000000195, -1.255000000000001448 ) ) ;
#2744 = CARTESIAN_POINT ( 'NONE',  ( -3.920000000000000817, -1.720000000000000195, 1.254999999999999227 ) ) ;
#2745 = ORIENTED_EDGE ( 'NONE', *, *, #1646, .F. ) ;
#2746 =( NAMED_UNIT ( * ) PLANE_ANGLE_UNIT ( ) SI_UNIT ( $, .RADIAN. ) );
#2747 = CARTESIAN_POINT ( 'NONE',  ( -4.630000000000000782, -1.620000000000000773, 2.720000000000000639 ) ) ;
#2748 = CARTESIAN_POINT ( 'NONE',  ( -3.919999999999999929, -0.02999999999999984623, 2.671283043254003342 ) ) ;
#2749 = ORIENTED_EDGE ( 'NONE', *, *, #334, .F. ) ;
#2750 = ADVANCED_FACE ( 'NONE', ( #59 ), #1802, .T. ) ;
#2751 = SPHERICAL_SURFACE ( 'NONE', #3500, 0.05000000000000000278 ) ;
#2752 = DIRECTION ( 'NONE',  ( -1.000000000000000000, 0.000000000000000000, 0.000000000000000000 ) ) ;
#2753 = DIRECTION ( 'NONE',  ( 1.000000000000000000, -0.000000000000000000, 0.000000000000000000 ) ) ;
#2754 = AXIS2_PLACEMENT_3D ( 'NONE', #311, #1727, #2303 ) ;
#2755 = ORIENTED_EDGE ( 'NONE', *, *, #2680, .F. ) ;
#2756 = FILL_AREA_STYLE_COLOUR ( '', #2897 ) ;
#2757 = AXIS2_PLACEMENT_3D ( 'NONE', #2160, #3259, #3555 ) ;
#2758 = FACE_OUTER_BOUND ( 'NONE', #679, .T. ) ;
#2759 = CARTESIAN_POINT ( 'NONE',  ( -3.913624743142974260, 0.3469279810880678827, -2.712426000175418128 ) ) ;
#2760 = ORIENTED_EDGE ( 'NONE', *, *, #196, .F. ) ;
#2761 = EDGE_CURVE ( 'NONE', #2173, #1720, #2663, .T. ) ;
#2762 = CARTESIAN_POINT ( 'NONE',  ( -3.915480352521051088, 0.3885757437043133034, 2.716582728499686628 ) ) ;
#2763 = ORIENTED_EDGE ( 'NONE', *, *, #1698, .F. ) ;
#2764 = DIRECTION ( 'NONE',  ( 1.000000000000000000, 0.000000000000000000, 0.000000000000000000 ) ) ;
#2765 = CARTESIAN_POINT ( 'NONE',  ( -3.839866736959270277, 0.2158186879899659516, -2.519606481481481808 ) ) ;
#2766 = AXIS2_PLACEMENT_3D ( 'NONE', #3443, #300, #1752 ) ;
#2767 = LINE ( 'NONE', #240, #3244 ) ;
#2768 = ORIENTED_EDGE ( 'NONE', *, *, #758, .F. ) ;
#2769 = PLANE ( 'NONE',  #1491 ) ;
#2770 = DIRECTION ( 'NONE',  ( -0.000000000000000000, 1.000000000000000000, 0.000000000000000000 ) ) ;
#2771 = UNCERTAINTY_MEASURE_WITH_UNIT (LENGTH_MEASURE( 1.000000000000000082E-05 ), #3185, 'distance_accuracy_value', 'NONE');
#2772 = EDGE_CURVE ( 'NONE', #3040, #2406, #371, .T. ) ;
#2773 = CARTESIAN_POINT ( 'NONE',  ( -3.924167668824416921, 0.3799428710649330743, 2.716272443146895643 ) ) ;
#2774 = CARTESIAN_POINT ( 'NONE',  ( -3.970000000000000639, 1.079999999999999849, 2.670000000000000373 ) ) ;
#2775 = CARTESIAN_POINT ( 'NONE',  ( 3.350000000000000089, 0.4200000000000000400, 2.670000000000000373 ) ) ;
#2776 = CIRCLE ( 'NONE', #1194, 0.05000000000000012768 ) ;
#2777 = DIRECTION ( 'NONE',  ( -1.000000000000000000, 0.000000000000000000, 0.000000000000000000 ) ) ;
#2778 = VECTOR ( 'NONE', #2604, 1000.000000000000000 ) ;
#2779 = CARTESIAN_POINT ( 'NONE',  ( -3.928255391418775222, 0.3256930579785615731, -2.713408606667432110 ) ) ;
#2780 = B_SPLINE_CURVE_WITH_KNOTS ( 'NONE', 3,
 ( #3625, #3347, #812, #479, #2792, #3571, #1609, #2765, #238, #2514, #1042, #834 ),
 .UNSPECIFIED., .F., .F.,
 ( 4, 2, 2, 2, 2, 4 ),
 ( 0.000000000000000000, 0.2499999999999998890, 0.3750000000000001665, 0.5000000000000004441, 0.7499999999999998890, 1.000000000000000000 ),
 .UNSPECIFIED. ) ;
#2781 = EDGE_CURVE ( 'NONE', #1880, #460, #3078, .T. ) ;
#2782 = ORIENTED_EDGE ( 'NONE', *, *, #1659, .F. ) ;
#2783 = COLOUR_RGB ( '',0.1098039215686274495, 0.1098039215686274495, 0.1098039215686274495 ) ;
#2784 = DIRECTION ( 'NONE',  ( 1.000000000000000000, -0.000000000000000000, 0.000000000000000000 ) ) ;
#2785 = AXIS2_PLACEMENT_3D ( 'NONE', #1296, #2182, #2714 ) ;
#2786 = CIRCLE ( 'NONE', #1203, 0.05000000000000012768 ) ;
#2787 = CARTESIAN_POINT ( 'NONE',  ( -3.624699153743712099, 0.3595890706673263160, 2.519606481481482696 ) ) ;
#2788 = VERTEX_POINT ( 'NONE', #160 ) ;
#2789 = CIRCLE ( 'NONE', #1379, 0.04999999999999969746 ) ;
#2790 =( NAMED_UNIT ( * ) SI_UNIT ( $, .STERADIAN. ) SOLID_ANGLE_UNIT ( ) );
#2791 = AXIS2_PLACEMENT_3D ( 'NONE', #933, #2589, #62 ) ;
#2792 = CARTESIAN_POINT ( 'NONE',  ( -3.720446811308178781, 0.3171119151617983745, -2.519606481481481364 ) ) ;
#2793 = CARTESIAN_POINT ( 'NONE',  ( -3.839866736959272497, 0.2158186879899659238, 2.519606481481482696 ) ) ;
#2794 = PRESENTATION_LAYER_ASSIGNMENT (  '', '', ( #3151 ) ) ;
#2795 = ORIENTED_EDGE ( 'NONE', *, *, #207, .F. ) ;
#2796 = LINE ( 'NONE', #1928, #365 ) ;
#2797 = CARTESIAN_POINT ( 'NONE',  ( -4.580000000000000959, -2.050000000000000266, -1.155000000000001581 ) ) ;
#2798 = FACE_OUTER_BOUND ( 'NONE', #2311, .T. ) ;
#2799 =( NAMED_UNIT ( * ) PLANE_ANGLE_UNIT ( ) SI_UNIT ( $, .RADIAN. ) );
#2800 = DIRECTION ( 'NONE',  ( 1.000000000000000000, 0.000000000000000000, 0.000000000000000000 ) ) ;
#2801 = DIRECTION ( 'NONE',  ( 0.000000000000000000, 0.000000000000000000, 1.000000000000000000 ) ) ;
#2802 = FACE_OUTER_BOUND ( 'NONE', #3184, .T. ) ;
#2803 = CARTESIAN_POINT ( 'NONE',  ( -3.747875080096157330, 0.3159123868328562734, -2.599348024216125097 ) ) ;
#2804 = ORIENTED_EDGE ( 'NONE', *, *, #2353, .T. ) ;
#2805 = DIRECTION ( 'NONE',  ( -0.000000000000000000, 1.000000000000000000, -0.000000000000000000 ) ) ;
#2806 = AXIS2_PLACEMENT_3D ( 'NONE', #1197, #3428, #955 ) ;
#2807 = STYLED_ITEM ( 'NONE', ( #3650 ), #986 ) ;
#2808 = EDGE_CURVE ( 'NONE', #2641, #2710, #2129, .T. ) ;
#2809 = CARTESIAN_POINT ( 'NONE',  ( -3.752931798875546399, 0.3162250183446766449, 2.606767420941810354 ) ) ;
#2810 = VERTEX_POINT ( 'NONE', #733 ) ;
#2811 = DIRECTION ( 'NONE',  ( -1.000000000000000000, 0.000000000000000000, 0.000000000000000000 ) ) ;
#2812 = DIRECTION ( 'NONE',  ( 0.000000000000000000, -0.000000000000000000, -1.000000000000000000 ) ) ;
#2813 = CARTESIAN_POINT ( 'NONE',  ( -3.915632511129306881, 0.2864431074089784923, 2.703332552247449172 ) ) ;
#2814 = EDGE_LOOP ( 'NONE', ( #2864, #143, #2722, #1228 ) ) ;
#2815 = CARTESIAN_POINT ( 'NONE',  ( -3.199999999999998845, -0.3199999999999999512, 2.649999999999999911 ) ) ;
#2816 = CARTESIAN_POINT ( 'NONE',  ( -4.630000000000000782, 1.079999999999999849, 2.720000000000000639 ) ) ;
#2817 = VERTEX_POINT ( 'NONE', #3529 ) ;
#2818 = DIRECTION ( 'NONE',  ( 1.594414959537506434E-16, -0.000000000000000000, -1.000000000000000000 ) ) ;
#2819 = DIRECTION ( 'NONE',  ( 0.000000000000000000, 0.000000000000000000, -1.000000000000000000 ) ) ;
#2820 = LINE ( 'NONE', #2562, #1070 ) ;
#2821 = CARTESIAN_POINT ( 'NONE',  ( -3.915579812797850501, 0.3469854154404790059, -2.712624847157449892 ) ) ;
#2822 = EDGE_LOOP ( 'NONE', ( #3540, #595, #2548 ) ) ;
#2823 = EDGE_CURVE ( 'NONE', #783, #916, #2222, .T. ) ;
#2824 = AXIS2_PLACEMENT_3D ( 'NONE', #2631, #2959, #3275 ) ;
#2825 =( LENGTH_UNIT ( ) NAMED_UNIT ( * ) SI_UNIT ( .MILLI., .METRE. ) );
#2826 = EDGE_CURVE ( 'NONE', #1232, #437, #2188, .T. ) ;
#2827 = CARTESIAN_POINT ( 'NONE',  ( -3.720446811308179669, 0.3171119151617984855, 2.546001011443060236 ) ) ;
#2828 = ORIENTED_EDGE ( 'NONE', *, *, #1214, .F. ) ;
#2829 = PRESENTATION_STYLE_ASSIGNMENT (( #3387 ) ) ;
#2830 = LINE ( 'NONE', #1189, #2069 ) ;
#2831 = VERTEX_POINT ( 'NONE', #3287 ) ;
#2832 = CARTESIAN_POINT ( 'NONE',  ( -4.630000000000000782, 1.079999999999999849, -1.155000000000001581 ) ) ;
#2833 = VECTOR ( 'NONE', #1591, 1000.000000000000000 ) ;
#2834 = SURFACE_SIDE_STYLE ('',( #3391 ) ) ;
#2835 = EDGE_CURVE ( 'NONE', #3457, #437, #183, .T. ) ;
#2836 = VECTOR ( 'NONE', #686, 1000.000000000000000 ) ;
#2837 = ORIENTED_EDGE ( 'NONE', *, *, #410, .T. ) ;
#2838 = EDGE_CURVE ( 'NONE', #736, #2089, #3248, .T. ) ;
#2839 = CARTESIAN_POINT ( 'NONE',  ( -3.571248541378745145, 0.3758279448981258208, -2.693448117932678798 ) ) ;
#2840 = CARTESIAN_POINT ( 'NONE',  ( -3.905333498985085416, 0.09029939303720116439, -2.574456968604033058 ) ) ;
#2841 = VERTEX_POINT ( 'NONE', #752 ) ;
#2842 = ADVANCED_FACE ( 'NONE', ( #1263 ), #3395, .F. ) ;
#2843 = CARTESIAN_POINT ( 'NONE',  ( -3.964269242098534374, 0.3684231812440228460, 2.719758311624274061 ) ) ;
#2844 = CARTESIAN_POINT ( 'NONE',  ( -3.738648188386560989, 0.3252267071683633826, 2.610723589457965677 ) ) ;
#2845 = VECTOR ( 'NONE', #2499, 1000.000000000000000 ) ;
#2846 = EDGE_LOOP ( 'NONE', ( #2102, #2328, #1761, #3125 ) ) ;
#2847 = AXIS2_PLACEMENT_3D ( 'NONE', #285, #1397, #3069 ) ;
#2848 = MECHANICAL_DESIGN_GEOMETRIC_PRESENTATION_REPRESENTATION (  '', ( #1260 ), #3206 ) ;
#2849 = PLANE ( 'NONE',  #2716 ) ;
#2850 = ORIENTED_EDGE ( 'NONE', *, *, #832, .T. ) ;
#2851 = DIRECTION ( 'NONE',  ( 0.000000000000000000, 0.000000000000000000, -1.000000000000000000 ) ) ;
#2852 = SPHERICAL_SURFACE ( 'NONE', #909, 0.05000000000000000278 ) ;
#2853 = MECHANICAL_DESIGN_GEOMETRIC_PRESENTATION_REPRESENTATION (  '', ( #2376 ), #1745 ) ;
#2854 = DIRECTION ( 'NONE',  ( 1.000000000000000000, 0.000000000000000000, 0.000000000000000000 ) ) ;
#2855 = AXIS2_PLACEMENT_3D ( 'NONE', #358, #379, #49 ) ;
#2856 = SURFACE_STYLE_FILL_AREA ( #2928 ) ;
#2857 = DIRECTION ( 'NONE',  ( 1.000000000000000000, 0.000000000000000000, 0.000000000000000000 ) ) ;
#2858 = PRESENTATION_STYLE_ASSIGNMENT (( #3117 ) ) ;
#2859 = CARTESIAN_POINT ( 'NONE',  ( -3.519999999999999574, 0.3699999999999999400, -2.519606481481481808 ) ) ;
#2860 = CARTESIAN_POINT ( 'NONE',  ( -3.956568320574264774, 0.2991148851683819165, 2.718407083214388287 ) ) ;
#2861 = ORIENTED_EDGE ( 'NONE', *, *, #2120, .F. ) ;
#2862 = VERTEX_POINT ( 'NONE', #922 ) ;
#2863 =( BOUNDED_CURVE ( )  B_SPLINE_CURVE ( 3, ( #204, #723, #1839, #2415 ),
 .UNSPECIFIED., .F., .T. ) 
 B_SPLINE_CURVE_WITH_KNOTS ( ( 4, 4 ),
 ( 1.570796326794896558, 1.744491403503474425 ),
 .UNSPECIFIED. ) 
 CURVE ( )  GEOMETRIC_REPRESENTATION_ITEM ( )  RATIONAL_B_SPLINE_CURVE ( ( 1.000000000000000000, 0.9974874148863952517, 0.9974874148863952517, 1.000000000000000000 ) ) 
 REPRESENTATION_ITEM ( '' )  );
#2864 = ORIENTED_EDGE ( 'NONE', *, *, #34, .T. ) ;
#2865 = LINE ( 'NONE', #264, #710 ) ;
#2866 = CARTESIAN_POINT ( 'NONE',  ( 3.250000000000000888, 0.3199999999999999512, 2.649999999999999911 ) ) ;
#2867 = ORIENTED_EDGE ( 'NONE', *, *, #250, .F. ) ;
#2868 =( NAMED_UNIT ( * ) SI_UNIT ( $, .STERADIAN. ) SOLID_ANGLE_UNIT ( ) );
#2869 = EDGE_CURVE ( 'NONE', #613, #466, #2561, .T. ) ;
#2870 =( NAMED_UNIT ( * ) SI_UNIT ( $, .STERADIAN. ) SOLID_ANGLE_UNIT ( ) );
#2871 = SURFACE_SIDE_STYLE ('',( #2856 ) ) ;
#2872 = FILL_AREA_STYLE_COLOUR ( '', #1798 ) ;
#2873 = DIRECTION ( 'NONE',  ( 1.000000000000000000, 0.000000000000000000, 0.000000000000000000 ) ) ;
#2874 = CARTESIAN_POINT ( 'NONE',  ( -3.920000000000000817, -0.02999999999999978725, -2.672187454703514931 ) ) ;
#2875 = ORIENTED_EDGE ( 'NONE', *, *, #3221, .F. ) ;
#2876 = DIRECTION ( 'NONE',  ( 1.000000000000000000, 0.000000000000000000, 0.000000000000000000 ) ) ;
#2877 = ORIENTED_EDGE ( 'NONE', *, *, #519, .T. ) ;
#2878 = EDGE_CURVE ( 'NONE', #997, #2325, #2300, .T. ) ;
#2879 = B_SPLINE_CURVE_WITH_KNOTS ( 'NONE', 3,
 ( #84, #3506, #2339, #3470, #2651, #2026, #3452, #398, #1251, #1218, #1234, #2043 ),
 .UNSPECIFIED., .F., .F.,
 ( 4, 2, 2, 2, 2, 4 ),
 ( 0.000000000000000000, 0.2500000000000001110, 0.4999999999999995559, 0.6249999999999997780, 0.7500000000000001110, 1.000000000000000000 ),
 .UNSPECIFIED. ) ;
#2880 =( BOUNDED_SURFACE ( )  B_SPLINE_SURFACE ( 3, 2, ( 
 ( #3380, #2033, #852 ),
 ( #2843, #2544, #4 ),
 ( #255, #2283, #630 ),
 ( #1708, #1976, #23 ) ),
 .UNSPECIFIED., .F., .F., .F. ) 
 B_SPLINE_SURFACE_WITH_KNOTS ( ( 4, 4 ),
 ( 3, 3 ),
 ( 0.8440135373930413021, 1.000000000000000000 ),
 ( 0.000000000000000000, 1.000000000000000000 ),
 .UNSPECIFIED. ) 
 GEOMETRIC_REPRESENTATION_ITEM ( )  RATIONAL_B_SPLINE_SURFACE ( (
 ( 1.000000000000000000, 0.9925049651424963093, 1.000000000000000000),
 ( 1.000000000000000000, 0.9975783642198680079, 1.000000000000000000),
 ( 1.000000000000000000, 1.000005664554400209, 1.000000000000000000),
 ( 1.000000000000000000, 1.000000000000000000, 1.000000000000000000) ) ) 
 REPRESENTATION_ITEM ( '' )  SURFACE ( )  );
#2881 = AXIS2_PLACEMENT_3D ( 'NONE', #2711, #516, #1101 ) ;
#2882 = LINE ( 'NONE', #620, #63 ) ;
#2883 = EDGE_LOOP ( 'NONE', ( #1513, #750, #2588 ) ) ;
#2884 = CARTESIAN_POINT ( 'NONE',  ( -3.249999999999999112, -0.3199999999999999512, -2.700000000000000178 ) ) ;
#2885 = FILL_AREA_STYLE ('',( #900 ) ) ;
#2886 = PRESENTATION_STYLE_ASSIGNMENT (( #13 ) ) ;
#2887 = CYLINDRICAL_SURFACE ( 'NONE', #1866, 0.05000000000000012768 ) ;
#2888 = SURFACE_SIDE_STYLE ('',( #640 ) ) ;
#2889 = SPHERICAL_SURFACE ( 'NONE', #2200, 0.05000000000000000278 ) ;
#2890 = VECTOR ( 'NONE', #3517, 1000.000000000000000 ) ;
#2891 = CARTESIAN_POINT ( 'NONE',  ( -3.925827937711166449, 0.02124847738913727621, 2.693448104380550046 ) ) ;
#2892 = ORIENTED_EDGE ( 'NONE', *, *, #2687, .F. ) ;
#2893 = EDGE_CURVE ( 'NONE', #2068, #1754, #2596, .T. ) ;
#2894 = LINE ( 'NONE', #995, #2742 ) ;
#2895 = ADVANCED_FACE ( 'NONE', ( #2144 ), #959, .T. ) ;
#2896 = ORIENTED_EDGE ( 'NONE', *, *, #1962, .F. ) ;
#2897 = COLOUR_RGB ( '',0.1098039215686274495, 0.1098039215686274495, 0.1098039215686274495 ) ;
#2898 = DIRECTION ( 'NONE',  ( 8.673617379884030739E-15, 1.000000000000000000, 0.000000000000000000 ) ) ;
#2899 = CARTESIAN_POINT ( 'NONE',  ( -3.969999999999999751, -2.050000000000000266, -1.155000000000001581 ) ) ;
#2900 = PRESENTATION_LAYER_ASSIGNMENT (  '', '', ( #838 ) ) ;
#2901 = LINE ( 'NONE', #2310, #2299 ) ;
#2902 = ORIENTED_EDGE ( 'NONE', *, *, #3444, .F. ) ;
#2903 = CLOSED_SHELL ( 'NONE', ( #2948, #2503, #2943, #637, #2910, #548, #1338, #2904, #1249, #147, #659, #1300, #2998, #986, #2346, #216, #1628, #2223, #914, #1051, #3174, #1731, #1048, #1534, #324, #1421 ) ) ;
#2904 = ADVANCED_FACE ( 'NONE', ( #3524 ), #2402, .T. ) ;
#2905 = CYLINDRICAL_SURFACE ( 'NONE', #1500, 0.05000000000000012768 ) ;
#2906 = DIRECTION ( 'NONE',  ( 1.000000000000000000, 0.000000000000000000, 0.000000000000000000 ) ) ;
#2907 = VECTOR ( 'NONE', #303, 1000.000000000000000 ) ;
#2908 = DIRECTION ( 'NONE',  ( -1.000000000000000000, 0.000000000000000000, -1.594414959537510624E-16 ) ) ;
#2909 = DIRECTION ( 'NONE',  ( 1.000000000000000000, 0.000000000000000000, 0.000000000000000000 ) ) ;
#2910 = ADVANCED_FACE ( 'NONE', ( #1812 ), #2653, .F. ) ;
#2911 = AXIS2_PLACEMENT_3D ( 'NONE', #3155, #67, #641 ) ;
#2912 = AXIS2_PLACEMENT_3D ( 'NONE', #1125, #3099, #865 ) ;
#2913 = CIRCLE ( 'NONE', #2727, 0.05000000000000012768 ) ;
#2914 = SHAPE_DEFINITION_REPRESENTATION ( #1691, #3646 ) ;
#2915 = CARTESIAN_POINT ( 'NONE',  ( -3.922778227035002008, -0.004995956684917353917, -2.694755108348671602 ) ) ;
#2916 = ORIENTED_EDGE ( 'NONE', *, *, #3593, .T. ) ;
#2917 = LINE ( 'NONE', #1226, #3577 ) ;
#2918 = EDGE_LOOP ( 'NONE', ( #2242, #163, #22, #3045 ) ) ;
#2919 = CARTESIAN_POINT ( 'NONE',  ( -3.954028785751555919, 0.2760255023928409046, -2.717390737245155119 ) ) ;
#2920 = CARTESIAN_POINT ( 'NONE',  ( -3.521297102908157228, 0.3701441225453509509, -2.674328160146925981 ) ) ;
#2921 = STYLED_ITEM ( 'NONE', ( #2952 ), #548 ) ;
#2922 = DIRECTION ( 'NONE',  ( -0.000000000000000000, 1.000000000000000000, 0.000000000000000000 ) ) ;
#2923 = EDGE_LOOP ( 'NONE', ( #2581, #3405 ) ) ;
#2924 = PLANE ( 'NONE',  #1207 ) ;
#2925 = DIRECTION ( 'NONE',  ( 0.000000000000000000, 0.000000000000000000, 1.000000000000000000 ) ) ;
#2926 = CARTESIAN_POINT ( 'NONE',  ( -3.520000000000000462, 0.3699999999999999400, 2.569737654320989328 ) ) ;
#2927 = VECTOR ( 'NONE', #645, 1000.000000000000000 ) ;
#2928 = FILL_AREA_STYLE ('',( #675 ) ) ;
#2929 = CARTESIAN_POINT ( 'NONE',  ( 3.350000000000000089, 1.079999999999999849, 2.670000000000000373 ) ) ;
#2930 = DIRECTION ( 'NONE',  ( -1.594414959537506434E-16, 0.000000000000000000, 1.000000000000000000 ) ) ;
#2931 = ORIENTED_EDGE ( 'NONE', *, *, #196, .T. ) ;
#2932 = CARTESIAN_POINT ( 'NONE',  ( -3.950000000000000178, 1.029999999999999805, -2.719999999999999751 ) ) ;
#2933 = ORIENTED_EDGE ( 'NONE', *, *, #1639, .F. ) ;
#2934 = PLANE ( 'NONE',  #3219 ) ;
#2935 = ADVANCED_FACE ( 'NONE', ( #1862 ), #367, .T. ) ;
#2936 = CARTESIAN_POINT ( 'NONE',  ( -3.822191683698866971, 0.4035768537443184534, -2.717882190842075829 ) ) ;
#2937 = CARTESIAN_POINT ( 'NONE',  ( 3.250000000000000888, 0.3699999999999999956, -2.650000000000000355 ) ) ;
#2938 = EDGE_LOOP ( 'NONE', ( #2795, #538, #1531, #368 ) ) ;
#2939 = AXIS2_PLACEMENT_3D ( 'NONE', #1314, #1941, #1887 ) ;
#2940 = FILL_AREA_STYLE ('',( #689 ) ) ;
#2941 = DIRECTION ( 'NONE',  ( 0.000000000000000000, 1.000000000000000000, 0.000000000000000000 ) ) ;
#2942 = CYLINDRICAL_SURFACE ( 'NONE', #608, 0.05000000000000012768 ) ;
#2943 = ADVANCED_FACE ( 'NONE', ( #453 ), #1237, .F. ) ;
#2944 = CARTESIAN_POINT ( 'NONE',  ( -4.580000000000000959, -1.620000000000000329, 2.720000000000000639 ) ) ;
#2945 = PRESENTATION_STYLE_ASSIGNMENT (( #1009 ) ) ;
#2946 = VERTEX_POINT ( 'NONE', #2457 ) ;
#2947 = CARTESIAN_POINT ( 'NONE',  ( -4.580000000000000959, 1.079999999999999849, -2.669999999999999041 ) ) ;
#2948 = ADVANCED_FACE ( 'NONE', ( #3647 ), #781, .F. ) ;
#2949 = MECHANICAL_DESIGN_GEOMETRIC_PRESENTATION_REPRESENTATION (  '', ( #3599 ), #1597 ) ;
#2950 = ORIENTED_EDGE ( 'NONE', *, *, #698, .T. ) ;
#2951 = AXIS2_PLACEMENT_3D ( 'NONE', #458, #3288, #1164 ) ;
#2952 = PRESENTATION_STYLE_ASSIGNMENT (( #3515 ) ) ;
#2953 = CARTESIAN_POINT ( 'NONE',  ( -3.559897695231894588, 0.3701207664024626642, -2.673948404844618487 ) ) ;
#2954 = CARTESIAN_POINT ( 'NONE',  ( 3.250000000000000888, -0.3699999999999999956, -2.649999999999999911 ) ) ;
#2955 = VERTEX_POINT ( 'NONE', #2717 ) ;
#2956 = MECHANICAL_DESIGN_GEOMETRIC_PRESENTATION_REPRESENTATION (  '', ( #2605 ), #539 ) ;
#2957 = DIRECTION ( 'NONE',  ( 0.000000000000000000, 1.000000000000000000, -0.000000000000000000 ) ) ;
#2958 = STYLED_ITEM ( 'NONE', ( #2672 ), #2910 ) ;
#2959 = DIRECTION ( 'NONE',  ( 0.000000000000000000, 1.000000000000000000, 0.000000000000000000 ) ) ;
#2960 = CARTESIAN_POINT ( 'NONE',  ( -3.199999999999998845, -0.3199999999999999512, 2.649999999999999911 ) ) ;
#2961 = CIRCLE ( 'NONE', #2370, 0.05000000000000012768 ) ;
#2962 = AXIS2_PLACEMENT_3D ( 'NONE', #2003, #1471, #1175 ) ;
#2963 = SURFACE_STYLE_FILL_AREA ( #1842 ) ;
#2964 = SURFACE_STYLE_FILL_AREA ( #2109 ) ;
#2965 = VECTOR ( 'NONE', #2777, 1000.000000000000000 ) ;
#2966 = EDGE_LOOP ( 'NONE', ( #2357, #236, #3512, #711 ) ) ;
#2967 = DIRECTION ( 'NONE',  ( 0.000000000000000000, 1.000000000000000000, 0.000000000000000000 ) ) ;
#2968 = PRESENTATION_LAYER_ASSIGNMENT (  '', '', ( #1445 ) ) ;
#2969 = ORIENTED_EDGE ( 'NONE', *, *, #2495, .F. ) ;
#2970 = FILL_AREA_STYLE ('',( #2379 ) ) ;
#2971 = CARTESIAN_POINT ( 'NONE',  ( -3.572788765765864127, 0.3699999999999997180, -2.643305679639295747 ) ) ;
#2972 = FACE_OUTER_BOUND ( 'NONE', #508, .T. ) ;
#2973 = VERTEX_POINT ( 'NONE', #1638 ) ;
#2974 = CARTESIAN_POINT ( 'NONE',  ( 3.250000000000000888, -0.3199999999999999512, 2.649999999999999911 ) ) ;
#2975 = CARTESIAN_POINT ( 'NONE',  ( 3.350000000000000089, 1.029999999999999805, 2.720000000000000639 ) ) ;
#2976 = STYLED_ITEM ( 'NONE', ( #919 ), #147 ) ;
#2977 = CARTESIAN_POINT ( 'NONE',  ( 3.350000000000000533, -1.060000000000000053, 1.205000000000000293 ) ) ;
#2978 = SPHERICAL_SURFACE ( 'NONE', #2675, 0.05000000000000000278 ) ;
#2979 = EDGE_CURVE ( 'NONE', #2436, #466, #448, .T. ) ;
#2980 = CARTESIAN_POINT ( 'NONE',  ( -4.580000000000000959, -1.720000000000000195, -1.255000000000001448 ) ) ;
#2981 = ORIENTED_EDGE ( 'NONE', *, *, #1315, .F. ) ;
#2982 = CARTESIAN_POINT ( 'NONE',  ( -3.969999999999999751, -2.050000000000000266, 1.154999999999999361 ) ) ;
#2983 = ORIENTED_EDGE ( 'NONE', *, *, #3074, .F. ) ;
#2984 = SURFACE_STYLE_FILL_AREA ( #732 ) ;
#2985 = CARTESIAN_POINT ( 'NONE',  ( -3.675661283647590594, 0.3518733974594819292, -2.614039401521448092 ) ) ;
#2986 = DIRECTION ( 'NONE',  ( -1.000000000000000000, 5.204170427930430118E-14, -0.000000000000000000 ) ) ;
#2987 = CARTESIAN_POINT ( 'NONE',  ( -3.520000000000000906, 0.3699999999999997180, 2.671283043254003342 ) ) ;
#2988 = ORIENTED_EDGE ( 'NONE', *, *, #2512, .T. ) ;
#2989 = CARTESIAN_POINT ( 'NONE',  ( 3.200000000000000622, 0.3199999999999999512, -2.649999999999999911 ) ) ;
#2990 = DIRECTION ( 'NONE',  ( -0.000000000000000000, 1.000000000000000000, -0.000000000000000000 ) ) ;
#2991 = EDGE_CURVE ( 'NONE', #561, #2395, #3052, .T. ) ;
#2992 = EDGE_LOOP ( 'NONE', ( #629, #3474, #2896, #3573 ) ) ;
#2993 = CARTESIAN_POINT ( 'NONE',  ( -4.580000000000000959, 1.079999999999999849, 2.720000000000000639 ) ) ;
#2994 = DIRECTION ( 'NONE',  ( 0.000000000000000000, -1.000000000000000000, 0.000000000000000000 ) ) ;
#2995 = CYLINDRICAL_SURFACE ( 'NONE', #2725, 0.05000000000000012768 ) ;
#2996 = CARTESIAN_POINT ( 'NONE',  ( -3.199999999999998845, 0.3199999999999999512, 2.649999999999999911 ) ) ;
#2997 = ORIENTED_EDGE ( 'NONE', *, *, #3283, .T. ) ;
#2998 = ADVANCED_FACE ( 'NONE', ( #3631 ), #1324, .T. ) ;
#2999 = VERTEX_POINT ( 'NONE', #3114 ) ;
#3000 = FACE_OUTER_BOUND ( 'NONE', #518, .T. ) ;
#3001 = CARTESIAN_POINT ( 'NONE',  ( -3.735217995152253057, 0.3252348196075847131, -2.606680308518413369 ) ) ;
#3002 = CARTESIAN_POINT ( 'NONE',  ( -3.781838884393280420, 0.3991436088259920911, -2.715445503365472302 ) ) ;
#3003 = DIRECTION ( 'NONE',  ( -1.000000000000000000, -0.000000000000000000, -0.000000000000000000 ) ) ;
#3004 = VECTOR ( 'NONE', #650, 1000.000000000000000 ) ;
#3005 = VERTEX_POINT ( 'NONE', #1136 ) ;
#3006 = EDGE_CURVE ( 'NONE', #1586, #621, #1846, .T. ) ;
#3007 = LINE ( 'NONE', #2118, #1147 ) ;
#3008 = DIRECTION ( 'NONE',  ( 1.000000000000000000, 0.000000000000000000, 1.594414959537506187E-16 ) ) ;
#3009 = CARTESIAN_POINT ( 'NONE',  ( -3.873413597518710727, 0.2651647641726229132, 2.668297113203141446 ) ) ;
#3010 = ORIENTED_EDGE ( 'NONE', *, *, #761, .F. ) ;
#3011 = DIRECTION ( 'NONE',  ( -1.594414959537506434E-16, 0.000000000000000000, 1.000000000000000000 ) ) ;
#3012 =( GEOMETRIC_REPRESENTATION_CONTEXT ( 3 ) GLOBAL_UNCERTAINTY_ASSIGNED_CONTEXT ( ( #3334 ) ) GLOBAL_UNIT_ASSIGNED_CONTEXT ( ( #1254, #154, #692 ) ) REPRESENTATION_CONTEXT ( 'NONE', 'WORKASPACE' ) );
#3013 = DIRECTION ( 'NONE',  ( 0.000000000000000000, 0.000000000000000000, 1.000000000000000000 ) ) ;
#3014 =( LENGTH_UNIT ( ) NAMED_UNIT ( * ) SI_UNIT ( .MILLI., .METRE. ) );
#3015 = PRESENTATION_LAYER_ASSIGNMENT (  '', '', ( #2312 ) ) ;
#3016 = AXIS2_PLACEMENT_3D ( 'NONE', #1280, #2396, #1003 ) ;
#3017 = ADVANCED_FACE ( 'NONE', ( #2316 ), #356, .T. ) ;
#3018 = VERTEX_POINT ( 'NONE', #2274 ) ;
#3019 = CARTESIAN_POINT ( 'NONE',  ( -3.349999999999998757, -1.050000000000000044, -2.720000000000000195 ) ) ;
#3020 = CARTESIAN_POINT ( 'NONE',  ( -3.846623337290701716, 0.2304811624628332334, -2.595128834504406345 ) ) ;
#3021 = VERTEX_POINT ( 'NONE', #585 ) ;
#3022 = DIRECTION ( 'NONE',  ( 0.000000000000000000, 0.000000000000000000, -1.000000000000000000 ) ) ;
#3023 = EDGE_CURVE ( 'NONE', #2862, #932, #48, .T. ) ;
#3024 = CIRCLE ( 'NONE', #1135, 0.04999999999999991257 ) ;
#3025 = CARTESIAN_POINT ( 'NONE',  ( -3.787486283950197041, 0.3997711973002620045, -2.715726736505550853 ) ) ;
#3026 = CIRCLE ( 'NONE', #1447, 0.05000000000000012768 ) ;
#3027 = CARTESIAN_POINT ( 'NONE',  ( 0.000000000000000000, 0.3199999999999999512, -2.649999999999999911 ) ) ;
#3028 = EDGE_LOOP ( 'NONE', ( #3106, #1285, #1603, #3369 ) ) ;
#3029 =( LENGTH_UNIT ( ) NAMED_UNIT ( * ) SI_UNIT ( .MILLI., .METRE. ) );
#3030 = CARTESIAN_POINT ( 'NONE',  ( -3.950000000000000178, 0.3999999999999997446, -2.669999999999999485 ) ) ;
#3031 = CARTESIAN_POINT ( 'NONE',  ( -3.901632887474174360, 0.3609300860211671069, 2.712628788025205129 ) ) ;
#3032 = VERTEX_POINT ( 'NONE', #1473 ) ;
#3033 = DIRECTION ( 'NONE',  ( 0.000000000000000000, -1.000000000000000000, 0.000000000000000000 ) ) ;
#3034 = CARTESIAN_POINT ( 'NONE',  ( 3.299999999999997158, 1.079999999999999849, -2.719999999999999751 ) ) ;
#3035 = DIRECTION ( 'NONE',  ( 1.000000000000000000, 0.000000000000000000, 0.000000000000000000 ) ) ;
#3036 = CARTESIAN_POINT ( 'NONE',  ( -3.892229651294121684, 0.4113588501437900335, 2.719247644909807970 ) ) ;
#3037 = ORIENTED_EDGE ( 'NONE', *, *, #3384, .T. ) ;
#3038 = CARTESIAN_POINT ( 'NONE',  ( -3.919999999999999929, 0.4200000000000000400, -2.719999999999999751 ) ) ;
#3039 = CARTESIAN_POINT ( 'NONE',  ( -3.921274621634032176, 0.3828250254376070472, -2.716334523498189046 ) ) ;
#3040 = VERTEX_POINT ( 'NONE', #2259 ) ;
#3041 = DIRECTION ( 'NONE',  ( 0.000000000000000000, 1.000000000000000000, 0.000000000000000000 ) ) ;
#3042 = AXIS2_PLACEMENT_3D ( 'NONE', #1499, #1775, #3177 ) ;
#3043 = DIRECTION ( 'NONE',  ( -1.000000000000000000, 0.000000000000000000, 8.673617379884013384E-15 ) ) ;
#3044 = CARTESIAN_POINT ( 'NONE',  ( -3.732305154784523182, 0.3149517185422415211, 2.576491118170860073 ) ) ;
#3045 = ORIENTED_EDGE ( 'NONE', *, *, #2276, .F. ) ;
#3046 = DIRECTION ( 'NONE',  ( 0.000000000000000000, 0.000000000000000000, 1.000000000000000000 ) ) ;
#3047 = CARTESIAN_POINT ( 'NONE',  ( -3.919999999999999929, 0.02284651794766627553, 2.653891034462860787 ) ) ;
#3048 = ORIENTED_EDGE ( 'NONE', *, *, #3211, .T. ) ;
#3049 = DIRECTION ( 'NONE',  ( 0.000000000000000000, 0.000000000000000000, -1.000000000000000000 ) ) ;
#3050 = CARTESIAN_POINT ( 'NONE',  ( 3.299999999999999822, 1.029999999999999805, -2.669999999999999485 ) ) ;
#3051 = FACE_OUTER_BOUND ( 'NONE', #2126, .T. ) ;
#3052 = LINE ( 'NONE', #1381, #2845 ) ;
#3053 = CARTESIAN_POINT ( 'NONE',  ( -3.919999999999999929, -2.050000000000000266, -1.155000000000001581 ) ) ;
#3054 = LINE ( 'NONE', #525, #2426 ) ;
#3055 = AXIS2_PLACEMENT_3D ( 'NONE', #3030, #794, #221 ) ;
#3056 = FACE_OUTER_BOUND ( 'NONE', #439, .T. ) ;
#3057 = CARTESIAN_POINT ( 'NONE',  ( -3.898341255551686313, 0.3202704693213995757, -2.701903925900830394 ) ) ;
#3058 = ORIENTED_EDGE ( 'NONE', *, *, #3537, .F. ) ;
#3059 = CARTESIAN_POINT ( 'NONE',  ( -3.903867278844385780, 0.4000255680872701336, 2.717513118943325257 ) ) ;
#3060 = ORIENTED_EDGE ( 'NONE', *, *, #2991, .T. ) ;
#3061 = CARTESIAN_POINT ( 'NONE',  ( 0.000000000000000000, 1.029999999999999805, 2.670000000000000373 ) ) ;
#3062 = CARTESIAN_POINT ( 'NONE',  ( -3.249999999999999112, 0.3199999999999999512, 2.700000000000000178 ) ) ;
#3063 = AXIS2_PLACEMENT_3D ( 'NONE', #2363, #1231, #1539 ) ;
#3064 = CARTESIAN_POINT ( 'NONE',  ( -3.901694756643165451, 0.1279404670439438785, 2.613936560174746848 ) ) ;
#3065 = ORIENTED_EDGE ( 'NONE', *, *, #266, .T. ) ;
#3066 = B_SPLINE_CURVE_WITH_KNOTS ( 'NONE', 3,
 ( #2287, #3067, #1396, #632, #2517, #44 ),
 .UNSPECIFIED., .F., .F.,
 ( 4, 2, 4 ),
 ( 0.000000000000000000, 0.5000000000000000000, 1.000000000000000000 ),
 .UNSPECIFIED. ) ;
#3067 = CARTESIAN_POINT ( 'NONE',  ( -3.624719755119660380, 0.3699999999999999400, 2.519606481481482696 ) ) ;
#3068 = AXIS2_PLACEMENT_3D ( 'NONE', #906, #1512, #2046 ) ;
#3069 = DIRECTION ( 'NONE',  ( 0.000000000000000000, 1.000000000000000000, -8.673617379884051249E-15 ) ) ;
#3070 = UNCERTAINTY_MEASURE_WITH_UNIT (LENGTH_MEASURE( 1.000000000000000082E-05 ), #304, 'distance_accuracy_value', 'NONE');
#3071 = DIRECTION ( 'NONE',  ( -0.000000000000000000, 1.000000000000000000, -0.000000000000000000 ) ) ;
#3072 = AXIS2_PLACEMENT_3D ( 'NONE', #2947, #681, #2639 ) ;
#3073 = ORIENTED_EDGE ( 'NONE', *, *, #2448, .F. ) ;
#3074 = EDGE_CURVE ( 'NONE', #460, #35, #3314, .T. ) ;
#3075 = SURFACE_STYLE_FILL_AREA ( #273 ) ;
#3076 = VECTOR ( 'NONE', #3332, 1000.000000000000000 ) ;
#3077 = CARTESIAN_POINT ( 'NONE',  ( -6.919999999999999929, -1.670000000000000151, -1.205000000000001847 ) ) ;
#3078 = CIRCLE ( 'NONE', #475, 0.05000000000000012768 ) ;
#3079 = CARTESIAN_POINT ( 'NONE',  ( -3.800739114877306424, 0.2827592064030347574, -2.605231812153985693 ) ) ;
#3080 = ORIENTED_EDGE ( 'NONE', *, *, #1700, .F. ) ;
#3081 = CYLINDRICAL_SURFACE ( 'NONE', #2754, 0.05000000000000012768 ) ;
#3082 = AXIS2_PLACEMENT_3D ( 'NONE', #780, #1911, #2752 ) ;
#3083 = CARTESIAN_POINT ( 'NONE',  ( -3.558167040358622746, 0.3699999999999997180, 2.670981036534821662 ) ) ;
#3084 = VERTEX_POINT ( 'NONE', #2591 ) ;
#3085 = STYLED_ITEM ( 'NONE', ( #2616 ), #1051 ) ;
#3086 = DIRECTION ( 'NONE',  ( -1.000000000000000000, -0.000000000000000000, -0.000000000000000000 ) ) ;
#3087 =( GEOMETRIC_REPRESENTATION_CONTEXT ( 3 ) GLOBAL_UNCERTAINTY_ASSIGNED_CONTEXT ( ( #975 ) ) GLOBAL_UNIT_ASSIGNED_CONTEXT ( ( #3371, #3390, #2293 ) ) REPRESENTATION_CONTEXT ( 'NONE', 'WORKASPACE' ) );
#3088 = LINE ( 'NONE', #3062, #1348 ) ;
#3089 = CARTESIAN_POINT ( 'NONE',  ( -3.901799456058929305, 0.1264038989204640806, 2.612517136236148119 ) ) ;
#3090 = VERTEX_POINT ( 'NONE', #2025 ) ;
#3091 = LINE ( 'NONE', #2832, #3142 ) ;
#3092 = CARTESIAN_POINT ( 'NONE',  ( -3.199999999999998845, -0.3699999999999999956, -2.649999999999999911 ) ) ;
#3093 = EDGE_CURVE ( 'NONE', #2862, #2325, #3451, .T. ) ;
#3094 = DIRECTION ( 'NONE',  ( -1.000000000000000000, -0.000000000000000000, -1.594414959537506434E-16 ) ) ;
#3095 = EDGE_CURVE ( 'NONE', #502, #561, #127, .T. ) ;
#3096 = DIRECTION ( 'NONE',  ( 0.000000000000000000, 0.000000000000000000, 1.000000000000000000 ) ) ;
#3097 = EDGE_CURVE ( 'NONE', #2089, #1410, #65, .T. ) ;
#3098 = AXIS2_PLACEMENT_3D ( 'NONE', #807, #789, #1937 ) ;
#3099 = DIRECTION ( 'NONE',  ( -0.000000000000000000, -0.000000000000000000, -1.000000000000000000 ) ) ;
#3100 = CARTESIAN_POINT ( 'NONE',  ( -3.938583887435370023, 0.3654830811831376036, -2.716520764552073697 ) ) ;
#3101 = EDGE_LOOP ( 'NONE', ( #2902, #2084, #3236, #911 ) ) ;
#3102 = FILL_AREA_STYLE ('',( #1148 ) ) ;
#3103 = COLOUR_RGB ( '',0.1098039215686274495, 0.1098039215686274495, 0.1098039215686274495 ) ;
#3104 = CARTESIAN_POINT ( 'NONE',  ( -3.755435190099529752, 0.3164326841297578352, 2.610216420302977625 ) ) ;
#3105 = CIRCLE ( 'NONE', #1515, 0.04999999999999991257 ) ;
#3106 = ORIENTED_EDGE ( 'NONE', *, *, #470, .T. ) ;
#3107 = EDGE_CURVE ( 'NONE', #232, #783, #730, .T. ) ;
#3108 = CARTESIAN_POINT ( 'NONE',  ( 2.440000000000001279, -1.250000000000000222, -1.205000000000000293 ) ) ;
#3109 = ORIENTED_EDGE ( 'NONE', *, *, #601, .F. ) ;
#3110 = CARTESIAN_POINT ( 'NONE',  ( -3.969999999999999751, -2.050000000000000266, -1.205000000000001403 ) ) ;
#3111 = EDGE_CURVE ( 'NONE', #1996, #2395, #287, .T. ) ;
#3112 = CARTESIAN_POINT ( 'NONE',  ( -3.199999999999998845, 0.3199999999999999512, -2.649999999999999911 ) ) ;
#3113 = ADVANCED_FACE ( 'NONE', ( #2576 ), #2042, .T. ) ;
#3114 = CARTESIAN_POINT ( 'NONE',  ( 3.200000000000000622, -0.3699999999999999956, -2.649999999999999911 ) ) ;
#3115 = EDGE_LOOP ( 'NONE', ( #2804, #1400, #1084, #148 ) ) ;
#3116 = CARTESIAN_POINT ( 'NONE',  ( -3.920000000000000817, -1.620000000000000773, 2.670000000000000373 ) ) ;
#3117 = SURFACE_STYLE_USAGE ( .BOTH. , #2341 ) ;
#3118 =( GEOMETRIC_REPRESENTATION_CONTEXT ( 3 ) GLOBAL_UNCERTAINTY_ASSIGNED_CONTEXT ( ( #1087 ) ) GLOBAL_UNIT_ASSIGNED_CONTEXT ( ( #1645, #751, #1167 ) ) REPRESENTATION_CONTEXT ( 'NONE', 'WORKASPACE' ) );
#3119 = CARTESIAN_POINT ( 'NONE',  ( -4.630000000000000782, 1.029999999999999805, -2.719999999999999751 ) ) ;
#3120 = CARTESIAN_POINT ( 'NONE',  ( -3.943459727162138329, 0.1809887029324101504, 2.712470292957620543 ) ) ;
#3121 = ORIENTED_EDGE ( 'NONE', *, *, #790, .T. ) ;
#3122 = AXIS2_PLACEMENT_3D ( 'NONE', #757, #1651, #3046 ) ;
#3123 = CYLINDRICAL_SURFACE ( 'NONE', #687, 0.04999999999999991257 ) ;
#3124 = CARTESIAN_POINT ( 'NONE',  ( -3.572369317903177244, 0.3699999999999999400, 2.568038469443444605 ) ) ;
#3125 = ORIENTED_EDGE ( 'NONE', *, *, #3006, .T. ) ;
#3126 = DIRECTION ( 'NONE',  ( 1.000000000000000000, 0.000000000000000000, -0.000000000000000000 ) ) ;
#3127 = PRESENTATION_STYLE_ASSIGNMENT (( #2291 ) ) ;
#3128 = ORIENTED_EDGE ( 'NONE', *, *, #1962, .T. ) ;
#3129 = CARTESIAN_POINT ( 'NONE',  ( 2.640000000000001013, -1.050000000000000044, -2.720000000000000195 ) ) ;
#3130 = VECTOR ( 'NONE', #162, 1000.000000000000000 ) ;
#3131 = CARTESIAN_POINT ( 'NONE',  ( -0.000000000000000000, -0.3699999999999999956, -1.205000000000000293 ) ) ;
#3132 = AXIS2_PLACEMENT_3D ( 'NONE', #3156, #1743, #2873 ) ;
#3133 = CARTESIAN_POINT ( 'NONE',  ( -3.249999999999999112, 0.3699999999999999956, -2.649999999999999467 ) ) ;
#3134 = DIRECTION ( 'NONE',  ( 0.000000000000000000, 0.000000000000000000, 1.000000000000000000 ) ) ;
#3135 = CARTESIAN_POINT ( 'NONE',  ( -3.199999999999998845, -0.3199999999999999512, 2.649999999999999911 ) ) ;
#3136 = CARTESIAN_POINT ( 'NONE',  ( -3.952848588173696331, 0.2652278645408378543, 2.717060791061761460 ) ) ;
#3137 = EDGE_LOOP ( 'NONE', ( #1627, #2760, #1707, #3010 ) ) ;
#3138 = CARTESIAN_POINT ( 'NONE',  ( -4.580000000000000959, 1.079999999999999849, -1.155000000000001581 ) ) ;
#3139 = AXIS2_PLACEMENT_3D ( 'NONE', #2899, #3165, #1211 ) ;
#3140 = COLOUR_RGB ( '',0.1098039215686274495, 0.1098039215686274495, 0.1098039215686274495 ) ;
#3141 = ORIENTED_EDGE ( 'NONE', *, *, #2893, .T. ) ;
#3142 = VECTOR ( 'NONE', #1655, 1000.000000000000000 ) ;
#3143 = CARTESIAN_POINT ( 'NONE',  ( -4.630000000000000782, 0.4200000000000000400, -2.669999999999999485 ) ) ;
#3144 = PRESENTATION_LAYER_ASSIGNMENT (  '', '', ( #1260 ) ) ;
#3145 = LINE ( 'NONE', #947, #1253 ) ;
#3146 = EDGE_CURVE ( 'NONE', #2999, #1133, #299, .T. ) ;
#3147 = CARTESIAN_POINT ( 'NONE',  ( -3.969999999999999751, -1.620000000000000329, -2.669999999999999485 ) ) ;
#3148 = CIRCLE ( 'NONE', #2028, 0.05000000000000012768 ) ;
#3149 = ORIENTED_EDGE ( 'NONE', *, *, #1848, .F. ) ;
#3150 = CARTESIAN_POINT ( 'NONE',  ( 3.350000000000000533, -1.050000000000000044, -2.720000000000000195 ) ) ;
#3151 = STYLED_ITEM ( 'NONE', ( #2858 ), #1300 ) ;
#3152 = DIRECTION ( 'NONE',  ( -1.000000000000000000, 0.000000000000000000, 0.000000000000000000 ) ) ;
#3153 = DIRECTION ( 'NONE',  ( 0.000000000000000000, -1.000000000000000000, 0.000000000000000000 ) ) ;
#3154 = FACE_OUTER_BOUND ( 'NONE', #1498, .T. ) ;
#3155 = CARTESIAN_POINT ( 'NONE',  ( -3.950000000000000178, 0.3999999999999997446, 2.670000000000000373 ) ) ;
#3156 = CARTESIAN_POINT ( 'NONE',  ( -4.580000000000000959, -2.050000000000000266, 1.154999999999999361 ) ) ;
#3157 = CARTESIAN_POINT ( 'NONE',  ( -3.909589070667325750, 0.07469915374371205452, -2.545084494109170148 ) ) ;
#3158 = EDGE_CURVE ( 'NONE', #1880, #2565, #378, .T. ) ;
#3159 = ORIENTED_EDGE ( 'NONE', *, *, #3266, .T. ) ;
#3160 = ORIENTED_EDGE ( 'NONE', *, *, #2086, .T. ) ;
#3161 = VECTOR ( 'NONE', #3554, 1000.000000000000000 ) ;
#3162 = ORIENTED_EDGE ( 'NONE', *, *, #601, .T. ) ;
#3163 = AXIS2_PLACEMENT_3D ( 'NONE', #821, #3374, #247 ) ;
#3164 = FACE_OUTER_BOUND ( 'NONE', #2558, .T. ) ;
#3165 = DIRECTION ( 'NONE',  ( -1.000000000000000000, -0.000000000000000000, -0.000000000000000000 ) ) ;
#3166 = FACE_OUTER_BOUND ( 'NONE', #2410, .T. ) ;
#3167 = ADVANCED_FACE ( 'NONE', ( #2354 ), #3289, .T. ) ;
#3168 = ORIENTED_EDGE ( 'NONE', *, *, #3337, .F. ) ;
#3169 = B_SPLINE_CURVE_WITH_KNOTS ( 'NONE', 3,
 ( #2660, #1243, #1278, #425, #3530, #3220, #1265, #1818, #2679, #1803, #443, #1573, #2350, #2691, #948, #2072, #408, #2101, #3234, #700, #1833, #3412, #2262, #2008, #3582, #572 ),
 .UNSPECIFIED., .F., .F.,
 ( 4, 2, 1, 2, 2, 1, 1, 2, 2, 2, 1, 2, 2, 2, 4 ),
 ( 0.000000000000000000, 0.1250000000000021927, 0.1875000000000016653, 0.2187500000000032196, 0.2500000000000047740, 0.3750000000000110467, 0.4375000000000124900, 0.4687500000000133227, 0.5000000000000142109, 0.6250000000000152101, 0.6875000000000140998, 0.7187500000000133227, 0.7500000000000124345, 0.8750000000000062172, 1.000000000000000000 ),
 .UNSPECIFIED. ) ;
#3170 = DIRECTION ( 'NONE',  ( 0.000000000000000000, 1.000000000000000000, 0.000000000000000000 ) ) ;
#3171 = EDGE_CURVE ( 'NONE', #3531, #3456, #2177, .T. ) ;
#3172 = DIRECTION ( 'NONE',  ( 0.000000000000000000, 1.000000000000000000, 0.000000000000000000 ) ) ;
#3173 = LINE ( 'NONE', #2340, #1264 ) ;
#3174 = ADVANCED_FACE ( 'NONE', ( #218 ), #735, .T. ) ;
#3175 = CARTESIAN_POINT ( 'NONE',  ( -3.899504025040747113, 0.1628234157674503801, -2.645430541951627301 ) ) ;
#3176 = ORIENTED_EDGE ( 'NONE', *, *, #2628, .T. ) ;
#3177 = DIRECTION ( 'NONE',  ( -1.000000000000000000, 0.000000000000000000, 0.000000000000000000 ) ) ;
#3178 = EDGE_CURVE ( 'NONE', #2406, #57, #655, .T. ) ;
#3179 = VERTEX_POINT ( 'NONE', #2133 ) ;
#3180 = DIRECTION ( 'NONE',  ( 1.000000000000000000, 0.000000000000000000, 0.000000000000000000 ) ) ;
#3181 = CARTESIAN_POINT ( 'NONE',  ( -3.964269242098486412, 0.3684231812440216247, -2.719758311624265179 ) ) ;
#3182 = DIRECTION ( 'NONE',  ( -0.000000000000000000, 0.000000000000000000, 1.000000000000000000 ) ) ;
#3183 = ADVANCED_FACE ( 'NONE', ( #1785 ), #3567, .T. ) ;
#3184 = EDGE_LOOP ( 'NONE', ( #3080, #1095, #2255, #3290, #1482, #658, #1864, #494 ) ) ;
#3185 =( LENGTH_UNIT ( ) NAMED_UNIT ( * ) SI_UNIT ( .MILLI., .METRE. ) );
#3186 = SURFACE_STYLE_USAGE ( .BOTH. , #2834 ) ;
#3187 =( NAMED_UNIT ( * ) PLANE_ANGLE_UNIT ( ) SI_UNIT ( $, .RADIAN. ) );
#3188 = CARTESIAN_POINT ( 'NONE',  ( -3.950000000000000178, 0.3999999999999997446, -2.719999999999999751 ) ) ;
#3189 = SURFACE_STYLE_USAGE ( .BOTH. , #2593 ) ;
#3190 = AXIS2_PLACEMENT_3D ( 'NONE', #1607, #3583, #2908 ) ;
#3191 = CARTESIAN_POINT ( 'NONE',  ( -3.920002924939178790, 0.009392103145765485356, -2.668736391462351865 ) ) ;
#3192 = EDGE_LOOP ( 'NONE', ( #332, #1670, #141, #2378, #1936, #1129, #3331, #2445 ) ) ;
#3193 = EDGE_CURVE ( 'NONE', #932, #997, #117, .T. ) ;
#3194 = ORIENTED_EDGE ( 'NONE', *, *, #2808, .T. ) ;
#3195 = LINE ( 'NONE', #1274, #1815 ) ;
#3196 = EDGE_LOOP ( 'NONE', ( #910, #40 ) ) ;
#3197 = VECTOR ( 'NONE', #2215, 1000.000000000000000 ) ;
#3198 = FACE_OUTER_BOUND ( 'NONE', #111, .T. ) ;
#3199 = DIRECTION ( 'NONE',  ( 1.000000000000000000, 0.000000000000000000, -0.000000000000000000 ) ) ;
#3200 = VECTOR ( 'NONE', #1504, 1000.000000000000000 ) ;
#3201 = CARTESIAN_POINT ( 'NONE',  ( 1.590000000000000524, -1.050000000000000044, 1.205000000000000293 ) ) ;
#3202 = AXIS2_PLACEMENT_3D ( 'NONE', #1174, #636, #3424 ) ;
#3203 = ORIENTED_EDGE ( 'NONE', *, *, #1659, .T. ) ;
#3204 =( LENGTH_UNIT ( ) NAMED_UNIT ( * ) SI_UNIT ( .MILLI., .METRE. ) );
#3205 = SURFACE_SIDE_STYLE ('',( #2136 ) ) ;
#3206 =( GEOMETRIC_REPRESENTATION_CONTEXT ( 3 ) GLOBAL_UNCERTAINTY_ASSIGNED_CONTEXT ( ( #817 ) ) GLOBAL_UNIT_ASSIGNED_CONTEXT ( ( #2498, #3630, #64 ) ) REPRESENTATION_CONTEXT ( 'NONE', 'WORKASPACE' ) );
#3207 = CARTESIAN_POINT ( 'NONE',  ( -3.349999999999998757, -0.3699999999999999956, -2.720000000000000195 ) ) ;
#3208 = CARTESIAN_POINT ( 'NONE',  ( 3.200000000000000622, -0.3199999999999999512, 2.649999999999999911 ) ) ;
#3209 = AXIS2_PLACEMENT_3D ( 'NONE', #2944, #1563, #2372 ) ;
#3210 = STYLED_ITEM ( 'NONE', ( #1235 ), #1048 ) ;
#3211 = EDGE_CURVE ( 'NONE', #2123, #1146, #2152, .T. ) ;
#3212 = VECTOR ( 'NONE', #1576, 1000.000000000000000 ) ;
#3213 = ADVANCED_FACE ( 'NONE', ( #474 ), #1722, .F. ) ;
#3214 = EDGE_LOOP ( 'NONE', ( #2229, #2117, #1987, #417 ) ) ;
#3215 = CARTESIAN_POINT ( 'NONE',  ( -3.969999999999999751, -1.720000000000000195, -1.155000000000001581 ) ) ;
#3216 = ORIENTED_EDGE ( 'NONE', *, *, #758, .T. ) ;
#3217 = CARTESIAN_POINT ( 'NONE',  ( -3.948171731538543394, 0.2230664751053561268, -2.715033365587280922 ) ) ;
#3218 = CARTESIAN_POINT ( 'NONE',  ( -3.964213798223487739, 0.3679241840113828266, -2.719748583263986941 ) ) ;
#3219 = AXIS2_PLACEMENT_3D ( 'NONE', #3268, #3598, #1306 ) ;
#3220 = CARTESIAN_POINT ( 'NONE',  ( -3.803629762775516454, 0.4015583196684817113, 2.716476513611266519 ) ) ;
#3221 = EDGE_CURVE ( 'NONE', #783, #916, #2767, .T. ) ;
#3222 = ORIENTED_EDGE ( 'NONE', *, *, #490, .F. ) ;
#3223 = DIRECTION ( 'NONE',  ( 0.000000000000000000, 1.000000000000000000, 0.000000000000000000 ) ) ;
#3224 = CARTESIAN_POINT ( 'NONE',  ( -3.970000000000000639, 1.079999999999999849, 2.720000000000000639 ) ) ;
#3225 = CIRCLE ( 'NONE', #2096, 0.05000000000000012768 ) ;
#3226 = CARTESIAN_POINT ( 'NONE',  ( 0.000000000000000000, 0.3199999999999999512, 2.649999999999999911 ) ) ;
#3227 = ADVANCED_FACE ( 'NONE', ( #2037 ), #1780, .T. ) ;
#3228 = UNCERTAINTY_MEASURE_WITH_UNIT (LENGTH_MEASURE( 1.000000000000000082E-05 ), #3204, 'distance_accuracy_value', 'NONE');
#3229 = EDGE_CURVE ( 'NONE', #2597, #3018, #2901, .T. ) ;
#3230 = ORIENTED_EDGE ( 'NONE', *, *, #291, .F. ) ;
#3231 = VERTEX_POINT ( 'NONE', #30 ) ;
#3232 = CARTESIAN_POINT ( 'NONE',  ( -3.929566001448518087, 0.05513756142617266126, -2.699478395040384004 ) ) ;
#3233 = CARTESIAN_POINT ( 'NONE',  ( -3.520000000000000018, 0.3699999999999996625, -2.667719452608777964 ) ) ;
#3234 = CARTESIAN_POINT ( 'NONE',  ( -3.593850551963390760, 0.3783282858673192028, 2.697640561115920210 ) ) ;
#3235 = CIRCLE ( 'NONE', #2645, 0.05000000000000012768 ) ;
#3236 = ORIENTED_EDGE ( 'NONE', *, *, #2525, .F. ) ;
#3237 = AXIS2_PLACEMENT_3D ( 'NONE', #1858, #739, #1806 ) ;
#3238 = DIRECTION ( 'NONE',  ( 0.000000000000000000, -1.000000000000000000, 0.000000000000000000 ) ) ;
#3239 = DIRECTION ( 'NONE',  ( -0.000000000000000000, -1.000000000000000000, -0.000000000000000000 ) ) ;
#3240 = FACE_OUTER_BOUND ( 'NONE', #2246, .T. ) ;
#3241 = CARTESIAN_POINT ( 'NONE',  ( -4.580000000000000959, -1.620000000000000329, 1.254999999999999227 ) ) ;
#3242 = ORIENTED_EDGE ( 'NONE', *, *, #2294, .F. ) ;
#3243 = CARTESIAN_POINT ( 'NONE',  ( 3.200000000000000622, 0.3199999999999999512, 2.700000000000000178 ) ) ;
#3244 = VECTOR ( 'NONE', #3422, 1000.000000000000000 ) ;
#3245 = ORIENTED_EDGE ( 'NONE', *, *, #2772, .F. ) ;
#3246 = AXIS2_PLACEMENT_3D ( 'NONE', #791, #1921, #3043 ) ;
#3247 = CARTESIAN_POINT ( 'NONE',  ( 3.299999999999997158, 0.4200000000000000400, -2.719999999999999751 ) ) ;
#3248 = LINE ( 'NONE', #423, #541 ) ;
#3249 = DIRECTION ( 'NONE',  ( -0.000000000000000000, 0.000000000000000000, -1.000000000000000000 ) ) ;
#3250 = VECTOR ( 'NONE', #1619, 1000.000000000000000 ) ;
#3251 = ORIENTED_EDGE ( 'NONE', *, *, #3146, .F. ) ;
#3252 = ADVANCED_FACE ( 'NONE', ( #3166 ), #931, .F. ) ;
#3253 = AXIS2_PLACEMENT_3D ( 'NONE', #1571, #2329, #2051 ) ;
#3254 = DIRECTION ( 'NONE',  ( -0.000000000000000000, 1.000000000000000000, -0.000000000000000000 ) ) ;
#3255 = VECTOR ( 'NONE', #2550, 1000.000000000000000 ) ;
#3256 = CARTESIAN_POINT ( 'NONE',  ( -3.920000000000000817, -0.02999999999999979072, 2.619868827155024338 ) ) ;
#3257 = CARTESIAN_POINT ( 'NONE',  ( -3.520000000000000462, 0.3699999999999999956, 2.670000000000000373 ) ) ;
#3258 = AXIS2_PLACEMENT_3D ( 'NONE', #2815, #226, #859 ) ;
#3259 = DIRECTION ( 'NONE',  ( 0.000000000000000000, 1.000000000000000000, 0.000000000000000000 ) ) ;
#3260 = UNCERTAINTY_MEASURE_WITH_UNIT (LENGTH_MEASURE( 1.000000000000000082E-05 ), #1236, 'distance_accuracy_value', 'NONE');
#3261 = AXIS2_PLACEMENT_3D ( 'NONE', #12, #1436, #654 ) ;
#3262 = CARTESIAN_POINT ( 'NONE',  ( -3.967101436946960380, 0.3939129325226408129, 2.720000000000000639 ) ) ;
#3263 = DIRECTION ( 'NONE',  ( 0.000000000000000000, -0.000000000000000000, -1.000000000000000000 ) ) ;
#3264 = ORIENTED_EDGE ( 'NONE', *, *, #2327, .F. ) ;
#3265 = DIRECTION ( 'NONE',  ( 1.000000000000000000, -0.000000000000000000, -0.000000000000000000 ) ) ;
#3266 = EDGE_CURVE ( 'NONE', #3402, #1462, #2830, .T. ) ;
#3267 = ORIENTED_EDGE ( 'NONE', *, *, #1709, .F. ) ;
#3268 = CARTESIAN_POINT ( 'NONE',  ( 0.000000000000000000, -0.3699999999999999956, 0.000000000000000000 ) ) ;
#3269 = EDGE_CURVE ( 'NONE', #3296, #1410, #2709, .T. ) ;
#3270 = CARTESIAN_POINT ( 'NONE',  ( -3.967101436946959492, 0.3939129325226405354, -2.719999999999999751 ) ) ;
#3271 = CARTESIAN_POINT ( 'NONE',  ( -4.580000000000000959, -2.100000000000000089, -1.155000000000001581 ) ) ;
#3272 = DIRECTION ( 'NONE',  ( 0.000000000000000000, 0.000000000000000000, 1.000000000000000000 ) ) ;
#3273 = ORIENTED_EDGE ( 'NONE', *, *, #2718, .F. ) ;
#3274 = FACE_OUTER_BOUND ( 'NONE', #2496, .T. ) ;
#3275 = DIRECTION ( 'NONE',  ( 0.000000000000000000, 0.000000000000000000, 1.000000000000000000 ) ) ;
#3276 = EDGE_LOOP ( 'NONE', ( #3149, #942, #2837, #1979 ) ) ;
#3277 = FACE_OUTER_BOUND ( 'NONE', #3414, .T. ) ;
#3278 = AXIS2_PLACEMENT_3D ( 'NONE', #2260, #3094, #3613 ) ;
#3279 = CARTESIAN_POINT ( 'NONE',  ( -3.970000000000000639, -1.620000000000000773, 2.670000000000000373 ) ) ;
#3280 = DIRECTION ( 'NONE',  ( 0.000000000000000000, -1.000000000000000000, 0.000000000000000000 ) ) ;
#3281 = EDGE_CURVE ( 'NONE', #3531, #1150, #2882, .T. ) ;
#3282 = DIRECTION ( 'NONE',  ( 0.000000000000000000, 0.000000000000000000, 1.000000000000000000 ) ) ;
#3283 = EDGE_CURVE ( 'NONE', #1268, #2738, #952, .T. ) ;
#3284 = VERTEX_POINT ( 'NONE', #337 ) ;
#3285 = ORIENTED_EDGE ( 'NONE', *, *, #2055, .F. ) ;
#3286 = CARTESIAN_POINT ( 'NONE',  ( 3.350000000000000089, 1.029999999999999805, 2.670000000000000373 ) ) ;
#3287 = CARTESIAN_POINT ( 'NONE',  ( -4.580000000000000959, 0.3999999999999997446, -2.719999999999999751 ) ) ;
#3288 = DIRECTION ( 'NONE',  ( -1.000000000000000000, 0.000000000000000000, -0.000000000000000000 ) ) ;
#3289 = CYLINDRICAL_SURFACE ( 'NONE', #2656, 0.04999999999999991257 ) ;
#3290 = ORIENTED_EDGE ( 'NONE', *, *, #551, .T. ) ;
#3291 = DIRECTION ( 'NONE',  ( -0.000000000000000000, -1.000000000000000000, -0.000000000000000000 ) ) ;
#3292 = CARTESIAN_POINT ( 'NONE',  ( 0.000000000000000000, -2.100000000000000089, 1.205000000000000293 ) ) ;
#3293 = EDGE_CURVE ( 'NONE', #1943, #310, #2007, .T. ) ;
#3294 = COLOUR_RGB ( '',0.1098039215686274495, 0.1098039215686274495, 0.1098039215686274495 ) ;
#3295 = CARTESIAN_POINT ( 'NONE',  ( -3.920000000000000817, 0.02236931790317957594, 2.569037486865942910 ) ) ;
#3296 = VERTEX_POINT ( 'NONE', #8 ) ;
#3297 = CARTESIAN_POINT ( 'NONE',  ( -3.970000000000000639, 1.079999999999999849, 2.670000000000000373 ) ) ;
#3298 = FILL_AREA_STYLE_COLOUR ( '', #2254 ) ;
#3299 = VERTEX_POINT ( 'NONE', #46 ) ;
#3300 = CARTESIAN_POINT ( 'NONE',  ( -3.780253440546344379, 0.3188742976568858523, -2.643002107762043806 ) ) ;
#3301 = ORIENTED_EDGE ( 'NONE', *, *, #1322, .T. ) ;
#3302 = CARTESIAN_POINT ( 'NONE',  ( 3.299999999999999822, 1.029999999999999805, -2.669999999999999485 ) ) ;
#3303 = VECTOR ( 'NONE', #3003, 1000.000000000000000 ) ;
#3304 = CARTESIAN_POINT ( 'NONE',  ( -3.651523979897770111, 0.3846451327104697948, -2.705422409440350950 ) ) ;
#3305 = CARTESIAN_POINT ( 'NONE',  ( -3.822191536224387232, 0.4035768373582640511, 2.717882187966925933 ) ) ;
#3306 = ORIENTED_EDGE ( 'NONE', *, *, #320, .T. ) ;
#3307 = CYLINDRICAL_SURFACE ( 'NONE', #421, 0.05000000000000012768 ) ;
#3308 = CARTESIAN_POINT ( 'NONE',  ( 3.299999999999999822, 0.4200000000000000400, 2.720000000000000639 ) ) ;
#3309 = CARTESIAN_POINT ( 'NONE',  ( -3.920038336053818462, 0.009320995317456405235, 2.672212455046546253 ) ) ;
#3310 = EDGE_LOOP ( 'NONE', ( #2534, #2374, #1889, #203 ) ) ;
#3311 = SPHERICAL_SURFACE ( 'NONE', #1013, 0.05000000000000000278 ) ;
#3312 = AXIS2_PLACEMENT_3D ( 'NONE', #557, #1693, #2811 ) ;
#3313 = FACE_OUTER_BOUND ( 'NONE', #349, .T. ) ;
#3314 = CIRCLE ( 'NONE', #1548, 0.05000000000000012768 ) ;
#3315 =( NAMED_UNIT ( * ) PLANE_ANGLE_UNIT ( ) SI_UNIT ( $, .RADIAN. ) );
#3316 = VECTOR ( 'NONE', #2994, 1000.000000000000000 ) ;
#3317 = ORIENTED_EDGE ( 'NONE', *, *, #3321, .T. ) ;
#3318 = CIRCLE ( 'NONE', #718, 0.04999999999999991257 ) ;
#3319 = LINE ( 'NONE', #2124, #536 ) ;
#3320 = DIRECTION ( 'NONE',  ( 1.000000000000000000, 0.000000000000000000, -0.000000000000000000 ) ) ;
#3321 = EDGE_CURVE ( 'NONE', #916, #3296, #1431, .T. ) ;
#3322 = CARTESIAN_POINT ( 'NONE',  ( -3.847996501480313469, 0.2332110037702446181, -2.601805198534897112 ) ) ;
#3323 = ORIENTED_EDGE ( 'NONE', *, *, #2823, .T. ) ;
#3324 = DIRECTION ( 'NONE',  ( 0.000000000000000000, -0.000000000000000000, 1.000000000000000000 ) ) ;
#3325 = EDGE_CURVE ( 'NONE', #1146, #1268, #2587, .T. ) ;
#3326 = CARTESIAN_POINT ( 'NONE',  ( -3.519999999999999574, 0.3699999999999999956, -2.669999999999999485 ) ) ;
#3327 = CARTESIAN_POINT ( 'NONE',  ( -3.787333722145121317, 0.2955917707818344065, 2.608643600396494566 ) ) ;
#3328 = ORIENTED_EDGE ( 'NONE', *, *, #10, .T. ) ;
#3329 = DIRECTION ( 'NONE',  ( 1.594414959537506187E-16, 0.000000000000000000, -1.000000000000000000 ) ) ;
#3330 = CARTESIAN_POINT ( 'NONE',  ( -3.953576837358264484, 0.2721915362243849112, 2.717882187966925933 ) ) ;
#3331 = ORIENTED_EDGE ( 'NONE', *, *, #2571, .F. ) ;
#3332 = DIRECTION ( 'NONE',  ( -1.000000000000000000, 0.000000000000000000, 0.000000000000000000 ) ) ;
#3333 = CARTESIAN_POINT ( 'NONE',  ( -3.969999999999999751, -1.620000000000000329, -1.205000000000001403 ) ) ;
#3334 = UNCERTAINTY_MEASURE_WITH_UNIT (LENGTH_MEASURE( 1.000000000000000082E-05 ), #1254, 'distance_accuracy_value', 'NONE');
#3335 = DIRECTION ( 'NONE',  ( 0.000000000000000000, 0.000000000000000000, 1.000000000000000000 ) ) ;
#3336 = CARTESIAN_POINT ( 'NONE',  ( -3.961358850143790189, 0.3422296512941214175, 2.719247644909807970 ) ) ;
#3337 = EDGE_CURVE ( 'NONE', #1586, #736, #1172, .T. ) ;
#3338 = FACE_OUTER_BOUND ( 'NONE', #2472, .T. ) ;
#3339 = DIRECTION ( 'NONE',  ( 0.000000000000000000, -1.000000000000000000, 0.000000000000000000 ) ) ;
#3340 = CARTESIAN_POINT ( 'NONE',  ( -3.869514555341702522, 0.1714475921483597509, -2.544620242168891266 ) ) ;
#3341 = MANIFOLD_SOLID_BREP ( 'Fillet2', #1448 ) ;
#3342 = ORIENTED_EDGE ( 'NONE', *, *, #819, .F. ) ;
#3343 = LINE ( 'NONE', #1868, #1622 ) ;
#3344 = CARTESIAN_POINT ( 'NONE',  ( -3.560432377638760304, 0.3701814272053404187, 2.674284294785943761 ) ) ;
#3345 = ORIENTED_EDGE ( 'NONE', *, *, #682, .T. ) ;
#3346 = SURFACE_STYLE_FILL_AREA ( #2940 ) ;
#3347 = CARTESIAN_POINT ( 'NONE',  ( -3.572369317903180352, 0.3699999999999999400, -2.519606481481481808 ) ) ;
#3348 = CARTESIAN_POINT ( 'NONE',  ( -3.932830472185190107, 0.3712800677041593889, 2.716272443146895643 ) ) ;
#3349 = EDGE_CURVE ( 'NONE', #2788, #3090, #1154, .T. ) ;
#3350 = EDGE_LOOP ( 'NONE', ( #2285, #2112, #1805, #2032 ) ) ;
#3351 = CYLINDRICAL_SURFACE ( 'NONE', #901, 0.05000000000000012768 ) ;
#3352 = SURFACE_SIDE_STYLE ('',( #2220 ) ) ;
#3353 = DIRECTION ( 'NONE',  ( 1.000000000000000000, 0.000000000000000000, 0.000000000000000000 ) ) ;
#3354 = CARTESIAN_POINT ( 'NONE',  ( -3.932830472185190107, 0.3712800677041593889, 2.716272443146895643 ) ) ;
#3355 = FACE_OUTER_BOUND ( 'NONE', #2846, .T. ) ;
#3356 = FACE_OUTER_BOUND ( 'NONE', #2333, .T. ) ;
#3357 = AXIS2_PLACEMENT_3D ( 'NONE', #1412, #1580, #1841 ) ;
#3358 = CARTESIAN_POINT ( 'NONE',  ( 1.590000000000000524, -1.050000000000000044, -1.205000000000000293 ) ) ;
#3359 = CARTESIAN_POINT ( 'NONE',  ( -3.784578655278296733, 0.2944645296055160566, -2.603224494393200583 ) ) ;
#3360 = ORIENTED_EDGE ( 'NONE', *, *, #2433, .T. ) ;
#3361 = DIRECTION ( 'NONE',  ( -1.594414959537506434E-16, 0.000000000000000000, 1.000000000000000000 ) ) ;
#3362 = CARTESIAN_POINT ( 'NONE',  ( -3.624699153743711211, 0.3595890706673267045, 2.548113249376618317 ) ) ;
#3363 = ORIENTED_EDGE ( 'NONE', *, *, #1503, .T. ) ;
#3364 = CARTESIAN_POINT ( 'NONE',  ( -4.630000000000000782, -1.620000000000000329, -2.669999999999999041 ) ) ;
#3365 = ADVANCED_FACE ( 'NONE', ( #2000 ), #3499, .T. ) ;
#3366 = CARTESIAN_POINT ( 'NONE',  ( -3.520000000000000462, -0.03000000000000007869, 2.720000000000000639 ) ) ;
#3367 = VECTOR ( 'NONE', #1626, 1000.000000000000000 ) ;
#3368 = CARTESIAN_POINT ( 'NONE',  ( -3.896672551260369932, 0.3205941930056093736, 2.702264766115701544 ) ) ;
#3369 = ORIENTED_EDGE ( 'NONE', *, *, #2276, .T. ) ;
#3370 = ADVANCED_FACE ( 'NONE', ( #2381 ), #2408, .F. ) ;
#3371 =( LENGTH_UNIT ( ) NAMED_UNIT ( * ) SI_UNIT ( .MILLI., .METRE. ) );
#3372 = UNCERTAINTY_MEASURE_WITH_UNIT (LENGTH_MEASURE( 1.000000000000000082E-05 ), #3014, 'distance_accuracy_value', 'NONE');
#3373 =( NAMED_UNIT ( * ) SI_UNIT ( $, .STERADIAN. ) SOLID_ANGLE_UNIT ( ) );
#3374 = DIRECTION ( 'NONE',  ( 0.000000000000000000, -0.000000000000000000, -1.000000000000000000 ) ) ;
#3375 =( NAMED_UNIT ( * ) SI_UNIT ( $, .STERADIAN. ) SOLID_ANGLE_UNIT ( ) );
#3376 = DIRECTION ( 'NONE',  ( 0.000000000000000000, 0.000000000000000000, -1.000000000000000000 ) ) ;
#3377 = AXIS2_PLACEMENT_3D ( 'NONE', #2349, #2289, #3421 ) ;
#3378 = CARTESIAN_POINT ( 'NONE',  ( -3.848769881764679379, 0.2347296987132274082, -2.605229532146353222 ) ) ;
#3379 = ORIENTED_EDGE ( 'NONE', *, *, #801, .F. ) ;
#3380 = CARTESIAN_POINT ( 'NONE',  ( -3.961358850143791077, 0.3422296512941185864, 2.719247644909808859 ) ) ;
#3381 = AXIS2_PLACEMENT_3D ( 'NONE', #3112, #2611, #82 ) ;
#3382 = CARTESIAN_POINT ( 'NONE',  ( -3.833474229216110363, 0.3987144197746129159, 2.716082524368280016 ) ) ;
#3383 = ORIENTED_EDGE ( 'NONE', *, *, #1503, .F. ) ;
#3384 = EDGE_CURVE ( 'NONE', #2065, #788, #3546, .T. ) ;
#3385 = AXIS2_PLACEMENT_3D ( 'NONE', #3241, #1272, #1323 ) ;
#3386 = AXIS2_PLACEMENT_3D ( 'NONE', #2187, #2207, #1916 ) ;
#3387 = SURFACE_STYLE_USAGE ( .BOTH. , #1352 ) ;
#3388 = EDGE_CURVE ( 'NONE', #598, #3619, #1247, .T. ) ;
#3389 = ORIENTED_EDGE ( 'NONE', *, *, #108, .F. ) ;
#3390 =( NAMED_UNIT ( * ) PLANE_ANGLE_UNIT ( ) SI_UNIT ( $, .RADIAN. ) );
#3391 = SURFACE_STYLE_FILL_AREA ( #2885 ) ;
#3392 = ORIENTED_EDGE ( 'NONE', *, *, #3600, .T. ) ;
#3393 = CYLINDRICAL_SURFACE ( 'NONE', #1026, 0.05000000000000012768 ) ;
#3394 = DIRECTION ( 'NONE',  ( 0.000000000000000000, 0.000000000000000000, 1.000000000000000000 ) ) ;
#3395 = B_SPLINE_SURFACE_WITH_KNOTS ( 'NONE', 3, 3, ( 
 ( #3565, #2936, #1538, #3516, #2678, #2920, #983, #2100, #3233, #2115, #3545, #714 ),
 ( #1832, #1036, #177, #1277, #2150, #2953, #145, #1851, #2393, #2971, #1572, #441 ),
 ( #2690, #1289, #2407, #1016, #1869, #2985, #457, #1519, #2643, #1588, #2707, #2362 ),
 ( #3497, #113, #966, #2087, #1883, #2724, #3001, #1605, #472, #195, #1126, #2526 ),
 ( #1111, #1687, #1935, #2167, #3300, #3617, #3636, #275, #2803, #573, #1894, #1973 ),
 ( #3039, #2189, #766, #1403, #2228, #1706, #3359, #1643, #824, #1953, #1384, #1621 ),
 ( #2740, #1071, #1344, #211, #1094, #3079, #2, #2245, #2208, #1423, #2463, #550 ),
 ( #787, #2821, #3057, #527, #3596, #3378, #3322, #1917, #3020, #511, #847, #293 ),
 ( #3100, #2759, #3579, #1052, #2504, #493, #231, #1363, #252, #2485, #3340, #805 ),
 ( #1663, #2779, #3473, #590, #3175, #2343, #611, #309, #1202, #2840, #3157, #628 ),
 ( #941, #1443, #889, #343, #2579, #2064, #1461, #3191, #1744, #1223, #1725, #384 ),
 ( #2047, #1759, #52, #1182, #2915, #2542, #2874, #657, #642, #2280, #68, #3455 ) ),
 .UNSPECIFIED., .F., .F., .F.,
 ( 4, 2, 2, 2, 2, 4 ),
 ( 4, 2, 2, 2, 2, 4 ),
 ( 0.000000000000000000, 0.2499999999999998890, 0.3750000000000001665, 0.5000000000000004441, 0.7499999999999998890, 1.000000000000000000 ),
 ( 0.000000000000000000, 0.3399149254627440997, 0.6798298509254881994, 0.7180881202339757241, 0.7357076127193526993, 1.000000000000000000 ),
 .UNSPECIFIED. ) ;
#3396 = CARTESIAN_POINT ( 'NONE',  ( -3.519999999999999574, 0.3699999999999999956, -2.669999999999999485 ) ) ;
#3397 = CARTESIAN_POINT ( 'NONE',  ( -3.936471385855184302, 0.1180956489682935817, 2.707101620383238760 ) ) ;
#3398 = EDGE_LOOP ( 'NONE', ( #2850, #1240, #3502, #3379 ) ) ;
#3399 = EDGE_CURVE ( 'NONE', #1462, #2999, #2132, .T. ) ;
#3400 = CARTESIAN_POINT ( 'NONE',  ( -3.784330700232292788, 0.2713547247169450505, 2.544892775256526019 ) ) ;
#3401 = CIRCLE ( 'NONE', #985, 0.05000000000000012768 ) ;
#3402 = VERTEX_POINT ( 'NONE', #3479 ) ;
#3403 = CARTESIAN_POINT ( 'NONE',  ( -3.919999999999999929, 0.4200000000000000400, -2.719999999999999751 ) ) ;
#3404 = CARTESIAN_POINT ( 'NONE',  ( -3.249999999999999112, 0.3199999999999999512, 2.700000000000000178 ) ) ;
#3405 = ORIENTED_EDGE ( 'NONE', *, *, #1425, .F. ) ;
#3406 = DIRECTION ( 'NONE',  ( 0.000000000000000000, -1.000000000000000000, 0.000000000000000000 ) ) ;
#3407 = LINE ( 'NONE', #323, #2907 ) ;
#3408 = CARTESIAN_POINT ( 'NONE',  ( 3.299999999999999822, 0.4200000000000000400, -2.669999999999999485 ) ) ;
#3409 = DIRECTION ( 'NONE',  ( -0.000000000000000000, -1.000000000000000000, 0.000000000000000000 ) ) ;
#3410 = CARTESIAN_POINT ( 'NONE',  ( -3.349999999999998757, -0.3699999999999999956, -2.720000000000000195 ) ) ;
#3411 = PRESENTATION_STYLE_ASSIGNMENT (( #85 ) ) ;
#3412 = CARTESIAN_POINT ( 'NONE',  ( -3.562058110203248251, 0.3748118616994416397, 2.691764358556684389 ) ) ;
#3413 = CARTESIAN_POINT ( 'NONE',  ( -3.949143597490017310, 0.2318387801168861617, 2.715445498165506066 ) ) ;
#3414 = EDGE_LOOP ( 'NONE', ( #1726, #2250, #1279 ) ) ;
#3415 = EDGE_CURVE ( 'NONE', #3032, #3563, #118, .T. ) ;
#3416 = AXIS2_PLACEMENT_3D ( 'NONE', #1694, #2812, #559 ) ;
#3417 = SURFACE_STYLE_USAGE ( .BOTH. , #1446 ) ;
#3418 = CARTESIAN_POINT ( 'NONE',  ( -3.799651226146662619, 0.2819764407071282397, 2.602393238935159836 ) ) ;
#3419 = EDGE_LOOP ( 'NONE', ( #643, #1375, #854, #1053 ) ) ;
#3420 = DIRECTION ( 'NONE',  ( 0.000000000000000000, 0.000000000000000000, -1.000000000000000000 ) ) ;
#3421 = DIRECTION ( 'NONE',  ( 0.000000000000000000, 0.000000000000000000, -1.000000000000000000 ) ) ;
#3422 = DIRECTION ( 'NONE',  ( -0.000000000000000000, -1.000000000000000000, -0.000000000000000000 ) ) ;
#3423 = VERTEX_POINT ( 'NONE', #3271 ) ;
#3424 = DIRECTION ( 'NONE',  ( 8.673617379884013384E-15, 0.000000000000000000, 1.000000000000000000 ) ) ;
#3425 = COLOUR_RGB ( '',0.7921568627450980005, 0.8196078431372548767, 0.9333333333333333481 ) ;
#3426 = DIRECTION ( 'NONE',  ( 1.000000000000000000, 0.000000000000000000, 0.000000000000000000 ) ) ;
#3427 = CARTESIAN_POINT ( 'NONE',  ( 3.299999999999999822, 1.029999999999999805, 2.670000000000000373 ) ) ;
#3428 = DIRECTION ( 'NONE',  ( 1.000000000000000000, 3.637233570339487753E-32, 0.000000000000000000 ) ) ;
#3429 =( NAMED_UNIT ( * ) SI_UNIT ( $, .STERADIAN. ) SOLID_ANGLE_UNIT ( ) );
#3430 = CYLINDRICAL_SURFACE ( 'NONE', #191, 0.05000000000000012768 ) ;
#3431 = MECHANICAL_DESIGN_GEOMETRIC_PRESENTATION_REPRESENTATION (  '', ( #1489 ), #2305 ) ;
#3432 = CARTESIAN_POINT ( 'NONE',  ( 2.640000000000001013, -1.050000000000000044, -2.720000000000000195 ) ) ;
#3433 = ORIENTED_EDGE ( 'NONE', *, *, #747, .F. ) ;
#3434 = ORIENTED_EDGE ( 'NONE', *, *, #1685, .T. ) ;
#3435 = CARTESIAN_POINT ( 'NONE',  ( -4.580000000000000959, -2.100000000000000089, -1.205000000000001403 ) ) ;
#3436 = PRESENTATION_LAYER_ASSIGNMENT (  '', '', ( #2958 ) ) ;
#3437 = EDGE_CURVE ( 'NONE', #3423, #1720, #1520, .T. ) ;
#3438 = VERTEX_POINT ( 'NONE', #984 ) ;
#3439 = AXIS2_PLACEMENT_3D ( 'NONE', #1717, #2475, #1415 ) ;
#3440 = DIRECTION ( 'NONE',  ( 0.000000000000000000, 0.000000000000000000, -1.000000000000000000 ) ) ;
#3441 = VECTOR ( 'NONE', #1455, 1000.000000000000000 ) ;
#3442 = DIRECTION ( 'NONE',  ( 0.000000000000000000, 0.000000000000000000, -1.000000000000000000 ) ) ;
#3443 = CARTESIAN_POINT ( 'NONE',  ( 3.299999999999999822, 1.029999999999999805, 2.670000000000000373 ) ) ;
#3444 = EDGE_CURVE ( 'NONE', #2841, #3231, #2116, .T. ) ;
#3445 = AXIS2_PLACEMENT_3D ( 'NONE', #1361, #1686, #1092 ) ;
#3446 = EDGE_LOOP ( 'NONE', ( #2467, #331, #1432, #1649, #313, #2763 ) ) ;
#3447 = VECTOR ( 'NONE', #3406, 1000.000000000000000 ) ;
#3448 = LINE ( 'NONE', #322, #3447 ) ;
#3449 = LINE ( 'NONE', #1508, #3614 ) ;
#3450 = COLOUR_RGB ( '',0.1098039215686274495, 0.1098039215686274495, 0.1098039215686274495 ) ;
#3451 = LINE ( 'NONE', #1217, #1734 ) ;
#3452 = CARTESIAN_POINT ( 'NONE',  ( -3.921274621634032176, 0.3828250254376070472, -2.716334523498189046 ) ) ;
#3453 =( LENGTH_UNIT ( ) NAMED_UNIT ( * ) SI_UNIT ( .MILLI., .METRE. ) );
#3454 = CARTESIAN_POINT ( 'NONE',  ( 3.200000000000000622, 0.3699999999999999956, 2.649999999999999911 ) ) ;
#3455 = CARTESIAN_POINT ( 'NONE',  ( -3.919999999999999929, -0.03000000000000003011, -2.519606481481481808 ) ) ;
#3456 = VERTEX_POINT ( 'NONE', #1871 ) ;
#3457 = VERTEX_POINT ( 'NONE', #391 ) ;
#3458 = LINE ( 'NONE', #1796, #1460 ) ;
#3459 = ORIENTED_EDGE ( 'NONE', *, *, #2718, .T. ) ;
#3460 = VECTOR ( 'NONE', #2077, 1000.000000000000000 ) ;
#3461 = CARTESIAN_POINT ( 'NONE',  ( -3.924811868198159637, 0.01205816975027806937, -2.691764372179257681 ) ) ;
#3462 = AXIS2_PLACEMENT_3D ( 'NONE', #3615, #2967, #156 ) ;
#3463 = LINE ( 'NONE', #45, #2778 ) ;
#3464 = DIRECTION ( 'NONE',  ( -0.000000000000000000, -1.000000000000000000, -0.000000000000000000 ) ) ;
#3465 = EDGE_LOOP ( 'NONE', ( #533, #1050, #2464, #760 ) ) ;
#3466 = CARTESIAN_POINT ( 'NONE',  ( -3.520000000000000462, 0.3699999999999999956, 2.670000000000000373 ) ) ;
#3467 = DIRECTION ( 'NONE',  ( 0.000000000000000000, 1.000000000000000000, 0.000000000000000000 ) ) ;
#3468 = ADVANCED_FACE ( 'NONE', ( #2972 ), #1505, .T. ) ;
#3469 = CARTESIAN_POINT ( 'NONE',  ( -3.349999999999998757, -1.050000000000000044, -2.720000000000000195 ) ) ;
#3470 = CARTESIAN_POINT ( 'NONE',  ( -3.938583887435370023, 0.3654830811831376036, -2.716520764552073697 ) ) ;
#3471 = CARTESIAN_POINT ( 'NONE',  ( 3.299999999999999822, 0.4200000000000000400, 2.670000000000000373 ) ) ;
#3472 =( LENGTH_UNIT ( ) NAMED_UNIT ( * ) SI_UNIT ( .MILLI., .METRE. ) );
#3473 = CARTESIAN_POINT ( 'NONE',  ( -3.915632511725322118, 0.2864431079779699019, -2.703332552710143943 ) ) ;
#3474 = ORIENTED_EDGE ( 'NONE', *, *, #3211, .F. ) ;
#3475 = DIRECTION ( 'NONE',  ( 0.000000000000000000, 0.000000000000000000, 1.000000000000000000 ) ) ;
#3476 = VERTEX_POINT ( 'NONE', #1555 ) ;
#3477 = LINE ( 'NONE', #2070, #3569 ) ;
#3478 = CYLINDRICAL_SURFACE ( 'NONE', #1669, 0.05000000000000012768 ) ;
#3479 = CARTESIAN_POINT ( 'NONE',  ( -3.199999999999998845, -0.3699999999999999956, 2.649999999999999911 ) ) ;
#3480 = ORIENTED_EDGE ( 'NONE', *, *, #1481, .F. ) ;
#3481 =( BOUNDED_SURFACE ( )  B_SPLINE_SURFACE ( 3, 2, ( 
 ( #2307, #28, #1152 ),
 ( #1484, #649, #3181 ),
 ( #2268, #2071, #2052 ),
 ( #618, #1751, #1779 ) ),
 .UNSPECIFIED., .F., .F., .T. ) 
 B_SPLINE_SURFACE_WITH_KNOTS ( ( 4, 4 ),
 ( 3, 3 ),
 ( 0.8440135373930367502, 1.000000000000000000 ),
 ( 0.000000000000000000, 1.000000000000000000 ),
 .UNSPECIFIED. ) 
 GEOMETRIC_REPRESENTATION_ITEM ( )  RATIONAL_B_SPLINE_SURFACE ( (
 ( 1.000000000000000000, 0.9925049651424957542, 1.000000000000000000),
 ( 1.000000000000000000, 0.9975783642198687851, 1.000000000000000000),
 ( 1.000000000000000000, 1.000005664554399099, 1.000000000000000000),
 ( 1.000000000000000000, 1.000000000000000000, 1.000000000000000000) ) ) 
 REPRESENTATION_ITEM ( '' )  SURFACE ( )  );
#3482 = EDGE_CURVE ( 'NONE', #2395, #1776, #1006, .T. ) ;
#3483 = CARTESIAN_POINT ( 'NONE',  ( -3.969999999999999751, -2.100000000000000089, -2.669999999999999929 ) ) ;
#3484 = DIRECTION ( 'NONE',  ( 0.000000000000000000, -0.000000000000000000, -1.000000000000000000 ) ) ;
#3485 = EDGE_CURVE ( 'NONE', #2436, #208, #3169, .T. ) ;
#3486 = FILL_AREA_STYLE ('',( #1510 ) ) ;
#3487 = SURFACE_STYLE_USAGE ( .BOTH. , #2871 ) ;
#3488 = VECTOR ( 'NONE', #2253, 1000.000000000000000 ) ;
#3489 = LINE ( 'NONE', #2619, #830 ) ;
#3490 = CARTESIAN_POINT ( 'NONE',  ( -3.969999999999999751, -1.670000000000000151, 1.204999999999999183 ) ) ;
#3491 = VERTEX_POINT ( 'NONE', #1705 ) ;
#3492 = LINE ( 'NONE', #1480, #2927 ) ;
#3493 = EDGE_CURVE ( 'NONE', #310, #577, #1606, .T. ) ;
#3494 = ORIENTED_EDGE ( 'NONE', *, *, #2030, .F. ) ;
#3495 = AXIS2_PLACEMENT_3D ( 'NONE', #170, #2388, #3282 ) ;
#3496 = DIRECTION ( 'NONE',  ( -1.000000000000000000, 0.000000000000000000, -1.594414959537506187E-16 ) ) ;
#3497 = CARTESIAN_POINT ( 'NONE',  ( -3.912579130598448085, 0.3914443075983461973, -2.716768853149886365 ) ) ;
#3498 =( GEOMETRIC_REPRESENTATION_CONTEXT ( 3 ) GLOBAL_UNCERTAINTY_ASSIGNED_CONTEXT ( ( #2476 ) ) GLOBAL_UNIT_ASSIGNED_CONTEXT ( ( #2240, #3315, #1891 ) ) REPRESENTATION_CONTEXT ( 'NONE', 'WORKASPACE' ) );
#3499 = SPHERICAL_SURFACE ( 'NONE', #1777, 0.05000000000000000278 ) ;
#3500 = AXIS2_PLACEMENT_3D ( 'NONE', #2797, #563, #798 ) ;
#3501 = EDGE_CURVE ( 'NONE', #925, #2511, #355, .T. ) ;
#3502 = ORIENTED_EDGE ( 'NONE', *, *, #167, .T. ) ;
#3503 = ADVANCED_FACE ( 'NONE', ( #308 ), #867, .T. ) ;
#3504 = DIRECTION ( 'NONE',  ( 0.000000000000000000, -0.000000000000000000, 1.000000000000000000 ) ) ;
#3505 = DIRECTION ( 'NONE',  ( 1.000000000000000000, 0.000000000000000000, 0.000000000000000000 ) ) ;
#3506 = CARTESIAN_POINT ( 'NONE',  ( -3.955713830196887493, 0.3480484663783174337, -2.718257151589937415 ) ) ;
#3507 =( GEOMETRIC_REPRESENTATION_CONTEXT ( 3 ) GLOBAL_UNCERTAINTY_ASSIGNED_CONTEXT ( ( #1718 ) ) GLOBAL_UNIT_ASSIGNED_CONTEXT ( ( #2417, #189, #1299 ) ) REPRESENTATION_CONTEXT ( 'NONE', 'WORKASPACE' ) );
#3508 = VECTOR ( 'NONE', #2574, 1000.000000000000000 ) ;
#3509 = TOROIDAL_SURFACE ( 'NONE', #1748, 0.1000000000000000056, 0.05000000000000000278 ) ;
#3510 = FILL_AREA_STYLE ('',( #1031 ) ) ;
#3511 = CIRCLE ( 'NONE', #3163, 0.04999999999999969746 ) ;
#3512 = ORIENTED_EDGE ( 'NONE', *, *, #1439, .F. ) ;
#3513 = FILL_AREA_STYLE ('',( #402 ) ) ;
#3514 = EDGE_LOOP ( 'NONE', ( #1781, #3216, #2828, #1906 ) ) ;
#3515 = SURFACE_STYLE_USAGE ( .BOTH. , #2113 ) ;
#3516 = CARTESIAN_POINT ( 'NONE',  ( -3.637349169949258165, 0.3830387966610285244, -2.704861696420116868 ) ) ;
#3517 = DIRECTION ( 'NONE',  ( 1.000000000000000000, -0.000000000000000000, 1.594414959537506187E-16 ) ) ;
#3518 = VERTEX_POINT ( 'NONE', #2541 ) ;
#3519 = CARTESIAN_POINT ( 'NONE',  ( -3.892229651294121684, 0.4113588501437900335, 2.719247644909807970 ) ) ;
#3520 =( NAMED_UNIT ( * ) PLANE_ANGLE_UNIT ( ) SI_UNIT ( $, .RADIAN. ) );
#3521 = SURFACE_SIDE_STYLE ('',( #2455 ) ) ;
#3522 = CARTESIAN_POINT ( 'NONE',  ( 3.200000000000000622, -0.3699999999999999956, 2.700000000000000178 ) ) ;
#3523 = FACE_OUTER_BOUND ( 'NONE', #3398, .T. ) ;
#3524 = FACE_OUTER_BOUND ( 'NONE', #793, .T. ) ;
#3525 = ORIENTED_EDGE ( 'NONE', *, *, #2075, .T. ) ;
#3526 = EDGE_CURVE ( 'NONE', #528, #3284, #2820, .T. ) ;
#3527 = ORIENTED_EDGE ( 'NONE', *, *, #3550, .T. ) ;
#3528 = CARTESIAN_POINT ( 'NONE',  ( -3.928328294369880069, 0.04385062366699443021, -2.697640573932511998 ) ) ;
#3529 = CARTESIAN_POINT ( 'NONE',  ( -3.970000000000000639, 0.4200000000000000400, 2.720000000000000639 ) ) ;
#3530 = CARTESIAN_POINT ( 'NONE',  ( -3.814180541649871525, 0.4027228903621088985, 2.716933748929503345 ) ) ;
#3531 = VERTEX_POINT ( 'NONE', #1990 ) ;
#3532 = MECHANICAL_DESIGN_GEOMETRIC_PRESENTATION_REPRESENTATION (  '', ( #404 ), #2461 ) ;
#3533 = LINE ( 'NONE', #1874, #2428 ) ;
#3534 = CARTESIAN_POINT ( 'NONE',  ( 3.299999999999999822, 1.029999999999999805, 2.670000000000000373 ) ) ;
#3535 = FILL_AREA_STYLE ('',( #2159 ) ) ;
#3536 = DIRECTION ( 'NONE',  ( 0.000000000000000000, 0.000000000000000000, 1.000000000000000000 ) ) ;
#3537 = EDGE_CURVE ( 'NONE', #2580, #2292, #292, .T. ) ;
#3538 = CARTESIAN_POINT ( 'NONE',  ( 3.350000000000000533, 0.3699999999999999956, -2.669999999999999485 ) ) ;
#3539 = SURFACE_STYLE_FILL_AREA ( #3510 ) ;
#3540 = ORIENTED_EDGE ( 'NONE', *, *, #1564, .T. ) ;
#3541 = SURFACE_STYLE_FILL_AREA ( #489 ) ;
#3542 = ORIENTED_EDGE ( 'NONE', *, *, #280, .T. ) ;
#3543 = VECTOR ( 'NONE', #1442, 1000.000000000000000 ) ;
#3544 = CARTESIAN_POINT ( 'NONE',  ( 3.299999999999999822, 1.079999999999999849, -2.669999999999999485 ) ) ;
#3545 = CARTESIAN_POINT ( 'NONE',  ( -3.519999999999999574, 0.3699999999999999400, -2.566604456018518388 ) ) ;
#3546 = LINE ( 'NONE', #2937, #2836 ) ;
#3547 = PRESENTATION_LAYER_ASSIGNMENT (  '', '', ( #1489 ) ) ;
#3548 = ORIENTED_EDGE ( 'NONE', *, *, #861, .F. ) ;
#3549 = CIRCLE ( 'NONE', #1667, 0.05000000000000012768 ) ;
#3550 = EDGE_CURVE ( 'NONE', #771, #3619, #1898, .T. ) ;
#3551 = DIRECTION ( 'NONE',  ( 0.000000000000000000, 0.000000000000000000, -1.000000000000000000 ) ) ;
#3552 = CARTESIAN_POINT ( 'NONE',  ( -3.920000000000000817, -0.03000000000000003011, 2.519606481481482696 ) ) ;
#3553 = EDGE_CURVE ( 'NONE', #3568, #232, #1845, .T. ) ;
#3554 = DIRECTION ( 'NONE',  ( 1.594414959537506434E-16, 2.281233971484151241E-16, -1.000000000000000000 ) ) ;
#3555 = DIRECTION ( 'NONE',  ( -1.734723475976802677E-14, 0.000000000000000000, -1.000000000000000000 ) ) ;
#3556 = UNCERTAINTY_MEASURE_WITH_UNIT (LENGTH_MEASURE( 1.000000000000000082E-05 ), #2297, 'distance_accuracy_value', 'NONE');
#3557 = AXIS2_PLACEMENT_3D ( 'NONE', #2575, #2314, #2295 ) ;
#3558 = DIRECTION ( 'NONE',  ( 0.000000000000000000, -1.000000000000000000, 0.000000000000000000 ) ) ;
#3559 = DIRECTION ( 'NONE',  ( -1.594414959537506434E-16, -2.281233971484151241E-16, 1.000000000000000000 ) ) ;
#3560 = EDGE_LOOP ( 'NONE', ( #1166, #9, #987, #1566 ) ) ;
#3561 = EDGE_CURVE ( 'NONE', #1586, #25, #896, .T. ) ;
#3562 = AXIS2_PLACEMENT_3D ( 'NONE', #2682, #702, #2365 ) ;
#3563 = VERTEX_POINT ( 'NONE', #1349 ) ;
#3564 = EDGE_CURVE ( 'NONE', #1754, #3457, #3601, .T. ) ;
#3565 = CARTESIAN_POINT ( 'NONE',  ( -3.892229651294118131, 0.4113588501437907552, -2.719247644909807526 ) ) ;
#3566 = CARTESIAN_POINT ( 'NONE',  ( -3.706952161916141186, 0.3907686360506121281, -2.710624097472774885 ) ) ;
#3567 = CYLINDRICAL_SURFACE ( 'NONE', #3190, 0.04999999999999969746 ) ;
#3568 = VERTEX_POINT ( 'NONE', #3326 ) ;
#3569 = VECTOR ( 'NONE', #1276, 1000.000000000000000 ) ;
#3570 = CARTESIAN_POINT ( 'NONE',  ( -3.520000000000000462, 0.3699999999999999400, 2.519606481481482696 ) ) ;
#3571 = CARTESIAN_POINT ( 'NONE',  ( -3.763981920150726523, 0.2880226854337166187, -2.519606481481481364 ) ) ;
#3572 = CARTESIAN_POINT ( 'NONE',  ( -3.950025568087269345, 0.3538672788443857908, 2.717513118943325257 ) ) ;
#3573 = ORIENTED_EDGE ( 'NONE', *, *, #3349, .F. ) ;
#3574 = DIRECTION ( 'NONE',  ( 0.000000000000000000, 1.000000000000000000, -0.000000000000000000 ) ) ;
#3575 = DIRECTION ( 'NONE',  ( -0.000000000000000000, -0.000000000000000000, -1.000000000000000000 ) ) ;
#3576 = SURFACE_STYLE_FILL_AREA ( #1030 ) ;
#3577 = VECTOR ( 'NONE', #1514, 1000.000000000000000 ) ;
#3578 = EDGE_LOOP ( 'NONE', ( #3301, #604, #3597, #2681 ) ) ;
#3579 = CARTESIAN_POINT ( 'NONE',  ( -3.896672551743574076, 0.3205941947826531080, -2.702264766396799800 ) ) ;
#3580 = EDGE_LOOP ( 'NONE', ( #796, #2420, #2745, #616 ) ) ;
#3581 = CARTESIAN_POINT ( 'NONE',  ( -3.919999999999999929, -1.620000000000000329, -1.255000000000001448 ) ) ;
#3582 = CARTESIAN_POINT ( 'NONE',  ( -3.520000000000000018, 0.3699999999992358846, 2.674655674459006871 ) ) ;
#3583 = DIRECTION ( 'NONE',  ( 1.594414959537506434E-16, 0.000000000000000000, -1.000000000000000000 ) ) ;
#3584 = ORIENTED_EDGE ( 'NONE', *, *, #1904, .T. ) ;
#3585 = DIRECTION ( 'NONE',  ( -0.000000000000000000, -1.000000000000000000, -0.000000000000000000 ) ) ;
#3586 = CARTESIAN_POINT ( 'NONE',  ( -3.969999999999999751, -1.620000000000000329, 1.204999999999999183 ) ) ;
#3587 = STYLED_ITEM ( 'NONE', ( #891 ), #659 ) ;
#3588 = CARTESIAN_POINT ( 'NONE',  ( -3.920049478693842460, -0.02955469175537970769, 2.672550150786170864 ) ) ;
#3589 = ORIENTED_EDGE ( 'NONE', *, *, #3501, .F. ) ;
#3590 = AXIS2_PLACEMENT_3D ( 'NONE', #3604, #3329, #1060 ) ;
#3591 = SPHERICAL_SURFACE ( 'NONE', #1099, 0.05000000000000000278 ) ;
#3592 = CARTESIAN_POINT ( 'NONE',  ( -3.969999999999999751, -1.670000000000000151, 1.254999999999999227 ) ) ;
#3593 = EDGE_CURVE ( 'NONE', #1462, #2955, #1485, .T. ) ;
#3594 = ORIENTED_EDGE ( 'NONE', *, *, #250, .T. ) ;
#3595 = LINE ( 'NONE', #251, #432 ) ;
#3596 = CARTESIAN_POINT ( 'NONE',  ( -3.856955402790414933, 0.2505958400967432387, -2.638645052966260174 ) ) ;
#3597 = ORIENTED_EDGE ( 'NONE', *, *, #2353, .F. ) ;
#3598 = DIRECTION ( 'NONE',  ( 0.000000000000000000, -1.000000000000000000, 0.000000000000000000 ) ) ;
#3599 = STYLED_ITEM ( 'NONE', ( #954 ), #3174 ) ;
#3600 = EDGE_CURVE ( 'NONE', #3231, #1479, #3489, .T. ) ;
#3601 = LINE ( 'NONE', #1074, #2474 ) ;
#3602 = ORIENTED_EDGE ( 'NONE', *, *, #1773, .F. ) ;
#3603 = CARTESIAN_POINT ( 'NONE',  ( -3.349999999999998757, -1.050000000000000044, 2.720000000000000195 ) ) ;
#3604 = CARTESIAN_POINT ( 'NONE',  ( -6.919999999999999929, -1.670000000000000151, 1.204999999999998739 ) ) ;
#3605 = ADVANCED_FACE ( 'NONE', ( #2063 ), #940, .F. ) ;
#3606 = CARTESIAN_POINT ( 'NONE',  ( -3.948701407983569389, 0.2833833850774198915, 2.716095977885774282 ) ) ;
#3607 = ORIENTED_EDGE ( 'NONE', *, *, #1221, .T. ) ;
#3608 = COLOUR_RGB ( '',0.1098039215686274495, 0.1098039215686274495, 0.1098039215686274495 ) ;
#3609 = LINE ( 'NONE', #244, #307 ) ;
#3610 = DIRECTION ( 'NONE',  ( 1.000000000000000000, -0.000000000000000000, 0.000000000000000000 ) ) ;
#3611 = SURFACE_STYLE_USAGE ( .BOTH. , #800 ) ;
#3612 = CIRCLE ( 'NONE', #2847, 0.04999999999999991257 ) ;
#3613 = DIRECTION ( 'NONE',  ( -1.594414959537506434E-16, 0.000000000000000000, 1.000000000000000000 ) ) ;
#3614 = VECTOR ( 'NONE', #1736, 1000.000000000000000 ) ;
#3615 = CARTESIAN_POINT ( 'NONE',  ( 3.200000000000000622, -0.3199999999999999512, 2.649999999999999911 ) ) ;
#3616 = PLANE ( 'NONE',  #552 ) ;
#3617 = CARTESIAN_POINT ( 'NONE',  ( -3.754982624925571777, 0.3163796138281286252, -2.609648146066009922 ) ) ;
#3618 = PRESENTATION_LAYER_ASSIGNMENT (  '', '', ( #3210 ) ) ;
#3619 = VERTEX_POINT ( 'NONE', #1201 ) ;
#3620 =( NAMED_UNIT ( * ) SI_UNIT ( $, .STERADIAN. ) SOLID_ANGLE_UNIT ( ) );
#3621 = MECHANICAL_DESIGN_GEOMETRIC_PRESENTATION_REPRESENTATION (  '', ( #1394 ), #1855 ) ;
#3622 = CARTESIAN_POINT ( 'NONE',  ( -3.735737152090598645, 0.3252391382658547103, 2.607267591859057987 ) ) ;
#3623 = ORIENTED_EDGE ( 'NONE', *, *, #1904, .F. ) ;
#3624 = DIRECTION ( 'NONE',  ( -1.000000000000000000, -0.000000000000000000, -1.594414959537506187E-16 ) ) ;
#3625 = CARTESIAN_POINT ( 'NONE',  ( -3.519999999999999574, 0.3699999999999999400, -2.519606481481481808 ) ) ;
#3626 = CARTESIAN_POINT ( 'NONE',  ( -3.924167668824416921, 0.3799428710649330743, 2.716272443146895643 ) ) ;
#3627 = ORIENTED_EDGE ( 'NONE', *, *, #1527, .T. ) ;
#3628 = FACE_OUTER_BOUND ( 'NONE', #2149, .T. ) ;
#3629 = UNCERTAINTY_MEASURE_WITH_UNIT (LENGTH_MEASURE( 1.000000000000000082E-05 ), #2478, 'distance_accuracy_value', 'NONE');
#3630 =( NAMED_UNIT ( * ) PLANE_ANGLE_UNIT ( ) SI_UNIT ( $, .RADIAN. ) );
#3631 = FACE_OUTER_BOUND ( 'NONE', #193, .T. ) ;
#3632 = PLANE ( 'NONE',  #1308 ) ;
#3633 = MECHANICAL_DESIGN_GEOMETRIC_PRESENTATION_REPRESENTATION (  '', ( #2807 ), #924 ) ;
#3634 = DIRECTION ( 'NONE',  ( 0.000000000000000000, 0.000000000000000000, -1.000000000000000000 ) ) ;
#3635 = DIRECTION ( 'NONE',  ( 0.000000000000000000, 0.000000000000000000, 1.000000000000000000 ) ) ;
#3636 = CARTESIAN_POINT ( 'NONE',  ( -3.752484258231789660, 0.3161821703591576327, -2.606180404845009235 ) ) ;
#3637 = EDGE_LOOP ( 'NONE', ( #3048, #1849, #869, #488 ) ) ;
#3638 = ADVANCED_FACE ( 'NONE', ( #1530 ), #1181, .T. ) ;
#3639 = CARTESIAN_POINT ( 'NONE',  ( -3.755116760480348148, 0.3511160768013487643, 2.671074029066276889 ) ) ;
#3640 = ORIENTED_EDGE ( 'NONE', *, *, #2331, .T. ) ;
#3641 = DIRECTION ( 'NONE',  ( 1.000000000000000000, 3.637233570339487753E-32, 0.000000000000000000 ) ) ;
#3642 = CARTESIAN_POINT ( 'NONE',  ( -3.920261207987068897, 0.01108862986592284126, 2.675130001238444244 ) ) ;
#3643 = ORIENTED_EDGE ( 'NONE', *, *, #3006, .F. ) ;
#3644 = FACE_OUTER_BOUND ( 'NONE', #814, .T. ) ;
#3645 = SURFACE_STYLE_FILL_AREA ( #2519 ) ;
#3646 = ADVANCED_BREP_SHAPE_REPRESENTATION ( 'MF-SM075-2', ( #845, #3341, #898, #3068 ), #1362 ) ;
#3647 = FACE_OUTER_BOUND ( 'NONE', #185, .T. ) ;
#3648 = EDGE_CURVE ( 'NONE', #2168, #3568, #1496, .T. ) ;
#3649 = CARTESIAN_POINT ( 'NONE',  ( -3.969999999999999751, -1.720000000000000195, -1.205000000000001403 ) ) ;
#3650 = PRESENTATION_STYLE_ASSIGNMENT (( #1459 ) ) ;
#3651 = LINE ( 'NONE', #2226, #2726 ) ;
ENDSEC;
END-ISO-10303-21;
