ISO-10303-21;
HEADER;
FILE_DESCRIPTION((''),'2;1');
FILE_NAME('TDX01MCAN','2017-03-22T',('eng706'),(''),
'PRO/ENGINEER BY PARAMETRIC TECHNOLOGY CORPORATION, 2014000',
'PRO/ENGINEER BY PARAMETRIC TECHNOLOGY CORPORATION, 2014000','');
FILE_SCHEMA(('AUTOMOTIVE_DESIGN { 1 0 10303 214 1 1 1 1 }'));
ENDSEC;
DATA;
#81=DIRECTION('',(0.E0,-1.E0,0.E0));
#82=VECTOR('',#81,1.01E1);
#83=CARTESIAN_POINT('',(-8.178264490230E0,1.537914454273E1,-2.549999952316E0));
#84=LINE('',#83,#82);
#85=DIRECTION('',(0.E0,-1.249304659723E-9,1.E0));
#86=VECTOR('',#85,5.E-1);
#87=CARTESIAN_POINT('',(-8.728265190125E0,1.537914454419E1,-2.499999952316E0));
#88=LINE('',#87,#86);
#89=DIRECTION('',(1.E0,0.E0,0.E0));
#90=VECTOR('',#89,5.E-1);
#91=CARTESIAN_POINT('',(-8.678264490230E0,1.537914454273E1,-2.549999952316E0));
#92=LINE('',#91,#90);
#93=DIRECTION('',(0.E0,0.E0,1.E0));
#94=VECTOR('',#93,7.7E0);
#95=CARTESIAN_POINT('',(-8.178264490230E0,1.537914454273E1,-2.549999952316E0));
#96=LINE('',#95,#94);
#97=DIRECTION('',(1.E0,0.E0,0.E0));
#98=VECTOR('',#97,5.E-1);
#99=CARTESIAN_POINT('',(-2.087826449023E1,1.537914454273E1,-2.549999952316E0));
#100=LINE('',#99,#98);
#101=DIRECTION('',(7.768600560408E-13,1.E0,0.E0));
#102=VECTOR('',#101,3.750000008320E-1);
#103=CARTESIAN_POINT('',(-2.032826519012E1,1.500414454273E1,-1.999999952316E0));
#104=LINE('',#103,#102);
#105=DIRECTION('',(-1.E0,-1.249315041958E-8,0.E0));
#106=VECTOR('',#105,4.999930011E-2);
#107=CARTESIAN_POINT('',(-2.032826519012E1,1.537914454356E1,-1.999999952316E0));
#108=LINE('',#107,#106);
#109=DIRECTION('',(1.E0,1.275442064080E-11,0.E0));
#110=VECTOR('',#109,4.999930010971E-2);
#111=CARTESIAN_POINT('',(-2.037826449023E1,1.500414454273E1,-1.999999952316E0));
#112=LINE('',#111,#110);
#113=DIRECTION('',(-5.737537598920E-14,-1.E0,0.E0));
#114=VECTOR('',#113,9.349999999998E0);
#115=CARTESIAN_POINT('',(-2.032826519012E1,1.500414454273E1,-1.999999952316E0));
#116=LINE('',#115,#114);
#117=DIRECTION('',(0.E0,-1.250700876199E-9,1.E0));
#118=VECTOR('',#117,5.E-1);
#119=CARTESIAN_POINT('',(-2.032826519012E1,1.537914454419E1,-2.499999952316E0));
#120=LINE('',#119,#118);
#121=DIRECTION('',(0.E0,-1.E0,0.E0));
#122=VECTOR('',#121,9.349999999997E0);
#123=CARTESIAN_POINT('',(-2.015442974123E1,1.500414454273E1,-1.999999952316E0));
#124=LINE('',#123,#122);
#125=DIRECTION('',(1.E0,-3.668481367958E-12,0.E0));
#126=VECTOR('',#125,1.738354488903E-1);
#127=CARTESIAN_POINT('',(-2.032826519012E1,1.500414454273E1,-1.999999952316E0));
#128=LINE('',#127,#126);
#129=DIRECTION('',(0.E0,0.E0,-1.E0));
#130=VECTOR('',#129,6.7E0);
#131=CARTESIAN_POINT('',(-2.015442974123E1,5.654144542733E0,4.700000047684E0));
#132=LINE('',#131,#130);
#133=DIRECTION('',(0.E0,0.E0,1.E0));
#134=VECTOR('',#133,6.7E0);
#135=CARTESIAN_POINT('',(-2.015442974123E1,1.500414454273E1,-1.999999952316E0));
#136=LINE('',#135,#134);
#137=DIRECTION('',(1.E0,0.E0,0.E0));
#138=VECTOR('',#137,1.738354488908E-1);
#139=CARTESIAN_POINT('',(-2.032826519012E1,5.654144542733E0,-1.999999952316E0));
#140=LINE('',#139,#138);
#141=DIRECTION('',(0.E0,1.E0,0.E0));
#142=VECTOR('',#141,9.349999999997E0);
#143=CARTESIAN_POINT('',(-2.015442974123E1,5.654144542733E0,4.700000047684E0));
#144=LINE('',#143,#142);
#145=DIRECTION('',(-1.E0,0.E0,0.E0));
#146=VECTOR('',#145,2.23834749E-1);
#147=CARTESIAN_POINT('',(-2.015442974123E1,1.500414454273E1,4.700000047684E0));
#148=LINE('',#147,#146);
#149=DIRECTION('',(1.E0,0.E0,0.E0));
#150=VECTOR('',#149,2.23834749E-1);
#151=CARTESIAN_POINT('',(-2.037826449023E1,5.654144542733E0,4.700000047684E0));
#152=LINE('',#151,#150);
#153=DIRECTION('',(0.E0,1.E0,0.E0));
#154=VECTOR('',#153,3.749999997920E-1);
#155=CARTESIAN_POINT('',(-2.037826449023E1,5.279144542941E0,-1.999999952316E0));
#156=LINE('',#155,#154);
#157=DIRECTION('',(0.E0,0.E0,1.E0));
#158=VECTOR('',#157,6.7E0);
#159=CARTESIAN_POINT('',(-2.037826449023E1,5.654144542733E0,-1.999999952316E0));
#160=LINE('',#159,#158);
#161=DIRECTION('',(0.E0,1.E0,0.E0));
#162=VECTOR('',#161,9.349999999997E0);
#163=CARTESIAN_POINT('',(-2.037826449023E1,5.654144542733E0,4.700000047684E0));
#164=LINE('',#163,#162);
#165=DIRECTION('',(0.E0,0.E0,-1.E0));
#166=VECTOR('',#165,6.7E0);
#167=CARTESIAN_POINT('',(-2.037826449023E1,1.500414454273E1,4.700000047684E0));
#168=LINE('',#167,#166);
#169=DIRECTION('',(0.E0,1.E0,0.E0));
#170=VECTOR('',#169,3.750000002080E-1);
#171=CARTESIAN_POINT('',(-2.037826449023E1,1.500414454273E1,-1.999999952316E0));
#172=LINE('',#171,#170);
#173=DIRECTION('',(0.E0,-3.781476142318E-10,-1.E0));
#174=VECTOR('',#173,5.5E-1);
#175=CARTESIAN_POINT('',(-2.037826449023E1,1.537914454294E1,-1.999999952316E0));
#176=LINE('',#175,#174);
#177=DIRECTION('',(0.E0,-1.E0,0.E0));
#178=VECTOR('',#177,1.01E1);
#179=CARTESIAN_POINT('',(-2.037826449023E1,1.537914454273E1,-2.549999952316E0));
#180=LINE('',#179,#178);
#181=DIRECTION('',(0.E0,3.782105941561E-10,1.E0));
#182=VECTOR('',#181,5.5E-1);
#183=CARTESIAN_POINT('',(-2.037826449023E1,5.279144542733E0,-2.549999952316E0));
#184=LINE('',#183,#182);
#185=DIRECTION('',(-2.207419437326E-12,1.E0,0.E0));
#186=VECTOR('',#185,3.749999991680E-1);
#187=CARTESIAN_POINT('',(-2.032826519012E1,5.279144543565E0,-1.999999952316E0));
#188=LINE('',#187,#186);
#189=DIRECTION('',(-1.E0,0.E0,0.E0));
#190=VECTOR('',#189,4.999930010917E-2);
#191=CARTESIAN_POINT('',(-2.032826519012E1,5.654144542733E0,-1.999999952316E0));
#192=LINE('',#191,#190);
#193=DIRECTION('',(1.E0,1.247986308442E-8,0.E0));
#194=VECTOR('',#193,4.999930011E-2);
#195=CARTESIAN_POINT('',(-2.037826449023E1,5.279144542941E0,-1.999999952316E0));
#196=LINE('',#195,#194);
#197=DIRECTION('',(0.E0,-1.247967063023E-9,1.E0));
#198=VECTOR('',#197,5.E-1);
#199=CARTESIAN_POINT('',(-2.032826519012E1,5.279144544189E0,-2.499999952316E0));
#200=LINE('',#199,#198);
#201=DIRECTION('',(-1.E0,0.E0,0.E0));
#202=VECTOR('',#201,5.E-1);
#203=CARTESIAN_POINT('',(-2.037826449023E1,5.279144542733E0,-2.549999952316E0));
#204=LINE('',#203,#202);
#205=DIRECTION('',(0.E0,0.E0,1.E0));
#206=VECTOR('',#205,7.7E0);
#207=CARTESIAN_POINT('',(-2.087826449023E1,5.279144542733E0,-2.549999952316E0));
#208=LINE('',#207,#206);
#209=DIRECTION('',(0.E0,0.E0,-1.E0));
#210=VECTOR('',#209,7.7E0);
#211=CARTESIAN_POINT('',(-8.178264490230E0,5.279144542733E0,5.150000047684E0));
#212=LINE('',#211,#210);
#213=DIRECTION('',(-1.E0,0.E0,0.E0));
#214=VECTOR('',#213,5.E-1);
#215=CARTESIAN_POINT('',(-8.178264490230E0,5.279144542733E0,-2.549999952316E0));
#216=LINE('',#215,#214);
#217=DIRECTION('',(1.E0,-1.247951370681E-8,0.E0));
#218=VECTOR('',#217,5.000069989500E-2);
#219=CARTESIAN_POINT('',(-8.728265190125E0,5.279144543565E0,-1.999999952316E0));
#220=LINE('',#219,#218);
#221=DIRECTION('',(-1.E0,-7.496120932318E-12,0.E0));
#222=VECTOR('',#221,5.000069989500E-2);
#223=CARTESIAN_POINT('',(-8.678264490230E0,5.654144542733E0,-1.999999952316E0));
#224=LINE('',#223,#222);
#225=DIRECTION('',(-2.557953843054E-13,1.E0,0.E0));
#226=VECTOR('',#225,3.750000008331E-1);
#227=CARTESIAN_POINT('',(-8.728265190125E0,1.500414454273E1,-1.999999952316E0));
#228=LINE('',#227,#226);
#229=DIRECTION('',(0.E0,-1.248032788226E-9,1.E0));
#230=VECTOR('',#229,5.E-1);
#231=CARTESIAN_POINT('',(-8.728265190125E0,5.279144544189E0,-2.499999952316E0));
#232=LINE('',#231,#230);
#233=DIRECTION('',(0.E0,1.E0,0.E0));
#234=VECTOR('',#233,3.749999991677E-1);
#235=CARTESIAN_POINT('',(-8.728265190125E0,5.279144543565E0,-1.999999952316E0));
#236=LINE('',#235,#234);
#237=DIRECTION('',(1.025917319012E-14,1.E0,0.E0));
#238=VECTOR('',#237,9.349999999998E0);
#239=CARTESIAN_POINT('',(-8.728265190125E0,5.654144542733E0,-1.999999952316E0));
#240=LINE('',#239,#238);
#241=DIRECTION('',(1.E0,-5.293469283969E-12,0.E0));
#242=VECTOR('',#241,5.000069989491E-2);
#243=CARTESIAN_POINT('',(-8.728265190125E0,1.500414454273E1,-1.999999952316E0));
#244=LINE('',#243,#242);
#245=DIRECTION('',(-1.E0,1.249276514334E-8,0.E0));
#246=VECTOR('',#245,5.000069989500E-2);
#247=CARTESIAN_POINT('',(-8.678264490230E0,1.537914454294E1,-1.999999952316E0));
#248=LINE('',#247,#246);
#249=DIRECTION('',(0.E0,0.E0,1.E0));
#250=VECTOR('',#249,6.7E0);
#251=CARTESIAN_POINT('',(-9.085410003778E0,1.500414454273E1,-1.999999952316E0));
#252=LINE('',#251,#250);
#253=DIRECTION('',(0.E0,1.E0,0.E0));
#254=VECTOR('',#253,9.349999999997E0);
#255=CARTESIAN_POINT('',(-9.085410003778E0,5.654144542733E0,4.700000047684E0));
#256=LINE('',#255,#254);
#257=DIRECTION('',(0.E0,-1.E0,0.E0));
#258=VECTOR('',#257,9.349999999997E0);
#259=CARTESIAN_POINT('',(-9.085410003778E0,1.500414454273E1,-1.999999952316E0));
#260=LINE('',#259,#258);
#261=DIRECTION('',(0.E0,0.E0,-1.E0));
#262=VECTOR('',#261,4.E-1);
#263=CARTESIAN_POINT('',(-9.085410003778E0,1.087414455138E1,4.E-1));
#264=LINE('',#263,#262);
#265=DIRECTION('',(0.E0,0.E0,1.E0));
#266=VECTOR('',#265,4.E-1);
#267=CARTESIAN_POINT('',(-9.085410003778E0,1.445128967441E1,0.E0));
#268=LINE('',#267,#266);
#269=DIRECTION('',(4.568582587625E-14,-1.E0,0.E0));
#270=VECTOR('',#269,3.577145123030E0);
#271=CARTESIAN_POINT('',(-9.085410003778E0,1.445128967441E1,4.E-1));
#272=LINE('',#271,#270);
#273=DIRECTION('',(0.E0,0.E0,1.E0));
#274=VECTOR('',#273,4.E-1);
#275=CARTESIAN_POINT('',(-9.085410003778E0,1.026414455138E1,0.E0));
#276=LINE('',#275,#274);
#277=DIRECTION('',(0.E0,-1.E0,0.E0));
#278=VECTOR('',#277,4.037145123024E0);
#279=CARTESIAN_POINT('',(-9.085410003778E0,1.026414455138E1,4.E-1));
#280=LINE('',#279,#278);
#281=DIRECTION('',(0.E0,0.E0,-1.E0));
#282=VECTOR('',#281,4.E-1);
#283=CARTESIAN_POINT('',(-9.085410003778E0,6.226999428356E0,4.E-1));
#284=LINE('',#283,#282);
#285=DIRECTION('',(0.E0,0.E0,-1.E0));
#286=VECTOR('',#285,6.7E0);
#287=CARTESIAN_POINT('',(-9.085410003778E0,5.654144542733E0,4.700000047684E0));
#288=LINE('',#287,#286);
#289=DIRECTION('',(1.E0,-1.049465871504E-12,0.E0));
#290=VECTOR('',#289,3.571448136530E-1);
#291=CARTESIAN_POINT('',(-9.085410003778E0,5.654144542733E0,-1.999999952316E0));
#292=LINE('',#291,#290);
#293=DIRECTION('',(1.E0,7.410920135263E-13,0.E0));
#294=VECTOR('',#293,3.571448136531E-1);
#295=CARTESIAN_POINT('',(-9.085410003778E0,1.500414454273E1,-1.999999952316E0));
#296=LINE('',#295,#294);
#297=DIRECTION('',(0.E0,-1.E0,0.E0));
#298=VECTOR('',#297,3.750000002087E-1);
#299=CARTESIAN_POINT('',(-8.678264490230E0,1.537914454294E1,-1.999999952316E0));
#300=LINE('',#299,#298);
#301=DIRECTION('',(0.E0,0.E0,1.E0));
#302=VECTOR('',#301,6.7E0);
#303=CARTESIAN_POINT('',(-8.678264490230E0,1.500414454273E1,-1.999999952316E0));
#304=LINE('',#303,#302);
#305=DIRECTION('',(0.E0,-1.E0,0.E0));
#306=VECTOR('',#305,9.349999999997E0);
#307=CARTESIAN_POINT('',(-8.678264490230E0,1.500414454273E1,4.700000047684E0));
#308=LINE('',#307,#306);
#309=DIRECTION('',(0.E0,0.E0,-1.E0));
#310=VECTOR('',#309,6.7E0);
#311=CARTESIAN_POINT('',(-8.678264490230E0,5.654144542733E0,4.700000047684E0));
#312=LINE('',#311,#310);
#313=DIRECTION('',(0.E0,-1.E0,0.E0));
#314=VECTOR('',#313,3.749999997920E-1);
#315=CARTESIAN_POINT('',(-8.678264490230E0,5.654144542733E0,-1.999999952316E0));
#316=LINE('',#315,#314);
#317=DIRECTION('',(0.E0,-3.781508439715E-10,-1.E0));
#318=VECTOR('',#317,5.5E-1);
#319=CARTESIAN_POINT('',(-8.678264490230E0,5.279144542941E0,-1.999999952316E0));
#320=LINE('',#319,#318);
#321=DIRECTION('',(0.E0,1.E0,0.E0));
#322=VECTOR('',#321,1.01E1);
#323=CARTESIAN_POINT('',(-8.678264490230E0,5.279144542733E0,-2.549999952316E0));
#324=LINE('',#323,#322);
#325=DIRECTION('',(0.E0,3.794233614165E-10,1.E0));
#326=VECTOR('',#325,5.5E-1);
#327=CARTESIAN_POINT('',(-8.678264490230E0,1.537914454273E1,-2.549999952316E0));
#328=LINE('',#327,#326);
#329=DIRECTION('',(1.E0,0.E0,0.E0));
#330=VECTOR('',#329,4.071455135480E-1);
#331=CARTESIAN_POINT('',(-9.085410003778E0,5.654144542733E0,4.700000047684E0));
#332=LINE('',#331,#330);
#333=DIRECTION('',(-1.E0,0.E0,0.E0));
#334=VECTOR('',#333,4.071455135480E-1);
#335=CARTESIAN_POINT('',(-8.678264490230E0,1.500414454273E1,4.700000047684E0));
#336=LINE('',#335,#334);
#337=DIRECTION('',(-1.E0,0.E0,0.E0));
#338=VECTOR('',#337,1.214513495E-2);
#339=CARTESIAN_POINT('',(-9.073264868828E0,1.087414455138E1,0.E0));
#340=LINE('',#339,#338);
#341=DIRECTION('',(7.071067811866E-1,-7.071067811865E-1,0.E0));
#342=VECTOR('',#341,1.717581456314E-2);
#343=CARTESIAN_POINT('',(-9.085410003778E0,1.445128967441E1,4.E-1));
#344=LINE('',#343,#342);
#345=DIRECTION('',(-1.E0,0.E0,0.E0));
#346=VECTOR('',#345,1.214513495E-2);
#347=CARTESIAN_POINT('',(-9.073264868828E0,1.087414455138E1,4.E-1));
#348=LINE('',#347,#346);
#349=DIRECTION('',(4.568582587625E-14,-1.E0,0.E0));
#350=VECTOR('',#349,3.577145123030E0);
#351=CARTESIAN_POINT('',(-9.085410003778E0,1.445128967441E1,0.E0));
#352=LINE('',#351,#350);
#353=DIRECTION('',(-7.071067811866E-1,7.071067811865E-1,0.E0));
#354=VECTOR('',#353,1.717581456314E-2);
#355=CARTESIAN_POINT('',(-9.073264868828E0,1.443914453946E1,0.E0));
#356=LINE('',#355,#354);
#357=DIRECTION('',(0.E0,0.E0,1.E0));
#358=VECTOR('',#357,4.E-1);
#359=CARTESIAN_POINT('',(-9.073264868828E0,1.087414455138E1,0.E0));
#360=LINE('',#359,#358);
#361=DIRECTION('',(-4.584146697651E-14,1.E0,0.E0));
#362=VECTOR('',#361,3.564999988080E0);
#363=CARTESIAN_POINT('',(-9.073264868828E0,1.087414455138E1,4.E-1));
#364=LINE('',#363,#362);
#365=DIRECTION('',(0.E0,0.E0,-1.E0));
#366=VECTOR('',#365,4.E-1);
#367=CARTESIAN_POINT('',(-9.073264868828E0,1.443914453946E1,4.E-1));
#368=LINE('',#367,#366);
#369=DIRECTION('',(4.584146697651E-14,-1.E0,0.E0));
#370=VECTOR('',#369,3.564999988080E0);
#371=CARTESIAN_POINT('',(-9.073264868828E0,1.443914453946E1,0.E0));
#372=LINE('',#371,#370);
#373=DIRECTION('',(1.E0,0.E0,0.E0));
#374=VECTOR('',#373,1.214513495E-2);
#375=CARTESIAN_POINT('',(-9.085410003778E0,1.026414455138E1,0.E0));
#376=LINE('',#375,#374);
#377=DIRECTION('',(0.E0,-1.E0,0.E0));
#378=VECTOR('',#377,4.037145123024E0);
#379=CARTESIAN_POINT('',(-9.085410003778E0,1.026414455138E1,0.E0));
#380=LINE('',#379,#378);
#381=DIRECTION('',(7.071067811866E-1,7.071067811865E-1,0.E0));
#382=VECTOR('',#381,1.717581456314E-2);
#383=CARTESIAN_POINT('',(-9.085410003778E0,6.226999428356E0,0.E0));
#384=LINE('',#383,#382);
#385=DIRECTION('',(1.E0,0.E0,0.E0));
#386=VECTOR('',#385,1.214513495E-2);
#387=CARTESIAN_POINT('',(-9.085410003778E0,1.026414455138E1,4.E-1));
#388=LINE('',#387,#386);
#389=DIRECTION('',(-7.071067811866E-1,-7.071067811865E-1,0.E0));
#390=VECTOR('',#389,1.717581456314E-2);
#391=CARTESIAN_POINT('',(-9.073264868828E0,6.239144563306E0,4.E-1));
#392=LINE('',#391,#390);
#393=DIRECTION('',(0.E0,1.E0,0.E0));
#394=VECTOR('',#393,4.024999988074E0);
#395=CARTESIAN_POINT('',(-9.073264868828E0,6.239144563306E0,4.E-1));
#396=LINE('',#395,#394);
#397=DIRECTION('',(0.E0,0.E0,-1.E0));
#398=VECTOR('',#397,4.E-1);
#399=CARTESIAN_POINT('',(-9.073264868828E0,1.026414455138E1,4.E-1));
#400=LINE('',#399,#398);
#401=DIRECTION('',(0.E0,-1.E0,0.E0));
#402=VECTOR('',#401,4.024999988074E0);
#403=CARTESIAN_POINT('',(-9.073264868828E0,1.026414455138E1,0.E0));
#404=LINE('',#403,#402);
#405=DIRECTION('',(0.E0,0.E0,1.E0));
#406=VECTOR('',#405,4.E-1);
#407=CARTESIAN_POINT('',(-9.073264868828E0,6.239144563306E0,0.E0));
#408=LINE('',#407,#406);
#409=DIRECTION('',(1.E0,0.E0,0.E0));
#410=VECTOR('',#409,1.159999999999E1);
#411=CARTESIAN_POINT('',(-2.032826519012E1,5.279144544189E0,-2.499999952316E0));
#412=LINE('',#411,#410);
#413=DIRECTION('',(0.E0,1.E0,0.E0));
#414=VECTOR('',#413,1.01E1);
#415=CARTESIAN_POINT('',(-8.728265190125E0,5.279144544189E0,-2.499999952316E0));
#416=LINE('',#415,#414);
#417=DIRECTION('',(-1.E0,0.E0,0.E0));
#418=VECTOR('',#417,1.159999999999E1);
#419=CARTESIAN_POINT('',(-8.728265190125E0,1.537914454419E1,-2.499999952316E0));
#420=LINE('',#419,#418);
#421=DIRECTION('',(0.E0,-1.E0,0.E0));
#422=VECTOR('',#421,1.01E1);
#423=CARTESIAN_POINT('',(-2.032826519012E1,1.537914454419E1,-2.499999952316E0));
#424=LINE('',#423,#422);
#425=DIRECTION('',(1.E0,0.E0,0.E0));
#426=VECTOR('',#425,6.E0);
#427=CARTESIAN_POINT('',(-1.752826519012E1,1.157914454648E1,-2.499999952316E0));
#428=LINE('',#427,#426);
#429=CARTESIAN_POINT('',(-1.152826519012E1,1.107914454648E1,-2.499999952316E0));
#430=DIRECTION('',(0.E0,0.E0,-1.E0));
#431=DIRECTION('',(-6.039613253961E-14,1.E0,0.E0));
#432=AXIS2_PLACEMENT_3D('',#429,#430,#431);
#434=DIRECTION('',(0.E0,-1.E0,0.E0));
#435=VECTOR('',#434,1.500000000003E0);
#436=CARTESIAN_POINT('',(-1.102826519012E1,1.107914454648E1,-2.499999952316E0));
#437=LINE('',#436,#435);
#438=CARTESIAN_POINT('',(-1.152826519012E1,9.579144546477E0,-2.499999952316E0));
#439=DIRECTION('',(0.E0,0.E0,-1.E0));
#440=DIRECTION('',(1.E0,2.202682480856E-13,0.E0));
#441=AXIS2_PLACEMENT_3D('',#438,#439,#440);
#443=DIRECTION('',(-1.E0,0.E0,0.E0));
#444=VECTOR('',#443,6.E0);
#445=CARTESIAN_POINT('',(-1.152826519012E1,9.079144546477E0,-2.499999952316E0));
#446=LINE('',#445,#444);
#447=CARTESIAN_POINT('',(-1.752826519012E1,9.579144546477E0,-2.499999952316E0));
#448=DIRECTION('',(0.E0,0.E0,-1.E0));
#449=DIRECTION('',(-1.207922650792E-13,-1.E0,0.E0));
#450=AXIS2_PLACEMENT_3D('',#447,#448,#449);
#452=DIRECTION('',(0.E0,1.E0,0.E0));
#453=VECTOR('',#452,1.500000000003E0);
#454=CARTESIAN_POINT('',(-1.802826519012E1,9.579144546477E0,-2.499999952316E0));
#455=LINE('',#454,#453);
#456=CARTESIAN_POINT('',(-1.752826519012E1,1.107914454648E1,-2.499999952316E0));
#457=DIRECTION('',(0.E0,0.E0,-1.E0));
#458=DIRECTION('',(-1.E0,-4.263256414561E-14,0.E0));
#459=AXIS2_PLACEMENT_3D('',#456,#457,#458);
#461=CARTESIAN_POINT('',(-1.071826519012E1,1.412914454648E1,-2.499999952316E0));
#462=DIRECTION('',(0.E0,0.E0,-1.E0));
#463=DIRECTION('',(8.875541734443E-1,-4.607033635666E-1,0.E0));
#464=AXIS2_PLACEMENT_3D('',#461,#462,#463);
#466=CARTESIAN_POINT('',(-1.071826519012E1,1.412914454648E1,-2.499999952316E0));
#467=DIRECTION('',(0.E0,0.E0,-1.E0));
#468=DIRECTION('',(-1.E0,0.E0,0.E0));
#469=AXIS2_PLACEMENT_3D('',#466,#467,#468);
#471=CARTESIAN_POINT('',(-1.071826519012E1,1.412914454648E1,-2.499999952316E0));
#472=DIRECTION('',(0.E0,0.E0,-1.E0));
#473=DIRECTION('',(-8.875541734578E-1,4.607033635406E-1,0.E0));
#474=AXIS2_PLACEMENT_3D('',#471,#472,#473);
#476=CARTESIAN_POINT('',(-1.071826519012E1,1.412914454648E1,-2.499999952316E0));
#477=DIRECTION('',(0.E0,0.E0,-1.E0));
#478=DIRECTION('',(1.E0,0.E0,0.E0));
#479=AXIS2_PLACEMENT_3D('',#476,#477,#478);
#481=CARTESIAN_POINT('',(-1.325826519012E1,1.412914454648E1,-2.499999952316E0));
#482=DIRECTION('',(0.E0,0.E0,-1.E0));
#483=DIRECTION('',(8.875541734443E-1,-4.607033635667E-1,0.E0));
#484=AXIS2_PLACEMENT_3D('',#481,#482,#483);
#486=CARTESIAN_POINT('',(-1.325826519012E1,1.412914454648E1,-2.499999952316E0));
#487=DIRECTION('',(0.E0,0.E0,-1.E0));
#488=DIRECTION('',(-1.E0,0.E0,0.E0));
#489=AXIS2_PLACEMENT_3D('',#486,#487,#488);
#491=CARTESIAN_POINT('',(-1.325826519012E1,1.412914454648E1,-2.499999952316E0));
#492=DIRECTION('',(0.E0,0.E0,-1.E0));
#493=DIRECTION('',(-8.875541734578E-1,4.607033635406E-1,0.E0));
#494=AXIS2_PLACEMENT_3D('',#491,#492,#493);
#496=CARTESIAN_POINT('',(-1.325826519012E1,1.412914454648E1,-2.499999952316E0));
#497=DIRECTION('',(0.E0,0.E0,-1.E0));
#498=DIRECTION('',(1.E0,0.E0,0.E0));
#499=AXIS2_PLACEMENT_3D('',#496,#497,#498);
#501=CARTESIAN_POINT('',(-1.579826519012E1,1.412914454648E1,-2.499999952316E0));
#502=DIRECTION('',(0.E0,0.E0,-1.E0));
#503=DIRECTION('',(8.875541734443E-1,-4.607033635666E-1,0.E0));
#504=AXIS2_PLACEMENT_3D('',#501,#502,#503);
#506=CARTESIAN_POINT('',(-1.579826519012E1,1.412914454648E1,-2.499999952316E0));
#507=DIRECTION('',(0.E0,0.E0,-1.E0));
#508=DIRECTION('',(-1.E0,0.E0,0.E0));
#509=AXIS2_PLACEMENT_3D('',#506,#507,#508);
#511=CARTESIAN_POINT('',(-1.579826519012E1,1.412914454648E1,-2.499999952316E0));
#512=DIRECTION('',(0.E0,0.E0,-1.E0));
#513=DIRECTION('',(-8.875541734578E-1,4.607033635407E-1,0.E0));
#514=AXIS2_PLACEMENT_3D('',#511,#512,#513);
#516=CARTESIAN_POINT('',(-1.579826519012E1,1.412914454648E1,-2.499999952316E0));
#517=DIRECTION('',(0.E0,0.E0,-1.E0));
#518=DIRECTION('',(1.E0,0.E0,0.E0));
#519=AXIS2_PLACEMENT_3D('',#516,#517,#518);
#521=CARTESIAN_POINT('',(-1.833826519012E1,1.412914454648E1,-2.499999952316E0));
#522=DIRECTION('',(0.E0,0.E0,-1.E0));
#523=DIRECTION('',(8.875541734443E-1,-4.607033635666E-1,0.E0));
#524=AXIS2_PLACEMENT_3D('',#521,#522,#523);
#526=CARTESIAN_POINT('',(-1.833826519012E1,1.412914454648E1,-2.499999952316E0));
#527=DIRECTION('',(0.E0,0.E0,-1.E0));
#528=DIRECTION('',(-1.E0,0.E0,0.E0));
#529=AXIS2_PLACEMENT_3D('',#526,#527,#528);
#531=CARTESIAN_POINT('',(-1.833826519012E1,1.412914454648E1,-2.499999952316E0));
#532=DIRECTION('',(0.E0,0.E0,-1.E0));
#533=DIRECTION('',(-8.875541734578E-1,4.607033635406E-1,0.E0));
#534=AXIS2_PLACEMENT_3D('',#531,#532,#533);
#536=CARTESIAN_POINT('',(-1.833826519012E1,1.412914454648E1,-2.499999952316E0));
#537=DIRECTION('',(0.E0,0.E0,-1.E0));
#538=DIRECTION('',(1.E0,0.E0,0.E0));
#539=AXIS2_PLACEMENT_3D('',#536,#537,#538);
#541=CARTESIAN_POINT('',(-1.071826519012E1,6.529144546477E0,-2.499999952316E0));
#542=DIRECTION('',(0.E0,0.E0,-1.E0));
#543=DIRECTION('',(-8.875541734516E-1,4.607033635526E-1,0.E0));
#544=AXIS2_PLACEMENT_3D('',#541,#542,#543);
#546=CARTESIAN_POINT('',(-1.071826519012E1,6.529144546477E0,-2.499999952316E0));
#547=DIRECTION('',(0.E0,0.E0,-1.E0));
#548=DIRECTION('',(1.E0,0.E0,0.E0));
#549=AXIS2_PLACEMENT_3D('',#546,#547,#548);
#551=CARTESIAN_POINT('',(-1.071826519012E1,6.529144546477E0,-2.499999952316E0));
#552=DIRECTION('',(0.E0,0.E0,-1.E0));
#553=DIRECTION('',(8.875541734461E-1,-4.607033635632E-1,0.E0));
#554=AXIS2_PLACEMENT_3D('',#551,#552,#553);
#556=CARTESIAN_POINT('',(-1.071826519012E1,6.529144546477E0,-2.499999952316E0));
#557=DIRECTION('',(0.E0,0.E0,-1.E0));
#558=DIRECTION('',(-1.E0,0.E0,0.E0));
#559=AXIS2_PLACEMENT_3D('',#556,#557,#558);
#561=CARTESIAN_POINT('',(-1.325826519012E1,6.529144546477E0,-2.499999952316E0));
#562=DIRECTION('',(0.E0,0.E0,-1.E0));
#563=DIRECTION('',(8.875541734470E-1,-4.607033635615E-1,0.E0));
#564=AXIS2_PLACEMENT_3D('',#561,#562,#563);
#566=CARTESIAN_POINT('',(-1.325826519012E1,6.529144546477E0,-2.499999952316E0));
#567=DIRECTION('',(0.E0,0.E0,-1.E0));
#568=DIRECTION('',(-1.E0,0.E0,0.E0));
#569=AXIS2_PLACEMENT_3D('',#566,#567,#568);
#571=CARTESIAN_POINT('',(-1.325826519012E1,6.529144546477E0,-2.499999952316E0));
#572=DIRECTION('',(0.E0,0.E0,-1.E0));
#573=DIRECTION('',(-8.875541734516E-1,4.607033635526E-1,0.E0));
#574=AXIS2_PLACEMENT_3D('',#571,#572,#573);
#576=CARTESIAN_POINT('',(-1.325826519012E1,6.529144546477E0,-2.499999952316E0));
#577=DIRECTION('',(0.E0,0.E0,-1.E0));
#578=DIRECTION('',(1.E0,0.E0,0.E0));
#579=AXIS2_PLACEMENT_3D('',#576,#577,#578);
#581=CARTESIAN_POINT('',(-1.579826519012E1,6.529144546477E0,-2.499999952316E0));
#582=DIRECTION('',(0.E0,0.E0,-1.E0));
#583=DIRECTION('',(8.875541734461E-1,-4.607033635632E-1,0.E0));
#584=AXIS2_PLACEMENT_3D('',#581,#582,#583);
#586=CARTESIAN_POINT('',(-1.579826519012E1,6.529144546477E0,-2.499999952316E0));
#587=DIRECTION('',(0.E0,0.E0,-1.E0));
#588=DIRECTION('',(-1.E0,0.E0,0.E0));
#589=AXIS2_PLACEMENT_3D('',#586,#587,#588);
#591=CARTESIAN_POINT('',(-1.579826519012E1,6.529144546477E0,-2.499999952316E0));
#592=DIRECTION('',(0.E0,0.E0,-1.E0));
#593=DIRECTION('',(-8.875541734516E-1,4.607033635526E-1,0.E0));
#594=AXIS2_PLACEMENT_3D('',#591,#592,#593);
#596=CARTESIAN_POINT('',(-1.579826519012E1,6.529144546477E0,-2.499999952316E0));
#597=DIRECTION('',(0.E0,0.E0,-1.E0));
#598=DIRECTION('',(1.E0,0.E0,0.E0));
#599=AXIS2_PLACEMENT_3D('',#596,#597,#598);
#601=CARTESIAN_POINT('',(-1.833826519012E1,6.529144546477E0,-2.499999952316E0));
#602=DIRECTION('',(0.E0,0.E0,-1.E0));
#603=DIRECTION('',(8.875541734470E-1,-4.607033635615E-1,0.E0));
#604=AXIS2_PLACEMENT_3D('',#601,#602,#603);
#606=CARTESIAN_POINT('',(-1.833826519012E1,6.529144546477E0,-2.499999952316E0));
#607=DIRECTION('',(0.E0,0.E0,-1.E0));
#608=DIRECTION('',(-1.E0,0.E0,0.E0));
#609=AXIS2_PLACEMENT_3D('',#606,#607,#608);
#611=CARTESIAN_POINT('',(-1.833826519012E1,6.529144546477E0,-2.499999952316E0));
#612=DIRECTION('',(0.E0,0.E0,-1.E0));
#613=DIRECTION('',(-8.875541734516E-1,4.607033635526E-1,0.E0));
#614=AXIS2_PLACEMENT_3D('',#611,#612,#613);
#616=CARTESIAN_POINT('',(-1.833826519012E1,6.529144546477E0,-2.499999952316E0));
#617=DIRECTION('',(0.E0,0.E0,-1.E0));
#618=DIRECTION('',(1.E0,0.E0,0.E0));
#619=AXIS2_PLACEMENT_3D('',#616,#617,#618);
#621=DIRECTION('',(1.E0,0.E0,0.E0));
#622=VECTOR('',#621,6.E0);
#623=CARTESIAN_POINT('',(-1.752826519012E1,1.157914454648E1,-2.099999952316E0));
#624=LINE('',#623,#622);
#625=CARTESIAN_POINT('',(-1.752826519012E1,1.107914454648E1,-2.099999952316E0));
#626=DIRECTION('',(0.E0,0.E0,1.E0));
#627=DIRECTION('',(-5.684341886081E-14,1.E0,0.E0));
#628=AXIS2_PLACEMENT_3D('',#625,#626,#627);
#630=CARTESIAN_POINT('',(-1.752826519012E1,9.579144546477E0,-2.099999952316E0));
#631=DIRECTION('',(0.E0,0.E0,1.E0));
#632=DIRECTION('',(-1.E0,1.350031197944E-13,0.E0));
#633=AXIS2_PLACEMENT_3D('',#630,#631,#632);
#635=CARTESIAN_POINT('',(-1.152826519012E1,9.579144546477E0,-2.099999952316E0));
#636=DIRECTION('',(0.E0,0.E0,1.E0));
#637=DIRECTION('',(2.486899575160E-14,-1.E0,0.E0));
#638=AXIS2_PLACEMENT_3D('',#635,#636,#637);
#640=CARTESIAN_POINT('',(-1.152826519012E1,1.107914454648E1,-2.099999952316E0));
#641=DIRECTION('',(0.E0,0.E0,1.E0));
#642=DIRECTION('',(1.E0,0.E0,0.E0));
#643=AXIS2_PLACEMENT_3D('',#640,#641,#642);
#645=DIRECTION('',(0.E0,0.E0,-1.E0));
#646=VECTOR('',#645,4.E-1);
#647=CARTESIAN_POINT('',(-1.752826519012E1,1.157914454648E1,-2.099999952316E0));
#648=LINE('',#647,#646);
#649=DIRECTION('',(0.E0,0.E0,1.E0));
#650=VECTOR('',#649,4.E-1);
#651=CARTESIAN_POINT('',(-1.802826519012E1,1.107914454648E1,-2.499999952316E0));
#652=LINE('',#651,#650);
#653=DIRECTION('',(0.E0,1.E0,0.E0));
#654=VECTOR('',#653,1.500000000003E0);
#655=CARTESIAN_POINT('',(-1.802826519012E1,9.579144546477E0,-2.099999952316E0));
#656=LINE('',#655,#654);
#657=DIRECTION('',(0.E0,0.E0,-1.E0));
#658=VECTOR('',#657,4.E-1);
#659=CARTESIAN_POINT('',(-1.802826519012E1,9.579144546477E0,-2.099999952316E0));
#660=LINE('',#659,#658);
#661=DIRECTION('',(0.E0,0.E0,1.E0));
#662=VECTOR('',#661,4.E-1);
#663=CARTESIAN_POINT('',(-1.752826519012E1,9.079144546477E0,-2.499999952316E0));
#664=LINE('',#663,#662);
#665=DIRECTION('',(-1.E0,0.E0,0.E0));
#666=VECTOR('',#665,6.E0);
#667=CARTESIAN_POINT('',(-1.152826519012E1,9.079144546477E0,-2.099999952316E0));
#668=LINE('',#667,#666);
#669=DIRECTION('',(7.993605777301E-14,0.E0,-1.E0));
#670=VECTOR('',#669,4.E-1);
#671=CARTESIAN_POINT('',(-1.152826519012E1,9.079144546477E0,-2.099999952316E0));
#672=LINE('',#671,#670);
#673=DIRECTION('',(0.E0,-7.993605777301E-14,1.E0));
#674=VECTOR('',#673,4.E-1);
#675=CARTESIAN_POINT('',(-1.102826519012E1,9.579144546477E0,-2.499999952316E0));
#676=LINE('',#675,#674);
#677=DIRECTION('',(0.E0,-1.E0,0.E0));
#678=VECTOR('',#677,1.500000000003E0);
#679=CARTESIAN_POINT('',(-1.102826519012E1,1.107914454648E1,-2.099999952316E0));
#680=LINE('',#679,#678);
#681=DIRECTION('',(0.E0,2.220446049250E-14,-1.E0));
#682=VECTOR('',#681,4.E-1);
#683=CARTESIAN_POINT('',(-1.102826519012E1,1.107914454648E1,-2.099999952316E0));
#684=LINE('',#683,#682);
#685=DIRECTION('',(2.664535259100E-14,0.E0,1.E0));
#686=VECTOR('',#685,4.E-1);
#687=CARTESIAN_POINT('',(-1.152826519012E1,1.157914454648E1,-2.499999952316E0));
#688=LINE('',#687,#686);
#689=DIRECTION('',(1.731947918415E-13,1.163513729807E-12,1.E0));
#690=VECTOR('',#689,4.E-1);
#691=CARTESIAN_POINT('',(-1.045199893809E1,1.399093353741E1,-2.499999952316E0));
#692=LINE('',#691,#690);
#693=CARTESIAN_POINT('',(-1.071826519012E1,1.412914454648E1,-2.099999952316E0));
#694=DIRECTION('',(0.E0,0.E0,1.E0));
#695=DIRECTION('',(-8.875541734536E-1,4.607033635488E-1,0.E0));
#696=AXIS2_PLACEMENT_3D('',#693,#694,#695);
#698=CARTESIAN_POINT('',(-1.071826519012E1,1.412914454648E1,-2.099999952316E0));
#699=DIRECTION('',(0.E0,0.E0,1.E0));
#700=DIRECTION('',(-1.E0,0.E0,0.E0));
#701=AXIS2_PLACEMENT_3D('',#698,#699,#700);
#703=CARTESIAN_POINT('',(-1.071826519012E1,1.412914454648E1,-2.099999952316E0));
#704=DIRECTION('',(0.E0,0.E0,1.E0));
#705=DIRECTION('',(8.875541734464E-1,-4.607033635627E-1,0.E0));
#706=AXIS2_PLACEMENT_3D('',#703,#704,#705);
#708=CARTESIAN_POINT('',(-1.071826519012E1,1.412914454648E1,-2.099999952316E0));
#709=DIRECTION('',(0.E0,0.E0,1.E0));
#710=DIRECTION('',(1.E0,0.E0,0.E0));
#711=AXIS2_PLACEMENT_3D('',#708,#709,#710);
#713=CARTESIAN_POINT('',(-1.071826486883E1,1.414914455138E1,-2.099999952316E0));
#714=DIRECTION('',(0.E0,0.E0,-1.E0));
#715=DIRECTION('',(1.E0,0.E0,0.E0));
#716=AXIS2_PLACEMENT_3D('',#713,#714,#715);
#718=CARTESIAN_POINT('',(-1.071826486883E1,1.414914455138E1,-2.099999952316E0));
#719=DIRECTION('',(0.E0,0.E0,-1.E0));
#720=DIRECTION('',(-1.E0,0.E0,0.E0));
#721=AXIS2_PLACEMENT_3D('',#718,#719,#720);
#723=DIRECTION('',(3.552713678801E-13,2.406963517387E-12,1.E0));
#724=VECTOR('',#723,4.E-1);
#725=CARTESIAN_POINT('',(-1.098453144216E1,1.426735555554E1,-2.499999952316E0));
#726=LINE('',#725,#724);
#727=DIRECTION('',(0.E0,0.E0,1.E0));
#728=VECTOR('',#727,4.550000047684E0);
#729=CARTESIAN_POINT('',(-1.096826486883E1,1.414914455138E1,-6.65E0));
#730=LINE('',#729,#728);
#731=DIRECTION('',(0.E0,0.E0,1.E0));
#732=VECTOR('',#731,4.550000047684E0);
#733=CARTESIAN_POINT('',(-1.046826486883E1,1.414914455139E1,-6.65E0));
#734=LINE('',#733,#732);
#735=CARTESIAN_POINT('',(-1.071826486883E1,1.414914455138E1,-6.65E0));
#736=DIRECTION('',(0.E0,0.E0,1.E0));
#737=DIRECTION('',(-1.E0,0.E0,0.E0));
#738=AXIS2_PLACEMENT_3D('',#735,#736,#737);
#740=CARTESIAN_POINT('',(-1.071826486883E1,1.414914455138E1,-6.65E0));
#741=DIRECTION('',(0.E0,0.E0,1.E0));
#742=DIRECTION('',(1.E0,0.E0,0.E0));
#743=AXIS2_PLACEMENT_3D('',#740,#741,#742);
#745=DIRECTION('',(1.643130076445E-13,1.150191053512E-12,1.E0));
#746=VECTOR('',#745,4.E-1);
#747=CARTESIAN_POINT('',(-1.299199893809E1,1.399093353741E1,-2.499999952316E0));
#748=LINE('',#747,#746);
#749=CARTESIAN_POINT('',(-1.325826519012E1,1.412914454648E1,-2.099999952316E0));
#750=DIRECTION('',(0.E0,0.E0,1.E0));
#751=DIRECTION('',(-8.875541734535E-1,4.607033635488E-1,0.E0));
#752=AXIS2_PLACEMENT_3D('',#749,#750,#751);
#754=CARTESIAN_POINT('',(-1.325826519012E1,1.412914454648E1,-2.099999952316E0));
#755=DIRECTION('',(0.E0,0.E0,1.E0));
#756=DIRECTION('',(-1.E0,0.E0,0.E0));
#757=AXIS2_PLACEMENT_3D('',#754,#755,#756);
#759=CARTESIAN_POINT('',(-1.325826519012E1,1.412914454648E1,-2.099999952316E0));
#760=DIRECTION('',(0.E0,0.E0,1.E0));
#761=DIRECTION('',(8.875541734463E-1,-4.607033635628E-1,0.E0));
#762=AXIS2_PLACEMENT_3D('',#759,#760,#761);
#764=CARTESIAN_POINT('',(-1.325826519012E1,1.412914454648E1,-2.099999952316E0));
#765=DIRECTION('',(0.E0,0.E0,1.E0));
#766=DIRECTION('',(1.E0,0.E0,0.E0));
#767=AXIS2_PLACEMENT_3D('',#764,#765,#766);
#769=CARTESIAN_POINT('',(-1.325826486883E1,1.414914455138E1,-2.099999952316E0));
#770=DIRECTION('',(0.E0,0.E0,-1.E0));
#771=DIRECTION('',(-1.E0,0.E0,0.E0));
#772=AXIS2_PLACEMENT_3D('',#769,#770,#771);
#774=CARTESIAN_POINT('',(-1.325826486883E1,1.414914455138E1,-2.099999952316E0));
#775=DIRECTION('',(0.E0,0.E0,-1.E0));
#776=DIRECTION('',(1.E0,0.E0,0.E0));
#777=AXIS2_PLACEMENT_3D('',#774,#775,#776);
#779=DIRECTION('',(3.641531520771E-13,2.415845301584E-12,1.E0));
#780=VECTOR('',#779,4.E-1);
#781=CARTESIAN_POINT('',(-1.352453144216E1,1.426735555554E1,-2.499999952316E0));
#782=LINE('',#781,#780);
#783=DIRECTION('',(0.E0,0.E0,1.E0));
#784=VECTOR('',#783,4.550000047684E0);
#785=CARTESIAN_POINT('',(-1.300826486883E1,1.414914455139E1,-6.65E0));
#786=LINE('',#785,#784);
#787=DIRECTION('',(0.E0,0.E0,1.E0));
#788=VECTOR('',#787,4.550000047684E0);
#789=CARTESIAN_POINT('',(-1.350826486883E1,1.414914455138E1,-6.65E0));
#790=LINE('',#789,#788);
#791=CARTESIAN_POINT('',(-1.325826486883E1,1.414914455138E1,-6.65E0));
#792=DIRECTION('',(0.E0,0.E0,1.E0));
#793=DIRECTION('',(1.E0,0.E0,0.E0));
#794=AXIS2_PLACEMENT_3D('',#791,#792,#793);
#796=CARTESIAN_POINT('',(-1.325826486883E1,1.414914455138E1,-6.65E0));
#797=DIRECTION('',(0.E0,0.E0,1.E0));
#798=DIRECTION('',(-1.E0,0.E0,0.E0));
#799=AXIS2_PLACEMENT_3D('',#796,#797,#798);
#801=DIRECTION('',(1.687538997430E-13,1.154631945610E-12,1.E0));
#802=VECTOR('',#801,4.E-1);
#803=CARTESIAN_POINT('',(-1.553199893809E1,1.399093353741E1,-2.499999952316E0));
#804=LINE('',#803,#802);
#805=CARTESIAN_POINT('',(-1.579826519012E1,1.412914454648E1,-2.099999952316E0));
#806=DIRECTION('',(0.E0,0.E0,1.E0));
#807=DIRECTION('',(-8.875541734536E-1,4.607033635488E-1,0.E0));
#808=AXIS2_PLACEMENT_3D('',#805,#806,#807);
#810=CARTESIAN_POINT('',(-1.579826519012E1,1.412914454648E1,-2.099999952316E0));
#811=DIRECTION('',(0.E0,0.E0,1.E0));
#812=DIRECTION('',(-1.E0,0.E0,0.E0));
#813=AXIS2_PLACEMENT_3D('',#810,#811,#812);
#815=CARTESIAN_POINT('',(-1.579826519012E1,1.412914454648E1,-2.099999952316E0));
#816=DIRECTION('',(0.E0,0.E0,1.E0));
#817=DIRECTION('',(8.875541734463E-1,-4.607033635627E-1,0.E0));
#818=AXIS2_PLACEMENT_3D('',#815,#816,#817);
#820=CARTESIAN_POINT('',(-1.579826519012E1,1.412914454648E1,-2.099999952316E0));
#821=DIRECTION('',(0.E0,0.E0,1.E0));
#822=DIRECTION('',(1.E0,0.E0,0.E0));
#823=AXIS2_PLACEMENT_3D('',#820,#821,#822);
#825=CARTESIAN_POINT('',(-1.579826486883E1,1.414914455138E1,-2.099999952316E0));
#826=DIRECTION('',(0.E0,0.E0,-1.E0));
#827=DIRECTION('',(-1.E0,2.842170943040E-14,0.E0));
#828=AXIS2_PLACEMENT_3D('',#825,#826,#827);
#830=CARTESIAN_POINT('',(-1.579826486883E1,1.414914455138E1,-2.099999952316E0));
#831=DIRECTION('',(0.E0,0.E0,-1.E0));
#832=DIRECTION('',(1.E0,-2.842170943040E-14,0.E0));
#833=AXIS2_PLACEMENT_3D('',#830,#831,#832);
#835=DIRECTION('',(3.552713678801E-13,2.393640841092E-12,1.E0));
#836=VECTOR('',#835,4.E-1);
#837=CARTESIAN_POINT('',(-1.606453144216E1,1.426735555554E1,-2.499999952316E0));
#838=LINE('',#837,#836);
#839=DIRECTION('',(0.E0,0.E0,1.E0));
#840=VECTOR('',#839,4.550000047684E0);
#841=CARTESIAN_POINT('',(-1.554826486883E1,1.414914455138E1,-6.65E0));
#842=LINE('',#841,#840);
#843=DIRECTION('',(0.E0,0.E0,1.E0));
#844=VECTOR('',#843,4.550000047684E0);
#845=CARTESIAN_POINT('',(-1.604826486883E1,1.414914455138E1,-6.65E0));
#846=LINE('',#845,#844);
#847=CARTESIAN_POINT('',(-1.579826486883E1,1.414914455138E1,-6.65E0));
#848=DIRECTION('',(0.E0,0.E0,1.E0));
#849=DIRECTION('',(1.E0,-2.842170943040E-14,0.E0));
#850=AXIS2_PLACEMENT_3D('',#847,#848,#849);
#852=CARTESIAN_POINT('',(-1.579826486883E1,1.414914455138E1,-6.65E0));
#853=DIRECTION('',(0.E0,0.E0,1.E0));
#854=DIRECTION('',(-1.E0,2.842170943040E-14,0.E0));
#855=AXIS2_PLACEMENT_3D('',#852,#853,#854);
#857=DIRECTION('',(1.687538997430E-13,1.154631945610E-12,1.E0));
#858=VECTOR('',#857,4.E-1);
#859=CARTESIAN_POINT('',(-1.807199893809E1,1.399093353741E1,-2.499999952316E0));
#860=LINE('',#859,#858);
#861=CARTESIAN_POINT('',(-1.833826519012E1,1.412914454648E1,-2.099999952316E0));
#862=DIRECTION('',(0.E0,0.E0,1.E0));
#863=DIRECTION('',(-8.875541734535E-1,4.607033635488E-1,0.E0));
#864=AXIS2_PLACEMENT_3D('',#861,#862,#863);
#866=CARTESIAN_POINT('',(-1.833826519012E1,1.412914454648E1,-2.099999952316E0));
#867=DIRECTION('',(0.E0,0.E0,1.E0));
#868=DIRECTION('',(-1.E0,0.E0,0.E0));
#869=AXIS2_PLACEMENT_3D('',#866,#867,#868);
#871=CARTESIAN_POINT('',(-1.833826519012E1,1.412914454648E1,-2.099999952316E0));
#872=DIRECTION('',(0.E0,0.E0,1.E0));
#873=DIRECTION('',(8.875541734463E-1,-4.607033635627E-1,0.E0));
#874=AXIS2_PLACEMENT_3D('',#871,#872,#873);
#876=CARTESIAN_POINT('',(-1.833826519012E1,1.412914454648E1,-2.099999952316E0));
#877=DIRECTION('',(0.E0,0.E0,1.E0));
#878=DIRECTION('',(1.E0,0.E0,0.E0));
#879=AXIS2_PLACEMENT_3D('',#876,#877,#878);
#881=DIRECTION('',(3.641531520771E-13,2.406963517387E-12,1.E0));
#882=VECTOR('',#881,4.E-1);
#883=CARTESIAN_POINT('',(-1.860453144216E1,1.426735555554E1,-2.499999952316E0));
#884=LINE('',#883,#882);
#885=DIRECTION('',(1.154631945610E-13,7.682743330406E-13,1.E0));
#886=VECTOR('',#885,4.E-1);
#887=CARTESIAN_POINT('',(-1.098453144216E1,6.667355555542E0,-2.499999952316E0));
#888=LINE('',#887,#886);
#889=CARTESIAN_POINT('',(-1.071826519012E1,6.529144546477E0,-2.099999952316E0));
#890=DIRECTION('',(0.E0,0.E0,1.E0));
#891=DIRECTION('',(8.875541734473E-1,-4.607033635609E-1,0.E0));
#892=AXIS2_PLACEMENT_3D('',#889,#890,#891);
#894=CARTESIAN_POINT('',(-1.071826519012E1,6.529144546477E0,-2.099999952316E0));
#895=DIRECTION('',(0.E0,0.E0,1.E0));
#896=DIRECTION('',(1.E0,0.E0,0.E0));
#897=AXIS2_PLACEMENT_3D('',#894,#895,#896);
#899=CARTESIAN_POINT('',(-1.071826519012E1,6.529144546477E0,-2.099999952316E0));
#900=DIRECTION('',(0.E0,0.E0,1.E0));
#901=DIRECTION('',(-8.875541734502E-1,4.607033635552E-1,0.E0));
#902=AXIS2_PLACEMENT_3D('',#899,#900,#901);
#904=CARTESIAN_POINT('',(-1.071826519012E1,6.529144546477E0,-2.099999952316E0));
#905=DIRECTION('',(0.E0,0.E0,1.E0));
#906=DIRECTION('',(-1.E0,0.E0,0.E0));
#907=AXIS2_PLACEMENT_3D('',#904,#905,#906);
#909=CARTESIAN_POINT('',(-1.071826486883E1,6.529144551385E0,-2.099999952316E0));
#910=DIRECTION('',(0.E0,0.E0,-1.E0));
#911=DIRECTION('',(1.E0,2.131628207280E-14,0.E0));
#912=AXIS2_PLACEMENT_3D('',#909,#910,#911);
#914=CARTESIAN_POINT('',(-1.071826486883E1,6.529144551385E0,-2.099999952316E0));
#915=DIRECTION('',(0.E0,0.E0,-1.E0));
#916=DIRECTION('',(-1.E0,-2.131628207280E-14,0.E0));
#917=AXIS2_PLACEMENT_3D('',#914,#915,#916);
#919=DIRECTION('',(1.021405182655E-13,6.861178292183E-13,1.E0));
#920=VECTOR('',#919,4.E-1);
#921=CARTESIAN_POINT('',(-1.045199893809E1,6.390933537407E0,-2.499999952316E0));
#922=LINE('',#921,#920);
#923=DIRECTION('',(0.E0,0.E0,1.E0));
#924=VECTOR('',#923,4.550000047684E0);
#925=CARTESIAN_POINT('',(-1.096826486883E1,6.529144551385E0,-6.65E0));
#926=LINE('',#925,#924);
#927=DIRECTION('',(0.E0,0.E0,1.E0));
#928=VECTOR('',#927,4.550000047684E0);
#929=CARTESIAN_POINT('',(-1.046826486883E1,6.529144551385E0,-6.65E0));
#930=LINE('',#929,#928);
#931=CARTESIAN_POINT('',(-1.071826486883E1,6.529144551385E0,-6.65E0));
#932=DIRECTION('',(0.E0,0.E0,1.E0));
#933=DIRECTION('',(-1.E0,-2.131628207280E-14,0.E0));
#934=AXIS2_PLACEMENT_3D('',#931,#932,#933);
#936=CARTESIAN_POINT('',(-1.071826486883E1,6.529144551385E0,-6.65E0));
#937=DIRECTION('',(0.E0,0.E0,1.E0));
#938=DIRECTION('',(1.E0,2.131628207280E-14,0.E0));
#939=AXIS2_PLACEMENT_3D('',#936,#937,#938);
#941=DIRECTION('',(7.105427357601E-14,4.485301019486E-13,1.E0));
#942=VECTOR('',#941,4.E-1);
#943=CARTESIAN_POINT('',(-1.299199893809E1,6.390933537408E0,-2.499999952316E0));
#944=LINE('',#943,#942);
#945=CARTESIAN_POINT('',(-1.325826519012E1,6.529144546477E0,-2.099999952316E0));
#946=DIRECTION('',(0.E0,0.E0,1.E0));
#947=DIRECTION('',(-8.875541734502E-1,4.607033635552E-1,0.E0));
#948=AXIS2_PLACEMENT_3D('',#945,#946,#947);
#950=CARTESIAN_POINT('',(-1.325826519012E1,6.529144546477E0,-2.099999952316E0));
#951=DIRECTION('',(0.E0,0.E0,1.E0));
#952=DIRECTION('',(-1.E0,0.E0,0.E0));
#953=AXIS2_PLACEMENT_3D('',#950,#951,#952);
#955=CARTESIAN_POINT('',(-1.325826519012E1,6.529144546477E0,-2.099999952316E0));
#956=DIRECTION('',(0.E0,0.E0,1.E0));
#957=DIRECTION('',(8.875541734478E-1,-4.607033635600E-1,0.E0));
#958=AXIS2_PLACEMENT_3D('',#955,#956,#957);
#960=CARTESIAN_POINT('',(-1.325826519012E1,6.529144546477E0,-2.099999952316E0));
#961=DIRECTION('',(0.E0,0.E0,1.E0));
#962=DIRECTION('',(1.E0,0.E0,0.E0));
#963=AXIS2_PLACEMENT_3D('',#960,#961,#962);
#965=CARTESIAN_POINT('',(-1.325826486883E1,6.529144551385E0,-2.099999952316E0));
#966=DIRECTION('',(0.E0,0.E0,-1.E0));
#967=DIRECTION('',(-1.E0,-1.421085471520E-14,0.E0));
#968=AXIS2_PLACEMENT_3D('',#965,#966,#967);
#970=CARTESIAN_POINT('',(-1.325826486883E1,6.529144551385E0,-2.099999952316E0));
#971=DIRECTION('',(0.E0,0.E0,-1.E0));
#972=DIRECTION('',(1.E0,1.065814103640E-14,0.E0));
#973=AXIS2_PLACEMENT_3D('',#970,#971,#972);
#975=DIRECTION('',(1.110223024625E-13,7.682743330406E-13,1.E0));
#976=VECTOR('',#975,4.E-1);
#977=CARTESIAN_POINT('',(-1.352453144216E1,6.667355555542E0,-2.499999952316E0));
#978=LINE('',#977,#976);
#979=DIRECTION('',(0.E0,0.E0,1.E0));
#980=VECTOR('',#979,4.550000047684E0);
#981=CARTESIAN_POINT('',(-1.300826486883E1,6.529144551385E0,-6.65E0));
#982=LINE('',#981,#980);
#983=DIRECTION('',(0.E0,0.E0,1.E0));
#984=VECTOR('',#983,4.550000047684E0);
#985=CARTESIAN_POINT('',(-1.350826486883E1,6.529144551385E0,-6.65E0));
#986=LINE('',#985,#984);
#987=CARTESIAN_POINT('',(-1.325826486883E1,6.529144551385E0,-6.65E0));
#988=DIRECTION('',(0.E0,0.E0,1.E0));
#989=DIRECTION('',(1.E0,1.421085471520E-14,0.E0));
#990=AXIS2_PLACEMENT_3D('',#987,#988,#989);
#992=CARTESIAN_POINT('',(-1.325826486883E1,6.529144551385E0,-6.65E0));
#993=DIRECTION('',(0.E0,0.E0,1.E0));
#994=DIRECTION('',(-1.E0,-1.065814103640E-14,0.E0));
#995=AXIS2_PLACEMENT_3D('',#992,#993,#994);
#997=DIRECTION('',(1.065814103640E-13,6.905587213168E-13,1.E0));
#998=VECTOR('',#997,4.E-1);
#999=CARTESIAN_POINT('',(-1.553199893809E1,6.390933537407E0,-2.499999952316E0));
#1000=LINE('',#999,#998);
#1001=CARTESIAN_POINT('',(-1.579826519012E1,6.529144546477E0,
-2.099999952316E0));
#1002=DIRECTION('',(0.E0,0.E0,1.E0));
#1003=DIRECTION('',(-8.875541734502E-1,4.607033635552E-1,0.E0));
#1004=AXIS2_PLACEMENT_3D('',#1001,#1002,#1003);
#1006=CARTESIAN_POINT('',(-1.579826519012E1,6.529144546477E0,
-2.099999952316E0));
#1007=DIRECTION('',(0.E0,0.E0,1.E0));
#1008=DIRECTION('',(-1.E0,0.E0,0.E0));
#1009=AXIS2_PLACEMENT_3D('',#1006,#1007,#1008);
#1011=CARTESIAN_POINT('',(-1.579826519012E1,6.529144546477E0,
-2.099999952316E0));
#1012=DIRECTION('',(0.E0,0.E0,1.E0));
#1013=DIRECTION('',(8.875541734473E-1,-4.607033635609E-1,0.E0));
#1014=AXIS2_PLACEMENT_3D('',#1011,#1012,#1013);
#1016=CARTESIAN_POINT('',(-1.579826519012E1,6.529144546477E0,
-2.099999952316E0));
#1017=DIRECTION('',(0.E0,0.E0,1.E0));
#1018=DIRECTION('',(1.E0,0.E0,0.E0));
#1019=AXIS2_PLACEMENT_3D('',#1016,#1017,#1018);
#1021=CARTESIAN_POINT('',(-1.579826486883E1,6.529144551385E0,
-2.099999952316E0));
#1022=DIRECTION('',(0.E0,0.E0,-1.E0));
#1023=DIRECTION('',(-1.E0,0.E0,0.E0));
#1024=AXIS2_PLACEMENT_3D('',#1021,#1022,#1023);
#1026=CARTESIAN_POINT('',(-1.579826486883E1,6.529144551385E0,
-2.099999952316E0));
#1027=DIRECTION('',(0.E0,0.E0,-1.E0));
#1028=DIRECTION('',(1.E0,0.E0,0.E0));
#1029=AXIS2_PLACEMENT_3D('',#1026,#1027,#1028);
#1031=DIRECTION('',(1.243449787580E-13,7.704947790899E-13,1.E0));
#1032=VECTOR('',#1031,4.E-1);
#1033=CARTESIAN_POINT('',(-1.606453144216E1,6.667355555542E0,
-2.499999952316E0));
#1034=LINE('',#1033,#1032);
#1035=DIRECTION('',(0.E0,0.E0,1.E0));
#1036=VECTOR('',#1035,4.550000047684E0);
#1037=CARTESIAN_POINT('',(-1.554826486883E1,6.529144551385E0,-6.65E0));
#1038=LINE('',#1037,#1036);
#1039=DIRECTION('',(0.E0,0.E0,1.E0));
#1040=VECTOR('',#1039,4.550000047684E0);
#1041=CARTESIAN_POINT('',(-1.604826486883E1,6.529144551385E0,-6.65E0));
#1042=LINE('',#1041,#1040);
#1043=CARTESIAN_POINT('',(-1.579826486883E1,6.529144551385E0,-6.65E0));
#1044=DIRECTION('',(0.E0,0.E0,1.E0));
#1045=DIRECTION('',(1.E0,0.E0,0.E0));
#1046=AXIS2_PLACEMENT_3D('',#1043,#1044,#1045);
#1048=CARTESIAN_POINT('',(-1.579826486883E1,6.529144551385E0,-6.65E0));
#1049=DIRECTION('',(0.E0,0.E0,1.E0));
#1050=DIRECTION('',(-1.E0,0.E0,0.E0));
#1051=AXIS2_PLACEMENT_3D('',#1048,#1049,#1050);
#1053=DIRECTION('',(6.217248937901E-14,4.440892098501E-13,1.E0));
#1054=VECTOR('',#1053,4.E-1);
#1055=CARTESIAN_POINT('',(-1.807199893809E1,6.390933537408E0,
-2.499999952316E0));
#1056=LINE('',#1055,#1054);
#1057=CARTESIAN_POINT('',(-1.833826519012E1,6.529144546477E0,
-2.099999952316E0));
#1058=DIRECTION('',(0.E0,0.E0,1.E0));
#1059=DIRECTION('',(-8.875541734502E-1,4.607033635552E-1,0.E0));
#1060=AXIS2_PLACEMENT_3D('',#1057,#1058,#1059);
#1062=CARTESIAN_POINT('',(-1.833826519012E1,6.529144546477E0,
-2.099999952316E0));
#1063=DIRECTION('',(0.E0,0.E0,1.E0));
#1064=DIRECTION('',(-1.E0,0.E0,0.E0));
#1065=AXIS2_PLACEMENT_3D('',#1062,#1063,#1064);
#1067=CARTESIAN_POINT('',(-1.833826519012E1,6.529144546477E0,
-2.099999952316E0));
#1068=DIRECTION('',(0.E0,0.E0,1.E0));
#1069=DIRECTION('',(8.875541734478E-1,-4.607033635600E-1,0.E0));
#1070=AXIS2_PLACEMENT_3D('',#1067,#1068,#1069);
#1072=CARTESIAN_POINT('',(-1.833826519012E1,6.529144546477E0,
-2.099999952316E0));
#1073=DIRECTION('',(0.E0,0.E0,1.E0));
#1074=DIRECTION('',(1.E0,0.E0,0.E0));
#1075=AXIS2_PLACEMENT_3D('',#1072,#1073,#1074);
#1077=CARTESIAN_POINT('',(-1.833826486883E1,6.529144551385E0,
-2.099999952316E0));
#1078=DIRECTION('',(0.E0,0.E0,-1.E0));
#1079=DIRECTION('',(-1.E0,-4.973799150321E-14,0.E0));
#1080=AXIS2_PLACEMENT_3D('',#1077,#1078,#1079);
#1082=CARTESIAN_POINT('',(-1.833826486883E1,6.529144551385E0,
-2.099999952316E0));
#1083=DIRECTION('',(0.E0,0.E0,-1.E0));
#1084=DIRECTION('',(1.E0,4.973799150321E-14,0.E0));
#1085=AXIS2_PLACEMENT_3D('',#1082,#1083,#1084);
#1087=DIRECTION('',(1.065814103640E-13,7.616129948929E-13,1.E0));
#1088=VECTOR('',#1087,4.E-1);
#1089=CARTESIAN_POINT('',(-1.860453144216E1,6.667355555542E0,
-2.499999952316E0));
#1090=LINE('',#1089,#1088);
#1091=DIRECTION('',(0.E0,0.E0,1.E0));
#1092=VECTOR('',#1091,4.550000047684E0);
#1093=CARTESIAN_POINT('',(-1.808826486883E1,6.529144551385E0,-6.65E0));
#1094=LINE('',#1093,#1092);
#1095=DIRECTION('',(0.E0,0.E0,1.E0));
#1096=VECTOR('',#1095,4.550000047684E0);
#1097=CARTESIAN_POINT('',(-1.858826486883E1,6.529144551385E0,-6.65E0));
#1098=LINE('',#1097,#1096);
#1099=CARTESIAN_POINT('',(-1.833826486883E1,6.529144551385E0,-6.65E0));
#1100=DIRECTION('',(0.E0,0.E0,1.E0));
#1101=DIRECTION('',(1.E0,4.973799150321E-14,0.E0));
#1102=AXIS2_PLACEMENT_3D('',#1099,#1100,#1101);
#1104=CARTESIAN_POINT('',(-1.833826486883E1,6.529144551385E0,-6.65E0));
#1105=DIRECTION('',(0.E0,0.E0,1.E0));
#1106=DIRECTION('',(-1.E0,-4.973799150321E-14,0.E0));
#1107=AXIS2_PLACEMENT_3D('',#1104,#1105,#1106);
#1109=DIRECTION('',(0.E0,1.E0,0.E0));
#1110=VECTOR('',#1109,1.01E1);
#1111=CARTESIAN_POINT('',(-2.087826449023E1,5.279144542733E0,
-2.549999952316E0));
#1112=LINE('',#1111,#1110);
#1113=DIRECTION('',(0.E0,0.E0,1.E0));
#1114=VECTOR('',#1113,7.7E0);
#1115=CARTESIAN_POINT('',(-2.087826449023E1,1.537914454273E1,
-2.549999952316E0));
#1116=LINE('',#1115,#1114);
#1117=DIRECTION('',(0.E0,-1.E0,0.E0));
#1118=VECTOR('',#1117,1.01E1);
#1119=CARTESIAN_POINT('',(-8.178264490230E0,1.537914454273E1,5.150000047684E0));
#1120=LINE('',#1119,#1118);
#1121=DIRECTION('',(-1.E0,0.E0,0.E0));
#1122=VECTOR('',#1121,1.27E1);
#1123=CARTESIAN_POINT('',(-8.178264490230E0,5.279144542733E0,5.150000047684E0));
#1124=LINE('',#1123,#1122);
#1125=DIRECTION('',(0.E0,1.E0,0.E0));
#1126=VECTOR('',#1125,1.01E1);
#1127=CARTESIAN_POINT('',(-2.087826449023E1,5.279144542733E0,5.150000047684E0));
#1128=LINE('',#1127,#1126);
#1129=DIRECTION('',(1.E0,0.E0,0.E0));
#1130=VECTOR('',#1129,1.27E1);
#1131=CARTESIAN_POINT('',(-2.087826449023E1,1.537914454273E1,5.150000047684E0));
#1132=LINE('',#1131,#1130);
#1133=CARTESIAN_POINT('',(-1.937826449023E1,6.779144542733E0,5.150000047684E0));
#1134=DIRECTION('',(0.E0,0.E0,1.E0));
#1135=DIRECTION('',(1.602546598846E-1,9.870757032696E-1,0.E0));
#1136=AXIS2_PLACEMENT_3D('',#1133,#1134,#1135);
#1138=CARTESIAN_POINT('',(-1.937826449023E1,6.779144542733E0,5.150000047684E0));
#1139=DIRECTION('',(0.E0,0.E0,1.E0));
#1140=DIRECTION('',(-1.602546598846E-1,-9.870757032696E-1,0.E0));
#1141=AXIS2_PLACEMENT_3D('',#1138,#1139,#1140);
#1143=DIRECTION('',(-1.E0,0.E0,0.E0));
#1144=VECTOR('',#1143,7.916666865349E-1);
#1145=CARTESIAN_POINT('',(-1.756833331347E1,1.132E1,5.150000047684E0));
#1146=LINE('',#1145,#1144);
#1147=DIRECTION('',(0.E0,-1.E0,0.E0));
#1148=VECTOR('',#1147,1.063829660416E-1);
#1149=CARTESIAN_POINT('',(-1.836E1,1.132E1,5.150000047684E0));
#1150=LINE('',#1149,#1148);
#1151=DIRECTION('',(1.E0,0.E0,0.E0));
#1152=VECTOR('',#1151,3.333333432674E-1);
#1153=CARTESIAN_POINT('',(-1.836E1,1.121361703396E1,5.150000047684E0));
#1154=LINE('',#1153,#1152);
#1155=DIRECTION('',(0.E0,-1.E0,0.E0));
#1156=VECTOR('',#1155,8.936170339584E-1);
#1157=CARTESIAN_POINT('',(-1.802666665673E1,1.121361703396E1,5.150000047684E0));
#1158=LINE('',#1157,#1156);
#1159=DIRECTION('',(1.E0,0.E0,0.E0));
#1160=VECTOR('',#1159,1.25E-1);
#1161=CARTESIAN_POINT('',(-1.802666665673E1,1.032E1,5.150000047684E0));
#1162=LINE('',#1161,#1160);
#1163=DIRECTION('',(0.E0,1.E0,0.E0));
#1164=VECTOR('',#1163,8.936170339584E-1);
#1165=CARTESIAN_POINT('',(-1.790166665673E1,1.032E1,5.150000047684E0));
#1166=LINE('',#1165,#1164);
#1167=DIRECTION('',(1.E0,0.E0,0.E0));
#1168=VECTOR('',#1167,3.333333432674E-1);
#1169=CARTESIAN_POINT('',(-1.790166665673E1,1.121361703396E1,5.150000047684E0));
#1170=LINE('',#1169,#1168);
#1171=DIRECTION('',(0.E0,1.E0,0.E0));
#1172=VECTOR('',#1171,1.063829660416E-1);
#1173=CARTESIAN_POINT('',(-1.756833331347E1,1.121361703396E1,5.150000047684E0));
#1174=LINE('',#1173,#1172);
#1175=DIRECTION('',(-1.E0,0.E0,0.E0));
#1176=VECTOR('',#1175,5.000000596046E-1);
#1177=CARTESIAN_POINT('',(-1.690166662693E1,1.132E1,5.150000047684E0));
#1178=LINE('',#1177,#1176);
#1179=DIRECTION('',(0.E0,-1.E0,0.E0));
#1180=VECTOR('',#1179,1.E0);
#1181=CARTESIAN_POINT('',(-1.740166668653E1,1.132E1,5.150000047684E0));
#1182=LINE('',#1181,#1180);
#1183=DIRECTION('',(1.E0,0.E0,0.E0));
#1184=VECTOR('',#1183,5.000000596046E-1);
#1185=CARTESIAN_POINT('',(-1.740166668653E1,1.032E1,5.150000047684E0));
#1186=LINE('',#1185,#1184);
#1187=DIRECTION('',(9.797706908745E-1,2.001234451615E-1,0.E0));
#1188=VECTOR('',#1187,1.063173535404E-1);
#1189=CARTESIAN_POINT('',(-1.690166662693E1,1.032E1,5.150000047684E0));
#1190=LINE('',#1189,#1188);
#1191=DIRECTION('',(8.906053505096E-1,4.547769889117E-1,0.E0));
#1192=VECTOR('',#1191,9.356936046036E-2);
#1193=CARTESIAN_POINT('',(-1.67975E1,1.034127659507E1,5.150000047684E0));
#1194=LINE('',#1193,#1192);
#1195=DIRECTION('',(6.996244632883E-1,7.145107489524E-1,0.E0));
#1196=VECTOR('',#1195,1.191114065234E-1);
#1197=CARTESIAN_POINT('',(-1.671416662693E1,1.038382978708E1,5.150000047684E0));
#1198=LINE('',#1197,#1196);
#1199=DIRECTION('',(4.397141102494E-1,8.981377963584E-1,0.E0));
#1200=VECTOR('',#1199,9.475871974154E-2);
#1201=CARTESIAN_POINT('',(-1.663083337307E1,1.046893616736E1,5.150000047684E0));
#1202=LINE('',#1201,#1200);
#1203=DIRECTION('',(1.921821473726E-1,9.813592727596E-1,0.E0));
#1204=VECTOR('',#1203,1.084036896522E-1);
#1205=CARTESIAN_POINT('',(-1.658916662693E1,1.055404255509E1,5.150000047684E0));
#1206=LINE('',#1205,#1204);
#1207=DIRECTION('',(0.E0,1.E0,0.E0));
#1208=VECTOR('',#1207,3.191489279270E-1);
#1209=CARTESIAN_POINT('',(-1.656833337307E1,1.066042552114E1,5.150000047684E0));
#1210=LINE('',#1209,#1208);
#1211=DIRECTION('',(-1.921820436730E-1,9.813592930674E-1,0.E0));
#1212=VECTOR('',#1211,1.084037481458E-1);
#1213=CARTESIAN_POINT('',(-1.656833337307E1,1.097957444906E1,5.150000047684E0));
#1214=LINE('',#1213,#1212);
#1215=DIRECTION('',(-4.397141723527E-1,8.981377659536E-1,0.E0));
#1216=VECTOR('',#1215,9.475870635825E-2);
#1217=CARTESIAN_POINT('',(-1.658916662693E1,1.108595747471E1,5.150000047684E0));
#1218=LINE('',#1217,#1216);
#1219=DIRECTION('',(-6.996244945571E-1,7.145107183351E-1,0.E0));
#1220=VECTOR('',#1219,1.191114011999E-1);
#1221=CARTESIAN_POINT('',(-1.663083337307E1,1.117106384754E1,5.150000047684E0));
#1222=LINE('',#1221,#1220);
#1223=DIRECTION('',(-8.906053746977E-1,4.547769415434E-1,0.E0));
#1224=VECTOR('',#1223,9.356935791910E-2);
#1225=CARTESIAN_POINT('',(-1.671416662693E1,1.125617022038E1,5.150000047684E0));
#1226=LINE('',#1225,#1224);
#1227=DIRECTION('',(-9.797706943097E-1,2.001234283435E-1,0.E0));
#1228=VECTOR('',#1227,1.063173531677E-1);
#1229=CARTESIAN_POINT('',(-1.67975E1,1.129872340679E1,5.150000047684E0));
#1230=LINE('',#1229,#1228);
#1231=DIRECTION('',(1.E0,0.E0,0.E0));
#1232=VECTOR('',#1231,3.75E-1);
#1233=CARTESIAN_POINT('',(-1.727666662693E1,1.119234044075E1,5.150000047684E0));
#1234=LINE('',#1233,#1232);
#1235=DIRECTION('',(9.689176611437E-1,-2.473834390653E-1,0.E0));
#1236=VECTOR('',#1235,8.600653822545E-2);
#1237=CARTESIAN_POINT('',(-1.690166662693E1,1.119234044075E1,5.150000047684E0));
#1238=LINE('',#1237,#1236);
#1239=DIRECTION('',(8.265992787996E-1,-5.627909312417E-1,0.E0));
#1240=VECTOR('',#1239,7.561100233569E-2);
#1241=CARTESIAN_POINT('',(-1.681833337307E1,1.117106384754E1,5.150000047684E0));
#1242=LINE('',#1241,#1240);
#1243=DIRECTION('',(5.466229197794E-1,-8.373788769559E-1,0.E0));
#1244=VECTOR('',#1243,7.622575752284E-2);
#1245=CARTESIAN_POINT('',(-1.675583337307E1,1.112851066113E1,5.150000047684E0));
#1246=LINE('',#1245,#1244);
#1247=DIRECTION('',(2.377704967206E-1,-9.713213633444E-1,0.E0));
#1248=VECTOR('',#1247,8.761917120840E-2);
#1249=CARTESIAN_POINT('',(-1.671416662693E1,1.106468082190E1,5.150000047684E0));
#1250=LINE('',#1249,#1248);
#1251=DIRECTION('',(0.E0,-1.E0,0.E0));
#1252=VECTOR('',#1251,3.191489279270E-1);
#1253=CARTESIAN_POINT('',(-1.669333337307E1,1.097957444906E1,5.150000047684E0));
#1254=LINE('',#1253,#1252);
#1255=DIRECTION('',(-2.377704967206E-1,-9.713213633444E-1,0.E0));
#1256=VECTOR('',#1255,8.761917120840E-2);
#1257=CARTESIAN_POINT('',(-1.669333337307E1,1.066042552114E1,5.150000047684E0));
#1258=LINE('',#1257,#1256);
#1259=DIRECTION('',(-5.466232777014E-1,-8.373786433120E-1,0.E0));
#1260=VECTOR('',#1259,7.622570761117E-2);
#1261=CARTESIAN_POINT('',(-1.671416662693E1,1.057531914830E1,5.150000047684E0));
#1262=LINE('',#1261,#1260);
#1263=DIRECTION('',(-8.265991871191E-1,-5.627910658975E-1,0.E0));
#1264=VECTOR('',#1263,7.561101072193E-2);
#1265=CARTESIAN_POINT('',(-1.675583337307E1,1.051148936868E1,5.150000047684E0));
#1266=LINE('',#1265,#1264);
#1267=DIRECTION('',(-9.689176611437E-1,-2.473834390653E-1,0.E0));
#1268=VECTOR('',#1267,8.600653822545E-2);
#1269=CARTESIAN_POINT('',(-1.681833337307E1,1.046893616736E1,5.150000047684E0));
#1270=LINE('',#1269,#1268);
#1271=DIRECTION('',(-1.E0,0.E0,0.E0));
#1272=VECTOR('',#1271,3.75E-1);
#1273=CARTESIAN_POINT('',(-1.690166662693E1,1.044765957415E1,5.150000047684E0));
#1274=LINE('',#1273,#1272);
#1275=DIRECTION('',(0.E0,1.E0,0.E0));
#1276=VECTOR('',#1275,7.446808665991E-1);
#1277=CARTESIAN_POINT('',(-1.727666662693E1,1.044765957415E1,5.150000047684E0));
#1278=LINE('',#1277,#1276);
#1279=DIRECTION('',(-1.E0,0.E0,0.E0));
#1280=VECTOR('',#1279,1.249998807907E-1);
#1281=CARTESIAN_POINT('',(-1.627666674614E1,1.100085104227E1,5.150000047684E0));
#1282=LINE('',#1281,#1280);
#1283=DIRECTION('',(6.506284585472E-1,-7.593962134015E-1,0.E0));
#1284=VECTOR('',#1283,4.482844595847E-1);
#1285=CARTESIAN_POINT('',(-1.640166662693E1,1.100085104227E1,5.150000047684E0));
#1286=LINE('',#1285,#1284);
#1287=DIRECTION('',(-6.506284585472E-1,-7.593962134015E-1,0.E0));
#1288=VECTOR('',#1287,4.482844595847E-1);
#1289=CARTESIAN_POINT('',(-1.611E1,1.066042552114E1,5.150000047684E0));
#1290=LINE('',#1289,#1288);
#1291=DIRECTION('',(1.E0,0.E0,0.E0));
#1292=VECTOR('',#1291,1.249998807907E-1);
#1293=CARTESIAN_POINT('',(-1.640166662693E1,1.032E1,5.150000047684E0));
#1294=LINE('',#1293,#1292);
#1295=DIRECTION('',(6.379970942927E-1,7.700387702408E-1,0.E0));
#1296=VECTOR('',#1295,3.591971627921E-1);
#1297=CARTESIAN_POINT('',(-1.627666674614E1,1.032E1,5.150000047684E0));
#1298=LINE('',#1297,#1296);
#1299=DIRECTION('',(6.379970942927E-1,-7.700387702408E-1,0.E0));
#1300=VECTOR('',#1299,3.591971627921E-1);
#1301=CARTESIAN_POINT('',(-1.60475E1,1.059659574151E1,5.150000047684E0));
#1302=LINE('',#1301,#1300);
#1303=DIRECTION('',(1.E0,0.E0,0.E0));
#1304=VECTOR('',#1303,1.25E-1);
#1305=CARTESIAN_POINT('',(-1.581833325386E1,1.032E1,5.150000047684E0));
#1306=LINE('',#1305,#1304);
#1307=DIRECTION('',(-6.506286119005E-1,7.593960820128E-1,0.E0));
#1308=VECTOR('',#1307,4.482845371456E-1);
#1309=CARTESIAN_POINT('',(-1.569333325386E1,1.032E1,5.150000047684E0));
#1310=LINE('',#1309,#1308);
#1311=DIRECTION('',(6.506286119005E-1,7.593960820128E-1,0.E0));
#1312=VECTOR('',#1311,4.482845371456E-1);
#1313=CARTESIAN_POINT('',(-1.5985E1,1.066042552114E1,5.150000047684E0));
#1314=LINE('',#1313,#1312);
#1315=DIRECTION('',(-1.E0,0.E0,0.E0));
#1316=VECTOR('',#1315,1.25E-1);
#1317=CARTESIAN_POINT('',(-1.569333325386E1,1.100085104227E1,5.150000047684E0));
#1318=LINE('',#1317,#1316);
#1319=DIRECTION('',(-6.379971350541E-1,-7.700387364690E-1,0.E0));
#1320=VECTOR('',#1319,3.591971398431E-1);
#1321=CARTESIAN_POINT('',(-1.581833325386E1,1.100085104227E1,5.150000047684E0));
#1322=LINE('',#1321,#1320);
#1323=DIRECTION('',(-6.379971350541E-1,7.700387364690E-1,0.E0));
#1324=VECTOR('',#1323,3.591971398431E-1);
#1325=CARTESIAN_POINT('',(-1.60475E1,1.072425533056E1,5.150000047684E0));
#1326=LINE('',#1325,#1324);
#1327=DIRECTION('',(0.E0,-1.E0,0.E0));
#1328=VECTOR('',#1327,1.914893388748E-1);
#1329=CARTESIAN_POINT('',(-1.552666674614E1,1.091574466944E1,5.150000047684E0));
#1330=LINE('',#1329,#1328);
#1331=DIRECTION('',(1.921842136484E-1,-9.813588681132E-1,0.E0));
#1332=VECTOR('',#1331,1.084037647190E-1);
#1333=CARTESIAN_POINT('',(-1.552666674614E1,1.072425533056E1,5.150000047684E0));
#1334=LINE('',#1333,#1332);
#1335=DIRECTION('',(3.102789952956E-1,-9.506455412394E-1,0.E0));
#1336=VECTOR('',#1335,6.714361647531E-2);
#1337=CARTESIAN_POINT('',(-1.550583325386E1,1.061787233472E1,5.150000047684E0));
#1338=LINE('',#1337,#1336);
#1339=DIRECTION('',(4.397141102494E-1,-8.981377963584E-1,0.E0));
#1340=VECTOR('',#1339,9.475871974154E-2);
#1341=CARTESIAN_POINT('',(-1.5485E1,1.055404255509E1,5.150000047684E0));
#1342=LINE('',#1341,#1340);
#1343=DIRECTION('',(6.996247934953E-1,-7.145104256249E-1,0.E0));
#1344=VECTOR('',#1343,8.933359792433E-2);
#1345=CARTESIAN_POINT('',(-1.544333325386E1,1.046893616736E1,5.150000047684E0));
#1346=LINE('',#1345,#1344);
#1347=DIRECTION('',(8.526530470706E-1,-5.224775414514E-1,0.E0));
#1348=VECTOR('',#1347,1.221675194604E-1);
#1349=CARTESIAN_POINT('',(-1.538083325386E1,1.040510638028E1,5.150000047684E0));
#1350=LINE('',#1349,#1348);
#1351=DIRECTION('',(9.858211706631E-1,-1.677993428846E-1,0.E0));
#1352=VECTOR('',#1351,1.267978450046E-1);
#1353=CARTESIAN_POINT('',(-1.527666674614E1,1.034127659507E1,5.150000047684E0));
#1354=LINE('',#1353,#1352);
#1355=DIRECTION('',(9.858211706631E-1,1.677993428846E-1,0.E0));
#1356=VECTOR('',#1355,1.267978450046E-1);
#1357=CARTESIAN_POINT('',(-1.515166674614E1,1.032E1,5.150000047684E0));
#1358=LINE('',#1357,#1356);
#1359=DIRECTION('',(8.526535798146E-1,5.224766720432E-1,0.E0));
#1360=VECTOR('',#1359,1.221677227488E-1);
#1361=CARTESIAN_POINT('',(-1.502666674614E1,1.034127659507E1,5.150000047684E0));
#1362=LINE('',#1361,#1360);
#1363=DIRECTION('',(6.996247934953E-1,7.145104256249E-1,0.E0));
#1364=VECTOR('',#1363,8.933359792433E-2);
#1365=CARTESIAN_POINT('',(-1.49225E1,1.040510638028E1,5.150000047684E0));
#1366=LINE('',#1365,#1364);
#1367=DIRECTION('',(4.397141102494E-1,8.981377963584E-1,0.E0));
#1368=VECTOR('',#1367,9.475871974154E-2);
#1369=CARTESIAN_POINT('',(-1.486E1,1.046893616736E1,5.150000047684E0));
#1370=LINE('',#1369,#1368);
#1371=DIRECTION('',(3.102789952956E-1,9.506455412394E-1,0.E0));
#1372=VECTOR('',#1371,6.714361647531E-2);
#1373=CARTESIAN_POINT('',(-1.481833325386E1,1.055404255509E1,5.150000047684E0));
#1374=LINE('',#1373,#1372);
#1375=DIRECTION('',(1.921820955228E-1,9.813592829135E-1,0.E0));
#1376=VECTOR('',#1375,1.084037188990E-1);
#1377=CARTESIAN_POINT('',(-1.47975E1,1.061787233472E1,5.150000047684E0));
#1378=LINE('',#1377,#1376);
#1379=DIRECTION('',(0.E0,1.E0,0.E0));
#1380=VECTOR('',#1379,1.914893388748E-1);
#1381=CARTESIAN_POINT('',(-1.477666674614E1,1.072425533056E1,5.150000047684E0));
#1382=LINE('',#1381,#1380);
#1383=DIRECTION('',(-1.921821473726E-1,9.813592727596E-1,0.E0));
#1384=VECTOR('',#1383,1.084036896522E-1);
#1385=CARTESIAN_POINT('',(-1.477666674614E1,1.091574466944E1,5.150000047684E0));
#1386=LINE('',#1385,#1384);
#1387=DIRECTION('',(-3.102787334496E-1,9.506456267027E-1,0.E0));
#1388=VECTOR('',#1387,6.714367313820E-2);
#1389=CARTESIAN_POINT('',(-1.47975E1,1.102212763548E1,5.150000047684E0));
#1390=LINE('',#1389,#1388);
#1391=DIRECTION('',(-4.397141723527E-1,8.981377659536E-1,0.E0));
#1392=VECTOR('',#1391,9.475870635825E-2);
#1393=CARTESIAN_POINT('',(-1.481833325386E1,1.108595747471E1,5.150000047684E0));
#1394=LINE('',#1393,#1392);
#1395=DIRECTION('',(-6.996248351869E-1,7.145103848018E-1,0.E0));
#1396=VECTOR('',#1395,8.933359260081E-2);
#1397=CARTESIAN_POINT('',(-1.486E1,1.117106384754E1,5.150000047684E0));
#1398=LINE('',#1397,#1396);
#1399=DIRECTION('',(-8.526536001913E-1,5.224766387895E-1,0.E0));
#1400=VECTOR('',#1399,1.221677198292E-1);
#1401=CARTESIAN_POINT('',(-1.49225E1,1.123489362717E1,5.150000047684E0));
#1402=LINE('',#1401,#1400);
#1403=DIRECTION('',(-9.858211730931E-1,1.677993286083E-1,0.E0));
#1404=VECTOR('',#1403,1.267978446921E-1);
#1405=CARTESIAN_POINT('',(-1.502666674614E1,1.129872340679E1,5.150000047684E0));
#1406=LINE('',#1405,#1404);
#1407=DIRECTION('',(-9.858211730931E-1,-1.677993286083E-1,0.E0));
#1408=VECTOR('',#1407,1.267978446921E-1);
#1409=CARTESIAN_POINT('',(-1.515166674614E1,1.132E1,5.150000047684E0));
#1410=LINE('',#1409,#1408);
#1411=DIRECTION('',(-8.526530674474E-1,-5.224775081977E-1,0.E0));
#1412=VECTOR('',#1411,1.221675165408E-1);
#1413=CARTESIAN_POINT('',(-1.527666674614E1,1.129872340679E1,5.150000047684E0));
#1414=LINE('',#1413,#1412);
#1415=DIRECTION('',(-6.996248351869E-1,-7.145103848018E-1,0.E0));
#1416=VECTOR('',#1415,8.933359260081E-2);
#1417=CARTESIAN_POINT('',(-1.538083325386E1,1.123489362717E1,5.150000047684E0));
#1418=LINE('',#1417,#1416);
#1419=DIRECTION('',(-4.397141723527E-1,-8.981377659536E-1,0.E0));
#1420=VECTOR('',#1419,9.475870635825E-2);
#1421=CARTESIAN_POINT('',(-1.544333325386E1,1.117106384754E1,5.150000047684E0));
#1422=LINE('',#1421,#1420);
#1423=DIRECTION('',(-3.102787334496E-1,-9.506456267027E-1,0.E0));
#1424=VECTOR('',#1423,6.714367313820E-2);
#1425=CARTESIAN_POINT('',(-1.5485E1,1.108595747471E1,5.150000047684E0));
#1426=LINE('',#1425,#1424);
#1427=DIRECTION('',(-1.921842654987E-1,-9.813588579591E-1,0.E0));
#1428=VECTOR('',#1427,1.084037354723E-1);
#1429=CARTESIAN_POINT('',(-1.550583325386E1,1.102212763548E1,5.150000047684E0));
#1430=LINE('',#1429,#1428);
#1431=DIRECTION('',(1.610631980374E-1,9.869440947885E-1,0.E0));
#1432=VECTOR('',#1431,1.293483186373E-1);
#1433=CARTESIAN_POINT('',(-1.54225E1,1.089446807623E1,5.150000047684E0));
#1434=LINE('',#1433,#1432);
#1435=DIRECTION('',(5.466230987403E-1,8.373787601340E-1,0.E0));
#1436=VECTOR('',#1435,1.524514651340E-1);
#1437=CARTESIAN_POINT('',(-1.540166674614E1,1.102212763548E1,5.150000047684E0));
#1438=LINE('',#1437,#1436);
#1439=DIRECTION('',(8.265992787996E-1,5.627909312417E-1,0.E0));
#1440=VECTOR('',#1439,7.561100233569E-2);
#1441=CARTESIAN_POINT('',(-1.531833325386E1,1.114978725433E1,5.150000047684E0));
#1442=LINE('',#1441,#1440);
#1443=DIRECTION('',(9.797706494039E-1,2.001236481946E-1,0.E0));
#1444=VECTOR('',#1443,1.063172363699E-1);
#1445=CARTESIAN_POINT('',(-1.525583325386E1,1.119234044075E1,5.150000047684E0));
#1446=LINE('',#1445,#1444);
#1447=DIRECTION('',(9.797707392153E-1,-2.001232084928E-1,0.E0));
#1448=VECTOR('',#1447,1.063174699654E-1);
#1449=CARTESIAN_POINT('',(-1.515166674614E1,1.121361703396E1,5.150000047684E0));
#1450=LINE('',#1449,#1448);
#1451=DIRECTION('',(8.265992787996E-1,-5.627909312417E-1,0.E0));
#1452=VECTOR('',#1451,7.561100233569E-2);
#1453=CARTESIAN_POINT('',(-1.50475E1,1.119234044075E1,5.150000047684E0));
#1454=LINE('',#1453,#1452);
#1455=DIRECTION('',(5.466220021285E-1,-8.373794759779E-1,0.E0));
#1456=VECTOR('',#1455,1.524513348090E-1);
#1457=CARTESIAN_POINT('',(-1.4985E1,1.114978725433E1,5.150000047684E0));
#1458=LINE('',#1457,#1456);
#1459=DIRECTION('',(1.610649934498E-1,-9.869438017866E-1,0.E0));
#1460=VECTOR('',#1459,1.293483570379E-1);
#1461=CARTESIAN_POINT('',(-1.490166674614E1,1.102212763548E1,5.150000047684E0));
#1462=LINE('',#1461,#1460);
#1463=DIRECTION('',(0.E0,-1.E0,0.E0));
#1464=VECTOR('',#1463,1.489361524582E-1);
#1465=CARTESIAN_POINT('',(-1.488083325386E1,1.089446807623E1,5.150000047684E0));
#1466=LINE('',#1465,#1464);
#1467=DIRECTION('',(-1.610649568243E-1,-9.869438077637E-1,0.E0));
#1468=VECTOR('',#1467,1.293483864512E-1);
#1469=CARTESIAN_POINT('',(-1.488083325386E1,1.074553192377E1,5.150000047684E0));
#1470=LINE('',#1469,#1468);
#1471=DIRECTION('',(-5.466221363492E-1,-8.373793883617E-1,0.E0));
#1472=VECTOR('',#1471,1.524512973753E-1);
#1473=CARTESIAN_POINT('',(-1.490166674614E1,1.061787233472E1,5.150000047684E0));
#1474=LINE('',#1473,#1472);
#1475=DIRECTION('',(-8.265992787996E-1,-5.627909312417E-1,0.E0));
#1476=VECTOR('',#1475,7.561100233569E-2);
#1477=CARTESIAN_POINT('',(-1.4985E1,1.049021276057E1,5.150000047684E0));
#1478=LINE('',#1477,#1476);
#1479=DIRECTION('',(-9.797707392153E-1,-2.001232084928E-1,0.E0));
#1480=VECTOR('',#1479,1.063174699654E-1);
#1481=CARTESIAN_POINT('',(-1.50475E1,1.044765957415E1,5.150000047684E0));
#1482=LINE('',#1481,#1480);
#1483=DIRECTION('',(-9.797706494039E-1,2.001236481946E-1,0.E0));
#1484=VECTOR('',#1483,1.063172363699E-1);
#1485=CARTESIAN_POINT('',(-1.515166674614E1,1.042638298094E1,5.150000047684E0));
#1486=LINE('',#1485,#1484);
#1487=DIRECTION('',(-8.265992787996E-1,5.627909312417E-1,0.E0));
#1488=VECTOR('',#1487,7.561100233569E-2);
#1489=CARTESIAN_POINT('',(-1.525583325386E1,1.044765957415E1,5.150000047684E0));
#1490=LINE('',#1489,#1488);
#1491=DIRECTION('',(-5.466232329611E-1,8.373786725175E-1,0.E0));
#1492=VECTOR('',#1491,1.524514277003E-1);
#1493=CARTESIAN_POINT('',(-1.531833325386E1,1.049021276057E1,5.150000047684E0));
#1494=LINE('',#1493,#1492);
#1495=DIRECTION('',(-1.610631614123E-1,9.869441007655E-1,0.E0));
#1496=VECTOR('',#1495,1.293483480505E-1);
#1497=CARTESIAN_POINT('',(-1.540166674614E1,1.061787233472E1,5.150000047684E0));
#1498=LINE('',#1497,#1496);
#1499=DIRECTION('',(0.E0,1.E0,0.E0));
#1500=VECTOR('',#1499,1.489361524582E-1);
#1501=CARTESIAN_POINT('',(-1.54225E1,1.074553192377E1,5.150000047684E0));
#1502=LINE('',#1501,#1500);
#1503=DIRECTION('',(0.E0,1.E0,0.E0));
#1504=VECTOR('',#1503,1.E0);
#1505=CARTESIAN_POINT('',(-1.436E1,1.032E1,5.150000047684E0));
#1506=LINE('',#1505,#1504);
#1507=DIRECTION('',(-1.E0,0.E0,0.E0));
#1508=VECTOR('',#1507,1.25E-1);
#1509=CARTESIAN_POINT('',(-1.436E1,1.132E1,5.150000047684E0));
#1510=LINE('',#1509,#1508);
#1511=DIRECTION('',(-6.428712937139E-1,-7.659742160926E-1,0.E0));
#1512=VECTOR('',#1511,1.944401643412E-1);
#1513=CARTESIAN_POINT('',(-1.4485E1,1.132E1,5.150000047684E0));
#1514=LINE('',#1513,#1512);
#1515=DIRECTION('',(0.E0,-1.E0,0.E0));
#1516=VECTOR('',#1515,1.702128052711E-1);
#1517=CARTESIAN_POINT('',(-1.461E1,1.117106384754E1,5.150000047684E0));
#1518=LINE('',#1517,#1516);
#1519=DIRECTION('',(6.428711427642E-1,7.659743427825E-1,0.E0));
#1520=VECTOR('',#1519,1.944402099969E-1);
#1521=CARTESIAN_POINT('',(-1.461E1,1.100085104227E1,5.150000047684E0));
#1522=LINE('',#1521,#1520);
#1523=DIRECTION('',(0.E0,-1.E0,0.E0));
#1524=VECTOR('',#1523,8.297872543335E-1);
#1525=CARTESIAN_POINT('',(-1.4485E1,1.114978725433E1,5.150000047684E0));
#1526=LINE('',#1525,#1524);
#1527=DIRECTION('',(1.E0,0.E0,0.E0));
#1528=VECTOR('',#1527,1.25E-1);
#1529=CARTESIAN_POINT('',(-1.4485E1,1.032E1,5.150000047684E0));
#1530=LINE('',#1529,#1528);
#1531=DIRECTION('',(0.E0,-1.E0,0.E0));
#1532=VECTOR('',#1531,7.872340679169E-1);
#1533=CARTESIAN_POINT('',(-1.331833349228E1,1.110723406792E1,5.150000047684E0));
#1534=LINE('',#1533,#1532);
#1535=DIRECTION('',(1.E0,0.E0,0.E0));
#1536=VECTOR('',#1535,1.25E-1);
#1537=CARTESIAN_POINT('',(-1.331833349228E1,1.032E1,5.150000047684E0));
#1538=LINE('',#1537,#1536);
#1539=DIRECTION('',(0.E0,1.E0,0.E0));
#1540=VECTOR('',#1539,1.E0);
#1541=CARTESIAN_POINT('',(-1.319333349228E1,1.032E1,5.150000047684E0));
#1542=LINE('',#1541,#1540);
#1543=DIRECTION('',(-1.E0,0.E0,0.E0));
#1544=VECTOR('',#1543,1.875E-1);
#1545=CARTESIAN_POINT('',(-1.319333349228E1,1.132E1,5.150000047684E0));
#1546=LINE('',#1545,#1544);
#1547=DIRECTION('',(-3.301001365301E-1,-9.439459199884E-1,0.E0));
#1548=VECTOR('',#1547,9.466824318370E-1);
#1549=CARTESIAN_POINT('',(-1.338083349228E1,1.132E1,5.150000047684E0));
#1550=LINE('',#1549,#1548);
#1551=DIRECTION('',(-3.301001365301E-1,9.439459199884E-1,0.E0));
#1552=VECTOR('',#1551,9.466824318370E-1);
#1553=CARTESIAN_POINT('',(-1.369333349228E1,1.042638298094E1,5.150000047684E0));
#1554=LINE('',#1553,#1552);
#1555=DIRECTION('',(-1.E0,0.E0,0.E0));
#1556=VECTOR('',#1555,1.875E-1);
#1557=CARTESIAN_POINT('',(-1.400583349228E1,1.132E1,5.150000047684E0));
#1558=LINE('',#1557,#1556);
#1559=DIRECTION('',(0.E0,-1.E0,0.E0));
#1560=VECTOR('',#1559,1.E0);
#1561=CARTESIAN_POINT('',(-1.419333349228E1,1.132E1,5.150000047684E0));
#1562=LINE('',#1561,#1560);
#1563=DIRECTION('',(1.E0,0.E0,0.E0));
#1564=VECTOR('',#1563,1.25E-1);
#1565=CARTESIAN_POINT('',(-1.419333349228E1,1.032E1,5.150000047684E0));
#1566=LINE('',#1565,#1564);
#1567=DIRECTION('',(0.E0,1.E0,0.E0));
#1568=VECTOR('',#1567,7.872340679169E-1);
#1569=CARTESIAN_POINT('',(-1.406833349228E1,1.032E1,5.150000047684E0));
#1570=LINE('',#1569,#1568);
#1571=DIRECTION('',(3.474178546443E-1,-9.377104213319E-1,0.E0));
#1572=VECTOR('',#1571,8.395279075589E-1);
#1573=CARTESIAN_POINT('',(-1.406833349228E1,1.110723406792E1,5.150000047684E0));
#1574=LINE('',#1573,#1572);
#1575=DIRECTION('',(1.E0,0.E0,0.E0));
#1576=VECTOR('',#1575,1.666665077209E-1);
#1577=CARTESIAN_POINT('',(-1.377666650772E1,1.032E1,5.150000047684E0));
#1578=LINE('',#1577,#1576);
#1579=DIRECTION('',(3.474173552167E-1,9.377106063676E-1,0.E0));
#1580=VECTOR('',#1579,8.395277418972E-1);
#1581=CARTESIAN_POINT('',(-1.361E1,1.032E1,5.150000047684E0));
#1582=LINE('',#1581,#1580);
#1583=DIRECTION('',(-1.E0,0.E0,0.E0));
#1584=VECTOR('',#1583,1.25E-1);
#1585=CARTESIAN_POINT('',(-1.221416650772E1,1.057531914830E1,5.150000047684E0));
#1586=LINE('',#1585,#1584);
#1587=DIRECTION('',(-3.102822043116E-1,-9.506444938501E-1,0.E0));
#1588=VECTOR('',#1587,6.714369045197E-2);
#1589=CARTESIAN_POINT('',(-1.233916650772E1,1.057531914830E1,5.150000047684E0));
#1590=LINE('',#1589,#1588);
#1591=DIRECTION('',(-8.265991871191E-1,-5.627910658975E-1,0.E0));
#1592=VECTOR('',#1591,7.561101072193E-2);
#1593=CARTESIAN_POINT('',(-1.236E1,1.051148936868E1,5.150000047684E0));
#1594=LINE('',#1593,#1592);
#1595=DIRECTION('',(-9.689178307915E-1,-2.473827746112E-1,0.E0));
#1596=VECTOR('',#1595,8.600676923344E-2);
#1597=CARTESIAN_POINT('',(-1.24225E1,1.046893616736E1,5.150000047684E0));
#1598=LINE('',#1597,#1596);
#1599=DIRECTION('',(-1.E0,0.E0,0.E0));
#1600=VECTOR('',#1599,1.875E-1);
#1601=CARTESIAN_POINT('',(-1.250583349228E1,1.044765957415E1,5.150000047684E0));
#1602=LINE('',#1601,#1600);
#1603=DIRECTION('',(-9.689174914946E-1,2.473841035229E-1,0.E0));
#1604=VECTOR('',#1603,8.600630721750E-2);
#1605=CARTESIAN_POINT('',(-1.269333349228E1,1.044765957415E1,5.150000047684E0));
#1606=LINE('',#1605,#1604);
#1607=DIRECTION('',(-8.265991871191E-1,5.627910658975E-1,0.E0));
#1608=VECTOR('',#1607,7.561101072193E-2);
#1609=CARTESIAN_POINT('',(-1.277666650772E1,1.046893616736E1,5.150000047684E0));
#1610=LINE('',#1609,#1608);
#1611=DIRECTION('',(-5.466254709167E-1,8.373772116227E-1,0.E0));
#1612=VECTOR('',#1611,7.622583793658E-2);
#1613=CARTESIAN_POINT('',(-1.283916650772E1,1.051148936868E1,5.150000047684E0));
#1614=LINE('',#1613,#1612);
#1615=DIRECTION('',(-2.377679294760E-1,9.713219917786E-1,0.E0));
#1616=VECTOR('',#1615,8.761911451981E-2);
#1617=CARTESIAN_POINT('',(-1.288083349228E1,1.057531914830E1,5.150000047684E0));
#1618=LINE('',#1617,#1616);
#1619=DIRECTION('',(0.E0,1.E0,0.E0));
#1620=VECTOR('',#1619,3.191489279270E-1);
#1621=CARTESIAN_POINT('',(-1.290166650772E1,1.066042552114E1,5.150000047684E0));
#1622=LINE('',#1621,#1620);
#1623=DIRECTION('',(2.377679294760E-1,9.713219917786E-1,0.E0));
#1624=VECTOR('',#1623,8.761911451981E-2);
#1625=CARTESIAN_POINT('',(-1.290166650772E1,1.097957444906E1,5.150000047684E0));
#1626=LINE('',#1625,#1624);
#1627=DIRECTION('',(5.466251129945E-1,8.373774452681E-1,0.E0));
#1628=VECTOR('',#1627,7.622588784816E-2);
#1629=CARTESIAN_POINT('',(-1.288083349228E1,1.106468082190E1,5.150000047684E0));
#1630=LINE('',#1629,#1628);
#1631=DIRECTION('',(8.265992787996E-1,5.627909312417E-1,0.E0));
#1632=VECTOR('',#1631,7.561100233569E-2);
#1633=CARTESIAN_POINT('',(-1.283916650772E1,1.112851066113E1,5.150000047684E0));
#1634=LINE('',#1633,#1632);
#1635=DIRECTION('',(9.689174914946E-1,2.473841035229E-1,0.E0));
#1636=VECTOR('',#1635,8.600630721750E-2);
#1637=CARTESIAN_POINT('',(-1.277666650772E1,1.117106384754E1,5.150000047684E0));
#1638=LINE('',#1637,#1636);
#1639=DIRECTION('',(1.E0,0.E0,0.E0));
#1640=VECTOR('',#1639,1.875E-1);
#1641=CARTESIAN_POINT('',(-1.269333349228E1,1.119234044075E1,5.150000047684E0));
#1642=LINE('',#1641,#1640);
#1643=DIRECTION('',(9.689178307915E-1,-2.473827746112E-1,0.E0));
#1644=VECTOR('',#1643,8.600676923344E-2);
#1645=CARTESIAN_POINT('',(-1.250583349228E1,1.119234044075E1,5.150000047684E0));
#1646=LINE('',#1645,#1644);
#1647=DIRECTION('',(8.265992787996E-1,-5.627909312417E-1,0.E0));
#1648=VECTOR('',#1647,7.561100233569E-2);
#1649=CARTESIAN_POINT('',(-1.24225E1,1.117106384754E1,5.150000047684E0));
#1650=LINE('',#1649,#1648);
#1651=DIRECTION('',(3.102819424634E-1,-9.506445793151E-1,0.E0));
#1652=VECTOR('',#1651,6.714374711480E-2);
#1653=CARTESIAN_POINT('',(-1.236E1,1.112851066113E1,5.150000047684E0));
#1654=LINE('',#1653,#1652);
#1655=DIRECTION('',(1.E0,0.E0,0.E0));
#1656=VECTOR('',#1655,1.25E-1);
#1657=CARTESIAN_POINT('',(-1.233916650772E1,1.106468082190E1,5.150000047684E0));
#1658=LINE('',#1657,#1656);
#1659=DIRECTION('',(-1.921841617981E-1,9.813588782673E-1,0.E0));
#1660=VECTOR('',#1659,1.084037939658E-1);
#1661=CARTESIAN_POINT('',(-1.221416650772E1,1.106468082190E1,5.150000047684E0));
#1662=LINE('',#1661,#1660);
#1663=DIRECTION('',(-6.996255164452E-1,7.145097177357E-1,0.E0));
#1664=VECTOR('',#1663,1.191115680035E-1);
#1665=CARTESIAN_POINT('',(-1.2235E1,1.117106384754E1,5.150000047684E0));
#1666=LINE('',#1665,#1664);
#1667=DIRECTION('',(-8.906045842070E-1,4.547784895854E-1,0.E0));
#1668=VECTOR('',#1667,9.356903941394E-2);
#1669=CARTESIAN_POINT('',(-1.231833349228E1,1.125617022038E1,5.150000047684E0));
#1670=LINE('',#1669,#1668);
#1671=DIRECTION('',(-9.797708290262E-1,2.001227687928E-1,0.E0));
#1672=VECTOR('',#1671,1.063177035610E-1);
#1673=CARTESIAN_POINT('',(-1.240166650772E1,1.129872340679E1,5.150000047684E0));
#1674=LINE('',#1673,#1672);
#1675=DIRECTION('',(-1.E0,0.E0,0.E0));
#1676=VECTOR('',#1675,1.875E-1);
#1677=CARTESIAN_POINT('',(-1.250583349228E1,1.132E1,5.150000047684E0));
#1678=LINE('',#1677,#1676);
#1679=DIRECTION('',(-9.797706494039E-1,-2.001236481946E-1,0.E0));
#1680=VECTOR('',#1679,1.063172363699E-1);
#1681=CARTESIAN_POINT('',(-1.269333349228E1,1.132E1,5.150000047684E0));
#1682=LINE('',#1681,#1680);
#1683=DIRECTION('',(-8.906056381928E-1,-4.547764255314E-1,0.E0));
#1684=VECTOR('',#1683,9.356946408755E-2);
#1685=CARTESIAN_POINT('',(-1.27975E1,1.129872340679E1,5.150000047684E0));
#1686=LINE('',#1685,#1684);
#1687=DIRECTION('',(-6.996234726647E-1,-7.145117189358E-1,0.E0));
#1688=VECTOR('',#1687,1.191112343966E-1);
#1689=CARTESIAN_POINT('',(-1.288083349228E1,1.125617022038E1,5.150000047684E0));
#1690=LINE('',#1689,#1688);
#1691=DIRECTION('',(-4.397162019326E-1,-8.981367723003E-1,0.E0));
#1692=VECTOR('',#1691,9.475881119452E-2);
#1693=CARTESIAN_POINT('',(-1.296416650772E1,1.117106384754E1,5.150000047684E0));
#1694=LINE('',#1693,#1692);
#1695=DIRECTION('',(-1.921799255453E-1,-9.813597078632E-1,0.E0));
#1696=VECTOR('',#1695,1.084037023263E-1);
#1697=CARTESIAN_POINT('',(-1.300583349228E1,1.108595747471E1,5.150000047684E0));
#1698=LINE('',#1697,#1696);
#1699=DIRECTION('',(0.E0,-1.E0,0.E0));
#1700=VECTOR('',#1699,3.191489279270E-1);
#1701=CARTESIAN_POINT('',(-1.302666650772E1,1.097957444906E1,5.150000047684E0));
#1702=LINE('',#1701,#1700);
#1703=DIRECTION('',(1.921800292438E-1,-9.813596875559E-1,0.E0));
#1704=VECTOR('',#1703,1.084036438327E-1);
#1705=CARTESIAN_POINT('',(-1.302666650772E1,1.066042552114E1,5.150000047684E0));
#1706=LINE('',#1705,#1704);
#1707=DIRECTION('',(4.397161398292E-1,-8.981368027053E-1,0.E0));
#1708=VECTOR('',#1707,9.475882457780E-2);
#1709=CARTESIAN_POINT('',(-1.300583349228E1,1.055404255509E1,5.150000047684E0));
#1710=LINE('',#1709,#1708);
#1711=DIRECTION('',(6.996234413959E-1,-7.145117495531E-1,0.E0));
#1712=VECTOR('',#1711,1.191112397201E-1);
#1713=CARTESIAN_POINT('',(-1.296416650772E1,1.046893616736E1,5.150000047684E0));
#1714=LINE('',#1713,#1712);
#1715=DIRECTION('',(8.906056140048E-1,-4.547764728998E-1,0.E0));
#1716=VECTOR('',#1715,9.356946662881E-2);
#1717=CARTESIAN_POINT('',(-1.288083349228E1,1.038382978708E1,5.150000047684E0));
#1718=LINE('',#1717,#1716);
#1719=DIRECTION('',(9.797706459687E-1,-2.001236650127E-1,0.E0));
#1720=VECTOR('',#1719,1.063172367426E-1);
#1721=CARTESIAN_POINT('',(-1.27975E1,1.034127659507E1,5.150000047684E0));
#1722=LINE('',#1721,#1720);
#1723=DIRECTION('',(1.E0,0.E0,0.E0));
#1724=VECTOR('',#1723,1.875E-1);
#1725=CARTESIAN_POINT('',(-1.269333349228E1,1.032E1,5.150000047684E0));
#1726=LINE('',#1725,#1724);
#1727=DIRECTION('',(9.797708255911E-1,2.001227856107E-1,0.E0));
#1728=VECTOR('',#1727,1.063177039337E-1);
#1729=CARTESIAN_POINT('',(-1.250583349228E1,1.032E1,5.150000047684E0));
#1730=LINE('',#1729,#1728);
#1731=DIRECTION('',(8.906045600187E-1,4.547785369538E-1,0.E0));
#1732=VECTOR('',#1731,9.356904195521E-2);
#1733=CARTESIAN_POINT('',(-1.240166650772E1,1.034127659507E1,5.150000047684E0));
#1734=LINE('',#1733,#1732);
#1735=DIRECTION('',(6.996254851765E-1,7.145097483531E-1,0.E0));
#1736=VECTOR('',#1735,1.191115733270E-1);
#1737=CARTESIAN_POINT('',(-1.231833349228E1,1.038382978708E1,5.150000047684E0));
#1738=LINE('',#1737,#1736);
#1739=DIRECTION('',(1.921842395735E-1,9.813588630361E-1,0.E0));
#1740=VECTOR('',#1739,1.084037500957E-1);
#1741=CARTESIAN_POINT('',(-1.2235E1,1.046893616736E1,5.150000047684E0));
#1742=LINE('',#1741,#1740);
#1743=DIRECTION('',(-1.E0,0.E0,0.E0));
#1744=VECTOR('',#1743,1.666665077209E-1);
#1745=CARTESIAN_POINT('',(-1.15475E1,1.132E1,5.150000047684E0));
#1746=LINE('',#1745,#1744);
#1747=DIRECTION('',(-3.162279017271E-1,-9.486832528138E-1,0.E0));
#1748=VECTOR('',#1747,1.054092603653E0);
#1749=CARTESIAN_POINT('',(-1.171416650772E1,1.132E1,5.150000047684E0));
#1750=LINE('',#1749,#1748);
#1751=DIRECTION('',(1.E0,0.E0,0.E0));
#1752=VECTOR('',#1751,1.25E-1);
#1753=CARTESIAN_POINT('',(-1.20475E1,1.032E1,5.150000047684E0));
#1754=LINE('',#1753,#1752);
#1755=DIRECTION('',(3.102805670740E-1,9.506450282288E-1,0.E0));
#1756=VECTOR('',#1755,2.685746421856E-1);
#1757=CARTESIAN_POINT('',(-1.19225E1,1.032E1,5.150000047684E0));
#1758=LINE('',#1757,#1756);
#1759=DIRECTION('',(1.E0,0.E0,0.E0));
#1760=VECTOR('',#1759,4.166665077209E-1);
#1761=CARTESIAN_POINT('',(-1.183916650772E1,1.057531914830E1,5.150000047684E0));
#1762=LINE('',#1761,#1760);
#1763=DIRECTION('',(3.102805670740E-1,-9.506450282288E-1,0.E0));
#1764=VECTOR('',#1763,2.685746421856E-1);
#1765=CARTESIAN_POINT('',(-1.14225E1,1.057531914830E1,5.150000047684E0));
#1766=LINE('',#1765,#1764);
#1767=DIRECTION('',(1.E0,0.E0,0.E0));
#1768=VECTOR('',#1767,1.25E-1);
#1769=CARTESIAN_POINT('',(-1.133916650772E1,1.032E1,5.150000047684E0));
#1770=LINE('',#1769,#1768);
#1771=DIRECTION('',(-3.162279017271E-1,9.486832528138E-1,0.E0));
#1772=VECTOR('',#1771,1.054092603653E0);
#1773=CARTESIAN_POINT('',(-1.121416650772E1,1.032E1,5.150000047684E0));
#1774=LINE('',#1773,#1772);
#1775=DIRECTION('',(3.102800213276E-1,-9.506452063546E-1,0.E0));
#1776=VECTOR('',#1775,6.042928552013E-1);
#1777=CARTESIAN_POINT('',(-1.163083349228E1,1.123489362717E1,5.150000047684E0));
#1778=LINE('',#1777,#1776);
#1779=DIRECTION('',(-1.E0,0.E0,0.E0));
#1780=VECTOR('',#1779,3.75E-1);
#1781=CARTESIAN_POINT('',(-1.144333349228E1,1.066042552114E1,5.150000047684E0));
#1782=LINE('',#1781,#1780);
#1783=DIRECTION('',(3.102800213276E-1,9.506452063546E-1,0.E0));
#1784=VECTOR('',#1783,6.042928552013E-1);
#1785=CARTESIAN_POINT('',(-1.181833349228E1,1.066042552114E1,5.150000047684E0));
#1786=LINE('',#1785,#1784);
#1787=DIRECTION('',(0.E0,1.E0,0.E0));
#1788=VECTOR('',#1787,8.723404407501E-1);
#1789=CARTESIAN_POINT('',(-1.09225E1,1.032E1,5.150000047684E0));
#1790=LINE('',#1789,#1788);
#1791=DIRECTION('',(5.126340292453E-1,-8.586072164033E-1,0.E0));
#1792=VECTOR('',#1791,1.015994769301E0);
#1793=CARTESIAN_POINT('',(-1.09225E1,1.119234044075E1,5.150000047684E0));
#1794=LINE('',#1793,#1792);
#1795=DIRECTION('',(1.E0,0.E0,0.E0));
#1796=VECTOR('',#1795,1.874995231628E-1);
#1797=CARTESIAN_POINT('',(-1.040166650772E1,1.032E1,5.150000047684E0));
#1798=LINE('',#1797,#1796);
#1799=DIRECTION('',(0.E0,1.E0,0.E0));
#1800=VECTOR('',#1799,1.E0);
#1801=CARTESIAN_POINT('',(-1.021416698456E1,1.032E1,5.150000047684E0));
#1802=LINE('',#1801,#1800);
#1803=DIRECTION('',(-1.E0,0.E0,0.E0));
#1804=VECTOR('',#1803,1.25E-1);
#1805=CARTESIAN_POINT('',(-1.021416698456E1,1.132E1,5.150000047684E0));
#1806=LINE('',#1805,#1804);
#1807=DIRECTION('',(0.E0,-1.E0,0.E0));
#1808=VECTOR('',#1807,8.510638326406E-1);
#1809=CARTESIAN_POINT('',(-1.033916698456E1,1.132E1,5.150000047684E0));
#1810=LINE('',#1809,#1808);
#1811=DIRECTION('',(-5.219887572981E-1,8.529523651731E-1,0.E0));
#1812=VECTOR('',#1811,9.977858874545E-1);
#1813=CARTESIAN_POINT('',(-1.033916698456E1,1.046893616736E1,5.150000047684E0));
#1814=LINE('',#1813,#1812);
#1815=DIRECTION('',(-1.E0,0.E0,0.E0));
#1816=VECTOR('',#1815,1.875E-1);
#1817=CARTESIAN_POINT('',(-1.086E1,1.132E1,5.150000047684E0));
#1818=LINE('',#1817,#1816);
#1819=DIRECTION('',(0.E0,-1.E0,0.E0));
#1820=VECTOR('',#1819,1.E0);
#1821=CARTESIAN_POINT('',(-1.10475E1,1.132E1,5.150000047684E0));
#1822=LINE('',#1821,#1820);
#1823=DIRECTION('',(1.E0,0.E0,0.E0));
#1824=VECTOR('',#1823,1.25E-1);
#1825=CARTESIAN_POINT('',(-1.10475E1,1.032E1,5.150000047684E0));
#1826=LINE('',#1825,#1824);
#1827=DIRECTION('',(0.E0,0.E0,-1.E0));
#1828=VECTOR('',#1827,1.E-2);
#1829=CARTESIAN_POINT('',(-1.945839182017E1,6.285606691098E0,5.160000047684E0));
#1830=LINE('',#1829,#1828);
#1831=DIRECTION('',(3.552713678800E-13,1.776356839400E-13,-1.E0));
#1832=VECTOR('',#1831,1.E-2);
#1833=CARTESIAN_POINT('',(-1.929813716029E1,7.272682394368E0,5.160000047684E0));
#1834=LINE('',#1833,#1832);
#1835=CARTESIAN_POINT('',(-1.937826449023E1,6.779144542733E0,5.160000047684E0));
#1836=DIRECTION('',(0.E0,0.E0,-1.E0));
#1837=DIRECTION('',(-1.602546598846E-1,-9.870757032696E-1,0.E0));
#1838=AXIS2_PLACEMENT_3D('',#1835,#1836,#1837);
#1840=CARTESIAN_POINT('',(-1.937826449023E1,6.779144542733E0,5.160000047684E0));
#1841=DIRECTION('',(0.E0,0.E0,-1.E0));
#1842=DIRECTION('',(1.602546598846E-1,9.870757032696E-1,0.E0));
#1843=AXIS2_PLACEMENT_3D('',#1840,#1841,#1842);
#1845=DIRECTION('',(0.E0,0.E0,-1.E0));
#1846=VECTOR('',#1845,1.E-1);
#1847=CARTESIAN_POINT('',(-1.756833331347E1,1.132E1,5.150000047684E0));
#1848=LINE('',#1847,#1846);
#1849=DIRECTION('',(0.E0,0.E0,-1.E0));
#1850=VECTOR('',#1849,1.E-1);
#1851=CARTESIAN_POINT('',(-1.756833331347E1,1.121361703396E1,5.150000047684E0));
#1852=LINE('',#1851,#1850);
#1853=DIRECTION('',(0.E0,0.E0,-1.E0));
#1854=VECTOR('',#1853,1.E-1);
#1855=CARTESIAN_POINT('',(-1.790166665673E1,1.121361703396E1,5.150000047684E0));
#1856=LINE('',#1855,#1854);
#1857=DIRECTION('',(0.E0,0.E0,-1.E0));
#1858=VECTOR('',#1857,1.E-1);
#1859=CARTESIAN_POINT('',(-1.790166665673E1,1.032E1,5.150000047684E0));
#1860=LINE('',#1859,#1858);
#1861=DIRECTION('',(0.E0,0.E0,-1.E0));
#1862=VECTOR('',#1861,1.E-1);
#1863=CARTESIAN_POINT('',(-1.802666665673E1,1.032E1,5.150000047684E0));
#1864=LINE('',#1863,#1862);
#1865=DIRECTION('',(0.E0,0.E0,-1.E0));
#1866=VECTOR('',#1865,1.E-1);
#1867=CARTESIAN_POINT('',(-1.802666665673E1,1.121361703396E1,5.150000047684E0));
#1868=LINE('',#1867,#1866);
#1869=DIRECTION('',(0.E0,0.E0,-1.E0));
#1870=VECTOR('',#1869,1.E-1);
#1871=CARTESIAN_POINT('',(-1.836E1,1.121361703396E1,5.150000047684E0));
#1872=LINE('',#1871,#1870);
#1873=DIRECTION('',(0.E0,0.E0,-1.E0));
#1874=VECTOR('',#1873,1.E-1);
#1875=CARTESIAN_POINT('',(-1.836E1,1.132E1,5.150000047684E0));
#1876=LINE('',#1875,#1874);
#1877=DIRECTION('',(-1.E0,0.E0,0.E0));
#1878=VECTOR('',#1877,7.916666865349E-1);
#1879=CARTESIAN_POINT('',(-1.756833331347E1,1.132E1,5.050000047684E0));
#1880=LINE('',#1879,#1878);
#1881=DIRECTION('',(0.E0,1.E0,0.E0));
#1882=VECTOR('',#1881,1.063829660416E-1);
#1883=CARTESIAN_POINT('',(-1.756833331347E1,1.121361703396E1,5.050000047684E0));
#1884=LINE('',#1883,#1882);
#1885=DIRECTION('',(1.E0,0.E0,0.E0));
#1886=VECTOR('',#1885,3.333333432674E-1);
#1887=CARTESIAN_POINT('',(-1.790166665673E1,1.121361703396E1,5.050000047684E0));
#1888=LINE('',#1887,#1886);
#1889=DIRECTION('',(0.E0,1.E0,0.E0));
#1890=VECTOR('',#1889,8.936170339584E-1);
#1891=CARTESIAN_POINT('',(-1.790166665673E1,1.032E1,5.050000047684E0));
#1892=LINE('',#1891,#1890);
#1893=DIRECTION('',(1.E0,0.E0,0.E0));
#1894=VECTOR('',#1893,1.25E-1);
#1895=CARTESIAN_POINT('',(-1.802666665673E1,1.032E1,5.050000047684E0));
#1896=LINE('',#1895,#1894);
#1897=DIRECTION('',(0.E0,-1.E0,0.E0));
#1898=VECTOR('',#1897,8.936170339584E-1);
#1899=CARTESIAN_POINT('',(-1.802666665673E1,1.121361703396E1,5.050000047684E0));
#1900=LINE('',#1899,#1898);
#1901=DIRECTION('',(1.E0,0.E0,0.E0));
#1902=VECTOR('',#1901,3.333333432674E-1);
#1903=CARTESIAN_POINT('',(-1.836E1,1.121361703396E1,5.050000047684E0));
#1904=LINE('',#1903,#1902);
#1905=DIRECTION('',(0.E0,-1.E0,0.E0));
#1906=VECTOR('',#1905,1.063829660416E-1);
#1907=CARTESIAN_POINT('',(-1.836E1,1.132E1,5.050000047684E0));
#1908=LINE('',#1907,#1906);
#1909=DIRECTION('',(-1.E0,0.E0,0.E0));
#1910=VECTOR('',#1909,5.000000596046E-1);
#1911=CARTESIAN_POINT('',(-1.690166662693E1,1.132E1,5.050000047684E0));
#1912=LINE('',#1911,#1910);
#1913=DIRECTION('',(-9.797706943097E-1,2.001234283435E-1,0.E0));
#1914=VECTOR('',#1913,1.063173531677E-1);
#1915=CARTESIAN_POINT('',(-1.67975E1,1.129872340679E1,5.050000047684E0));
#1916=LINE('',#1915,#1914);
#1917=DIRECTION('',(-8.906053746977E-1,4.547769415434E-1,0.E0));
#1918=VECTOR('',#1917,9.356935791910E-2);
#1919=CARTESIAN_POINT('',(-1.671416662693E1,1.125617022038E1,5.050000047684E0));
#1920=LINE('',#1919,#1918);
#1921=DIRECTION('',(-6.996244945571E-1,7.145107183351E-1,0.E0));
#1922=VECTOR('',#1921,1.191114011999E-1);
#1923=CARTESIAN_POINT('',(-1.663083337307E1,1.117106384754E1,5.050000047684E0));
#1924=LINE('',#1923,#1922);
#1925=DIRECTION('',(-4.397141723527E-1,8.981377659536E-1,0.E0));
#1926=VECTOR('',#1925,9.475870635825E-2);
#1927=CARTESIAN_POINT('',(-1.658916662693E1,1.108595747471E1,5.050000047684E0));
#1928=LINE('',#1927,#1926);
#1929=DIRECTION('',(-1.921820436730E-1,9.813592930674E-1,0.E0));
#1930=VECTOR('',#1929,1.084037481458E-1);
#1931=CARTESIAN_POINT('',(-1.656833337307E1,1.097957444906E1,5.050000047684E0));
#1932=LINE('',#1931,#1930);
#1933=DIRECTION('',(0.E0,1.E0,0.E0));
#1934=VECTOR('',#1933,3.191489279270E-1);
#1935=CARTESIAN_POINT('',(-1.656833337307E1,1.066042552114E1,5.050000047684E0));
#1936=LINE('',#1935,#1934);
#1937=DIRECTION('',(1.921821473726E-1,9.813592727596E-1,0.E0));
#1938=VECTOR('',#1937,1.084036896522E-1);
#1939=CARTESIAN_POINT('',(-1.658916662693E1,1.055404255509E1,5.050000047684E0));
#1940=LINE('',#1939,#1938);
#1941=DIRECTION('',(4.397141102494E-1,8.981377963584E-1,0.E0));
#1942=VECTOR('',#1941,9.475871974154E-2);
#1943=CARTESIAN_POINT('',(-1.663083337307E1,1.046893616736E1,5.050000047684E0));
#1944=LINE('',#1943,#1942);
#1945=DIRECTION('',(6.996244632883E-1,7.145107489524E-1,0.E0));
#1946=VECTOR('',#1945,1.191114065234E-1);
#1947=CARTESIAN_POINT('',(-1.671416662693E1,1.038382978708E1,5.050000047684E0));
#1948=LINE('',#1947,#1946);
#1949=DIRECTION('',(8.906053505096E-1,4.547769889117E-1,0.E0));
#1950=VECTOR('',#1949,9.356936046036E-2);
#1951=CARTESIAN_POINT('',(-1.67975E1,1.034127659507E1,5.050000047684E0));
#1952=LINE('',#1951,#1950);
#1953=DIRECTION('',(9.797706908745E-1,2.001234451615E-1,0.E0));
#1954=VECTOR('',#1953,1.063173535404E-1);
#1955=CARTESIAN_POINT('',(-1.690166662693E1,1.032E1,5.050000047684E0));
#1956=LINE('',#1955,#1954);
#1957=DIRECTION('',(1.E0,0.E0,0.E0));
#1958=VECTOR('',#1957,5.000000596046E-1);
#1959=CARTESIAN_POINT('',(-1.740166668653E1,1.032E1,5.050000047684E0));
#1960=LINE('',#1959,#1958);
#1961=DIRECTION('',(0.E0,-1.E0,0.E0));
#1962=VECTOR('',#1961,1.E0);
#1963=CARTESIAN_POINT('',(-1.740166668653E1,1.132E1,5.050000047684E0));
#1964=LINE('',#1963,#1962);
#1965=DIRECTION('',(1.E0,0.E0,0.E0));
#1966=VECTOR('',#1965,3.75E-1);
#1967=CARTESIAN_POINT('',(-1.727666662693E1,1.119234044075E1,5.050000047684E0));
#1968=LINE('',#1967,#1966);
#1969=DIRECTION('',(0.E0,1.E0,0.E0));
#1970=VECTOR('',#1969,7.446808665991E-1);
#1971=CARTESIAN_POINT('',(-1.727666662693E1,1.044765957415E1,5.050000047684E0));
#1972=LINE('',#1971,#1970);
#1973=DIRECTION('',(-1.E0,0.E0,0.E0));
#1974=VECTOR('',#1973,3.75E-1);
#1975=CARTESIAN_POINT('',(-1.690166662693E1,1.044765957415E1,5.050000047684E0));
#1976=LINE('',#1975,#1974);
#1977=DIRECTION('',(-9.689176611437E-1,-2.473834390653E-1,0.E0));
#1978=VECTOR('',#1977,8.600653822545E-2);
#1979=CARTESIAN_POINT('',(-1.681833337307E1,1.046893616736E1,5.050000047684E0));
#1980=LINE('',#1979,#1978);
#1981=DIRECTION('',(-8.265991871191E-1,-5.627910658975E-1,0.E0));
#1982=VECTOR('',#1981,7.561101072193E-2);
#1983=CARTESIAN_POINT('',(-1.675583337307E1,1.051148936868E1,5.050000047684E0));
#1984=LINE('',#1983,#1982);
#1985=DIRECTION('',(-5.466232777014E-1,-8.373786433120E-1,0.E0));
#1986=VECTOR('',#1985,7.622570761117E-2);
#1987=CARTESIAN_POINT('',(-1.671416662693E1,1.057531914830E1,5.050000047684E0));
#1988=LINE('',#1987,#1986);
#1989=DIRECTION('',(-2.377704967206E-1,-9.713213633444E-1,0.E0));
#1990=VECTOR('',#1989,8.761917120840E-2);
#1991=CARTESIAN_POINT('',(-1.669333337307E1,1.066042552114E1,5.050000047684E0));
#1992=LINE('',#1991,#1990);
#1993=DIRECTION('',(0.E0,-1.E0,0.E0));
#1994=VECTOR('',#1993,3.191489279270E-1);
#1995=CARTESIAN_POINT('',(-1.669333337307E1,1.097957444906E1,5.050000047684E0));
#1996=LINE('',#1995,#1994);
#1997=DIRECTION('',(2.377704967206E-1,-9.713213633444E-1,0.E0));
#1998=VECTOR('',#1997,8.761917120840E-2);
#1999=CARTESIAN_POINT('',(-1.671416662693E1,1.106468082190E1,5.050000047684E0));
#2000=LINE('',#1999,#1998);
#2001=DIRECTION('',(5.466229197794E-1,-8.373788769559E-1,0.E0));
#2002=VECTOR('',#2001,7.622575752284E-2);
#2003=CARTESIAN_POINT('',(-1.675583337307E1,1.112851066113E1,5.050000047684E0));
#2004=LINE('',#2003,#2002);
#2005=DIRECTION('',(8.265992787996E-1,-5.627909312417E-1,0.E0));
#2006=VECTOR('',#2005,7.561100233569E-2);
#2007=CARTESIAN_POINT('',(-1.681833337307E1,1.117106384754E1,5.050000047684E0));
#2008=LINE('',#2007,#2006);
#2009=DIRECTION('',(9.689176611437E-1,-2.473834390653E-1,0.E0));
#2010=VECTOR('',#2009,8.600653822545E-2);
#2011=CARTESIAN_POINT('',(-1.690166662693E1,1.119234044075E1,5.050000047684E0));
#2012=LINE('',#2011,#2010);
#2013=DIRECTION('',(-1.E0,0.E0,0.E0));
#2014=VECTOR('',#2013,1.249998807907E-1);
#2015=CARTESIAN_POINT('',(-1.627666674614E1,1.100085104227E1,5.050000047684E0));
#2016=LINE('',#2015,#2014);
#2017=DIRECTION('',(-6.379971350541E-1,7.700387364690E-1,0.E0));
#2018=VECTOR('',#2017,3.591971398431E-1);
#2019=CARTESIAN_POINT('',(-1.60475E1,1.072425533056E1,5.050000047684E0));
#2020=LINE('',#2019,#2018);
#2021=DIRECTION('',(-6.379971350541E-1,-7.700387364690E-1,0.E0));
#2022=VECTOR('',#2021,3.591971398431E-1);
#2023=CARTESIAN_POINT('',(-1.581833325386E1,1.100085104227E1,5.050000047684E0));
#2024=LINE('',#2023,#2022);
#2025=DIRECTION('',(-1.E0,0.E0,0.E0));
#2026=VECTOR('',#2025,1.25E-1);
#2027=CARTESIAN_POINT('',(-1.569333325386E1,1.100085104227E1,5.050000047684E0));
#2028=LINE('',#2027,#2026);
#2029=DIRECTION('',(6.506286119005E-1,7.593960820128E-1,0.E0));
#2030=VECTOR('',#2029,4.482845371456E-1);
#2031=CARTESIAN_POINT('',(-1.5985E1,1.066042552114E1,5.050000047684E0));
#2032=LINE('',#2031,#2030);
#2033=DIRECTION('',(-6.506286119005E-1,7.593960820128E-1,0.E0));
#2034=VECTOR('',#2033,4.482845371456E-1);
#2035=CARTESIAN_POINT('',(-1.569333325386E1,1.032E1,5.050000047684E0));
#2036=LINE('',#2035,#2034);
#2037=DIRECTION('',(1.E0,0.E0,0.E0));
#2038=VECTOR('',#2037,1.25E-1);
#2039=CARTESIAN_POINT('',(-1.581833325386E1,1.032E1,5.050000047684E0));
#2040=LINE('',#2039,#2038);
#2041=DIRECTION('',(6.379970942927E-1,-7.700387702408E-1,0.E0));
#2042=VECTOR('',#2041,3.591971627921E-1);
#2043=CARTESIAN_POINT('',(-1.60475E1,1.059659574151E1,5.050000047684E0));
#2044=LINE('',#2043,#2042);
#2045=DIRECTION('',(6.379970942927E-1,7.700387702408E-1,0.E0));
#2046=VECTOR('',#2045,3.591971627921E-1);
#2047=CARTESIAN_POINT('',(-1.627666674614E1,1.032E1,5.050000047684E0));
#2048=LINE('',#2047,#2046);
#2049=DIRECTION('',(1.E0,0.E0,0.E0));
#2050=VECTOR('',#2049,1.249998807907E-1);
#2051=CARTESIAN_POINT('',(-1.640166662693E1,1.032E1,5.050000047684E0));
#2052=LINE('',#2051,#2050);
#2053=DIRECTION('',(-6.506284585472E-1,-7.593962134015E-1,0.E0));
#2054=VECTOR('',#2053,4.482844595847E-1);
#2055=CARTESIAN_POINT('',(-1.611E1,1.066042552114E1,5.050000047684E0));
#2056=LINE('',#2055,#2054);
#2057=DIRECTION('',(6.506284585472E-1,-7.593962134015E-1,0.E0));
#2058=VECTOR('',#2057,4.482844595847E-1);
#2059=CARTESIAN_POINT('',(-1.640166662693E1,1.100085104227E1,5.050000047684E0));
#2060=LINE('',#2059,#2058);
#2061=DIRECTION('',(0.E0,-1.E0,0.E0));
#2062=VECTOR('',#2061,1.914893388748E-1);
#2063=CARTESIAN_POINT('',(-1.552666674614E1,1.091574466944E1,5.050000047684E0));
#2064=LINE('',#2063,#2062);
#2065=DIRECTION('',(-1.921842654987E-1,-9.813588579591E-1,0.E0));
#2066=VECTOR('',#2065,1.084037354723E-1);
#2067=CARTESIAN_POINT('',(-1.550583325386E1,1.102212763548E1,5.050000047684E0));
#2068=LINE('',#2067,#2066);
#2069=DIRECTION('',(-3.102787334496E-1,-9.506456267027E-1,0.E0));
#2070=VECTOR('',#2069,6.714367313820E-2);
#2071=CARTESIAN_POINT('',(-1.5485E1,1.108595747471E1,5.050000047684E0));
#2072=LINE('',#2071,#2070);
#2073=DIRECTION('',(-4.397141723527E-1,-8.981377659536E-1,0.E0));
#2074=VECTOR('',#2073,9.475870635825E-2);
#2075=CARTESIAN_POINT('',(-1.544333325386E1,1.117106384754E1,5.050000047684E0));
#2076=LINE('',#2075,#2074);
#2077=DIRECTION('',(-6.996248351869E-1,-7.145103848018E-1,0.E0));
#2078=VECTOR('',#2077,8.933359260081E-2);
#2079=CARTESIAN_POINT('',(-1.538083325386E1,1.123489362717E1,5.050000047684E0));
#2080=LINE('',#2079,#2078);
#2081=DIRECTION('',(-8.526530674474E-1,-5.224775081977E-1,0.E0));
#2082=VECTOR('',#2081,1.221675165408E-1);
#2083=CARTESIAN_POINT('',(-1.527666674614E1,1.129872340679E1,5.050000047684E0));
#2084=LINE('',#2083,#2082);
#2085=DIRECTION('',(-9.858211730931E-1,-1.677993286083E-1,0.E0));
#2086=VECTOR('',#2085,1.267978446921E-1);
#2087=CARTESIAN_POINT('',(-1.515166674614E1,1.132E1,5.050000047684E0));
#2088=LINE('',#2087,#2086);
#2089=DIRECTION('',(-9.858211730931E-1,1.677993286083E-1,0.E0));
#2090=VECTOR('',#2089,1.267978446921E-1);
#2091=CARTESIAN_POINT('',(-1.502666674614E1,1.129872340679E1,5.050000047684E0));
#2092=LINE('',#2091,#2090);
#2093=DIRECTION('',(-8.526536001913E-1,5.224766387895E-1,0.E0));
#2094=VECTOR('',#2093,1.221677198292E-1);
#2095=CARTESIAN_POINT('',(-1.49225E1,1.123489362717E1,5.050000047684E0));
#2096=LINE('',#2095,#2094);
#2097=DIRECTION('',(-6.996248351869E-1,7.145103848018E-1,0.E0));
#2098=VECTOR('',#2097,8.933359260081E-2);
#2099=CARTESIAN_POINT('',(-1.486E1,1.117106384754E1,5.050000047684E0));
#2100=LINE('',#2099,#2098);
#2101=DIRECTION('',(-4.397141723527E-1,8.981377659536E-1,0.E0));
#2102=VECTOR('',#2101,9.475870635825E-2);
#2103=CARTESIAN_POINT('',(-1.481833325386E1,1.108595747471E1,5.050000047684E0));
#2104=LINE('',#2103,#2102);
#2105=DIRECTION('',(-3.102787334496E-1,9.506456267027E-1,0.E0));
#2106=VECTOR('',#2105,6.714367313820E-2);
#2107=CARTESIAN_POINT('',(-1.47975E1,1.102212763548E1,5.050000047684E0));
#2108=LINE('',#2107,#2106);
#2109=DIRECTION('',(-1.921821473726E-1,9.813592727596E-1,0.E0));
#2110=VECTOR('',#2109,1.084036896522E-1);
#2111=CARTESIAN_POINT('',(-1.477666674614E1,1.091574466944E1,5.050000047684E0));
#2112=LINE('',#2111,#2110);
#2113=DIRECTION('',(0.E0,1.E0,0.E0));
#2114=VECTOR('',#2113,1.914893388748E-1);
#2115=CARTESIAN_POINT('',(-1.477666674614E1,1.072425533056E1,5.050000047684E0));
#2116=LINE('',#2115,#2114);
#2117=DIRECTION('',(1.921820955228E-1,9.813592829135E-1,0.E0));
#2118=VECTOR('',#2117,1.084037188990E-1);
#2119=CARTESIAN_POINT('',(-1.47975E1,1.061787233472E1,5.050000047684E0));
#2120=LINE('',#2119,#2118);
#2121=DIRECTION('',(3.102789952956E-1,9.506455412394E-1,0.E0));
#2122=VECTOR('',#2121,6.714361647531E-2);
#2123=CARTESIAN_POINT('',(-1.481833325386E1,1.055404255509E1,5.050000047684E0));
#2124=LINE('',#2123,#2122);
#2125=DIRECTION('',(4.397141102494E-1,8.981377963584E-1,0.E0));
#2126=VECTOR('',#2125,9.475871974154E-2);
#2127=CARTESIAN_POINT('',(-1.486E1,1.046893616736E1,5.050000047684E0));
#2128=LINE('',#2127,#2126);
#2129=DIRECTION('',(6.996247934953E-1,7.145104256249E-1,0.E0));
#2130=VECTOR('',#2129,8.933359792433E-2);
#2131=CARTESIAN_POINT('',(-1.49225E1,1.040510638028E1,5.050000047684E0));
#2132=LINE('',#2131,#2130);
#2133=DIRECTION('',(8.526535798146E-1,5.224766720432E-1,0.E0));
#2134=VECTOR('',#2133,1.221677227488E-1);
#2135=CARTESIAN_POINT('',(-1.502666674614E1,1.034127659507E1,5.050000047684E0));
#2136=LINE('',#2135,#2134);
#2137=DIRECTION('',(9.858211706631E-1,1.677993428846E-1,0.E0));
#2138=VECTOR('',#2137,1.267978450046E-1);
#2139=CARTESIAN_POINT('',(-1.515166674614E1,1.032E1,5.050000047684E0));
#2140=LINE('',#2139,#2138);
#2141=DIRECTION('',(9.858211706631E-1,-1.677993428846E-1,0.E0));
#2142=VECTOR('',#2141,1.267978450046E-1);
#2143=CARTESIAN_POINT('',(-1.527666674614E1,1.034127659507E1,5.050000047684E0));
#2144=LINE('',#2143,#2142);
#2145=DIRECTION('',(8.526530470706E-1,-5.224775414514E-1,0.E0));
#2146=VECTOR('',#2145,1.221675194604E-1);
#2147=CARTESIAN_POINT('',(-1.538083325386E1,1.040510638028E1,5.050000047684E0));
#2148=LINE('',#2147,#2146);
#2149=DIRECTION('',(6.996247934953E-1,-7.145104256249E-1,0.E0));
#2150=VECTOR('',#2149,8.933359792433E-2);
#2151=CARTESIAN_POINT('',(-1.544333325386E1,1.046893616736E1,5.050000047684E0));
#2152=LINE('',#2151,#2150);
#2153=DIRECTION('',(4.397141102494E-1,-8.981377963584E-1,0.E0));
#2154=VECTOR('',#2153,9.475871974154E-2);
#2155=CARTESIAN_POINT('',(-1.5485E1,1.055404255509E1,5.050000047684E0));
#2156=LINE('',#2155,#2154);
#2157=DIRECTION('',(3.102789952956E-1,-9.506455412394E-1,0.E0));
#2158=VECTOR('',#2157,6.714361647531E-2);
#2159=CARTESIAN_POINT('',(-1.550583325386E1,1.061787233472E1,5.050000047684E0));
#2160=LINE('',#2159,#2158);
#2161=DIRECTION('',(1.921842136484E-1,-9.813588681132E-1,0.E0));
#2162=VECTOR('',#2161,1.084037647190E-1);
#2163=CARTESIAN_POINT('',(-1.552666674614E1,1.072425533056E1,5.050000047684E0));
#2164=LINE('',#2163,#2162);
#2165=DIRECTION('',(1.610631980374E-1,9.869440947885E-1,0.E0));
#2166=VECTOR('',#2165,1.293483186373E-1);
#2167=CARTESIAN_POINT('',(-1.54225E1,1.089446807623E1,5.050000047684E0));
#2168=LINE('',#2167,#2166);
#2169=DIRECTION('',(0.E0,1.E0,0.E0));
#2170=VECTOR('',#2169,1.489361524582E-1);
#2171=CARTESIAN_POINT('',(-1.54225E1,1.074553192377E1,5.050000047684E0));
#2172=LINE('',#2171,#2170);
#2173=DIRECTION('',(-1.610631614123E-1,9.869441007655E-1,0.E0));
#2174=VECTOR('',#2173,1.293483480505E-1);
#2175=CARTESIAN_POINT('',(-1.540166674614E1,1.061787233472E1,5.050000047684E0));
#2176=LINE('',#2175,#2174);
#2177=DIRECTION('',(-5.466232329611E-1,8.373786725175E-1,0.E0));
#2178=VECTOR('',#2177,1.524514277003E-1);
#2179=CARTESIAN_POINT('',(-1.531833325386E1,1.049021276057E1,5.050000047684E0));
#2180=LINE('',#2179,#2178);
#2181=DIRECTION('',(-8.265992787996E-1,5.627909312417E-1,0.E0));
#2182=VECTOR('',#2181,7.561100233569E-2);
#2183=CARTESIAN_POINT('',(-1.525583325386E1,1.044765957415E1,5.050000047684E0));
#2184=LINE('',#2183,#2182);
#2185=DIRECTION('',(-9.797706494039E-1,2.001236481946E-1,0.E0));
#2186=VECTOR('',#2185,1.063172363699E-1);
#2187=CARTESIAN_POINT('',(-1.515166674614E1,1.042638298094E1,5.050000047684E0));
#2188=LINE('',#2187,#2186);
#2189=DIRECTION('',(-9.797707392153E-1,-2.001232084928E-1,0.E0));
#2190=VECTOR('',#2189,1.063174699654E-1);
#2191=CARTESIAN_POINT('',(-1.50475E1,1.044765957415E1,5.050000047684E0));
#2192=LINE('',#2191,#2190);
#2193=DIRECTION('',(-8.265992787996E-1,-5.627909312417E-1,0.E0));
#2194=VECTOR('',#2193,7.561100233569E-2);
#2195=CARTESIAN_POINT('',(-1.4985E1,1.049021276057E1,5.050000047684E0));
#2196=LINE('',#2195,#2194);
#2197=DIRECTION('',(-5.466221363492E-1,-8.373793883617E-1,0.E0));
#2198=VECTOR('',#2197,1.524512973753E-1);
#2199=CARTESIAN_POINT('',(-1.490166674614E1,1.061787233472E1,5.050000047684E0));
#2200=LINE('',#2199,#2198);
#2201=DIRECTION('',(-1.610649568243E-1,-9.869438077637E-1,0.E0));
#2202=VECTOR('',#2201,1.293483864512E-1);
#2203=CARTESIAN_POINT('',(-1.488083325386E1,1.074553192377E1,5.050000047684E0));
#2204=LINE('',#2203,#2202);
#2205=DIRECTION('',(0.E0,-1.E0,0.E0));
#2206=VECTOR('',#2205,1.489361524582E-1);
#2207=CARTESIAN_POINT('',(-1.488083325386E1,1.089446807623E1,5.050000047684E0));
#2208=LINE('',#2207,#2206);
#2209=DIRECTION('',(1.610649934498E-1,-9.869438017866E-1,0.E0));
#2210=VECTOR('',#2209,1.293483570379E-1);
#2211=CARTESIAN_POINT('',(-1.490166674614E1,1.102212763548E1,5.050000047684E0));
#2212=LINE('',#2211,#2210);
#2213=DIRECTION('',(5.466220021285E-1,-8.373794759779E-1,0.E0));
#2214=VECTOR('',#2213,1.524513348090E-1);
#2215=CARTESIAN_POINT('',(-1.4985E1,1.114978725433E1,5.050000047684E0));
#2216=LINE('',#2215,#2214);
#2217=DIRECTION('',(8.265992787996E-1,-5.627909312417E-1,0.E0));
#2218=VECTOR('',#2217,7.561100233569E-2);
#2219=CARTESIAN_POINT('',(-1.50475E1,1.119234044075E1,5.050000047684E0));
#2220=LINE('',#2219,#2218);
#2221=DIRECTION('',(9.797707392153E-1,-2.001232084928E-1,0.E0));
#2222=VECTOR('',#2221,1.063174699654E-1);
#2223=CARTESIAN_POINT('',(-1.515166674614E1,1.121361703396E1,5.050000047684E0));
#2224=LINE('',#2223,#2222);
#2225=DIRECTION('',(9.797706494039E-1,2.001236481946E-1,0.E0));
#2226=VECTOR('',#2225,1.063172363699E-1);
#2227=CARTESIAN_POINT('',(-1.525583325386E1,1.119234044075E1,5.050000047684E0));
#2228=LINE('',#2227,#2226);
#2229=DIRECTION('',(8.265992787996E-1,5.627909312417E-1,0.E0));
#2230=VECTOR('',#2229,7.561100233569E-2);
#2231=CARTESIAN_POINT('',(-1.531833325386E1,1.114978725433E1,5.050000047684E0));
#2232=LINE('',#2231,#2230);
#2233=DIRECTION('',(5.466230987403E-1,8.373787601340E-1,0.E0));
#2234=VECTOR('',#2233,1.524514651340E-1);
#2235=CARTESIAN_POINT('',(-1.540166674614E1,1.102212763548E1,5.050000047684E0));
#2236=LINE('',#2235,#2234);
#2237=DIRECTION('',(0.E0,1.E0,0.E0));
#2238=VECTOR('',#2237,1.E0);
#2239=CARTESIAN_POINT('',(-1.436E1,1.032E1,5.050000047684E0));
#2240=LINE('',#2239,#2238);
#2241=DIRECTION('',(1.E0,0.E0,0.E0));
#2242=VECTOR('',#2241,1.25E-1);
#2243=CARTESIAN_POINT('',(-1.4485E1,1.032E1,5.050000047684E0));
#2244=LINE('',#2243,#2242);
#2245=DIRECTION('',(0.E0,-1.E0,0.E0));
#2246=VECTOR('',#2245,8.297872543335E-1);
#2247=CARTESIAN_POINT('',(-1.4485E1,1.114978725433E1,5.050000047684E0));
#2248=LINE('',#2247,#2246);
#2249=DIRECTION('',(6.428711427642E-1,7.659743427825E-1,0.E0));
#2250=VECTOR('',#2249,1.944402099969E-1);
#2251=CARTESIAN_POINT('',(-1.461E1,1.100085104227E1,5.050000047684E0));
#2252=LINE('',#2251,#2250);
#2253=DIRECTION('',(0.E0,-1.E0,0.E0));
#2254=VECTOR('',#2253,1.702128052711E-1);
#2255=CARTESIAN_POINT('',(-1.461E1,1.117106384754E1,5.050000047684E0));
#2256=LINE('',#2255,#2254);
#2257=DIRECTION('',(-6.428712937139E-1,-7.659742160926E-1,0.E0));
#2258=VECTOR('',#2257,1.944401643412E-1);
#2259=CARTESIAN_POINT('',(-1.4485E1,1.132E1,5.050000047684E0));
#2260=LINE('',#2259,#2258);
#2261=DIRECTION('',(-1.E0,0.E0,0.E0));
#2262=VECTOR('',#2261,1.25E-1);
#2263=CARTESIAN_POINT('',(-1.436E1,1.132E1,5.050000047684E0));
#2264=LINE('',#2263,#2262);
#2265=DIRECTION('',(0.E0,-1.E0,0.E0));
#2266=VECTOR('',#2265,7.872340679169E-1);
#2267=CARTESIAN_POINT('',(-1.331833349228E1,1.110723406792E1,5.050000047684E0));
#2268=LINE('',#2267,#2266);
#2269=DIRECTION('',(3.474173552167E-1,9.377106063676E-1,0.E0));
#2270=VECTOR('',#2269,8.395277418972E-1);
#2271=CARTESIAN_POINT('',(-1.361E1,1.032E1,5.050000047684E0));
#2272=LINE('',#2271,#2270);
#2273=DIRECTION('',(1.E0,0.E0,0.E0));
#2274=VECTOR('',#2273,1.666665077209E-1);
#2275=CARTESIAN_POINT('',(-1.377666650772E1,1.032E1,5.050000047684E0));
#2276=LINE('',#2275,#2274);
#2277=DIRECTION('',(3.474178546443E-1,-9.377104213319E-1,0.E0));
#2278=VECTOR('',#2277,8.395279075589E-1);
#2279=CARTESIAN_POINT('',(-1.406833349228E1,1.110723406792E1,5.050000047684E0));
#2280=LINE('',#2279,#2278);
#2281=DIRECTION('',(0.E0,1.E0,0.E0));
#2282=VECTOR('',#2281,7.872340679169E-1);
#2283=CARTESIAN_POINT('',(-1.406833349228E1,1.032E1,5.050000047684E0));
#2284=LINE('',#2283,#2282);
#2285=DIRECTION('',(1.E0,0.E0,0.E0));
#2286=VECTOR('',#2285,1.25E-1);
#2287=CARTESIAN_POINT('',(-1.419333349228E1,1.032E1,5.050000047684E0));
#2288=LINE('',#2287,#2286);
#2289=DIRECTION('',(0.E0,-1.E0,0.E0));
#2290=VECTOR('',#2289,1.E0);
#2291=CARTESIAN_POINT('',(-1.419333349228E1,1.132E1,5.050000047684E0));
#2292=LINE('',#2291,#2290);
#2293=DIRECTION('',(-1.E0,0.E0,0.E0));
#2294=VECTOR('',#2293,1.875E-1);
#2295=CARTESIAN_POINT('',(-1.400583349228E1,1.132E1,5.050000047684E0));
#2296=LINE('',#2295,#2294);
#2297=DIRECTION('',(-3.301001365301E-1,9.439459199884E-1,0.E0));
#2298=VECTOR('',#2297,9.466824318370E-1);
#2299=CARTESIAN_POINT('',(-1.369333349228E1,1.042638298094E1,5.050000047684E0));
#2300=LINE('',#2299,#2298);
#2301=DIRECTION('',(-3.301001365301E-1,-9.439459199884E-1,0.E0));
#2302=VECTOR('',#2301,9.466824318370E-1);
#2303=CARTESIAN_POINT('',(-1.338083349228E1,1.132E1,5.050000047684E0));
#2304=LINE('',#2303,#2302);
#2305=DIRECTION('',(-1.E0,0.E0,0.E0));
#2306=VECTOR('',#2305,1.875E-1);
#2307=CARTESIAN_POINT('',(-1.319333349228E1,1.132E1,5.050000047684E0));
#2308=LINE('',#2307,#2306);
#2309=DIRECTION('',(0.E0,1.E0,0.E0));
#2310=VECTOR('',#2309,1.E0);
#2311=CARTESIAN_POINT('',(-1.319333349228E1,1.032E1,5.050000047684E0));
#2312=LINE('',#2311,#2310);
#2313=DIRECTION('',(1.E0,0.E0,0.E0));
#2314=VECTOR('',#2313,1.25E-1);
#2315=CARTESIAN_POINT('',(-1.331833349228E1,1.032E1,5.050000047684E0));
#2316=LINE('',#2315,#2314);
#2317=DIRECTION('',(-1.E0,0.E0,0.E0));
#2318=VECTOR('',#2317,1.25E-1);
#2319=CARTESIAN_POINT('',(-1.221416650772E1,1.057531914830E1,5.050000047684E0));
#2320=LINE('',#2319,#2318);
#2321=DIRECTION('',(1.921842395735E-1,9.813588630361E-1,0.E0));
#2322=VECTOR('',#2321,1.084037500957E-1);
#2323=CARTESIAN_POINT('',(-1.2235E1,1.046893616736E1,5.050000047684E0));
#2324=LINE('',#2323,#2322);
#2325=DIRECTION('',(6.996254851765E-1,7.145097483531E-1,0.E0));
#2326=VECTOR('',#2325,1.191115733270E-1);
#2327=CARTESIAN_POINT('',(-1.231833349228E1,1.038382978708E1,5.050000047684E0));
#2328=LINE('',#2327,#2326);
#2329=DIRECTION('',(8.906045600187E-1,4.547785369538E-1,0.E0));
#2330=VECTOR('',#2329,9.356904195521E-2);
#2331=CARTESIAN_POINT('',(-1.240166650772E1,1.034127659507E1,5.050000047684E0));
#2332=LINE('',#2331,#2330);
#2333=DIRECTION('',(9.797708255911E-1,2.001227856107E-1,0.E0));
#2334=VECTOR('',#2333,1.063177039337E-1);
#2335=CARTESIAN_POINT('',(-1.250583349228E1,1.032E1,5.050000047684E0));
#2336=LINE('',#2335,#2334);
#2337=DIRECTION('',(1.E0,0.E0,0.E0));
#2338=VECTOR('',#2337,1.875E-1);
#2339=CARTESIAN_POINT('',(-1.269333349228E1,1.032E1,5.050000047684E0));
#2340=LINE('',#2339,#2338);
#2341=DIRECTION('',(9.797706459687E-1,-2.001236650127E-1,0.E0));
#2342=VECTOR('',#2341,1.063172367426E-1);
#2343=CARTESIAN_POINT('',(-1.27975E1,1.034127659507E1,5.050000047684E0));
#2344=LINE('',#2343,#2342);
#2345=DIRECTION('',(8.906056140048E-1,-4.547764728998E-1,0.E0));
#2346=VECTOR('',#2345,9.356946662881E-2);
#2347=CARTESIAN_POINT('',(-1.288083349228E1,1.038382978708E1,5.050000047684E0));
#2348=LINE('',#2347,#2346);
#2349=DIRECTION('',(6.996234413959E-1,-7.145117495531E-1,0.E0));
#2350=VECTOR('',#2349,1.191112397201E-1);
#2351=CARTESIAN_POINT('',(-1.296416650772E1,1.046893616736E1,5.050000047684E0));
#2352=LINE('',#2351,#2350);
#2353=DIRECTION('',(4.397161398292E-1,-8.981368027053E-1,0.E0));
#2354=VECTOR('',#2353,9.475882457780E-2);
#2355=CARTESIAN_POINT('',(-1.300583349228E1,1.055404255509E1,5.050000047684E0));
#2356=LINE('',#2355,#2354);
#2357=DIRECTION('',(1.921800292438E-1,-9.813596875559E-1,0.E0));
#2358=VECTOR('',#2357,1.084036438327E-1);
#2359=CARTESIAN_POINT('',(-1.302666650772E1,1.066042552114E1,5.050000047684E0));
#2360=LINE('',#2359,#2358);
#2361=DIRECTION('',(0.E0,-1.E0,0.E0));
#2362=VECTOR('',#2361,3.191489279270E-1);
#2363=CARTESIAN_POINT('',(-1.302666650772E1,1.097957444906E1,5.050000047684E0));
#2364=LINE('',#2363,#2362);
#2365=DIRECTION('',(-1.921799255453E-1,-9.813597078632E-1,0.E0));
#2366=VECTOR('',#2365,1.084037023263E-1);
#2367=CARTESIAN_POINT('',(-1.300583349228E1,1.108595747471E1,5.050000047684E0));
#2368=LINE('',#2367,#2366);
#2369=DIRECTION('',(-4.397162019326E-1,-8.981367723003E-1,0.E0));
#2370=VECTOR('',#2369,9.475881119452E-2);
#2371=CARTESIAN_POINT('',(-1.296416650772E1,1.117106384754E1,5.050000047684E0));
#2372=LINE('',#2371,#2370);
#2373=DIRECTION('',(-6.996234726647E-1,-7.145117189358E-1,0.E0));
#2374=VECTOR('',#2373,1.191112343966E-1);
#2375=CARTESIAN_POINT('',(-1.288083349228E1,1.125617022038E1,5.050000047684E0));
#2376=LINE('',#2375,#2374);
#2377=DIRECTION('',(-8.906056381928E-1,-4.547764255314E-1,0.E0));
#2378=VECTOR('',#2377,9.356946408755E-2);
#2379=CARTESIAN_POINT('',(-1.27975E1,1.129872340679E1,5.050000047684E0));
#2380=LINE('',#2379,#2378);
#2381=DIRECTION('',(-9.797706494039E-1,-2.001236481946E-1,0.E0));
#2382=VECTOR('',#2381,1.063172363699E-1);
#2383=CARTESIAN_POINT('',(-1.269333349228E1,1.132E1,5.050000047684E0));
#2384=LINE('',#2383,#2382);
#2385=DIRECTION('',(-1.E0,0.E0,0.E0));
#2386=VECTOR('',#2385,1.875E-1);
#2387=CARTESIAN_POINT('',(-1.250583349228E1,1.132E1,5.050000047684E0));
#2388=LINE('',#2387,#2386);
#2389=DIRECTION('',(-9.797708290262E-1,2.001227687928E-1,0.E0));
#2390=VECTOR('',#2389,1.063177035610E-1);
#2391=CARTESIAN_POINT('',(-1.240166650772E1,1.129872340679E1,5.050000047684E0));
#2392=LINE('',#2391,#2390);
#2393=DIRECTION('',(-8.906045842070E-1,4.547784895854E-1,0.E0));
#2394=VECTOR('',#2393,9.356903941394E-2);
#2395=CARTESIAN_POINT('',(-1.231833349228E1,1.125617022038E1,5.050000047684E0));
#2396=LINE('',#2395,#2394);
#2397=DIRECTION('',(-6.996255164452E-1,7.145097177357E-1,0.E0));
#2398=VECTOR('',#2397,1.191115680035E-1);
#2399=CARTESIAN_POINT('',(-1.2235E1,1.117106384754E1,5.050000047684E0));
#2400=LINE('',#2399,#2398);
#2401=DIRECTION('',(-1.921841617981E-1,9.813588782673E-1,0.E0));
#2402=VECTOR('',#2401,1.084037939658E-1);
#2403=CARTESIAN_POINT('',(-1.221416650772E1,1.106468082190E1,5.050000047684E0));
#2404=LINE('',#2403,#2402);
#2405=DIRECTION('',(1.E0,0.E0,0.E0));
#2406=VECTOR('',#2405,1.25E-1);
#2407=CARTESIAN_POINT('',(-1.233916650772E1,1.106468082190E1,5.050000047684E0));
#2408=LINE('',#2407,#2406);
#2409=DIRECTION('',(3.102819424634E-1,-9.506445793151E-1,0.E0));
#2410=VECTOR('',#2409,6.714374711480E-2);
#2411=CARTESIAN_POINT('',(-1.236E1,1.112851066113E1,5.050000047684E0));
#2412=LINE('',#2411,#2410);
#2413=DIRECTION('',(8.265992787996E-1,-5.627909312417E-1,0.E0));
#2414=VECTOR('',#2413,7.561100233569E-2);
#2415=CARTESIAN_POINT('',(-1.24225E1,1.117106384754E1,5.050000047684E0));
#2416=LINE('',#2415,#2414);
#2417=DIRECTION('',(9.689178307915E-1,-2.473827746112E-1,0.E0));
#2418=VECTOR('',#2417,8.600676923344E-2);
#2419=CARTESIAN_POINT('',(-1.250583349228E1,1.119234044075E1,5.050000047684E0));
#2420=LINE('',#2419,#2418);
#2421=DIRECTION('',(1.E0,0.E0,0.E0));
#2422=VECTOR('',#2421,1.875E-1);
#2423=CARTESIAN_POINT('',(-1.269333349228E1,1.119234044075E1,5.050000047684E0));
#2424=LINE('',#2423,#2422);
#2425=DIRECTION('',(9.689174914946E-1,2.473841035229E-1,0.E0));
#2426=VECTOR('',#2425,8.600630721750E-2);
#2427=CARTESIAN_POINT('',(-1.277666650772E1,1.117106384754E1,5.050000047684E0));
#2428=LINE('',#2427,#2426);
#2429=DIRECTION('',(8.265992787996E-1,5.627909312417E-1,0.E0));
#2430=VECTOR('',#2429,7.561100233569E-2);
#2431=CARTESIAN_POINT('',(-1.283916650772E1,1.112851066113E1,5.050000047684E0));
#2432=LINE('',#2431,#2430);
#2433=DIRECTION('',(5.466251129945E-1,8.373774452681E-1,0.E0));
#2434=VECTOR('',#2433,7.622588784816E-2);
#2435=CARTESIAN_POINT('',(-1.288083349228E1,1.106468082190E1,5.050000047684E0));
#2436=LINE('',#2435,#2434);
#2437=DIRECTION('',(2.377679294760E-1,9.713219917786E-1,0.E0));
#2438=VECTOR('',#2437,8.761911451981E-2);
#2439=CARTESIAN_POINT('',(-1.290166650772E1,1.097957444906E1,5.050000047684E0));
#2440=LINE('',#2439,#2438);
#2441=DIRECTION('',(0.E0,1.E0,0.E0));
#2442=VECTOR('',#2441,3.191489279270E-1);
#2443=CARTESIAN_POINT('',(-1.290166650772E1,1.066042552114E1,5.050000047684E0));
#2444=LINE('',#2443,#2442);
#2445=DIRECTION('',(-2.377679294760E-1,9.713219917786E-1,0.E0));
#2446=VECTOR('',#2445,8.761911451981E-2);
#2447=CARTESIAN_POINT('',(-1.288083349228E1,1.057531914830E1,5.050000047684E0));
#2448=LINE('',#2447,#2446);
#2449=DIRECTION('',(-5.466254709167E-1,8.373772116227E-1,0.E0));
#2450=VECTOR('',#2449,7.622583793658E-2);
#2451=CARTESIAN_POINT('',(-1.283916650772E1,1.051148936868E1,5.050000047684E0));
#2452=LINE('',#2451,#2450);
#2453=DIRECTION('',(-8.265991871191E-1,5.627910658975E-1,0.E0));
#2454=VECTOR('',#2453,7.561101072193E-2);
#2455=CARTESIAN_POINT('',(-1.277666650772E1,1.046893616736E1,5.050000047684E0));
#2456=LINE('',#2455,#2454);
#2457=DIRECTION('',(-9.689174914946E-1,2.473841035229E-1,0.E0));
#2458=VECTOR('',#2457,8.600630721750E-2);
#2459=CARTESIAN_POINT('',(-1.269333349228E1,1.044765957415E1,5.050000047684E0));
#2460=LINE('',#2459,#2458);
#2461=DIRECTION('',(-1.E0,0.E0,0.E0));
#2462=VECTOR('',#2461,1.875E-1);
#2463=CARTESIAN_POINT('',(-1.250583349228E1,1.044765957415E1,5.050000047684E0));
#2464=LINE('',#2463,#2462);
#2465=DIRECTION('',(-9.689178307915E-1,-2.473827746112E-1,0.E0));
#2466=VECTOR('',#2465,8.600676923344E-2);
#2467=CARTESIAN_POINT('',(-1.24225E1,1.046893616736E1,5.050000047684E0));
#2468=LINE('',#2467,#2466);
#2469=DIRECTION('',(-8.265991871191E-1,-5.627910658975E-1,0.E0));
#2470=VECTOR('',#2469,7.561101072193E-2);
#2471=CARTESIAN_POINT('',(-1.236E1,1.051148936868E1,5.050000047684E0));
#2472=LINE('',#2471,#2470);
#2473=DIRECTION('',(-3.102822043116E-1,-9.506444938501E-1,0.E0));
#2474=VECTOR('',#2473,6.714369045197E-2);
#2475=CARTESIAN_POINT('',(-1.233916650772E1,1.057531914830E1,5.050000047684E0));
#2476=LINE('',#2475,#2474);
#2477=DIRECTION('',(-1.E0,0.E0,0.E0));
#2478=VECTOR('',#2477,1.666665077209E-1);
#2479=CARTESIAN_POINT('',(-1.15475E1,1.132E1,5.050000047684E0));
#2480=LINE('',#2479,#2478);
#2481=DIRECTION('',(-3.162279017271E-1,9.486832528138E-1,0.E0));
#2482=VECTOR('',#2481,1.054092603653E0);
#2483=CARTESIAN_POINT('',(-1.121416650772E1,1.032E1,5.050000047684E0));
#2484=LINE('',#2483,#2482);
#2485=DIRECTION('',(1.E0,0.E0,0.E0));
#2486=VECTOR('',#2485,1.25E-1);
#2487=CARTESIAN_POINT('',(-1.133916650772E1,1.032E1,5.050000047684E0));
#2488=LINE('',#2487,#2486);
#2489=DIRECTION('',(3.102805670740E-1,-9.506450282288E-1,0.E0));
#2490=VECTOR('',#2489,2.685746421856E-1);
#2491=CARTESIAN_POINT('',(-1.14225E1,1.057531914830E1,5.050000047684E0));
#2492=LINE('',#2491,#2490);
#2493=DIRECTION('',(1.E0,0.E0,0.E0));
#2494=VECTOR('',#2493,4.166665077209E-1);
#2495=CARTESIAN_POINT('',(-1.183916650772E1,1.057531914830E1,5.050000047684E0));
#2496=LINE('',#2495,#2494);
#2497=DIRECTION('',(3.102805670740E-1,9.506450282288E-1,0.E0));
#2498=VECTOR('',#2497,2.685746421856E-1);
#2499=CARTESIAN_POINT('',(-1.19225E1,1.032E1,5.050000047684E0));
#2500=LINE('',#2499,#2498);
#2501=DIRECTION('',(1.E0,0.E0,0.E0));
#2502=VECTOR('',#2501,1.25E-1);
#2503=CARTESIAN_POINT('',(-1.20475E1,1.032E1,5.050000047684E0));
#2504=LINE('',#2503,#2502);
#2505=DIRECTION('',(-3.162279017271E-1,-9.486832528138E-1,0.E0));
#2506=VECTOR('',#2505,1.054092603653E0);
#2507=CARTESIAN_POINT('',(-1.171416650772E1,1.132E1,5.050000047684E0));
#2508=LINE('',#2507,#2506);
#2509=DIRECTION('',(3.102800213276E-1,-9.506452063546E-1,0.E0));
#2510=VECTOR('',#2509,6.042928552013E-1);
#2511=CARTESIAN_POINT('',(-1.163083349228E1,1.123489362717E1,5.050000047684E0));
#2512=LINE('',#2511,#2510);
#2513=DIRECTION('',(3.102800213276E-1,9.506452063546E-1,0.E0));
#2514=VECTOR('',#2513,6.042928552013E-1);
#2515=CARTESIAN_POINT('',(-1.181833349228E1,1.066042552114E1,5.050000047684E0));
#2516=LINE('',#2515,#2514);
#2517=DIRECTION('',(-1.E0,0.E0,0.E0));
#2518=VECTOR('',#2517,3.75E-1);
#2519=CARTESIAN_POINT('',(-1.144333349228E1,1.066042552114E1,5.050000047684E0));
#2520=LINE('',#2519,#2518);
#2521=DIRECTION('',(0.E0,1.E0,0.E0));
#2522=VECTOR('',#2521,8.723404407501E-1);
#2523=CARTESIAN_POINT('',(-1.09225E1,1.032E1,5.050000047684E0));
#2524=LINE('',#2523,#2522);
#2525=DIRECTION('',(1.E0,0.E0,0.E0));
#2526=VECTOR('',#2525,1.25E-1);
#2527=CARTESIAN_POINT('',(-1.10475E1,1.032E1,5.050000047684E0));
#2528=LINE('',#2527,#2526);
#2529=DIRECTION('',(0.E0,-1.E0,0.E0));
#2530=VECTOR('',#2529,1.E0);
#2531=CARTESIAN_POINT('',(-1.10475E1,1.132E1,5.050000047684E0));
#2532=LINE('',#2531,#2530);
#2533=DIRECTION('',(-1.E0,0.E0,0.E0));
#2534=VECTOR('',#2533,1.875E-1);
#2535=CARTESIAN_POINT('',(-1.086E1,1.132E1,5.050000047684E0));
#2536=LINE('',#2535,#2534);
#2537=DIRECTION('',(-5.219887572981E-1,8.529523651731E-1,0.E0));
#2538=VECTOR('',#2537,9.977858874545E-1);
#2539=CARTESIAN_POINT('',(-1.033916698456E1,1.046893616736E1,5.050000047684E0));
#2540=LINE('',#2539,#2538);
#2541=DIRECTION('',(0.E0,-1.E0,0.E0));
#2542=VECTOR('',#2541,8.510638326406E-1);
#2543=CARTESIAN_POINT('',(-1.033916698456E1,1.132E1,5.050000047684E0));
#2544=LINE('',#2543,#2542);
#2545=DIRECTION('',(-1.E0,0.E0,0.E0));
#2546=VECTOR('',#2545,1.25E-1);
#2547=CARTESIAN_POINT('',(-1.021416698456E1,1.132E1,5.050000047684E0));
#2548=LINE('',#2547,#2546);
#2549=DIRECTION('',(0.E0,1.E0,0.E0));
#2550=VECTOR('',#2549,1.E0);
#2551=CARTESIAN_POINT('',(-1.021416698456E1,1.032E1,5.050000047684E0));
#2552=LINE('',#2551,#2550);
#2553=DIRECTION('',(1.E0,0.E0,0.E0));
#2554=VECTOR('',#2553,1.874995231628E-1);
#2555=CARTESIAN_POINT('',(-1.040166650772E1,1.032E1,5.050000047684E0));
#2556=LINE('',#2555,#2554);
#2557=DIRECTION('',(5.126340292453E-1,-8.586072164033E-1,0.E0));
#2558=VECTOR('',#2557,1.015994769301E0);
#2559=CARTESIAN_POINT('',(-1.09225E1,1.119234044075E1,5.050000047684E0));
#2560=LINE('',#2559,#2558);
#2561=DIRECTION('',(0.E0,0.E0,-1.E0));
#2562=VECTOR('',#2561,1.E-1);
#2563=CARTESIAN_POINT('',(-1.690166662693E1,1.132E1,5.150000047684E0));
#2564=LINE('',#2563,#2562);
#2565=DIRECTION('',(0.E0,0.E0,-1.E0));
#2566=VECTOR('',#2565,1.E-1);
#2567=CARTESIAN_POINT('',(-1.67975E1,1.129872340679E1,5.150000047684E0));
#2568=LINE('',#2567,#2566);
#2569=DIRECTION('',(0.E0,0.E0,-1.E0));
#2570=VECTOR('',#2569,1.E-1);
#2571=CARTESIAN_POINT('',(-1.671416662693E1,1.125617022038E1,5.150000047684E0));
#2572=LINE('',#2571,#2570);
#2573=DIRECTION('',(0.E0,0.E0,-1.E0));
#2574=VECTOR('',#2573,1.E-1);
#2575=CARTESIAN_POINT('',(-1.663083337307E1,1.117106384754E1,5.150000047684E0));
#2576=LINE('',#2575,#2574);
#2577=DIRECTION('',(0.E0,0.E0,-1.E0));
#2578=VECTOR('',#2577,1.E-1);
#2579=CARTESIAN_POINT('',(-1.658916662693E1,1.108595747471E1,5.150000047684E0));
#2580=LINE('',#2579,#2578);
#2581=DIRECTION('',(0.E0,0.E0,-1.E0));
#2582=VECTOR('',#2581,1.E-1);
#2583=CARTESIAN_POINT('',(-1.656833337307E1,1.097957444906E1,5.150000047684E0));
#2584=LINE('',#2583,#2582);
#2585=DIRECTION('',(0.E0,0.E0,-1.E0));
#2586=VECTOR('',#2585,1.E-1);
#2587=CARTESIAN_POINT('',(-1.656833337307E1,1.066042552114E1,5.150000047684E0));
#2588=LINE('',#2587,#2586);
#2589=DIRECTION('',(0.E0,0.E0,-1.E0));
#2590=VECTOR('',#2589,1.E-1);
#2591=CARTESIAN_POINT('',(-1.658916662693E1,1.055404255509E1,5.150000047684E0));
#2592=LINE('',#2591,#2590);
#2593=DIRECTION('',(0.E0,0.E0,-1.E0));
#2594=VECTOR('',#2593,1.E-1);
#2595=CARTESIAN_POINT('',(-1.663083337307E1,1.046893616736E1,5.150000047684E0));
#2596=LINE('',#2595,#2594);
#2597=DIRECTION('',(0.E0,0.E0,-1.E0));
#2598=VECTOR('',#2597,1.E-1);
#2599=CARTESIAN_POINT('',(-1.671416662693E1,1.038382978708E1,5.150000047684E0));
#2600=LINE('',#2599,#2598);
#2601=DIRECTION('',(0.E0,0.E0,-1.E0));
#2602=VECTOR('',#2601,1.E-1);
#2603=CARTESIAN_POINT('',(-1.67975E1,1.034127659507E1,5.150000047684E0));
#2604=LINE('',#2603,#2602);
#2605=DIRECTION('',(0.E0,0.E0,-1.E0));
#2606=VECTOR('',#2605,1.E-1);
#2607=CARTESIAN_POINT('',(-1.690166662693E1,1.032E1,5.150000047684E0));
#2608=LINE('',#2607,#2606);
#2609=DIRECTION('',(0.E0,0.E0,-1.E0));
#2610=VECTOR('',#2609,1.E-1);
#2611=CARTESIAN_POINT('',(-1.740166668653E1,1.032E1,5.150000047684E0));
#2612=LINE('',#2611,#2610);
#2613=DIRECTION('',(0.E0,0.E0,-1.E0));
#2614=VECTOR('',#2613,1.E-1);
#2615=CARTESIAN_POINT('',(-1.740166668653E1,1.132E1,5.150000047684E0));
#2616=LINE('',#2615,#2614);
#2617=DIRECTION('',(0.E0,0.E0,-1.E0));
#2618=VECTOR('',#2617,1.E-1);
#2619=CARTESIAN_POINT('',(-1.727666662693E1,1.119234044075E1,5.150000047684E0));
#2620=LINE('',#2619,#2618);
#2621=DIRECTION('',(0.E0,0.E0,-1.E0));
#2622=VECTOR('',#2621,1.E-1);
#2623=CARTESIAN_POINT('',(-1.727666662693E1,1.044765957415E1,5.150000047684E0));
#2624=LINE('',#2623,#2622);
#2625=DIRECTION('',(0.E0,0.E0,-1.E0));
#2626=VECTOR('',#2625,1.E-1);
#2627=CARTESIAN_POINT('',(-1.690166662693E1,1.044765957415E1,5.150000047684E0));
#2628=LINE('',#2627,#2626);
#2629=DIRECTION('',(0.E0,0.E0,-1.E0));
#2630=VECTOR('',#2629,1.E-1);
#2631=CARTESIAN_POINT('',(-1.681833337307E1,1.046893616736E1,5.150000047684E0));
#2632=LINE('',#2631,#2630);
#2633=DIRECTION('',(0.E0,0.E0,-1.E0));
#2634=VECTOR('',#2633,1.E-1);
#2635=CARTESIAN_POINT('',(-1.675583337307E1,1.051148936868E1,5.150000047684E0));
#2636=LINE('',#2635,#2634);
#2637=DIRECTION('',(0.E0,0.E0,-1.E0));
#2638=VECTOR('',#2637,1.E-1);
#2639=CARTESIAN_POINT('',(-1.671416662693E1,1.057531914830E1,5.150000047684E0));
#2640=LINE('',#2639,#2638);
#2641=DIRECTION('',(0.E0,0.E0,-1.E0));
#2642=VECTOR('',#2641,1.E-1);
#2643=CARTESIAN_POINT('',(-1.669333337307E1,1.066042552114E1,5.150000047684E0));
#2644=LINE('',#2643,#2642);
#2645=DIRECTION('',(0.E0,0.E0,-1.E0));
#2646=VECTOR('',#2645,1.E-1);
#2647=CARTESIAN_POINT('',(-1.669333337307E1,1.097957444906E1,5.150000047684E0));
#2648=LINE('',#2647,#2646);
#2649=DIRECTION('',(0.E0,0.E0,-1.E0));
#2650=VECTOR('',#2649,1.E-1);
#2651=CARTESIAN_POINT('',(-1.671416662693E1,1.106468082190E1,5.150000047684E0));
#2652=LINE('',#2651,#2650);
#2653=DIRECTION('',(0.E0,0.E0,-1.E0));
#2654=VECTOR('',#2653,1.E-1);
#2655=CARTESIAN_POINT('',(-1.675583337307E1,1.112851066113E1,5.150000047684E0));
#2656=LINE('',#2655,#2654);
#2657=DIRECTION('',(0.E0,0.E0,-1.E0));
#2658=VECTOR('',#2657,1.E-1);
#2659=CARTESIAN_POINT('',(-1.681833337307E1,1.117106384754E1,5.150000047684E0));
#2660=LINE('',#2659,#2658);
#2661=DIRECTION('',(0.E0,0.E0,-1.E0));
#2662=VECTOR('',#2661,1.E-1);
#2663=CARTESIAN_POINT('',(-1.690166662693E1,1.119234044075E1,5.150000047684E0));
#2664=LINE('',#2663,#2662);
#2665=DIRECTION('',(0.E0,0.E0,-1.E0));
#2666=VECTOR('',#2665,1.E-1);
#2667=CARTESIAN_POINT('',(-1.627666674614E1,1.100085104227E1,5.150000047684E0));
#2668=LINE('',#2667,#2666);
#2669=DIRECTION('',(0.E0,0.E0,-1.E0));
#2670=VECTOR('',#2669,1.E-1);
#2671=CARTESIAN_POINT('',(-1.60475E1,1.072425533056E1,5.150000047684E0));
#2672=LINE('',#2671,#2670);
#2673=DIRECTION('',(-3.552713678801E-14,0.E0,-1.E0));
#2674=VECTOR('',#2673,1.E-1);
#2675=CARTESIAN_POINT('',(-1.581833325386E1,1.100085104227E1,5.150000047684E0));
#2676=LINE('',#2675,#2674);
#2677=DIRECTION('',(0.E0,0.E0,-1.E0));
#2678=VECTOR('',#2677,1.E-1);
#2679=CARTESIAN_POINT('',(-1.569333325386E1,1.100085104227E1,5.150000047684E0));
#2680=LINE('',#2679,#2678);
#2681=DIRECTION('',(0.E0,1.776356839400E-14,-1.E0));
#2682=VECTOR('',#2681,1.E-1);
#2683=CARTESIAN_POINT('',(-1.5985E1,1.066042552114E1,5.150000047684E0));
#2684=LINE('',#2683,#2682);
#2685=DIRECTION('',(0.E0,0.E0,-1.E0));
#2686=VECTOR('',#2685,1.E-1);
#2687=CARTESIAN_POINT('',(-1.569333325386E1,1.032E1,5.150000047684E0));
#2688=LINE('',#2687,#2686);
#2689=DIRECTION('',(0.E0,0.E0,-1.E0));
#2690=VECTOR('',#2689,1.E-1);
#2691=CARTESIAN_POINT('',(-1.581833325386E1,1.032E1,5.150000047684E0));
#2692=LINE('',#2691,#2690);
#2693=DIRECTION('',(0.E0,0.E0,-1.E0));
#2694=VECTOR('',#2693,1.E-1);
#2695=CARTESIAN_POINT('',(-1.60475E1,1.059659574151E1,5.150000047684E0));
#2696=LINE('',#2695,#2694);
#2697=DIRECTION('',(0.E0,0.E0,-1.E0));
#2698=VECTOR('',#2697,1.E-1);
#2699=CARTESIAN_POINT('',(-1.627666674614E1,1.032E1,5.150000047684E0));
#2700=LINE('',#2699,#2698);
#2701=DIRECTION('',(0.E0,0.E0,-1.E0));
#2702=VECTOR('',#2701,1.E-1);
#2703=CARTESIAN_POINT('',(-1.640166662693E1,1.032E1,5.150000047684E0));
#2704=LINE('',#2703,#2702);
#2705=DIRECTION('',(0.E0,0.E0,-1.E0));
#2706=VECTOR('',#2705,1.E-1);
#2707=CARTESIAN_POINT('',(-1.611E1,1.066042552114E1,5.150000047684E0));
#2708=LINE('',#2707,#2706);
#2709=DIRECTION('',(0.E0,0.E0,-1.E0));
#2710=VECTOR('',#2709,1.E-1);
#2711=CARTESIAN_POINT('',(-1.640166662693E1,1.100085104227E1,5.150000047684E0));
#2712=LINE('',#2711,#2710);
#2713=DIRECTION('',(0.E0,0.E0,-1.E0));
#2714=VECTOR('',#2713,1.E-1);
#2715=CARTESIAN_POINT('',(-1.552666674614E1,1.091574466944E1,5.150000047684E0));
#2716=LINE('',#2715,#2714);
#2717=DIRECTION('',(0.E0,0.E0,-1.E0));
#2718=VECTOR('',#2717,1.E-1);
#2719=CARTESIAN_POINT('',(-1.550583325386E1,1.102212763548E1,5.150000047684E0));
#2720=LINE('',#2719,#2718);
#2721=DIRECTION('',(0.E0,0.E0,-1.E0));
#2722=VECTOR('',#2721,1.E-1);
#2723=CARTESIAN_POINT('',(-1.5485E1,1.108595747471E1,5.150000047684E0));
#2724=LINE('',#2723,#2722);
#2725=DIRECTION('',(0.E0,0.E0,-1.E0));
#2726=VECTOR('',#2725,1.E-1);
#2727=CARTESIAN_POINT('',(-1.544333325386E1,1.117106384754E1,5.150000047684E0));
#2728=LINE('',#2727,#2726);
#2729=DIRECTION('',(0.E0,0.E0,-1.E0));
#2730=VECTOR('',#2729,1.E-1);
#2731=CARTESIAN_POINT('',(-1.538083325386E1,1.123489362717E1,5.150000047684E0));
#2732=LINE('',#2731,#2730);
#2733=DIRECTION('',(0.E0,0.E0,-1.E0));
#2734=VECTOR('',#2733,1.E-1);
#2735=CARTESIAN_POINT('',(-1.527666674614E1,1.129872340679E1,5.150000047684E0));
#2736=LINE('',#2735,#2734);
#2737=DIRECTION('',(0.E0,0.E0,-1.E0));
#2738=VECTOR('',#2737,1.E-1);
#2739=CARTESIAN_POINT('',(-1.515166674614E1,1.132E1,5.150000047684E0));
#2740=LINE('',#2739,#2738);
#2741=DIRECTION('',(0.E0,0.E0,-1.E0));
#2742=VECTOR('',#2741,1.E-1);
#2743=CARTESIAN_POINT('',(-1.502666674614E1,1.129872340679E1,5.150000047684E0));
#2744=LINE('',#2743,#2742);
#2745=DIRECTION('',(0.E0,0.E0,-1.E0));
#2746=VECTOR('',#2745,1.E-1);
#2747=CARTESIAN_POINT('',(-1.49225E1,1.123489362717E1,5.150000047684E0));
#2748=LINE('',#2747,#2746);
#2749=DIRECTION('',(0.E0,0.E0,-1.E0));
#2750=VECTOR('',#2749,1.E-1);
#2751=CARTESIAN_POINT('',(-1.486E1,1.117106384754E1,5.150000047684E0));
#2752=LINE('',#2751,#2750);
#2753=DIRECTION('',(0.E0,0.E0,-1.E0));
#2754=VECTOR('',#2753,1.E-1);
#2755=CARTESIAN_POINT('',(-1.481833325386E1,1.108595747471E1,5.150000047684E0));
#2756=LINE('',#2755,#2754);
#2757=DIRECTION('',(0.E0,0.E0,-1.E0));
#2758=VECTOR('',#2757,1.E-1);
#2759=CARTESIAN_POINT('',(-1.47975E1,1.102212763548E1,5.150000047684E0));
#2760=LINE('',#2759,#2758);
#2761=DIRECTION('',(0.E0,0.E0,-1.E0));
#2762=VECTOR('',#2761,1.E-1);
#2763=CARTESIAN_POINT('',(-1.477666674614E1,1.091574466944E1,5.150000047684E0));
#2764=LINE('',#2763,#2762);
#2765=DIRECTION('',(0.E0,0.E0,-1.E0));
#2766=VECTOR('',#2765,1.E-1);
#2767=CARTESIAN_POINT('',(-1.477666674614E1,1.072425533056E1,5.150000047684E0));
#2768=LINE('',#2767,#2766);
#2769=DIRECTION('',(0.E0,0.E0,-1.E0));
#2770=VECTOR('',#2769,1.E-1);
#2771=CARTESIAN_POINT('',(-1.47975E1,1.061787233472E1,5.150000047684E0));
#2772=LINE('',#2771,#2770);
#2773=DIRECTION('',(0.E0,0.E0,-1.E0));
#2774=VECTOR('',#2773,1.E-1);
#2775=CARTESIAN_POINT('',(-1.481833325386E1,1.055404255509E1,5.150000047684E0));
#2776=LINE('',#2775,#2774);
#2777=DIRECTION('',(0.E0,0.E0,-1.E0));
#2778=VECTOR('',#2777,1.E-1);
#2779=CARTESIAN_POINT('',(-1.486E1,1.046893616736E1,5.150000047684E0));
#2780=LINE('',#2779,#2778);
#2781=DIRECTION('',(0.E0,0.E0,-1.E0));
#2782=VECTOR('',#2781,1.E-1);
#2783=CARTESIAN_POINT('',(-1.49225E1,1.040510638028E1,5.150000047684E0));
#2784=LINE('',#2783,#2782);
#2785=DIRECTION('',(0.E0,0.E0,-1.E0));
#2786=VECTOR('',#2785,1.E-1);
#2787=CARTESIAN_POINT('',(-1.502666674614E1,1.034127659507E1,5.150000047684E0));
#2788=LINE('',#2787,#2786);
#2789=DIRECTION('',(0.E0,0.E0,-1.E0));
#2790=VECTOR('',#2789,1.E-1);
#2791=CARTESIAN_POINT('',(-1.515166674614E1,1.032E1,5.150000047684E0));
#2792=LINE('',#2791,#2790);
#2793=DIRECTION('',(0.E0,0.E0,-1.E0));
#2794=VECTOR('',#2793,1.E-1);
#2795=CARTESIAN_POINT('',(-1.527666674614E1,1.034127659507E1,5.150000047684E0));
#2796=LINE('',#2795,#2794);
#2797=DIRECTION('',(0.E0,0.E0,-1.E0));
#2798=VECTOR('',#2797,1.E-1);
#2799=CARTESIAN_POINT('',(-1.538083325386E1,1.040510638028E1,5.150000047684E0));
#2800=LINE('',#2799,#2798);
#2801=DIRECTION('',(0.E0,0.E0,-1.E0));
#2802=VECTOR('',#2801,1.E-1);
#2803=CARTESIAN_POINT('',(-1.544333325386E1,1.046893616736E1,5.150000047684E0));
#2804=LINE('',#2803,#2802);
#2805=DIRECTION('',(0.E0,0.E0,-1.E0));
#2806=VECTOR('',#2805,1.E-1);
#2807=CARTESIAN_POINT('',(-1.5485E1,1.055404255509E1,5.150000047684E0));
#2808=LINE('',#2807,#2806);
#2809=DIRECTION('',(0.E0,0.E0,-1.E0));
#2810=VECTOR('',#2809,1.E-1);
#2811=CARTESIAN_POINT('',(-1.550583325386E1,1.061787233472E1,5.150000047684E0));
#2812=LINE('',#2811,#2810);
#2813=DIRECTION('',(0.E0,0.E0,-1.E0));
#2814=VECTOR('',#2813,1.E-1);
#2815=CARTESIAN_POINT('',(-1.552666674614E1,1.072425533056E1,5.150000047684E0));
#2816=LINE('',#2815,#2814);
#2817=DIRECTION('',(0.E0,0.E0,-1.E0));
#2818=VECTOR('',#2817,1.E-1);
#2819=CARTESIAN_POINT('',(-1.54225E1,1.089446807623E1,5.150000047684E0));
#2820=LINE('',#2819,#2818);
#2821=DIRECTION('',(0.E0,0.E0,-1.E0));
#2822=VECTOR('',#2821,1.E-1);
#2823=CARTESIAN_POINT('',(-1.54225E1,1.074553192377E1,5.150000047684E0));
#2824=LINE('',#2823,#2822);
#2825=DIRECTION('',(0.E0,0.E0,-1.E0));
#2826=VECTOR('',#2825,1.E-1);
#2827=CARTESIAN_POINT('',(-1.540166674614E1,1.061787233472E1,5.150000047684E0));
#2828=LINE('',#2827,#2826);
#2829=DIRECTION('',(0.E0,0.E0,-1.E0));
#2830=VECTOR('',#2829,1.E-1);
#2831=CARTESIAN_POINT('',(-1.531833325386E1,1.049021276057E1,5.150000047684E0));
#2832=LINE('',#2831,#2830);
#2833=DIRECTION('',(0.E0,0.E0,-1.E0));
#2834=VECTOR('',#2833,1.E-1);
#2835=CARTESIAN_POINT('',(-1.525583325386E1,1.044765957415E1,5.150000047684E0));
#2836=LINE('',#2835,#2834);
#2837=DIRECTION('',(0.E0,0.E0,-1.E0));
#2838=VECTOR('',#2837,1.E-1);
#2839=CARTESIAN_POINT('',(-1.515166674614E1,1.042638298094E1,5.150000047684E0));
#2840=LINE('',#2839,#2838);
#2841=DIRECTION('',(0.E0,0.E0,-1.E0));
#2842=VECTOR('',#2841,1.E-1);
#2843=CARTESIAN_POINT('',(-1.50475E1,1.044765957415E1,5.150000047684E0));
#2844=LINE('',#2843,#2842);
#2845=DIRECTION('',(0.E0,0.E0,-1.E0));
#2846=VECTOR('',#2845,1.E-1);
#2847=CARTESIAN_POINT('',(-1.4985E1,1.049021276057E1,5.150000047684E0));
#2848=LINE('',#2847,#2846);
#2849=DIRECTION('',(0.E0,0.E0,-1.E0));
#2850=VECTOR('',#2849,1.E-1);
#2851=CARTESIAN_POINT('',(-1.490166674614E1,1.061787233472E1,5.150000047684E0));
#2852=LINE('',#2851,#2850);
#2853=DIRECTION('',(0.E0,0.E0,-1.E0));
#2854=VECTOR('',#2853,1.E-1);
#2855=CARTESIAN_POINT('',(-1.488083325386E1,1.074553192377E1,5.150000047684E0));
#2856=LINE('',#2855,#2854);
#2857=DIRECTION('',(0.E0,0.E0,-1.E0));
#2858=VECTOR('',#2857,1.E-1);
#2859=CARTESIAN_POINT('',(-1.488083325386E1,1.089446807623E1,5.150000047684E0));
#2860=LINE('',#2859,#2858);
#2861=DIRECTION('',(0.E0,0.E0,-1.E0));
#2862=VECTOR('',#2861,1.E-1);
#2863=CARTESIAN_POINT('',(-1.490166674614E1,1.102212763548E1,5.150000047684E0));
#2864=LINE('',#2863,#2862);
#2865=DIRECTION('',(0.E0,0.E0,-1.E0));
#2866=VECTOR('',#2865,1.E-1);
#2867=CARTESIAN_POINT('',(-1.4985E1,1.114978725433E1,5.150000047684E0));
#2868=LINE('',#2867,#2866);
#2869=DIRECTION('',(0.E0,0.E0,-1.E0));
#2870=VECTOR('',#2869,1.E-1);
#2871=CARTESIAN_POINT('',(-1.50475E1,1.119234044075E1,5.150000047684E0));
#2872=LINE('',#2871,#2870);
#2873=DIRECTION('',(0.E0,0.E0,-1.E0));
#2874=VECTOR('',#2873,1.E-1);
#2875=CARTESIAN_POINT('',(-1.515166674614E1,1.121361703396E1,5.150000047684E0));
#2876=LINE('',#2875,#2874);
#2877=DIRECTION('',(0.E0,0.E0,-1.E0));
#2878=VECTOR('',#2877,1.E-1);
#2879=CARTESIAN_POINT('',(-1.525583325386E1,1.119234044075E1,5.150000047684E0));
#2880=LINE('',#2879,#2878);
#2881=DIRECTION('',(0.E0,0.E0,-1.E0));
#2882=VECTOR('',#2881,1.E-1);
#2883=CARTESIAN_POINT('',(-1.531833325386E1,1.114978725433E1,5.150000047684E0));
#2884=LINE('',#2883,#2882);
#2885=DIRECTION('',(0.E0,0.E0,-1.E0));
#2886=VECTOR('',#2885,1.E-1);
#2887=CARTESIAN_POINT('',(-1.540166674614E1,1.102212763548E1,5.150000047684E0));
#2888=LINE('',#2887,#2886);
#2889=DIRECTION('',(0.E0,0.E0,-1.E0));
#2890=VECTOR('',#2889,1.E-1);
#2891=CARTESIAN_POINT('',(-1.436E1,1.032E1,5.150000047684E0));
#2892=LINE('',#2891,#2890);
#2893=DIRECTION('',(0.E0,0.E0,-1.E0));
#2894=VECTOR('',#2893,1.E-1);
#2895=CARTESIAN_POINT('',(-1.4485E1,1.032E1,5.150000047684E0));
#2896=LINE('',#2895,#2894);
#2897=DIRECTION('',(0.E0,3.552713678801E-14,-1.E0));
#2898=VECTOR('',#2897,1.E-1);
#2899=CARTESIAN_POINT('',(-1.4485E1,1.114978725433E1,5.150000047684E0));
#2900=LINE('',#2899,#2898);
#2901=DIRECTION('',(0.E0,3.552713678801E-14,-1.E0));
#2902=VECTOR('',#2901,1.E-1);
#2903=CARTESIAN_POINT('',(-1.461E1,1.100085104227E1,5.150000047684E0));
#2904=LINE('',#2903,#2902);
#2905=DIRECTION('',(0.E0,-1.776356839400E-14,-1.E0));
#2906=VECTOR('',#2905,1.E-1);
#2907=CARTESIAN_POINT('',(-1.461E1,1.117106384754E1,5.150000047684E0));
#2908=LINE('',#2907,#2906);
#2909=DIRECTION('',(0.E0,0.E0,-1.E0));
#2910=VECTOR('',#2909,1.E-1);
#2911=CARTESIAN_POINT('',(-1.4485E1,1.132E1,5.150000047684E0));
#2912=LINE('',#2911,#2910);
#2913=DIRECTION('',(0.E0,0.E0,-1.E0));
#2914=VECTOR('',#2913,1.E-1);
#2915=CARTESIAN_POINT('',(-1.436E1,1.132E1,5.150000047684E0));
#2916=LINE('',#2915,#2914);
#2917=DIRECTION('',(0.E0,0.E0,-1.E0));
#2918=VECTOR('',#2917,1.E-1);
#2919=CARTESIAN_POINT('',(-1.331833349228E1,1.110723406792E1,5.150000047684E0));
#2920=LINE('',#2919,#2918);
#2921=DIRECTION('',(0.E0,0.E0,-1.E0));
#2922=VECTOR('',#2921,1.E-1);
#2923=CARTESIAN_POINT('',(-1.361E1,1.032E1,5.150000047684E0));
#2924=LINE('',#2923,#2922);
#2925=DIRECTION('',(0.E0,0.E0,-1.E0));
#2926=VECTOR('',#2925,1.E-1);
#2927=CARTESIAN_POINT('',(-1.377666650772E1,1.032E1,5.150000047684E0));
#2928=LINE('',#2927,#2926);
#2929=DIRECTION('',(0.E0,0.E0,-1.E0));
#2930=VECTOR('',#2929,1.E-1);
#2931=CARTESIAN_POINT('',(-1.406833349228E1,1.110723406792E1,5.150000047684E0));
#2932=LINE('',#2931,#2930);
#2933=DIRECTION('',(0.E0,0.E0,-1.E0));
#2934=VECTOR('',#2933,1.E-1);
#2935=CARTESIAN_POINT('',(-1.406833349228E1,1.032E1,5.150000047684E0));
#2936=LINE('',#2935,#2934);
#2937=DIRECTION('',(0.E0,0.E0,-1.E0));
#2938=VECTOR('',#2937,1.E-1);
#2939=CARTESIAN_POINT('',(-1.419333349228E1,1.032E1,5.150000047684E0));
#2940=LINE('',#2939,#2938);
#2941=DIRECTION('',(0.E0,0.E0,-1.E0));
#2942=VECTOR('',#2941,1.E-1);
#2943=CARTESIAN_POINT('',(-1.419333349228E1,1.132E1,5.150000047684E0));
#2944=LINE('',#2943,#2942);
#2945=DIRECTION('',(0.E0,0.E0,-1.E0));
#2946=VECTOR('',#2945,1.E-1);
#2947=CARTESIAN_POINT('',(-1.400583349228E1,1.132E1,5.150000047684E0));
#2948=LINE('',#2947,#2946);
#2949=DIRECTION('',(0.E0,0.E0,-1.E0));
#2950=VECTOR('',#2949,1.E-1);
#2951=CARTESIAN_POINT('',(-1.369333349228E1,1.042638298094E1,5.150000047684E0));
#2952=LINE('',#2951,#2950);
#2953=DIRECTION('',(0.E0,0.E0,-1.E0));
#2954=VECTOR('',#2953,1.E-1);
#2955=CARTESIAN_POINT('',(-1.338083349228E1,1.132E1,5.150000047684E0));
#2956=LINE('',#2955,#2954);
#2957=DIRECTION('',(0.E0,0.E0,-1.E0));
#2958=VECTOR('',#2957,1.E-1);
#2959=CARTESIAN_POINT('',(-1.319333349228E1,1.132E1,5.150000047684E0));
#2960=LINE('',#2959,#2958);
#2961=DIRECTION('',(0.E0,0.E0,-1.E0));
#2962=VECTOR('',#2961,1.E-1);
#2963=CARTESIAN_POINT('',(-1.319333349228E1,1.032E1,5.150000047684E0));
#2964=LINE('',#2963,#2962);
#2965=DIRECTION('',(0.E0,0.E0,-1.E0));
#2966=VECTOR('',#2965,1.E-1);
#2967=CARTESIAN_POINT('',(-1.331833349228E1,1.032E1,5.150000047684E0));
#2968=LINE('',#2967,#2966);
#2969=DIRECTION('',(0.E0,0.E0,-1.E0));
#2970=VECTOR('',#2969,1.E-1);
#2971=CARTESIAN_POINT('',(-1.221416650772E1,1.057531914830E1,5.150000047684E0));
#2972=LINE('',#2971,#2970);
#2973=DIRECTION('',(0.E0,0.E0,-1.E0));
#2974=VECTOR('',#2973,1.E-1);
#2975=CARTESIAN_POINT('',(-1.2235E1,1.046893616736E1,5.150000047684E0));
#2976=LINE('',#2975,#2974);
#2977=DIRECTION('',(0.E0,0.E0,-1.E0));
#2978=VECTOR('',#2977,1.E-1);
#2979=CARTESIAN_POINT('',(-1.231833349228E1,1.038382978708E1,5.150000047684E0));
#2980=LINE('',#2979,#2978);
#2981=DIRECTION('',(0.E0,0.E0,-1.E0));
#2982=VECTOR('',#2981,1.E-1);
#2983=CARTESIAN_POINT('',(-1.240166650772E1,1.034127659507E1,5.150000047684E0));
#2984=LINE('',#2983,#2982);
#2985=DIRECTION('',(0.E0,0.E0,-1.E0));
#2986=VECTOR('',#2985,1.E-1);
#2987=CARTESIAN_POINT('',(-1.250583349228E1,1.032E1,5.150000047684E0));
#2988=LINE('',#2987,#2986);
#2989=DIRECTION('',(0.E0,0.E0,-1.E0));
#2990=VECTOR('',#2989,1.E-1);
#2991=CARTESIAN_POINT('',(-1.269333349228E1,1.032E1,5.150000047684E0));
#2992=LINE('',#2991,#2990);
#2993=DIRECTION('',(0.E0,0.E0,-1.E0));
#2994=VECTOR('',#2993,1.E-1);
#2995=CARTESIAN_POINT('',(-1.27975E1,1.034127659507E1,5.150000047684E0));
#2996=LINE('',#2995,#2994);
#2997=DIRECTION('',(0.E0,0.E0,-1.E0));
#2998=VECTOR('',#2997,1.E-1);
#2999=CARTESIAN_POINT('',(-1.288083349228E1,1.038382978708E1,5.150000047684E0));
#3000=LINE('',#2999,#2998);
#3001=DIRECTION('',(0.E0,0.E0,-1.E0));
#3002=VECTOR('',#3001,1.E-1);
#3003=CARTESIAN_POINT('',(-1.296416650772E1,1.046893616736E1,5.150000047684E0));
#3004=LINE('',#3003,#3002);
#3005=DIRECTION('',(0.E0,0.E0,-1.E0));
#3006=VECTOR('',#3005,1.E-1);
#3007=CARTESIAN_POINT('',(-1.300583349228E1,1.055404255509E1,5.150000047684E0));
#3008=LINE('',#3007,#3006);
#3009=DIRECTION('',(0.E0,0.E0,-1.E0));
#3010=VECTOR('',#3009,1.E-1);
#3011=CARTESIAN_POINT('',(-1.302666650772E1,1.066042552114E1,5.150000047684E0));
#3012=LINE('',#3011,#3010);
#3013=DIRECTION('',(0.E0,0.E0,-1.E0));
#3014=VECTOR('',#3013,1.E-1);
#3015=CARTESIAN_POINT('',(-1.302666650772E1,1.097957444906E1,5.150000047684E0));
#3016=LINE('',#3015,#3014);
#3017=DIRECTION('',(0.E0,0.E0,-1.E0));
#3018=VECTOR('',#3017,1.E-1);
#3019=CARTESIAN_POINT('',(-1.300583349228E1,1.108595747471E1,5.150000047684E0));
#3020=LINE('',#3019,#3018);
#3021=DIRECTION('',(0.E0,0.E0,-1.E0));
#3022=VECTOR('',#3021,1.E-1);
#3023=CARTESIAN_POINT('',(-1.296416650772E1,1.117106384754E1,5.150000047684E0));
#3024=LINE('',#3023,#3022);
#3025=DIRECTION('',(0.E0,0.E0,-1.E0));
#3026=VECTOR('',#3025,1.E-1);
#3027=CARTESIAN_POINT('',(-1.288083349228E1,1.125617022038E1,5.150000047684E0));
#3028=LINE('',#3027,#3026);
#3029=DIRECTION('',(0.E0,0.E0,-1.E0));
#3030=VECTOR('',#3029,1.E-1);
#3031=CARTESIAN_POINT('',(-1.27975E1,1.129872340679E1,5.150000047684E0));
#3032=LINE('',#3031,#3030);
#3033=DIRECTION('',(0.E0,0.E0,-1.E0));
#3034=VECTOR('',#3033,1.E-1);
#3035=CARTESIAN_POINT('',(-1.269333349228E1,1.132E1,5.150000047684E0));
#3036=LINE('',#3035,#3034);
#3037=DIRECTION('',(0.E0,0.E0,-1.E0));
#3038=VECTOR('',#3037,1.E-1);
#3039=CARTESIAN_POINT('',(-1.250583349228E1,1.132E1,5.150000047684E0));
#3040=LINE('',#3039,#3038);
#3041=DIRECTION('',(0.E0,0.E0,-1.E0));
#3042=VECTOR('',#3041,1.E-1);
#3043=CARTESIAN_POINT('',(-1.240166650772E1,1.129872340679E1,5.150000047684E0));
#3044=LINE('',#3043,#3042);
#3045=DIRECTION('',(0.E0,0.E0,-1.E0));
#3046=VECTOR('',#3045,1.E-1);
#3047=CARTESIAN_POINT('',(-1.231833349228E1,1.125617022038E1,5.150000047684E0));
#3048=LINE('',#3047,#3046);
#3049=DIRECTION('',(0.E0,0.E0,-1.E0));
#3050=VECTOR('',#3049,1.E-1);
#3051=CARTESIAN_POINT('',(-1.2235E1,1.117106384754E1,5.150000047684E0));
#3052=LINE('',#3051,#3050);
#3053=DIRECTION('',(0.E0,0.E0,-1.E0));
#3054=VECTOR('',#3053,1.E-1);
#3055=CARTESIAN_POINT('',(-1.221416650772E1,1.106468082190E1,5.150000047684E0));
#3056=LINE('',#3055,#3054);
#3057=DIRECTION('',(0.E0,0.E0,-1.E0));
#3058=VECTOR('',#3057,1.E-1);
#3059=CARTESIAN_POINT('',(-1.233916650772E1,1.106468082190E1,5.150000047684E0));
#3060=LINE('',#3059,#3058);
#3061=DIRECTION('',(0.E0,0.E0,-1.E0));
#3062=VECTOR('',#3061,1.E-1);
#3063=CARTESIAN_POINT('',(-1.236E1,1.112851066113E1,5.150000047684E0));
#3064=LINE('',#3063,#3062);
#3065=DIRECTION('',(0.E0,0.E0,-1.E0));
#3066=VECTOR('',#3065,1.E-1);
#3067=CARTESIAN_POINT('',(-1.24225E1,1.117106384754E1,5.150000047684E0));
#3068=LINE('',#3067,#3066);
#3069=DIRECTION('',(0.E0,0.E0,-1.E0));
#3070=VECTOR('',#3069,1.E-1);
#3071=CARTESIAN_POINT('',(-1.250583349228E1,1.119234044075E1,5.150000047684E0));
#3072=LINE('',#3071,#3070);
#3073=DIRECTION('',(0.E0,0.E0,-1.E0));
#3074=VECTOR('',#3073,1.E-1);
#3075=CARTESIAN_POINT('',(-1.269333349228E1,1.119234044075E1,5.150000047684E0));
#3076=LINE('',#3075,#3074);
#3077=DIRECTION('',(0.E0,0.E0,-1.E0));
#3078=VECTOR('',#3077,1.E-1);
#3079=CARTESIAN_POINT('',(-1.277666650772E1,1.117106384754E1,5.150000047684E0));
#3080=LINE('',#3079,#3078);
#3081=DIRECTION('',(0.E0,0.E0,-1.E0));
#3082=VECTOR('',#3081,1.E-1);
#3083=CARTESIAN_POINT('',(-1.283916650772E1,1.112851066113E1,5.150000047684E0));
#3084=LINE('',#3083,#3082);
#3085=DIRECTION('',(0.E0,0.E0,-1.E0));
#3086=VECTOR('',#3085,1.E-1);
#3087=CARTESIAN_POINT('',(-1.288083349228E1,1.106468082190E1,5.150000047684E0));
#3088=LINE('',#3087,#3086);
#3089=DIRECTION('',(0.E0,0.E0,-1.E0));
#3090=VECTOR('',#3089,1.E-1);
#3091=CARTESIAN_POINT('',(-1.290166650772E1,1.097957444906E1,5.150000047684E0));
#3092=LINE('',#3091,#3090);
#3093=DIRECTION('',(0.E0,0.E0,-1.E0));
#3094=VECTOR('',#3093,1.E-1);
#3095=CARTESIAN_POINT('',(-1.290166650772E1,1.066042552114E1,5.150000047684E0));
#3096=LINE('',#3095,#3094);
#3097=DIRECTION('',(0.E0,0.E0,-1.E0));
#3098=VECTOR('',#3097,1.E-1);
#3099=CARTESIAN_POINT('',(-1.288083349228E1,1.057531914830E1,5.150000047684E0));
#3100=LINE('',#3099,#3098);
#3101=DIRECTION('',(0.E0,0.E0,-1.E0));
#3102=VECTOR('',#3101,1.E-1);
#3103=CARTESIAN_POINT('',(-1.283916650772E1,1.051148936868E1,5.150000047684E0));
#3104=LINE('',#3103,#3102);
#3105=DIRECTION('',(0.E0,0.E0,-1.E0));
#3106=VECTOR('',#3105,1.E-1);
#3107=CARTESIAN_POINT('',(-1.277666650772E1,1.046893616736E1,5.150000047684E0));
#3108=LINE('',#3107,#3106);
#3109=DIRECTION('',(0.E0,0.E0,-1.E0));
#3110=VECTOR('',#3109,1.E-1);
#3111=CARTESIAN_POINT('',(-1.269333349228E1,1.044765957415E1,5.150000047684E0));
#3112=LINE('',#3111,#3110);
#3113=DIRECTION('',(0.E0,0.E0,-1.E0));
#3114=VECTOR('',#3113,1.E-1);
#3115=CARTESIAN_POINT('',(-1.250583349228E1,1.044765957415E1,5.150000047684E0));
#3116=LINE('',#3115,#3114);
#3117=DIRECTION('',(0.E0,0.E0,-1.E0));
#3118=VECTOR('',#3117,1.E-1);
#3119=CARTESIAN_POINT('',(-1.24225E1,1.046893616736E1,5.150000047684E0));
#3120=LINE('',#3119,#3118);
#3121=DIRECTION('',(0.E0,0.E0,-1.E0));
#3122=VECTOR('',#3121,1.E-1);
#3123=CARTESIAN_POINT('',(-1.236E1,1.051148936868E1,5.150000047684E0));
#3124=LINE('',#3123,#3122);
#3125=DIRECTION('',(0.E0,0.E0,-1.E0));
#3126=VECTOR('',#3125,1.E-1);
#3127=CARTESIAN_POINT('',(-1.233916650772E1,1.057531914830E1,5.150000047684E0));
#3128=LINE('',#3127,#3126);
#3129=DIRECTION('',(0.E0,0.E0,-1.E0));
#3130=VECTOR('',#3129,1.E-1);
#3131=CARTESIAN_POINT('',(-1.15475E1,1.132E1,5.150000047684E0));
#3132=LINE('',#3131,#3130);
#3133=DIRECTION('',(0.E0,0.E0,-1.E0));
#3134=VECTOR('',#3133,1.E-1);
#3135=CARTESIAN_POINT('',(-1.121416650772E1,1.032E1,5.150000047684E0));
#3136=LINE('',#3135,#3134);
#3137=DIRECTION('',(0.E0,0.E0,-1.E0));
#3138=VECTOR('',#3137,1.E-1);
#3139=CARTESIAN_POINT('',(-1.133916650772E1,1.032E1,5.150000047684E0));
#3140=LINE('',#3139,#3138);
#3141=DIRECTION('',(0.E0,0.E0,-1.E0));
#3142=VECTOR('',#3141,1.E-1);
#3143=CARTESIAN_POINT('',(-1.14225E1,1.057531914830E1,5.150000047684E0));
#3144=LINE('',#3143,#3142);
#3145=DIRECTION('',(0.E0,0.E0,-1.E0));
#3146=VECTOR('',#3145,1.E-1);
#3147=CARTESIAN_POINT('',(-1.183916650772E1,1.057531914830E1,5.150000047684E0));
#3148=LINE('',#3147,#3146);
#3149=DIRECTION('',(0.E0,0.E0,-1.E0));
#3150=VECTOR('',#3149,1.E-1);
#3151=CARTESIAN_POINT('',(-1.19225E1,1.032E1,5.150000047684E0));
#3152=LINE('',#3151,#3150);
#3153=DIRECTION('',(0.E0,0.E0,-1.E0));
#3154=VECTOR('',#3153,1.E-1);
#3155=CARTESIAN_POINT('',(-1.20475E1,1.032E1,5.150000047684E0));
#3156=LINE('',#3155,#3154);
#3157=DIRECTION('',(0.E0,0.E0,-1.E0));
#3158=VECTOR('',#3157,1.E-1);
#3159=CARTESIAN_POINT('',(-1.171416650772E1,1.132E1,5.150000047684E0));
#3160=LINE('',#3159,#3158);
#3161=DIRECTION('',(0.E0,0.E0,-1.E0));
#3162=VECTOR('',#3161,1.E-1);
#3163=CARTESIAN_POINT('',(-1.163083349228E1,1.123489362717E1,5.150000047684E0));
#3164=LINE('',#3163,#3162);
#3165=DIRECTION('',(0.E0,0.E0,-1.E0));
#3166=VECTOR('',#3165,1.E-1);
#3167=CARTESIAN_POINT('',(-1.181833349228E1,1.066042552114E1,5.150000047684E0));
#3168=LINE('',#3167,#3166);
#3169=DIRECTION('',(0.E0,0.E0,-1.E0));
#3170=VECTOR('',#3169,1.E-1);
#3171=CARTESIAN_POINT('',(-1.144333349228E1,1.066042552114E1,5.150000047684E0));
#3172=LINE('',#3171,#3170);
#3173=DIRECTION('',(0.E0,0.E0,-1.E0));
#3174=VECTOR('',#3173,1.E-1);
#3175=CARTESIAN_POINT('',(-1.09225E1,1.032E1,5.150000047684E0));
#3176=LINE('',#3175,#3174);
#3177=DIRECTION('',(0.E0,0.E0,-1.E0));
#3178=VECTOR('',#3177,1.E-1);
#3179=CARTESIAN_POINT('',(-1.10475E1,1.032E1,5.150000047684E0));
#3180=LINE('',#3179,#3178);
#3181=DIRECTION('',(0.E0,0.E0,-1.E0));
#3182=VECTOR('',#3181,1.E-1);
#3183=CARTESIAN_POINT('',(-1.10475E1,1.132E1,5.150000047684E0));
#3184=LINE('',#3183,#3182);
#3185=DIRECTION('',(0.E0,0.E0,-1.E0));
#3186=VECTOR('',#3185,1.E-1);
#3187=CARTESIAN_POINT('',(-1.086E1,1.132E1,5.150000047684E0));
#3188=LINE('',#3187,#3186);
#3189=DIRECTION('',(0.E0,0.E0,-1.E0));
#3190=VECTOR('',#3189,1.E-1);
#3191=CARTESIAN_POINT('',(-1.033916698456E1,1.046893616736E1,5.150000047684E0));
#3192=LINE('',#3191,#3190);
#3193=DIRECTION('',(0.E0,0.E0,-1.E0));
#3194=VECTOR('',#3193,1.E-1);
#3195=CARTESIAN_POINT('',(-1.033916698456E1,1.132E1,5.150000047684E0));
#3196=LINE('',#3195,#3194);
#3197=DIRECTION('',(0.E0,0.E0,-1.E0));
#3198=VECTOR('',#3197,1.E-1);
#3199=CARTESIAN_POINT('',(-1.021416698456E1,1.132E1,5.150000047684E0));
#3200=LINE('',#3199,#3198);
#3201=DIRECTION('',(0.E0,0.E0,-1.E0));
#3202=VECTOR('',#3201,1.E-1);
#3203=CARTESIAN_POINT('',(-1.021416698456E1,1.032E1,5.150000047684E0));
#3204=LINE('',#3203,#3202);
#3205=DIRECTION('',(0.E0,0.E0,-1.E0));
#3206=VECTOR('',#3205,1.E-1);
#3207=CARTESIAN_POINT('',(-1.040166650772E1,1.032E1,5.150000047684E0));
#3208=LINE('',#3207,#3206);
#3209=DIRECTION('',(0.E0,0.E0,-1.E0));
#3210=VECTOR('',#3209,1.E-1);
#3211=CARTESIAN_POINT('',(-1.09225E1,1.119234044075E1,5.150000047684E0));
#3212=LINE('',#3211,#3210);
#3213=CARTESIAN_POINT('',(-8.178264490230E0,1.537914454273E1,
-2.549999952316E0));
#3214=CARTESIAN_POINT('',(-8.178264490230E0,5.279144542733E0,
-2.549999952316E0));
#3215=VERTEX_POINT('',#3213);
#3216=VERTEX_POINT('',#3214);
#3217=CARTESIAN_POINT('',(-8.178264490230E0,5.279144542733E0,5.150000047684E0));
#3218=VERTEX_POINT('',#3217);
#3219=CARTESIAN_POINT('',(-8.178264490230E0,1.537914454273E1,5.150000047684E0));
#3220=VERTEX_POINT('',#3219);
#3221=CARTESIAN_POINT('',(-8.678264490230E0,1.537914454273E1,
-2.549999952316E0));
#3222=VERTEX_POINT('',#3221);
#3223=CARTESIAN_POINT('',(-8.678264490230E0,5.279144542733E0,
-2.549999952316E0));
#3224=VERTEX_POINT('',#3223);
#3225=CARTESIAN_POINT('',(-2.032826519012E1,1.537914454356E1,
-1.999999952316E0));
#3226=CARTESIAN_POINT('',(-2.037826449023E1,1.537914454294E1,
-1.999999952316E0));
#3227=VERTEX_POINT('',#3225);
#3228=VERTEX_POINT('',#3226);
#3229=CARTESIAN_POINT('',(-2.032826519012E1,1.537914454419E1,
-2.499999952316E0));
#3230=VERTEX_POINT('',#3229);
#3231=CARTESIAN_POINT('',(-8.728265190125E0,1.537914454419E1,
-2.499999952316E0));
#3232=VERTEX_POINT('',#3231);
#3233=CARTESIAN_POINT('',(-8.728265190125E0,1.537914454356E1,
-1.999999952316E0));
#3234=VERTEX_POINT('',#3233);
#3235=CARTESIAN_POINT('',(-8.678264490230E0,1.537914454294E1,
-1.999999952316E0));
#3236=VERTEX_POINT('',#3235);
#3237=CARTESIAN_POINT('',(-2.087826449023E1,1.537914454273E1,5.150000047684E0));
#3238=VERTEX_POINT('',#3237);
#3239=CARTESIAN_POINT('',(-2.087826449023E1,1.537914454273E1,
-2.549999952316E0));
#3240=VERTEX_POINT('',#3239);
#3241=CARTESIAN_POINT('',(-2.037826449023E1,1.537914454273E1,
-2.549999952316E0));
#3242=VERTEX_POINT('',#3241);
#3243=CARTESIAN_POINT('',(-2.032826519012E1,1.500414454273E1,
-1.999999952316E0));
#3244=VERTEX_POINT('',#3243);
#3245=CARTESIAN_POINT('',(-2.037826449023E1,1.500414454273E1,
-1.999999952316E0));
#3246=VERTEX_POINT('',#3245);
#3247=CARTESIAN_POINT('',(-8.728265190125E0,1.500414454273E1,
-1.999999952316E0));
#3248=VERTEX_POINT('',#3247);
#3249=CARTESIAN_POINT('',(-8.678264490230E0,1.500414454273E1,
-1.999999952316E0));
#3250=VERTEX_POINT('',#3249);
#3251=CARTESIAN_POINT('',(-2.032826519012E1,5.654144542733E0,
-1.999999952316E0));
#3252=VERTEX_POINT('',#3251);
#3253=CARTESIAN_POINT('',(-2.032826519012E1,5.279144543565E0,
-1.999999952316E0));
#3254=VERTEX_POINT('',#3253);
#3255=CARTESIAN_POINT('',(-2.032826519012E1,5.279144544189E0,
-2.499999952316E0));
#3256=VERTEX_POINT('',#3255);
#3257=CARTESIAN_POINT('',(-9.085410003778E0,1.500414454273E1,
-1.999999952316E0));
#3258=CARTESIAN_POINT('',(-9.085410003778E0,5.654144542733E0,
-1.999999952316E0));
#3259=VERTEX_POINT('',#3257);
#3260=VERTEX_POINT('',#3258);
#3261=CARTESIAN_POINT('',(-8.728265190125E0,5.654144542733E0,
-1.999999952316E0));
#3262=VERTEX_POINT('',#3261);
#3263=CARTESIAN_POINT('',(-2.015442974123E1,1.500414454273E1,
-1.999999952316E0));
#3264=CARTESIAN_POINT('',(-2.015442974123E1,5.654144542733E0,
-1.999999952316E0));
#3265=VERTEX_POINT('',#3263);
#3266=VERTEX_POINT('',#3264);
#3267=CARTESIAN_POINT('',(-9.085410003778E0,5.654144542733E0,4.700000047684E0));
#3268=VERTEX_POINT('',#3267);
#3269=CARTESIAN_POINT('',(-9.085410003778E0,1.500414454273E1,4.700000047684E0));
#3270=VERTEX_POINT('',#3269);
#3271=CARTESIAN_POINT('',(-9.085410003778E0,1.087414455138E1,4.E-1));
#3272=CARTESIAN_POINT('',(-9.085410003778E0,1.087414455138E1,0.E0));
#3273=VERTEX_POINT('',#3271);
#3274=VERTEX_POINT('',#3272);
#3275=CARTESIAN_POINT('',(-9.085410003778E0,1.445128967441E1,0.E0));
#3276=VERTEX_POINT('',#3275);
#3277=CARTESIAN_POINT('',(-9.085410003778E0,1.445128967441E1,4.E-1));
#3278=VERTEX_POINT('',#3277);
#3279=CARTESIAN_POINT('',(-9.085410003778E0,1.026414455138E1,0.E0));
#3280=CARTESIAN_POINT('',(-9.085410003778E0,1.026414455138E1,4.E-1));
#3281=VERTEX_POINT('',#3279);
#3282=VERTEX_POINT('',#3280);
#3283=CARTESIAN_POINT('',(-9.085410003778E0,6.226999428356E0,4.E-1));
#3284=VERTEX_POINT('',#3283);
#3285=CARTESIAN_POINT('',(-9.085410003778E0,6.226999428356E0,0.E0));
#3286=VERTEX_POINT('',#3285);
#3287=CARTESIAN_POINT('',(-9.073264868828E0,1.026414455138E1,0.E0));
#3288=VERTEX_POINT('',#3287);
#3289=CARTESIAN_POINT('',(-9.073264868828E0,1.026414455138E1,4.E-1));
#3290=VERTEX_POINT('',#3289);
#3291=CARTESIAN_POINT('',(-9.073264868828E0,6.239144563306E0,0.E0));
#3292=VERTEX_POINT('',#3291);
#3293=CARTESIAN_POINT('',(-9.073264868828E0,1.087414455138E1,0.E0));
#3294=VERTEX_POINT('',#3293);
#3295=CARTESIAN_POINT('',(-9.073264868828E0,1.443914453946E1,0.E0));
#3296=VERTEX_POINT('',#3295);
#3297=CARTESIAN_POINT('',(-9.073264868828E0,6.239144563306E0,4.E-1));
#3298=VERTEX_POINT('',#3297);
#3299=CARTESIAN_POINT('',(-9.073264868828E0,1.443914453946E1,4.E-1));
#3300=VERTEX_POINT('',#3299);
#3301=CARTESIAN_POINT('',(-9.073264868828E0,1.087414455138E1,4.E-1));
#3302=VERTEX_POINT('',#3301);
#3303=CARTESIAN_POINT('',(-8.678264490230E0,5.654144542733E0,
-1.999999952316E0));
#3304=VERTEX_POINT('',#3303);
#3305=CARTESIAN_POINT('',(-8.678264490230E0,5.654144542733E0,4.700000047684E0));
#3306=VERTEX_POINT('',#3305);
#3307=CARTESIAN_POINT('',(-2.015442974123E1,5.654144542733E0,4.700000047684E0));
#3308=VERTEX_POINT('',#3307);
#3309=CARTESIAN_POINT('',(-2.037826449023E1,5.654144542733E0,4.700000047684E0));
#3310=VERTEX_POINT('',#3309);
#3311=CARTESIAN_POINT('',(-2.037826449023E1,5.654144542733E0,
-1.999999952316E0));
#3312=VERTEX_POINT('',#3311);
#3313=CARTESIAN_POINT('',(-2.037826449023E1,5.279144542941E0,
-1.999999952316E0));
#3314=VERTEX_POINT('',#3313);
#3315=CARTESIAN_POINT('',(-8.728265190125E0,5.279144543565E0,
-1.999999952316E0));
#3316=VERTEX_POINT('',#3315);
#3317=CARTESIAN_POINT('',(-8.678264490230E0,5.279144542941E0,
-1.999999952316E0));
#3318=VERTEX_POINT('',#3317);
#3319=CARTESIAN_POINT('',(-2.037826449023E1,1.500414454273E1,4.700000047684E0));
#3320=VERTEX_POINT('',#3319);
#3321=CARTESIAN_POINT('',(-2.037826449023E1,5.279144542733E0,
-2.549999952316E0));
#3322=VERTEX_POINT('',#3321);
#3323=CARTESIAN_POINT('',(-8.678264490230E0,1.500414454273E1,4.700000047684E0));
#3324=VERTEX_POINT('',#3323);
#3325=CARTESIAN_POINT('',(-2.015442974123E1,1.500414454273E1,4.700000047684E0));
#3326=VERTEX_POINT('',#3325);
#3327=CARTESIAN_POINT('',(-8.728265190125E0,5.279144544189E0,
-2.499999952316E0));
#3328=VERTEX_POINT('',#3327);
#3329=CARTESIAN_POINT('',(-2.087826449023E1,5.279144542733E0,
-2.549999952316E0));
#3330=VERTEX_POINT('',#3329);
#3331=CARTESIAN_POINT('',(-2.087826449023E1,5.279144542733E0,5.150000047684E0));
#3332=VERTEX_POINT('',#3331);
#3333=CARTESIAN_POINT('',(-1.752826519012E1,1.157914454648E1,
-2.499999952316E0));
#3334=CARTESIAN_POINT('',(-1.152826519012E1,1.157914454648E1,
-2.499999952316E0));
#3335=VERTEX_POINT('',#3333);
#3336=VERTEX_POINT('',#3334);
#3337=CARTESIAN_POINT('',(-1.102826519012E1,1.107914454648E1,
-2.499999952316E0));
#3338=VERTEX_POINT('',#3337);
#3339=CARTESIAN_POINT('',(-1.102826519012E1,9.579144546477E0,
-2.499999952316E0));
#3340=VERTEX_POINT('',#3339);
#3341=CARTESIAN_POINT('',(-1.152826519012E1,9.079144546477E0,
-2.499999952316E0));
#3342=VERTEX_POINT('',#3341);
#3343=CARTESIAN_POINT('',(-1.752826519012E1,9.079144546477E0,
-2.499999952316E0));
#3344=VERTEX_POINT('',#3343);
#3345=CARTESIAN_POINT('',(-1.802826519012E1,9.579144546477E0,
-2.499999952316E0));
#3346=VERTEX_POINT('',#3345);
#3347=CARTESIAN_POINT('',(-1.802826519012E1,1.107914454648E1,
-2.499999952316E0));
#3348=VERTEX_POINT('',#3347);
#3349=CARTESIAN_POINT('',(-1.101826519012E1,1.412914454648E1,
-2.499999952316E0));
#3350=CARTESIAN_POINT('',(-1.098453144216E1,1.426735555554E1,
-2.499999952316E0));
#3351=VERTEX_POINT('',#3349);
#3352=VERTEX_POINT('',#3350);
#3353=CARTESIAN_POINT('',(-1.045199893809E1,1.399093353741E1,
-2.499999952316E0));
#3354=VERTEX_POINT('',#3353);
#3355=CARTESIAN_POINT('',(-1.041826519012E1,1.412914454648E1,
-2.499999952316E0));
#3356=VERTEX_POINT('',#3355);
#3357=CARTESIAN_POINT('',(-1.355826519012E1,1.412914454648E1,
-2.499999952316E0));
#3358=CARTESIAN_POINT('',(-1.352453144216E1,1.426735555554E1,
-2.499999952316E0));
#3359=VERTEX_POINT('',#3357);
#3360=VERTEX_POINT('',#3358);
#3361=CARTESIAN_POINT('',(-1.299199893809E1,1.399093353741E1,
-2.499999952316E0));
#3362=VERTEX_POINT('',#3361);
#3363=CARTESIAN_POINT('',(-1.295826519012E1,1.412914454648E1,
-2.499999952316E0));
#3364=VERTEX_POINT('',#3363);
#3365=CARTESIAN_POINT('',(-1.609826519012E1,1.412914454648E1,
-2.499999952316E0));
#3366=CARTESIAN_POINT('',(-1.606453144216E1,1.426735555554E1,
-2.499999952316E0));
#3367=VERTEX_POINT('',#3365);
#3368=VERTEX_POINT('',#3366);
#3369=CARTESIAN_POINT('',(-1.553199893809E1,1.399093353741E1,
-2.499999952316E0));
#3370=VERTEX_POINT('',#3369);
#3371=CARTESIAN_POINT('',(-1.549826519012E1,1.412914454648E1,
-2.499999952316E0));
#3372=VERTEX_POINT('',#3371);
#3373=CARTESIAN_POINT('',(-1.863826519012E1,1.412914454648E1,
-2.499999952316E0));
#3374=CARTESIAN_POINT('',(-1.860453144216E1,1.426735555554E1,
-2.499999952316E0));
#3375=VERTEX_POINT('',#3373);
#3376=VERTEX_POINT('',#3374);
#3377=CARTESIAN_POINT('',(-1.807199893809E1,1.399093353741E1,
-2.499999952316E0));
#3378=VERTEX_POINT('',#3377);
#3379=CARTESIAN_POINT('',(-1.803826519012E1,1.412914454648E1,
-2.499999952316E0));
#3380=VERTEX_POINT('',#3379);
#3381=CARTESIAN_POINT('',(-1.041826519012E1,6.529144546477E0,
-2.499999952316E0));
#3382=CARTESIAN_POINT('',(-1.045199893809E1,6.390933537408E0,
-2.499999952316E0));
#3383=VERTEX_POINT('',#3381);
#3384=VERTEX_POINT('',#3382);
#3385=CARTESIAN_POINT('',(-1.098453144216E1,6.667355555543E0,
-2.499999952316E0));
#3386=VERTEX_POINT('',#3385);
#3387=CARTESIAN_POINT('',(-1.101826519012E1,6.529144546477E0,
-2.499999952316E0));
#3388=VERTEX_POINT('',#3387);
#3389=CARTESIAN_POINT('',(-1.355826519012E1,6.529144546477E0,
-2.499999952316E0));
#3390=CARTESIAN_POINT('',(-1.352453144216E1,6.667355555543E0,
-2.499999952316E0));
#3391=VERTEX_POINT('',#3389);
#3392=VERTEX_POINT('',#3390);
#3393=CARTESIAN_POINT('',(-1.299199893809E1,6.390933537409E0,
-2.499999952316E0));
#3394=VERTEX_POINT('',#3393);
#3395=CARTESIAN_POINT('',(-1.295826519012E1,6.529144546477E0,
-2.499999952316E0));
#3396=VERTEX_POINT('',#3395);
#3397=CARTESIAN_POINT('',(-1.609826519012E1,6.529144546477E0,
-2.499999952316E0));
#3398=CARTESIAN_POINT('',(-1.606453144216E1,6.667355555543E0,
-2.499999952316E0));
#3399=VERTEX_POINT('',#3397);
#3400=VERTEX_POINT('',#3398);
#3401=CARTESIAN_POINT('',(-1.553199893809E1,6.390933537408E0,
-2.499999952316E0));
#3402=VERTEX_POINT('',#3401);
#3403=CARTESIAN_POINT('',(-1.549826519012E1,6.529144546477E0,
-2.499999952316E0));
#3404=VERTEX_POINT('',#3403);
#3405=CARTESIAN_POINT('',(-1.863826519012E1,6.529144546477E0,
-2.499999952316E0));
#3406=CARTESIAN_POINT('',(-1.860453144216E1,6.667355555543E0,
-2.499999952316E0));
#3407=VERTEX_POINT('',#3405);
#3408=VERTEX_POINT('',#3406);
#3409=CARTESIAN_POINT('',(-1.807199893809E1,6.390933537409E0,
-2.499999952316E0));
#3410=VERTEX_POINT('',#3409);
#3411=CARTESIAN_POINT('',(-1.803826519012E1,6.529144546477E0,
-2.499999952316E0));
#3412=VERTEX_POINT('',#3411);
#3413=CARTESIAN_POINT('',(-1.752826519012E1,1.157914454648E1,
-2.099999952316E0));
#3414=CARTESIAN_POINT('',(-1.152826519012E1,1.157914454648E1,
-2.099999952316E0));
#3415=VERTEX_POINT('',#3413);
#3416=VERTEX_POINT('',#3414);
#3417=CARTESIAN_POINT('',(-1.802826519012E1,1.107914454648E1,
-2.099999952316E0));
#3418=VERTEX_POINT('',#3417);
#3419=CARTESIAN_POINT('',(-1.802826519012E1,9.579144546477E0,
-2.099999952316E0));
#3420=VERTEX_POINT('',#3419);
#3421=CARTESIAN_POINT('',(-1.752826519012E1,9.079144546477E0,
-2.099999952316E0));
#3422=VERTEX_POINT('',#3421);
#3423=CARTESIAN_POINT('',(-1.152826519012E1,9.079144546477E0,
-2.099999952316E0));
#3424=VERTEX_POINT('',#3423);
#3425=CARTESIAN_POINT('',(-1.102826519012E1,9.579144546477E0,
-2.099999952316E0));
#3426=VERTEX_POINT('',#3425);
#3427=CARTESIAN_POINT('',(-1.102826519012E1,1.107914454648E1,
-2.099999952316E0));
#3428=VERTEX_POINT('',#3427);
#3429=CARTESIAN_POINT('',(-1.101826519012E1,1.412914454648E1,
-2.099999952316E0));
#3430=CARTESIAN_POINT('',(-1.045199893809E1,1.399093353741E1,
-2.099999952316E0));
#3431=VERTEX_POINT('',#3429);
#3432=VERTEX_POINT('',#3430);
#3433=CARTESIAN_POINT('',(-1.098453144216E1,1.426735555554E1,
-2.099999952316E0));
#3434=VERTEX_POINT('',#3433);
#3435=CARTESIAN_POINT('',(-1.041826519012E1,1.412914454648E1,
-2.099999952316E0));
#3436=VERTEX_POINT('',#3435);
#3437=CARTESIAN_POINT('',(-1.046826486883E1,1.414914455138E1,
-2.099999952316E0));
#3438=CARTESIAN_POINT('',(-1.096826486883E1,1.414914455138E1,
-2.099999952316E0));
#3439=VERTEX_POINT('',#3437);
#3440=VERTEX_POINT('',#3438);
#3441=CARTESIAN_POINT('',(-1.355826519012E1,1.412914454648E1,
-2.099999952316E0));
#3442=CARTESIAN_POINT('',(-1.299199893809E1,1.399093353741E1,
-2.099999952316E0));
#3443=VERTEX_POINT('',#3441);
#3444=VERTEX_POINT('',#3442);
#3445=CARTESIAN_POINT('',(-1.352453144216E1,1.426735555554E1,
-2.099999952316E0));
#3446=VERTEX_POINT('',#3445);
#3447=CARTESIAN_POINT('',(-1.295826519012E1,1.412914454648E1,
-2.099999952316E0));
#3448=VERTEX_POINT('',#3447);
#3449=CARTESIAN_POINT('',(-1.350826486883E1,1.414914455138E1,
-2.099999952316E0));
#3450=CARTESIAN_POINT('',(-1.300826486883E1,1.414914455138E1,
-2.099999952316E0));
#3451=VERTEX_POINT('',#3449);
#3452=VERTEX_POINT('',#3450);
#3453=CARTESIAN_POINT('',(-1.609826519012E1,1.412914454648E1,
-2.099999952316E0));
#3454=CARTESIAN_POINT('',(-1.553199893809E1,1.399093353741E1,
-2.099999952316E0));
#3455=VERTEX_POINT('',#3453);
#3456=VERTEX_POINT('',#3454);
#3457=CARTESIAN_POINT('',(-1.606453144216E1,1.426735555554E1,
-2.099999952316E0));
#3458=VERTEX_POINT('',#3457);
#3459=CARTESIAN_POINT('',(-1.549826519012E1,1.412914454648E1,
-2.099999952316E0));
#3460=VERTEX_POINT('',#3459);
#3461=CARTESIAN_POINT('',(-1.604826486883E1,1.414914455138E1,
-2.099999952316E0));
#3462=CARTESIAN_POINT('',(-1.554826486883E1,1.414914455138E1,
-2.099999952316E0));
#3463=VERTEX_POINT('',#3461);
#3464=VERTEX_POINT('',#3462);
#3465=CARTESIAN_POINT('',(-1.863826519012E1,1.412914454648E1,
-2.099999952316E0));
#3466=CARTESIAN_POINT('',(-1.807199893809E1,1.399093353741E1,
-2.099999952316E0));
#3467=VERTEX_POINT('',#3465);
#3468=VERTEX_POINT('',#3466);
#3469=CARTESIAN_POINT('',(-1.860453144216E1,1.426735555554E1,
-2.099999952316E0));
#3470=VERTEX_POINT('',#3469);
#3471=CARTESIAN_POINT('',(-1.803826519012E1,1.412914454648E1,
-2.099999952316E0));
#3472=VERTEX_POINT('',#3471);
#3473=CARTESIAN_POINT('',(-1.041826519012E1,6.529144546477E0,
-2.099999952316E0));
#3474=CARTESIAN_POINT('',(-1.098453144216E1,6.667355555544E0,
-2.099999952316E0));
#3475=VERTEX_POINT('',#3473);
#3476=VERTEX_POINT('',#3474);
#3477=CARTESIAN_POINT('',(-1.045199893809E1,6.390933537409E0,
-2.099999952316E0));
#3478=VERTEX_POINT('',#3477);
#3479=CARTESIAN_POINT('',(-1.101826519012E1,6.529144546477E0,
-2.099999952316E0));
#3480=VERTEX_POINT('',#3479);
#3481=CARTESIAN_POINT('',(-1.046826486883E1,6.529144551385E0,
-2.099999952316E0));
#3482=CARTESIAN_POINT('',(-1.096826486883E1,6.529144551385E0,
-2.099999952316E0));
#3483=VERTEX_POINT('',#3481);
#3484=VERTEX_POINT('',#3482);
#3485=CARTESIAN_POINT('',(-1.355826519012E1,6.529144546477E0,
-2.099999952316E0));
#3486=CARTESIAN_POINT('',(-1.299199893809E1,6.390933537409E0,
-2.099999952316E0));
#3487=VERTEX_POINT('',#3485);
#3488=VERTEX_POINT('',#3486);
#3489=CARTESIAN_POINT('',(-1.352453144216E1,6.667355555544E0,
-2.099999952316E0));
#3490=VERTEX_POINT('',#3489);
#3491=CARTESIAN_POINT('',(-1.295826519012E1,6.529144546477E0,
-2.099999952316E0));
#3492=VERTEX_POINT('',#3491);
#3493=CARTESIAN_POINT('',(-1.350826486883E1,6.529144551385E0,
-2.099999952316E0));
#3494=CARTESIAN_POINT('',(-1.300826486883E1,6.529144551385E0,
-2.099999952316E0));
#3495=VERTEX_POINT('',#3493);
#3496=VERTEX_POINT('',#3494);
#3497=CARTESIAN_POINT('',(-1.609826519012E1,6.529144546477E0,
-2.099999952316E0));
#3498=CARTESIAN_POINT('',(-1.553199893809E1,6.390933537409E0,
-2.099999952316E0));
#3499=VERTEX_POINT('',#3497);
#3500=VERTEX_POINT('',#3498);
#3501=CARTESIAN_POINT('',(-1.606453144216E1,6.667355555544E0,
-2.099999952316E0));
#3502=VERTEX_POINT('',#3501);
#3503=CARTESIAN_POINT('',(-1.549826519012E1,6.529144546477E0,
-2.099999952316E0));
#3504=VERTEX_POINT('',#3503);
#3505=CARTESIAN_POINT('',(-1.604826486883E1,6.529144551385E0,
-2.099999952316E0));
#3506=CARTESIAN_POINT('',(-1.554826486883E1,6.529144551385E0,
-2.099999952316E0));
#3507=VERTEX_POINT('',#3505);
#3508=VERTEX_POINT('',#3506);
#3509=CARTESIAN_POINT('',(-1.863826519012E1,6.529144546477E0,
-2.099999952316E0));
#3510=CARTESIAN_POINT('',(-1.807199893809E1,6.390933537409E0,
-2.099999952316E0));
#3511=VERTEX_POINT('',#3509);
#3512=VERTEX_POINT('',#3510);
#3513=CARTESIAN_POINT('',(-1.860453144216E1,6.667355555544E0,
-2.099999952316E0));
#3514=VERTEX_POINT('',#3513);
#3515=CARTESIAN_POINT('',(-1.803826519012E1,6.529144546477E0,
-2.099999952316E0));
#3516=VERTEX_POINT('',#3515);
#3517=CARTESIAN_POINT('',(-1.858826486883E1,6.529144551385E0,
-2.099999952316E0));
#3518=CARTESIAN_POINT('',(-1.808826486883E1,6.529144551385E0,
-2.099999952316E0));
#3519=VERTEX_POINT('',#3517);
#3520=VERTEX_POINT('',#3518);
#3521=CARTESIAN_POINT('',(-1.350826486883E1,1.414914455138E1,-6.65E0));
#3522=VERTEX_POINT('',#3521);
#3523=CARTESIAN_POINT('',(-1.300826486883E1,1.414914455138E1,-6.65E0));
#3524=VERTEX_POINT('',#3523);
#3525=CARTESIAN_POINT('',(-1.096826486883E1,1.414914455138E1,-6.65E0));
#3526=CARTESIAN_POINT('',(-1.046826486883E1,1.414914455138E1,-6.65E0));
#3527=VERTEX_POINT('',#3525);
#3528=VERTEX_POINT('',#3526);
#3529=CARTESIAN_POINT('',(-1.554826486883E1,1.414914455138E1,-6.65E0));
#3530=CARTESIAN_POINT('',(-1.604826486883E1,1.414914455138E1,-6.65E0));
#3531=VERTEX_POINT('',#3529);
#3532=VERTEX_POINT('',#3530);
#3533=CARTESIAN_POINT('',(-1.096826486883E1,6.529144551385E0,-6.65E0));
#3534=CARTESIAN_POINT('',(-1.046826486883E1,6.529144551385E0,-6.65E0));
#3535=VERTEX_POINT('',#3533);
#3536=VERTEX_POINT('',#3534);
#3537=CARTESIAN_POINT('',(-1.300826486883E1,6.529144551385E0,-6.65E0));
#3538=CARTESIAN_POINT('',(-1.350826486883E1,6.529144551385E0,-6.65E0));
#3539=VERTEX_POINT('',#3537);
#3540=VERTEX_POINT('',#3538);
#3541=CARTESIAN_POINT('',(-1.554826486883E1,6.529144551385E0,-6.65E0));
#3542=CARTESIAN_POINT('',(-1.604826486883E1,6.529144551385E0,-6.65E0));
#3543=VERTEX_POINT('',#3541);
#3544=VERTEX_POINT('',#3542);
#3545=CARTESIAN_POINT('',(-1.808826486883E1,6.529144551385E0,-6.65E0));
#3546=CARTESIAN_POINT('',(-1.858826486883E1,6.529144551385E0,-6.65E0));
#3547=VERTEX_POINT('',#3545);
#3548=VERTEX_POINT('',#3546);
#3549=CARTESIAN_POINT('',(-1.929813716029E1,7.272682394368E0,5.150000047684E0));
#3550=CARTESIAN_POINT('',(-1.945839182017E1,6.285606691098E0,5.150000047684E0));
#3551=VERTEX_POINT('',#3549);
#3552=VERTEX_POINT('',#3550);
#3553=CARTESIAN_POINT('',(-1.929813716029E1,7.272682394368E0,5.160000047684E0));
#3554=VERTEX_POINT('',#3553);
#3555=CARTESIAN_POINT('',(-1.945839182017E1,6.285606691098E0,5.160000047684E0));
#3556=VERTEX_POINT('',#3555);
#3557=CARTESIAN_POINT('',(-1.756833331347E1,1.132E1,5.050000047684E0));
#3558=CARTESIAN_POINT('',(-1.836E1,1.132E1,5.050000047684E0));
#3559=VERTEX_POINT('',#3557);
#3560=VERTEX_POINT('',#3558);
#3561=CARTESIAN_POINT('',(-1.836E1,1.121361703396E1,5.050000047684E0));
#3562=VERTEX_POINT('',#3561);
#3563=CARTESIAN_POINT('',(-1.802666665673E1,1.121361703396E1,5.050000047684E0));
#3564=VERTEX_POINT('',#3563);
#3565=CARTESIAN_POINT('',(-1.802666665673E1,1.032E1,5.050000047684E0));
#3566=VERTEX_POINT('',#3565);
#3567=CARTESIAN_POINT('',(-1.790166665673E1,1.032E1,5.050000047684E0));
#3568=VERTEX_POINT('',#3567);
#3569=CARTESIAN_POINT('',(-1.790166665673E1,1.121361703396E1,5.050000047684E0));
#3570=VERTEX_POINT('',#3569);
#3571=CARTESIAN_POINT('',(-1.756833331347E1,1.121361703396E1,5.050000047684E0));
#3572=VERTEX_POINT('',#3571);
#3573=CARTESIAN_POINT('',(-1.690166662693E1,1.132E1,5.050000047684E0));
#3574=CARTESIAN_POINT('',(-1.740166668653E1,1.132E1,5.050000047684E0));
#3575=VERTEX_POINT('',#3573);
#3576=VERTEX_POINT('',#3574);
#3577=CARTESIAN_POINT('',(-1.740166668653E1,1.032E1,5.050000047684E0));
#3578=VERTEX_POINT('',#3577);
#3579=CARTESIAN_POINT('',(-1.690166662693E1,1.032E1,5.050000047684E0));
#3580=VERTEX_POINT('',#3579);
#3581=CARTESIAN_POINT('',(-1.67975E1,1.034127659507E1,5.050000047684E0));
#3582=VERTEX_POINT('',#3581);
#3583=CARTESIAN_POINT('',(-1.671416662693E1,1.038382978708E1,5.050000047684E0));
#3584=VERTEX_POINT('',#3583);
#3585=CARTESIAN_POINT('',(-1.663083337307E1,1.046893616736E1,5.050000047684E0));
#3586=VERTEX_POINT('',#3585);
#3587=CARTESIAN_POINT('',(-1.658916662693E1,1.055404255509E1,5.050000047684E0));
#3588=VERTEX_POINT('',#3587);
#3589=CARTESIAN_POINT('',(-1.656833337307E1,1.066042552114E1,5.050000047684E0));
#3590=VERTEX_POINT('',#3589);
#3591=CARTESIAN_POINT('',(-1.656833337307E1,1.097957444906E1,5.050000047684E0));
#3592=VERTEX_POINT('',#3591);
#3593=CARTESIAN_POINT('',(-1.658916662693E1,1.108595747471E1,5.050000047684E0));
#3594=VERTEX_POINT('',#3593);
#3595=CARTESIAN_POINT('',(-1.663083337307E1,1.117106384754E1,5.050000047684E0));
#3596=VERTEX_POINT('',#3595);
#3597=CARTESIAN_POINT('',(-1.671416662693E1,1.125617022038E1,5.050000047684E0));
#3598=VERTEX_POINT('',#3597);
#3599=CARTESIAN_POINT('',(-1.67975E1,1.129872340679E1,5.050000047684E0));
#3600=VERTEX_POINT('',#3599);
#3601=CARTESIAN_POINT('',(-1.727666662693E1,1.119234044075E1,5.050000047684E0));
#3602=CARTESIAN_POINT('',(-1.690166662693E1,1.119234044075E1,5.050000047684E0));
#3603=VERTEX_POINT('',#3601);
#3604=VERTEX_POINT('',#3602);
#3605=CARTESIAN_POINT('',(-1.681833337307E1,1.117106384754E1,5.050000047684E0));
#3606=VERTEX_POINT('',#3605);
#3607=CARTESIAN_POINT('',(-1.675583337307E1,1.112851066113E1,5.050000047684E0));
#3608=VERTEX_POINT('',#3607);
#3609=CARTESIAN_POINT('',(-1.671416662693E1,1.106468082190E1,5.050000047684E0));
#3610=VERTEX_POINT('',#3609);
#3611=CARTESIAN_POINT('',(-1.669333337307E1,1.097957444906E1,5.050000047684E0));
#3612=VERTEX_POINT('',#3611);
#3613=CARTESIAN_POINT('',(-1.669333337307E1,1.066042552114E1,5.050000047684E0));
#3614=VERTEX_POINT('',#3613);
#3615=CARTESIAN_POINT('',(-1.671416662693E1,1.057531914830E1,5.050000047684E0));
#3616=VERTEX_POINT('',#3615);
#3617=CARTESIAN_POINT('',(-1.675583337307E1,1.051148936868E1,5.050000047684E0));
#3618=VERTEX_POINT('',#3617);
#3619=CARTESIAN_POINT('',(-1.681833337307E1,1.046893616736E1,5.050000047684E0));
#3620=VERTEX_POINT('',#3619);
#3621=CARTESIAN_POINT('',(-1.690166662693E1,1.044765957415E1,5.050000047684E0));
#3622=VERTEX_POINT('',#3621);
#3623=CARTESIAN_POINT('',(-1.727666662693E1,1.044765957415E1,5.050000047684E0));
#3624=VERTEX_POINT('',#3623);
#3625=CARTESIAN_POINT('',(-1.627666674614E1,1.100085104227E1,5.050000047684E0));
#3626=CARTESIAN_POINT('',(-1.640166662693E1,1.100085104227E1,5.050000047684E0));
#3627=VERTEX_POINT('',#3625);
#3628=VERTEX_POINT('',#3626);
#3629=CARTESIAN_POINT('',(-1.611E1,1.066042552114E1,5.050000047684E0));
#3630=VERTEX_POINT('',#3629);
#3631=CARTESIAN_POINT('',(-1.640166662693E1,1.032E1,5.050000047684E0));
#3632=VERTEX_POINT('',#3631);
#3633=CARTESIAN_POINT('',(-1.627666674614E1,1.032E1,5.050000047684E0));
#3634=VERTEX_POINT('',#3633);
#3635=CARTESIAN_POINT('',(-1.60475E1,1.059659574151E1,5.050000047684E0));
#3636=VERTEX_POINT('',#3635);
#3637=CARTESIAN_POINT('',(-1.581833325386E1,1.032E1,5.050000047684E0));
#3638=VERTEX_POINT('',#3637);
#3639=CARTESIAN_POINT('',(-1.569333325386E1,1.032E1,5.050000047684E0));
#3640=VERTEX_POINT('',#3639);
#3641=CARTESIAN_POINT('',(-1.5985E1,1.066042552114E1,5.050000047684E0));
#3642=VERTEX_POINT('',#3641);
#3643=CARTESIAN_POINT('',(-1.569333325386E1,1.100085104227E1,5.050000047684E0));
#3644=VERTEX_POINT('',#3643);
#3645=CARTESIAN_POINT('',(-1.581833325386E1,1.100085104227E1,5.050000047684E0));
#3646=VERTEX_POINT('',#3645);
#3647=CARTESIAN_POINT('',(-1.60475E1,1.072425533056E1,5.050000047684E0));
#3648=VERTEX_POINT('',#3647);
#3649=CARTESIAN_POINT('',(-1.552666674614E1,1.091574466944E1,5.050000047684E0));
#3650=CARTESIAN_POINT('',(-1.552666674614E1,1.072425533056E1,5.050000047684E0));
#3651=VERTEX_POINT('',#3649);
#3652=VERTEX_POINT('',#3650);
#3653=CARTESIAN_POINT('',(-1.550583325386E1,1.061787233472E1,5.050000047684E0));
#3654=VERTEX_POINT('',#3653);
#3655=CARTESIAN_POINT('',(-1.5485E1,1.055404255509E1,5.050000047684E0));
#3656=VERTEX_POINT('',#3655);
#3657=CARTESIAN_POINT('',(-1.544333325386E1,1.046893616736E1,5.050000047684E0));
#3658=VERTEX_POINT('',#3657);
#3659=CARTESIAN_POINT('',(-1.538083325386E1,1.040510638028E1,5.050000047684E0));
#3660=VERTEX_POINT('',#3659);
#3661=CARTESIAN_POINT('',(-1.527666674614E1,1.034127659507E1,5.050000047684E0));
#3662=VERTEX_POINT('',#3661);
#3663=CARTESIAN_POINT('',(-1.515166674614E1,1.032E1,5.050000047684E0));
#3664=VERTEX_POINT('',#3663);
#3665=CARTESIAN_POINT('',(-1.502666674614E1,1.034127659507E1,5.050000047684E0));
#3666=VERTEX_POINT('',#3665);
#3667=CARTESIAN_POINT('',(-1.49225E1,1.040510638028E1,5.050000047684E0));
#3668=VERTEX_POINT('',#3667);
#3669=CARTESIAN_POINT('',(-1.486E1,1.046893616736E1,5.050000047684E0));
#3670=VERTEX_POINT('',#3669);
#3671=CARTESIAN_POINT('',(-1.481833325386E1,1.055404255509E1,5.050000047684E0));
#3672=VERTEX_POINT('',#3671);
#3673=CARTESIAN_POINT('',(-1.47975E1,1.061787233472E1,5.050000047684E0));
#3674=VERTEX_POINT('',#3673);
#3675=CARTESIAN_POINT('',(-1.477666674614E1,1.072425533056E1,5.050000047684E0));
#3676=VERTEX_POINT('',#3675);
#3677=CARTESIAN_POINT('',(-1.477666674614E1,1.091574466944E1,5.050000047684E0));
#3678=VERTEX_POINT('',#3677);
#3679=CARTESIAN_POINT('',(-1.47975E1,1.102212763548E1,5.050000047684E0));
#3680=VERTEX_POINT('',#3679);
#3681=CARTESIAN_POINT('',(-1.481833325386E1,1.108595747471E1,5.050000047684E0));
#3682=VERTEX_POINT('',#3681);
#3683=CARTESIAN_POINT('',(-1.486E1,1.117106384754E1,5.050000047684E0));
#3684=VERTEX_POINT('',#3683);
#3685=CARTESIAN_POINT('',(-1.49225E1,1.123489362717E1,5.050000047684E0));
#3686=VERTEX_POINT('',#3685);
#3687=CARTESIAN_POINT('',(-1.502666674614E1,1.129872340679E1,5.050000047684E0));
#3688=VERTEX_POINT('',#3687);
#3689=CARTESIAN_POINT('',(-1.515166674614E1,1.132E1,5.050000047684E0));
#3690=VERTEX_POINT('',#3689);
#3691=CARTESIAN_POINT('',(-1.527666674614E1,1.129872340679E1,5.050000047684E0));
#3692=VERTEX_POINT('',#3691);
#3693=CARTESIAN_POINT('',(-1.538083325386E1,1.123489362717E1,5.050000047684E0));
#3694=VERTEX_POINT('',#3693);
#3695=CARTESIAN_POINT('',(-1.544333325386E1,1.117106384754E1,5.050000047684E0));
#3696=VERTEX_POINT('',#3695);
#3697=CARTESIAN_POINT('',(-1.5485E1,1.108595747471E1,5.050000047684E0));
#3698=VERTEX_POINT('',#3697);
#3699=CARTESIAN_POINT('',(-1.550583325386E1,1.102212763548E1,5.050000047684E0));
#3700=VERTEX_POINT('',#3699);
#3701=CARTESIAN_POINT('',(-1.54225E1,1.089446807623E1,5.050000047684E0));
#3702=CARTESIAN_POINT('',(-1.540166674614E1,1.102212763548E1,5.050000047684E0));
#3703=VERTEX_POINT('',#3701);
#3704=VERTEX_POINT('',#3702);
#3705=CARTESIAN_POINT('',(-1.531833325386E1,1.114978725433E1,5.050000047684E0));
#3706=VERTEX_POINT('',#3705);
#3707=CARTESIAN_POINT('',(-1.525583325386E1,1.119234044075E1,5.050000047684E0));
#3708=VERTEX_POINT('',#3707);
#3709=CARTESIAN_POINT('',(-1.515166674614E1,1.121361703396E1,5.050000047684E0));
#3710=VERTEX_POINT('',#3709);
#3711=CARTESIAN_POINT('',(-1.50475E1,1.119234044075E1,5.050000047684E0));
#3712=VERTEX_POINT('',#3711);
#3713=CARTESIAN_POINT('',(-1.4985E1,1.114978725433E1,5.050000047684E0));
#3714=VERTEX_POINT('',#3713);
#3715=CARTESIAN_POINT('',(-1.490166674614E1,1.102212763548E1,5.050000047684E0));
#3716=VERTEX_POINT('',#3715);
#3717=CARTESIAN_POINT('',(-1.488083325386E1,1.089446807623E1,5.050000047684E0));
#3718=VERTEX_POINT('',#3717);
#3719=CARTESIAN_POINT('',(-1.488083325386E1,1.074553192377E1,5.050000047684E0));
#3720=VERTEX_POINT('',#3719);
#3721=CARTESIAN_POINT('',(-1.490166674614E1,1.061787233472E1,5.050000047684E0));
#3722=VERTEX_POINT('',#3721);
#3723=CARTESIAN_POINT('',(-1.4985E1,1.049021276057E1,5.050000047684E0));
#3724=VERTEX_POINT('',#3723);
#3725=CARTESIAN_POINT('',(-1.50475E1,1.044765957415E1,5.050000047684E0));
#3726=VERTEX_POINT('',#3725);
#3727=CARTESIAN_POINT('',(-1.515166674614E1,1.042638298094E1,5.050000047684E0));
#3728=VERTEX_POINT('',#3727);
#3729=CARTESIAN_POINT('',(-1.525583325386E1,1.044765957415E1,5.050000047684E0));
#3730=VERTEX_POINT('',#3729);
#3731=CARTESIAN_POINT('',(-1.531833325386E1,1.049021276057E1,5.050000047684E0));
#3732=VERTEX_POINT('',#3731);
#3733=CARTESIAN_POINT('',(-1.540166674614E1,1.061787233472E1,5.050000047684E0));
#3734=VERTEX_POINT('',#3733);
#3735=CARTESIAN_POINT('',(-1.54225E1,1.074553192377E1,5.050000047684E0));
#3736=VERTEX_POINT('',#3735);
#3737=CARTESIAN_POINT('',(-1.436E1,1.032E1,5.050000047684E0));
#3738=CARTESIAN_POINT('',(-1.436E1,1.132E1,5.050000047684E0));
#3739=VERTEX_POINT('',#3737);
#3740=VERTEX_POINT('',#3738);
#3741=CARTESIAN_POINT('',(-1.4485E1,1.132E1,5.050000047684E0));
#3742=VERTEX_POINT('',#3741);
#3743=CARTESIAN_POINT('',(-1.461E1,1.117106384754E1,5.050000047684E0));
#3744=VERTEX_POINT('',#3743);
#3745=CARTESIAN_POINT('',(-1.461E1,1.100085104227E1,5.050000047684E0));
#3746=VERTEX_POINT('',#3745);
#3747=CARTESIAN_POINT('',(-1.4485E1,1.114978725433E1,5.050000047684E0));
#3748=VERTEX_POINT('',#3747);
#3749=CARTESIAN_POINT('',(-1.4485E1,1.032E1,5.050000047684E0));
#3750=VERTEX_POINT('',#3749);
#3751=CARTESIAN_POINT('',(-1.331833349228E1,1.110723406792E1,5.050000047684E0));
#3752=CARTESIAN_POINT('',(-1.331833349228E1,1.032E1,5.050000047684E0));
#3753=VERTEX_POINT('',#3751);
#3754=VERTEX_POINT('',#3752);
#3755=CARTESIAN_POINT('',(-1.319333349228E1,1.032E1,5.050000047684E0));
#3756=VERTEX_POINT('',#3755);
#3757=CARTESIAN_POINT('',(-1.319333349228E1,1.132E1,5.050000047684E0));
#3758=VERTEX_POINT('',#3757);
#3759=CARTESIAN_POINT('',(-1.338083349228E1,1.132E1,5.050000047684E0));
#3760=VERTEX_POINT('',#3759);
#3761=CARTESIAN_POINT('',(-1.369333349228E1,1.042638298094E1,5.050000047684E0));
#3762=VERTEX_POINT('',#3761);
#3763=CARTESIAN_POINT('',(-1.400583349228E1,1.132E1,5.050000047684E0));
#3764=VERTEX_POINT('',#3763);
#3765=CARTESIAN_POINT('',(-1.419333349228E1,1.132E1,5.050000047684E0));
#3766=VERTEX_POINT('',#3765);
#3767=CARTESIAN_POINT('',(-1.419333349228E1,1.032E1,5.050000047684E0));
#3768=VERTEX_POINT('',#3767);
#3769=CARTESIAN_POINT('',(-1.406833349228E1,1.032E1,5.050000047684E0));
#3770=VERTEX_POINT('',#3769);
#3771=CARTESIAN_POINT('',(-1.406833349228E1,1.110723406792E1,5.050000047684E0));
#3772=VERTEX_POINT('',#3771);
#3773=CARTESIAN_POINT('',(-1.377666650772E1,1.032E1,5.050000047684E0));
#3774=VERTEX_POINT('',#3773);
#3775=CARTESIAN_POINT('',(-1.361E1,1.032E1,5.050000047684E0));
#3776=VERTEX_POINT('',#3775);
#3777=CARTESIAN_POINT('',(-1.221416650772E1,1.057531914830E1,5.050000047684E0));
#3778=CARTESIAN_POINT('',(-1.233916650772E1,1.057531914830E1,5.050000047684E0));
#3779=VERTEX_POINT('',#3777);
#3780=VERTEX_POINT('',#3778);
#3781=CARTESIAN_POINT('',(-1.236E1,1.051148936868E1,5.050000047684E0));
#3782=VERTEX_POINT('',#3781);
#3783=CARTESIAN_POINT('',(-1.24225E1,1.046893616736E1,5.050000047684E0));
#3784=VERTEX_POINT('',#3783);
#3785=CARTESIAN_POINT('',(-1.250583349228E1,1.044765957415E1,5.050000047684E0));
#3786=VERTEX_POINT('',#3785);
#3787=CARTESIAN_POINT('',(-1.269333349228E1,1.044765957415E1,5.050000047684E0));
#3788=VERTEX_POINT('',#3787);
#3789=CARTESIAN_POINT('',(-1.277666650772E1,1.046893616736E1,5.050000047684E0));
#3790=VERTEX_POINT('',#3789);
#3791=CARTESIAN_POINT('',(-1.283916650772E1,1.051148936868E1,5.050000047684E0));
#3792=VERTEX_POINT('',#3791);
#3793=CARTESIAN_POINT('',(-1.288083349228E1,1.057531914830E1,5.050000047684E0));
#3794=VERTEX_POINT('',#3793);
#3795=CARTESIAN_POINT('',(-1.290166650772E1,1.066042552114E1,5.050000047684E0));
#3796=VERTEX_POINT('',#3795);
#3797=CARTESIAN_POINT('',(-1.290166650772E1,1.097957444906E1,5.050000047684E0));
#3798=VERTEX_POINT('',#3797);
#3799=CARTESIAN_POINT('',(-1.288083349228E1,1.106468082190E1,5.050000047684E0));
#3800=VERTEX_POINT('',#3799);
#3801=CARTESIAN_POINT('',(-1.283916650772E1,1.112851066113E1,5.050000047684E0));
#3802=VERTEX_POINT('',#3801);
#3803=CARTESIAN_POINT('',(-1.277666650772E1,1.117106384754E1,5.050000047684E0));
#3804=VERTEX_POINT('',#3803);
#3805=CARTESIAN_POINT('',(-1.269333349228E1,1.119234044075E1,5.050000047684E0));
#3806=VERTEX_POINT('',#3805);
#3807=CARTESIAN_POINT('',(-1.250583349228E1,1.119234044075E1,5.050000047684E0));
#3808=VERTEX_POINT('',#3807);
#3809=CARTESIAN_POINT('',(-1.24225E1,1.117106384754E1,5.050000047684E0));
#3810=VERTEX_POINT('',#3809);
#3811=CARTESIAN_POINT('',(-1.236E1,1.112851066113E1,5.050000047684E0));
#3812=VERTEX_POINT('',#3811);
#3813=CARTESIAN_POINT('',(-1.233916650772E1,1.106468082190E1,5.050000047684E0));
#3814=VERTEX_POINT('',#3813);
#3815=CARTESIAN_POINT('',(-1.221416650772E1,1.106468082190E1,5.050000047684E0));
#3816=VERTEX_POINT('',#3815);
#3817=CARTESIAN_POINT('',(-1.2235E1,1.117106384754E1,5.050000047684E0));
#3818=VERTEX_POINT('',#3817);
#3819=CARTESIAN_POINT('',(-1.231833349228E1,1.125617022038E1,5.050000047684E0));
#3820=VERTEX_POINT('',#3819);
#3821=CARTESIAN_POINT('',(-1.240166650772E1,1.129872340679E1,5.050000047684E0));
#3822=VERTEX_POINT('',#3821);
#3823=CARTESIAN_POINT('',(-1.250583349228E1,1.132E1,5.050000047684E0));
#3824=VERTEX_POINT('',#3823);
#3825=CARTESIAN_POINT('',(-1.269333349228E1,1.132E1,5.050000047684E0));
#3826=VERTEX_POINT('',#3825);
#3827=CARTESIAN_POINT('',(-1.27975E1,1.129872340679E1,5.050000047684E0));
#3828=VERTEX_POINT('',#3827);
#3829=CARTESIAN_POINT('',(-1.288083349228E1,1.125617022038E1,5.050000047684E0));
#3830=VERTEX_POINT('',#3829);
#3831=CARTESIAN_POINT('',(-1.296416650772E1,1.117106384754E1,5.050000047684E0));
#3832=VERTEX_POINT('',#3831);
#3833=CARTESIAN_POINT('',(-1.300583349228E1,1.108595747471E1,5.050000047684E0));
#3834=VERTEX_POINT('',#3833);
#3835=CARTESIAN_POINT('',(-1.302666650772E1,1.097957444906E1,5.050000047684E0));
#3836=VERTEX_POINT('',#3835);
#3837=CARTESIAN_POINT('',(-1.302666650772E1,1.066042552114E1,5.050000047684E0));
#3838=VERTEX_POINT('',#3837);
#3839=CARTESIAN_POINT('',(-1.300583349228E1,1.055404255509E1,5.050000047684E0));
#3840=VERTEX_POINT('',#3839);
#3841=CARTESIAN_POINT('',(-1.296416650772E1,1.046893616736E1,5.050000047684E0));
#3842=VERTEX_POINT('',#3841);
#3843=CARTESIAN_POINT('',(-1.288083349228E1,1.038382978708E1,5.050000047684E0));
#3844=VERTEX_POINT('',#3843);
#3845=CARTESIAN_POINT('',(-1.27975E1,1.034127659507E1,5.050000047684E0));
#3846=VERTEX_POINT('',#3845);
#3847=CARTESIAN_POINT('',(-1.269333349228E1,1.032E1,5.050000047684E0));
#3848=VERTEX_POINT('',#3847);
#3849=CARTESIAN_POINT('',(-1.250583349228E1,1.032E1,5.050000047684E0));
#3850=VERTEX_POINT('',#3849);
#3851=CARTESIAN_POINT('',(-1.240166650772E1,1.034127659507E1,5.050000047684E0));
#3852=VERTEX_POINT('',#3851);
#3853=CARTESIAN_POINT('',(-1.231833349228E1,1.038382978708E1,5.050000047684E0));
#3854=VERTEX_POINT('',#3853);
#3855=CARTESIAN_POINT('',(-1.2235E1,1.046893616736E1,5.050000047684E0));
#3856=VERTEX_POINT('',#3855);
#3857=CARTESIAN_POINT('',(-1.15475E1,1.132E1,5.050000047684E0));
#3858=CARTESIAN_POINT('',(-1.171416650772E1,1.132E1,5.050000047684E0));
#3859=VERTEX_POINT('',#3857);
#3860=VERTEX_POINT('',#3858);
#3861=CARTESIAN_POINT('',(-1.20475E1,1.032E1,5.050000047684E0));
#3862=VERTEX_POINT('',#3861);
#3863=CARTESIAN_POINT('',(-1.19225E1,1.032E1,5.050000047684E0));
#3864=VERTEX_POINT('',#3863);
#3865=CARTESIAN_POINT('',(-1.183916650772E1,1.057531914830E1,5.050000047684E0));
#3866=VERTEX_POINT('',#3865);
#3867=CARTESIAN_POINT('',(-1.14225E1,1.057531914830E1,5.050000047684E0));
#3868=VERTEX_POINT('',#3867);
#3869=CARTESIAN_POINT('',(-1.133916650772E1,1.032E1,5.050000047684E0));
#3870=VERTEX_POINT('',#3869);
#3871=CARTESIAN_POINT('',(-1.121416650772E1,1.032E1,5.050000047684E0));
#3872=VERTEX_POINT('',#3871);
#3873=CARTESIAN_POINT('',(-1.163083349228E1,1.123489362717E1,5.050000047684E0));
#3874=CARTESIAN_POINT('',(-1.144333349228E1,1.066042552114E1,5.050000047684E0));
#3875=VERTEX_POINT('',#3873);
#3876=VERTEX_POINT('',#3874);
#3877=CARTESIAN_POINT('',(-1.181833349228E1,1.066042552114E1,5.050000047684E0));
#3878=VERTEX_POINT('',#3877);
#3879=CARTESIAN_POINT('',(-1.09225E1,1.032E1,5.050000047684E0));
#3880=CARTESIAN_POINT('',(-1.09225E1,1.119234044075E1,5.050000047684E0));
#3881=VERTEX_POINT('',#3879);
#3882=VERTEX_POINT('',#3880);
#3883=CARTESIAN_POINT('',(-1.040166650772E1,1.032E1,5.050000047684E0));
#3884=VERTEX_POINT('',#3883);
#3885=CARTESIAN_POINT('',(-1.021416698456E1,1.032E1,5.050000047684E0));
#3886=VERTEX_POINT('',#3885);
#3887=CARTESIAN_POINT('',(-1.021416698456E1,1.132E1,5.050000047684E0));
#3888=VERTEX_POINT('',#3887);
#3889=CARTESIAN_POINT('',(-1.033916698456E1,1.132E1,5.050000047684E0));
#3890=VERTEX_POINT('',#3889);
#3891=CARTESIAN_POINT('',(-1.033916698456E1,1.046893616736E1,5.050000047684E0));
#3892=VERTEX_POINT('',#3891);
#3893=CARTESIAN_POINT('',(-1.086E1,1.132E1,5.050000047684E0));
#3894=VERTEX_POINT('',#3893);
#3895=CARTESIAN_POINT('',(-1.10475E1,1.132E1,5.050000047684E0));
#3896=VERTEX_POINT('',#3895);
#3897=CARTESIAN_POINT('',(-1.10475E1,1.032E1,5.050000047684E0));
#3898=VERTEX_POINT('',#3897);
#3899=CARTESIAN_POINT('',(-1.756833331347E1,1.132E1,5.150000047684E0));
#3900=CARTESIAN_POINT('',(-1.836E1,1.132E1,5.150000047684E0));
#3901=VERTEX_POINT('',#3899);
#3902=VERTEX_POINT('',#3900);
#3903=CARTESIAN_POINT('',(-1.836E1,1.121361703396E1,5.150000047684E0));
#3904=VERTEX_POINT('',#3903);
#3905=CARTESIAN_POINT('',(-1.802666665673E1,1.121361703396E1,5.150000047684E0));
#3906=VERTEX_POINT('',#3905);
#3907=CARTESIAN_POINT('',(-1.802666665673E1,1.032E1,5.150000047684E0));
#3908=VERTEX_POINT('',#3907);
#3909=CARTESIAN_POINT('',(-1.790166665673E1,1.032E1,5.150000047684E0));
#3910=VERTEX_POINT('',#3909);
#3911=CARTESIAN_POINT('',(-1.790166665673E1,1.121361703396E1,5.150000047684E0));
#3912=VERTEX_POINT('',#3911);
#3913=CARTESIAN_POINT('',(-1.756833331347E1,1.121361703396E1,5.150000047684E0));
#3914=VERTEX_POINT('',#3913);
#3915=CARTESIAN_POINT('',(-1.690166662693E1,1.132E1,5.150000047684E0));
#3916=CARTESIAN_POINT('',(-1.740166668653E1,1.132E1,5.150000047684E0));
#3917=VERTEX_POINT('',#3915);
#3918=VERTEX_POINT('',#3916);
#3919=CARTESIAN_POINT('',(-1.740166668653E1,1.032E1,5.150000047684E0));
#3920=VERTEX_POINT('',#3919);
#3921=CARTESIAN_POINT('',(-1.690166662693E1,1.032E1,5.150000047684E0));
#3922=VERTEX_POINT('',#3921);
#3923=CARTESIAN_POINT('',(-1.67975E1,1.034127659507E1,5.150000047684E0));
#3924=VERTEX_POINT('',#3923);
#3925=CARTESIAN_POINT('',(-1.671416662693E1,1.038382978708E1,5.150000047684E0));
#3926=VERTEX_POINT('',#3925);
#3927=CARTESIAN_POINT('',(-1.663083337307E1,1.046893616736E1,5.150000047684E0));
#3928=VERTEX_POINT('',#3927);
#3929=CARTESIAN_POINT('',(-1.658916662693E1,1.055404255509E1,5.150000047684E0));
#3930=VERTEX_POINT('',#3929);
#3931=CARTESIAN_POINT('',(-1.656833337307E1,1.066042552114E1,5.150000047684E0));
#3932=VERTEX_POINT('',#3931);
#3933=CARTESIAN_POINT('',(-1.656833337307E1,1.097957444906E1,5.150000047684E0));
#3934=VERTEX_POINT('',#3933);
#3935=CARTESIAN_POINT('',(-1.658916662693E1,1.108595747471E1,5.150000047684E0));
#3936=VERTEX_POINT('',#3935);
#3937=CARTESIAN_POINT('',(-1.663083337307E1,1.117106384754E1,5.150000047684E0));
#3938=VERTEX_POINT('',#3937);
#3939=CARTESIAN_POINT('',(-1.671416662693E1,1.125617022038E1,5.150000047684E0));
#3940=VERTEX_POINT('',#3939);
#3941=CARTESIAN_POINT('',(-1.67975E1,1.129872340679E1,5.150000047684E0));
#3942=VERTEX_POINT('',#3941);
#3943=CARTESIAN_POINT('',(-1.727666662693E1,1.119234044075E1,5.150000047684E0));
#3944=CARTESIAN_POINT('',(-1.690166662693E1,1.119234044075E1,5.150000047684E0));
#3945=VERTEX_POINT('',#3943);
#3946=VERTEX_POINT('',#3944);
#3947=CARTESIAN_POINT('',(-1.681833337307E1,1.117106384754E1,5.150000047684E0));
#3948=VERTEX_POINT('',#3947);
#3949=CARTESIAN_POINT('',(-1.675583337307E1,1.112851066113E1,5.150000047684E0));
#3950=VERTEX_POINT('',#3949);
#3951=CARTESIAN_POINT('',(-1.671416662693E1,1.106468082190E1,5.150000047684E0));
#3952=VERTEX_POINT('',#3951);
#3953=CARTESIAN_POINT('',(-1.669333337307E1,1.097957444906E1,5.150000047684E0));
#3954=VERTEX_POINT('',#3953);
#3955=CARTESIAN_POINT('',(-1.669333337307E1,1.066042552114E1,5.150000047684E0));
#3956=VERTEX_POINT('',#3955);
#3957=CARTESIAN_POINT('',(-1.671416662693E1,1.057531914830E1,5.150000047684E0));
#3958=VERTEX_POINT('',#3957);
#3959=CARTESIAN_POINT('',(-1.675583337307E1,1.051148936868E1,5.150000047684E0));
#3960=VERTEX_POINT('',#3959);
#3961=CARTESIAN_POINT('',(-1.681833337307E1,1.046893616736E1,5.150000047684E0));
#3962=VERTEX_POINT('',#3961);
#3963=CARTESIAN_POINT('',(-1.690166662693E1,1.044765957415E1,5.150000047684E0));
#3964=VERTEX_POINT('',#3963);
#3965=CARTESIAN_POINT('',(-1.727666662693E1,1.044765957415E1,5.150000047684E0));
#3966=VERTEX_POINT('',#3965);
#3967=CARTESIAN_POINT('',(-1.627666674614E1,1.100085104227E1,5.150000047684E0));
#3968=CARTESIAN_POINT('',(-1.640166662693E1,1.100085104227E1,5.150000047684E0));
#3969=VERTEX_POINT('',#3967);
#3970=VERTEX_POINT('',#3968);
#3971=CARTESIAN_POINT('',(-1.611E1,1.066042552114E1,5.150000047684E0));
#3972=VERTEX_POINT('',#3971);
#3973=CARTESIAN_POINT('',(-1.640166662693E1,1.032E1,5.150000047684E0));
#3974=VERTEX_POINT('',#3973);
#3975=CARTESIAN_POINT('',(-1.627666674614E1,1.032E1,5.150000047684E0));
#3976=VERTEX_POINT('',#3975);
#3977=CARTESIAN_POINT('',(-1.60475E1,1.059659574151E1,5.150000047684E0));
#3978=VERTEX_POINT('',#3977);
#3979=CARTESIAN_POINT('',(-1.581833325386E1,1.032E1,5.150000047684E0));
#3980=VERTEX_POINT('',#3979);
#3981=CARTESIAN_POINT('',(-1.569333325386E1,1.032E1,5.150000047684E0));
#3982=VERTEX_POINT('',#3981);
#3983=CARTESIAN_POINT('',(-1.5985E1,1.066042552114E1,5.150000047684E0));
#3984=VERTEX_POINT('',#3983);
#3985=CARTESIAN_POINT('',(-1.569333325386E1,1.100085104227E1,5.150000047684E0));
#3986=VERTEX_POINT('',#3985);
#3987=CARTESIAN_POINT('',(-1.581833325386E1,1.100085104227E1,5.150000047684E0));
#3988=VERTEX_POINT('',#3987);
#3989=CARTESIAN_POINT('',(-1.60475E1,1.072425533056E1,5.150000047684E0));
#3990=VERTEX_POINT('',#3989);
#3991=CARTESIAN_POINT('',(-1.552666674614E1,1.091574466944E1,5.150000047684E0));
#3992=CARTESIAN_POINT('',(-1.552666674614E1,1.072425533056E1,5.150000047684E0));
#3993=VERTEX_POINT('',#3991);
#3994=VERTEX_POINT('',#3992);
#3995=CARTESIAN_POINT('',(-1.550583325386E1,1.061787233472E1,5.150000047684E0));
#3996=VERTEX_POINT('',#3995);
#3997=CARTESIAN_POINT('',(-1.5485E1,1.055404255509E1,5.150000047684E0));
#3998=VERTEX_POINT('',#3997);
#3999=CARTESIAN_POINT('',(-1.544333325386E1,1.046893616736E1,5.150000047684E0));
#4000=VERTEX_POINT('',#3999);
#4001=CARTESIAN_POINT('',(-1.538083325386E1,1.040510638028E1,5.150000047684E0));
#4002=VERTEX_POINT('',#4001);
#4003=CARTESIAN_POINT('',(-1.527666674614E1,1.034127659507E1,5.150000047684E0));
#4004=VERTEX_POINT('',#4003);
#4005=CARTESIAN_POINT('',(-1.515166674614E1,1.032E1,5.150000047684E0));
#4006=VERTEX_POINT('',#4005);
#4007=CARTESIAN_POINT('',(-1.502666674614E1,1.034127659507E1,5.150000047684E0));
#4008=VERTEX_POINT('',#4007);
#4009=CARTESIAN_POINT('',(-1.49225E1,1.040510638028E1,5.150000047684E0));
#4010=VERTEX_POINT('',#4009);
#4011=CARTESIAN_POINT('',(-1.486E1,1.046893616736E1,5.150000047684E0));
#4012=VERTEX_POINT('',#4011);
#4013=CARTESIAN_POINT('',(-1.481833325386E1,1.055404255509E1,5.150000047684E0));
#4014=VERTEX_POINT('',#4013);
#4015=CARTESIAN_POINT('',(-1.47975E1,1.061787233472E1,5.150000047684E0));
#4016=VERTEX_POINT('',#4015);
#4017=CARTESIAN_POINT('',(-1.477666674614E1,1.072425533056E1,5.150000047684E0));
#4018=VERTEX_POINT('',#4017);
#4019=CARTESIAN_POINT('',(-1.477666674614E1,1.091574466944E1,5.150000047684E0));
#4020=VERTEX_POINT('',#4019);
#4021=CARTESIAN_POINT('',(-1.47975E1,1.102212763548E1,5.150000047684E0));
#4022=VERTEX_POINT('',#4021);
#4023=CARTESIAN_POINT('',(-1.481833325386E1,1.108595747471E1,5.150000047684E0));
#4024=VERTEX_POINT('',#4023);
#4025=CARTESIAN_POINT('',(-1.486E1,1.117106384754E1,5.150000047684E0));
#4026=VERTEX_POINT('',#4025);
#4027=CARTESIAN_POINT('',(-1.49225E1,1.123489362717E1,5.150000047684E0));
#4028=VERTEX_POINT('',#4027);
#4029=CARTESIAN_POINT('',(-1.502666674614E1,1.129872340679E1,5.150000047684E0));
#4030=VERTEX_POINT('',#4029);
#4031=CARTESIAN_POINT('',(-1.515166674614E1,1.132E1,5.150000047684E0));
#4032=VERTEX_POINT('',#4031);
#4033=CARTESIAN_POINT('',(-1.527666674614E1,1.129872340679E1,5.150000047684E0));
#4034=VERTEX_POINT('',#4033);
#4035=CARTESIAN_POINT('',(-1.538083325386E1,1.123489362717E1,5.150000047684E0));
#4036=VERTEX_POINT('',#4035);
#4037=CARTESIAN_POINT('',(-1.544333325386E1,1.117106384754E1,5.150000047684E0));
#4038=VERTEX_POINT('',#4037);
#4039=CARTESIAN_POINT('',(-1.5485E1,1.108595747471E1,5.150000047684E0));
#4040=VERTEX_POINT('',#4039);
#4041=CARTESIAN_POINT('',(-1.550583325386E1,1.102212763548E1,5.150000047684E0));
#4042=VERTEX_POINT('',#4041);
#4043=CARTESIAN_POINT('',(-1.54225E1,1.089446807623E1,5.150000047684E0));
#4044=CARTESIAN_POINT('',(-1.540166674614E1,1.102212763548E1,5.150000047684E0));
#4045=VERTEX_POINT('',#4043);
#4046=VERTEX_POINT('',#4044);
#4047=CARTESIAN_POINT('',(-1.531833325386E1,1.114978725433E1,5.150000047684E0));
#4048=VERTEX_POINT('',#4047);
#4049=CARTESIAN_POINT('',(-1.525583325386E1,1.119234044075E1,5.150000047684E0));
#4050=VERTEX_POINT('',#4049);
#4051=CARTESIAN_POINT('',(-1.515166674614E1,1.121361703396E1,5.150000047684E0));
#4052=VERTEX_POINT('',#4051);
#4053=CARTESIAN_POINT('',(-1.50475E1,1.119234044075E1,5.150000047684E0));
#4054=VERTEX_POINT('',#4053);
#4055=CARTESIAN_POINT('',(-1.4985E1,1.114978725433E1,5.150000047684E0));
#4056=VERTEX_POINT('',#4055);
#4057=CARTESIAN_POINT('',(-1.490166674614E1,1.102212763548E1,5.150000047684E0));
#4058=VERTEX_POINT('',#4057);
#4059=CARTESIAN_POINT('',(-1.488083325386E1,1.089446807623E1,5.150000047684E0));
#4060=VERTEX_POINT('',#4059);
#4061=CARTESIAN_POINT('',(-1.488083325386E1,1.074553192377E1,5.150000047684E0));
#4062=VERTEX_POINT('',#4061);
#4063=CARTESIAN_POINT('',(-1.490166674614E1,1.061787233472E1,5.150000047684E0));
#4064=VERTEX_POINT('',#4063);
#4065=CARTESIAN_POINT('',(-1.4985E1,1.049021276057E1,5.150000047684E0));
#4066=VERTEX_POINT('',#4065);
#4067=CARTESIAN_POINT('',(-1.50475E1,1.044765957415E1,5.150000047684E0));
#4068=VERTEX_POINT('',#4067);
#4069=CARTESIAN_POINT('',(-1.515166674614E1,1.042638298094E1,5.150000047684E0));
#4070=VERTEX_POINT('',#4069);
#4071=CARTESIAN_POINT('',(-1.525583325386E1,1.044765957415E1,5.150000047684E0));
#4072=VERTEX_POINT('',#4071);
#4073=CARTESIAN_POINT('',(-1.531833325386E1,1.049021276057E1,5.150000047684E0));
#4074=VERTEX_POINT('',#4073);
#4075=CARTESIAN_POINT('',(-1.540166674614E1,1.061787233472E1,5.150000047684E0));
#4076=VERTEX_POINT('',#4075);
#4077=CARTESIAN_POINT('',(-1.54225E1,1.074553192377E1,5.150000047684E0));
#4078=VERTEX_POINT('',#4077);
#4079=CARTESIAN_POINT('',(-1.436E1,1.032E1,5.150000047684E0));
#4080=CARTESIAN_POINT('',(-1.436E1,1.132E1,5.150000047684E0));
#4081=VERTEX_POINT('',#4079);
#4082=VERTEX_POINT('',#4080);
#4083=CARTESIAN_POINT('',(-1.4485E1,1.132E1,5.150000047684E0));
#4084=VERTEX_POINT('',#4083);
#4085=CARTESIAN_POINT('',(-1.461E1,1.117106384754E1,5.150000047684E0));
#4086=VERTEX_POINT('',#4085);
#4087=CARTESIAN_POINT('',(-1.461E1,1.100085104227E1,5.150000047684E0));
#4088=VERTEX_POINT('',#4087);
#4089=CARTESIAN_POINT('',(-1.4485E1,1.114978725433E1,5.150000047684E0));
#4090=VERTEX_POINT('',#4089);
#4091=CARTESIAN_POINT('',(-1.4485E1,1.032E1,5.150000047684E0));
#4092=VERTEX_POINT('',#4091);
#4093=CARTESIAN_POINT('',(-1.331833349228E1,1.110723406792E1,5.150000047684E0));
#4094=CARTESIAN_POINT('',(-1.331833349228E1,1.032E1,5.150000047684E0));
#4095=VERTEX_POINT('',#4093);
#4096=VERTEX_POINT('',#4094);
#4097=CARTESIAN_POINT('',(-1.319333349228E1,1.032E1,5.150000047684E0));
#4098=VERTEX_POINT('',#4097);
#4099=CARTESIAN_POINT('',(-1.319333349228E1,1.132E1,5.150000047684E0));
#4100=VERTEX_POINT('',#4099);
#4101=CARTESIAN_POINT('',(-1.338083349228E1,1.132E1,5.150000047684E0));
#4102=VERTEX_POINT('',#4101);
#4103=CARTESIAN_POINT('',(-1.369333349228E1,1.042638298094E1,5.150000047684E0));
#4104=VERTEX_POINT('',#4103);
#4105=CARTESIAN_POINT('',(-1.400583349228E1,1.132E1,5.150000047684E0));
#4106=VERTEX_POINT('',#4105);
#4107=CARTESIAN_POINT('',(-1.419333349228E1,1.132E1,5.150000047684E0));
#4108=VERTEX_POINT('',#4107);
#4109=CARTESIAN_POINT('',(-1.419333349228E1,1.032E1,5.150000047684E0));
#4110=VERTEX_POINT('',#4109);
#4111=CARTESIAN_POINT('',(-1.406833349228E1,1.032E1,5.150000047684E0));
#4112=VERTEX_POINT('',#4111);
#4113=CARTESIAN_POINT('',(-1.406833349228E1,1.110723406792E1,5.150000047684E0));
#4114=VERTEX_POINT('',#4113);
#4115=CARTESIAN_POINT('',(-1.377666650772E1,1.032E1,5.150000047684E0));
#4116=VERTEX_POINT('',#4115);
#4117=CARTESIAN_POINT('',(-1.361E1,1.032E1,5.150000047684E0));
#4118=VERTEX_POINT('',#4117);
#4119=CARTESIAN_POINT('',(-1.221416650772E1,1.057531914830E1,5.150000047684E0));
#4120=CARTESIAN_POINT('',(-1.233916650772E1,1.057531914830E1,5.150000047684E0));
#4121=VERTEX_POINT('',#4119);
#4122=VERTEX_POINT('',#4120);
#4123=CARTESIAN_POINT('',(-1.236E1,1.051148936868E1,5.150000047684E0));
#4124=VERTEX_POINT('',#4123);
#4125=CARTESIAN_POINT('',(-1.24225E1,1.046893616736E1,5.150000047684E0));
#4126=VERTEX_POINT('',#4125);
#4127=CARTESIAN_POINT('',(-1.250583349228E1,1.044765957415E1,5.150000047684E0));
#4128=VERTEX_POINT('',#4127);
#4129=CARTESIAN_POINT('',(-1.269333349228E1,1.044765957415E1,5.150000047684E0));
#4130=VERTEX_POINT('',#4129);
#4131=CARTESIAN_POINT('',(-1.277666650772E1,1.046893616736E1,5.150000047684E0));
#4132=VERTEX_POINT('',#4131);
#4133=CARTESIAN_POINT('',(-1.283916650772E1,1.051148936868E1,5.150000047684E0));
#4134=VERTEX_POINT('',#4133);
#4135=CARTESIAN_POINT('',(-1.288083349228E1,1.057531914830E1,5.150000047684E0));
#4136=VERTEX_POINT('',#4135);
#4137=CARTESIAN_POINT('',(-1.290166650772E1,1.066042552114E1,5.150000047684E0));
#4138=VERTEX_POINT('',#4137);
#4139=CARTESIAN_POINT('',(-1.290166650772E1,1.097957444906E1,5.150000047684E0));
#4140=VERTEX_POINT('',#4139);
#4141=CARTESIAN_POINT('',(-1.288083349228E1,1.106468082190E1,5.150000047684E0));
#4142=VERTEX_POINT('',#4141);
#4143=CARTESIAN_POINT('',(-1.283916650772E1,1.112851066113E1,5.150000047684E0));
#4144=VERTEX_POINT('',#4143);
#4145=CARTESIAN_POINT('',(-1.277666650772E1,1.117106384754E1,5.150000047684E0));
#4146=VERTEX_POINT('',#4145);
#4147=CARTESIAN_POINT('',(-1.269333349228E1,1.119234044075E1,5.150000047684E0));
#4148=VERTEX_POINT('',#4147);
#4149=CARTESIAN_POINT('',(-1.250583349228E1,1.119234044075E1,5.150000047684E0));
#4150=VERTEX_POINT('',#4149);
#4151=CARTESIAN_POINT('',(-1.24225E1,1.117106384754E1,5.150000047684E0));
#4152=VERTEX_POINT('',#4151);
#4153=CARTESIAN_POINT('',(-1.236E1,1.112851066113E1,5.150000047684E0));
#4154=VERTEX_POINT('',#4153);
#4155=CARTESIAN_POINT('',(-1.233916650772E1,1.106468082190E1,5.150000047684E0));
#4156=VERTEX_POINT('',#4155);
#4157=CARTESIAN_POINT('',(-1.221416650772E1,1.106468082190E1,5.150000047684E0));
#4158=VERTEX_POINT('',#4157);
#4159=CARTESIAN_POINT('',(-1.2235E1,1.117106384754E1,5.150000047684E0));
#4160=VERTEX_POINT('',#4159);
#4161=CARTESIAN_POINT('',(-1.231833349228E1,1.125617022038E1,5.150000047684E0));
#4162=VERTEX_POINT('',#4161);
#4163=CARTESIAN_POINT('',(-1.240166650772E1,1.129872340679E1,5.150000047684E0));
#4164=VERTEX_POINT('',#4163);
#4165=CARTESIAN_POINT('',(-1.250583349228E1,1.132E1,5.150000047684E0));
#4166=VERTEX_POINT('',#4165);
#4167=CARTESIAN_POINT('',(-1.269333349228E1,1.132E1,5.150000047684E0));
#4168=VERTEX_POINT('',#4167);
#4169=CARTESIAN_POINT('',(-1.27975E1,1.129872340679E1,5.150000047684E0));
#4170=VERTEX_POINT('',#4169);
#4171=CARTESIAN_POINT('',(-1.288083349228E1,1.125617022038E1,5.150000047684E0));
#4172=VERTEX_POINT('',#4171);
#4173=CARTESIAN_POINT('',(-1.296416650772E1,1.117106384754E1,5.150000047684E0));
#4174=VERTEX_POINT('',#4173);
#4175=CARTESIAN_POINT('',(-1.300583349228E1,1.108595747471E1,5.150000047684E0));
#4176=VERTEX_POINT('',#4175);
#4177=CARTESIAN_POINT('',(-1.302666650772E1,1.097957444906E1,5.150000047684E0));
#4178=VERTEX_POINT('',#4177);
#4179=CARTESIAN_POINT('',(-1.302666650772E1,1.066042552114E1,5.150000047684E0));
#4180=VERTEX_POINT('',#4179);
#4181=CARTESIAN_POINT('',(-1.300583349228E1,1.055404255509E1,5.150000047684E0));
#4182=VERTEX_POINT('',#4181);
#4183=CARTESIAN_POINT('',(-1.296416650772E1,1.046893616736E1,5.150000047684E0));
#4184=VERTEX_POINT('',#4183);
#4185=CARTESIAN_POINT('',(-1.288083349228E1,1.038382978708E1,5.150000047684E0));
#4186=VERTEX_POINT('',#4185);
#4187=CARTESIAN_POINT('',(-1.27975E1,1.034127659507E1,5.150000047684E0));
#4188=VERTEX_POINT('',#4187);
#4189=CARTESIAN_POINT('',(-1.269333349228E1,1.032E1,5.150000047684E0));
#4190=VERTEX_POINT('',#4189);
#4191=CARTESIAN_POINT('',(-1.250583349228E1,1.032E1,5.150000047684E0));
#4192=VERTEX_POINT('',#4191);
#4193=CARTESIAN_POINT('',(-1.240166650772E1,1.034127659507E1,5.150000047684E0));
#4194=VERTEX_POINT('',#4193);
#4195=CARTESIAN_POINT('',(-1.231833349228E1,1.038382978708E1,5.150000047684E0));
#4196=VERTEX_POINT('',#4195);
#4197=CARTESIAN_POINT('',(-1.2235E1,1.046893616736E1,5.150000047684E0));
#4198=VERTEX_POINT('',#4197);
#4199=CARTESIAN_POINT('',(-1.15475E1,1.132E1,5.150000047684E0));
#4200=CARTESIAN_POINT('',(-1.171416650772E1,1.132E1,5.150000047684E0));
#4201=VERTEX_POINT('',#4199);
#4202=VERTEX_POINT('',#4200);
#4203=CARTESIAN_POINT('',(-1.20475E1,1.032E1,5.150000047684E0));
#4204=VERTEX_POINT('',#4203);
#4205=CARTESIAN_POINT('',(-1.19225E1,1.032E1,5.150000047684E0));
#4206=VERTEX_POINT('',#4205);
#4207=CARTESIAN_POINT('',(-1.183916650772E1,1.057531914830E1,5.150000047684E0));
#4208=VERTEX_POINT('',#4207);
#4209=CARTESIAN_POINT('',(-1.14225E1,1.057531914830E1,5.150000047684E0));
#4210=VERTEX_POINT('',#4209);
#4211=CARTESIAN_POINT('',(-1.133916650772E1,1.032E1,5.150000047684E0));
#4212=VERTEX_POINT('',#4211);
#4213=CARTESIAN_POINT('',(-1.121416650772E1,1.032E1,5.150000047684E0));
#4214=VERTEX_POINT('',#4213);
#4215=CARTESIAN_POINT('',(-1.163083349228E1,1.123489362717E1,5.150000047684E0));
#4216=CARTESIAN_POINT('',(-1.144333349228E1,1.066042552114E1,5.150000047684E0));
#4217=VERTEX_POINT('',#4215);
#4218=VERTEX_POINT('',#4216);
#4219=CARTESIAN_POINT('',(-1.181833349228E1,1.066042552114E1,5.150000047684E0));
#4220=VERTEX_POINT('',#4219);
#4221=CARTESIAN_POINT('',(-1.09225E1,1.032E1,5.150000047684E0));
#4222=CARTESIAN_POINT('',(-1.09225E1,1.119234044075E1,5.150000047684E0));
#4223=VERTEX_POINT('',#4221);
#4224=VERTEX_POINT('',#4222);
#4225=CARTESIAN_POINT('',(-1.040166650772E1,1.032E1,5.150000047684E0));
#4226=VERTEX_POINT('',#4225);
#4227=CARTESIAN_POINT('',(-1.021416698456E1,1.032E1,5.150000047684E0));
#4228=VERTEX_POINT('',#4227);
#4229=CARTESIAN_POINT('',(-1.021416698456E1,1.132E1,5.150000047684E0));
#4230=VERTEX_POINT('',#4229);
#4231=CARTESIAN_POINT('',(-1.033916698456E1,1.132E1,5.150000047684E0));
#4232=VERTEX_POINT('',#4231);
#4233=CARTESIAN_POINT('',(-1.033916698456E1,1.046893616736E1,5.150000047684E0));
#4234=VERTEX_POINT('',#4233);
#4235=CARTESIAN_POINT('',(-1.086E1,1.132E1,5.150000047684E0));
#4236=VERTEX_POINT('',#4235);
#4237=CARTESIAN_POINT('',(-1.10475E1,1.132E1,5.150000047684E0));
#4238=VERTEX_POINT('',#4237);
#4239=CARTESIAN_POINT('',(-1.10475E1,1.032E1,5.150000047684E0));
#4240=VERTEX_POINT('',#4239);
#4241=CARTESIAN_POINT('',(-8.178264490230E0,1.032914454273E1,1.300000047684E0));
#4242=DIRECTION('',(1.E0,0.E0,0.E0));
#4243=DIRECTION('',(0.E0,1.E0,0.E0));
#4244=AXIS2_PLACEMENT_3D('',#4241,#4242,#4243);
#4245=PLANE('',#4244);
#4247=ORIENTED_EDGE('',*,*,#4246,.T.);
#4249=ORIENTED_EDGE('',*,*,#4248,.F.);
#4251=ORIENTED_EDGE('',*,*,#4250,.F.);
#4253=ORIENTED_EDGE('',*,*,#4252,.F.);
#4254=EDGE_LOOP('',(#4247,#4249,#4251,#4253));
#4255=FACE_OUTER_BOUND('',#4254,.F.);
#4257=FILL_AREA_STYLE_COLOUR('',#29);
#4258=FILL_AREA_STYLE('',(#4257));
#4259=SURFACE_STYLE_FILL_AREA(#4258);
#4260=SURFACE_SIDE_STYLE('',(#4259));
#4261=SURFACE_STYLE_USAGE(.BOTH.,#4260);
#4262=PRESENTATION_STYLE_ASSIGNMENT((#4261));
#4263=STYLED_ITEM('',(#4262),#4256);
#4264=CARTESIAN_POINT('',(-8.428264490230E0,1.032914454273E1,
-2.549999952316E0));
#4265=DIRECTION('',(0.E0,0.E0,1.E0));
#4266=DIRECTION('',(-1.E0,0.E0,0.E0));
#4267=AXIS2_PLACEMENT_3D('',#4264,#4265,#4266);
#4268=PLANE('',#4267);
#4269=ORIENTED_EDGE('',*,*,#4246,.F.);
#4271=ORIENTED_EDGE('',*,*,#4270,.F.);
#4273=ORIENTED_EDGE('',*,*,#4272,.F.);
#4275=ORIENTED_EDGE('',*,*,#4274,.F.);
#4276=EDGE_LOOP('',(#4269,#4271,#4273,#4275));
#4277=FACE_OUTER_BOUND('',#4276,.F.);
#4279=FILL_AREA_STYLE_COLOUR('',#29);
#4280=FILL_AREA_STYLE('',(#4279));
#4281=SURFACE_STYLE_FILL_AREA(#4280);
#4282=SURFACE_SIDE_STYLE('',(#4281));
#4283=SURFACE_STYLE_USAGE(.BOTH.,#4282);
#4284=PRESENTATION_STYLE_ASSIGNMENT((#4283));
#4285=STYLED_ITEM('',(#4284),#4278);
#4286=CARTESIAN_POINT('',(-1.452826449023E1,1.537914454273E1,1.300000047684E0));
#4287=DIRECTION('',(0.E0,1.E0,0.E0));
#4288=DIRECTION('',(-1.E0,0.E0,0.E0));
#4289=AXIS2_PLACEMENT_3D('',#4286,#4287,#4288);
#4290=PLANE('',#4289);
#4292=ORIENTED_EDGE('',*,*,#4291,.F.);
#4294=ORIENTED_EDGE('',*,*,#4293,.F.);
#4296=ORIENTED_EDGE('',*,*,#4295,.F.);
#4298=ORIENTED_EDGE('',*,*,#4297,.T.);
#4300=ORIENTED_EDGE('',*,*,#4299,.F.);
#4302=ORIENTED_EDGE('',*,*,#4301,.F.);
#4303=ORIENTED_EDGE('',*,*,#4270,.T.);
#4304=ORIENTED_EDGE('',*,*,#4252,.T.);
#4306=ORIENTED_EDGE('',*,*,#4305,.F.);
#4308=ORIENTED_EDGE('',*,*,#4307,.F.);
#4310=ORIENTED_EDGE('',*,*,#4309,.T.);
#4312=ORIENTED_EDGE('',*,*,#4311,.F.);
#4313=EDGE_LOOP('',(#4292,#4294,#4296,#4298,#4300,#4302,#4303,#4304,#4306,#4308,
#4310,#4312));
#4314=FACE_OUTER_BOUND('',#4313,.F.);
#4316=FILL_AREA_STYLE_COLOUR('',#29);
#4317=FILL_AREA_STYLE('',(#4316));
#4318=SURFACE_STYLE_FILL_AREA(#4317);
#4319=SURFACE_SIDE_STYLE('',(#4318));
#4320=SURFACE_STYLE_USAGE(.BOTH.,#4319);
#4321=PRESENTATION_STYLE_ASSIGNMENT((#4320));
#4322=STYLED_ITEM('',(#4321),#4315);
#4323=CARTESIAN_POINT('',(-1.452826449023E1,1.519164454273E1,
-1.999999952316E0));
#4324=DIRECTION('',(0.E0,0.E0,1.E0));
#4325=DIRECTION('',(-1.E0,0.E0,0.E0));
#4326=AXIS2_PLACEMENT_3D('',#4323,#4324,#4325);
#4327=PLANE('',#4326);
#4329=ORIENTED_EDGE('',*,*,#4328,.T.);
#4330=ORIENTED_EDGE('',*,*,#4291,.T.);
#4332=ORIENTED_EDGE('',*,*,#4331,.F.);
#4334=ORIENTED_EDGE('',*,*,#4333,.T.);
#4335=EDGE_LOOP('',(#4329,#4330,#4332,#4334));
#4336=FACE_OUTER_BOUND('',#4335,.F.);
#4338=FILL_AREA_STYLE_COLOUR('',#29);
#4339=FILL_AREA_STYLE('',(#4338));
#4340=SURFACE_STYLE_FILL_AREA(#4339);
#4341=SURFACE_SIDE_STYLE('',(#4340));
#4342=SURFACE_STYLE_USAGE(.BOTH.,#4341);
#4343=PRESENTATION_STYLE_ASSIGNMENT((#4342));
#4344=STYLED_ITEM('',(#4343),#4337);
#4345=CARTESIAN_POINT('',(-2.032826519012E1,5.279144546477E0,
-1.999999952316E0));
#4346=DIRECTION('',(-1.E0,0.E0,0.E0));
#4347=DIRECTION('',(0.E0,1.E0,0.E0));
#4348=AXIS2_PLACEMENT_3D('',#4345,#4346,#4347);
#4349=PLANE('',#4348);
#4350=ORIENTED_EDGE('',*,*,#4328,.F.);
#4352=ORIENTED_EDGE('',*,*,#4351,.T.);
#4354=ORIENTED_EDGE('',*,*,#4353,.F.);
#4356=ORIENTED_EDGE('',*,*,#4355,.F.);
#4358=ORIENTED_EDGE('',*,*,#4357,.F.);
#4359=ORIENTED_EDGE('',*,*,#4293,.T.);
#4360=EDGE_LOOP('',(#4350,#4352,#4354,#4356,#4358,#4359));
#4361=FACE_OUTER_BOUND('',#4360,.F.);
#4363=CARTESIAN_POINT('',(0.E0,0.E0,-1.999999952316E0));
#4364=DIRECTION('',(0.E0,0.E0,-1.E0));
#4365=DIRECTION('',(-1.E0,0.E0,0.E0));
#4366=AXIS2_PLACEMENT_3D('',#4363,#4364,#4365);
#4367=PLANE('',#4366);
#4369=ORIENTED_EDGE('',*,*,#4368,.T.);
#4371=ORIENTED_EDGE('',*,*,#4370,.F.);
#4372=ORIENTED_EDGE('',*,*,#4351,.F.);
#4374=ORIENTED_EDGE('',*,*,#4373,.T.);
#4375=EDGE_LOOP('',(#4369,#4371,#4372,#4374));
#4376=FACE_OUTER_BOUND('',#4375,.F.);
#4378=CARTESIAN_POINT('',(-2.015442974123E1,5.606878334104E0,4.700000047684E0));
#4379=DIRECTION('',(-1.E0,0.E0,0.E0));
#4380=DIRECTION('',(0.E0,1.E0,0.E0));
#4381=AXIS2_PLACEMENT_3D('',#4378,#4379,#4380);
#4382=PLANE('',#4381);
#4384=ORIENTED_EDGE('',*,*,#4383,.T.);
#4385=ORIENTED_EDGE('',*,*,#4368,.F.);
#4387=ORIENTED_EDGE('',*,*,#4386,.T.);
#4389=ORIENTED_EDGE('',*,*,#4388,.F.);
#4390=EDGE_LOOP('',(#4384,#4385,#4387,#4389));
#4391=FACE_OUTER_BOUND('',#4390,.F.);
#4393=CARTESIAN_POINT('',(-1.452826449023E1,5.654144542733E0,1.350000047684E0));
#4394=DIRECTION('',(0.E0,1.E0,0.E0));
#4395=DIRECTION('',(-1.E0,0.E0,0.E0));
#4396=AXIS2_PLACEMENT_3D('',#4393,#4394,#4395);
#4397=PLANE('',#4396);
#4398=ORIENTED_EDGE('',*,*,#4383,.F.);
#4400=ORIENTED_EDGE('',*,*,#4399,.F.);
#4402=ORIENTED_EDGE('',*,*,#4401,.F.);
#4404=ORIENTED_EDGE('',*,*,#4403,.F.);
#4405=ORIENTED_EDGE('',*,*,#4370,.T.);
#4406=EDGE_LOOP('',(#4398,#4400,#4402,#4404,#4405));
#4407=FACE_OUTER_BOUND('',#4406,.F.);
#4409=FILL_AREA_STYLE_COLOUR('',#29);
#4410=FILL_AREA_STYLE('',(#4409));
#4411=SURFACE_STYLE_FILL_AREA(#4410);
#4412=SURFACE_SIDE_STYLE('',(#4411));
#4413=SURFACE_STYLE_USAGE(.POSITIVE.,#4412);
#4414=PRESENTATION_STYLE_ASSIGNMENT((#4413));
#4415=STYLED_ITEM('',(#4414),#4408);
#4416=CARTESIAN_POINT('',(-1.452826449023E1,1.032914454273E1,4.700000047684E0));
#4417=DIRECTION('',(0.E0,0.E0,1.E0));
#4418=DIRECTION('',(-1.E0,0.E0,0.E0));
#4419=AXIS2_PLACEMENT_3D('',#4416,#4417,#4418);
#4420=PLANE('',#4419);
#4421=ORIENTED_EDGE('',*,*,#4388,.T.);
#4423=ORIENTED_EDGE('',*,*,#4422,.T.);
#4425=ORIENTED_EDGE('',*,*,#4424,.F.);
#4426=ORIENTED_EDGE('',*,*,#4399,.T.);
#4427=EDGE_LOOP('',(#4421,#4423,#4425,#4426));
#4428=FACE_OUTER_BOUND('',#4427,.F.);
#4430=FILL_AREA_STYLE_COLOUR('',#29);
#4431=FILL_AREA_STYLE('',(#4430));
#4432=SURFACE_STYLE_FILL_AREA(#4431);
#4433=SURFACE_SIDE_STYLE('',(#4432));
#4434=SURFACE_STYLE_USAGE(.POSITIVE.,#4433);
#4435=PRESENTATION_STYLE_ASSIGNMENT((#4434));
#4436=STYLED_ITEM('',(#4435),#4429);
#4437=CARTESIAN_POINT('',(-1.452826449023E1,1.500414454273E1,1.350000047684E0));
#4438=DIRECTION('',(0.E0,1.E0,0.E0));
#4439=DIRECTION('',(1.E0,0.E0,0.E0));
#4440=AXIS2_PLACEMENT_3D('',#4437,#4438,#4439);
#4441=PLANE('',#4440);
#4442=ORIENTED_EDGE('',*,*,#4386,.F.);
#4443=ORIENTED_EDGE('',*,*,#4373,.F.);
#4444=ORIENTED_EDGE('',*,*,#4333,.F.);
#4446=ORIENTED_EDGE('',*,*,#4445,.F.);
#4447=ORIENTED_EDGE('',*,*,#4422,.F.);
#4448=EDGE_LOOP('',(#4442,#4443,#4444,#4446,#4447));
#4449=FACE_OUTER_BOUND('',#4448,.F.);
#4451=FILL_AREA_STYLE_COLOUR('',#29);
#4452=FILL_AREA_STYLE('',(#4451));
#4453=SURFACE_STYLE_FILL_AREA(#4452);
#4454=SURFACE_SIDE_STYLE('',(#4453));
#4455=SURFACE_STYLE_USAGE(.POSITIVE.,#4454);
#4456=PRESENTATION_STYLE_ASSIGNMENT((#4455));
#4457=STYLED_ITEM('',(#4456),#4450);
#4458=CARTESIAN_POINT('',(-2.037826449023E1,1.032914454273E1,1.075000047684E0));
#4459=DIRECTION('',(1.E0,0.E0,0.E0));
#4460=DIRECTION('',(0.E0,1.E0,0.E0));
#4461=AXIS2_PLACEMENT_3D('',#4458,#4459,#4460);
#4462=PLANE('',#4461);
#4464=ORIENTED_EDGE('',*,*,#4463,.T.);
#4465=ORIENTED_EDGE('',*,*,#4401,.T.);
#4466=ORIENTED_EDGE('',*,*,#4424,.T.);
#4467=ORIENTED_EDGE('',*,*,#4445,.T.);
#4468=ORIENTED_EDGE('',*,*,#4331,.T.);
#4469=ORIENTED_EDGE('',*,*,#4311,.T.);
#4471=ORIENTED_EDGE('',*,*,#4470,.T.);
#4473=ORIENTED_EDGE('',*,*,#4472,.T.);
#4474=EDGE_LOOP('',(#4464,#4465,#4466,#4467,#4468,#4469,#4471,#4473));
#4475=FACE_OUTER_BOUND('',#4474,.F.);
#4477=FILL_AREA_STYLE_COLOUR('',#29);
#4478=FILL_AREA_STYLE('',(#4477));
#4479=SURFACE_STYLE_FILL_AREA(#4478);
#4480=SURFACE_SIDE_STYLE('',(#4479));
#4481=SURFACE_STYLE_USAGE(.BOTH.,#4480);
#4482=PRESENTATION_STYLE_ASSIGNMENT((#4481));
#4483=STYLED_ITEM('',(#4482),#4476);
#4484=CARTESIAN_POINT('',(-1.452826449023E1,5.466644542733E0,
-1.999999952316E0));
#4485=DIRECTION('',(0.E0,0.E0,1.E0));
#4486=DIRECTION('',(-1.E0,0.E0,0.E0));
#4487=AXIS2_PLACEMENT_3D('',#4484,#4485,#4486);
#4488=PLANE('',#4487);
#4489=ORIENTED_EDGE('',*,*,#4353,.T.);
#4490=ORIENTED_EDGE('',*,*,#4403,.T.);
#4491=ORIENTED_EDGE('',*,*,#4463,.F.);
#4493=ORIENTED_EDGE('',*,*,#4492,.T.);
#4494=EDGE_LOOP('',(#4489,#4490,#4491,#4493));
#4495=FACE_OUTER_BOUND('',#4494,.F.);
#4497=FILL_AREA_STYLE_COLOUR('',#29);
#4498=FILL_AREA_STYLE('',(#4497));
#4499=SURFACE_STYLE_FILL_AREA(#4498);
#4500=SURFACE_SIDE_STYLE('',(#4499));
#4501=SURFACE_STYLE_USAGE(.BOTH.,#4500);
#4502=PRESENTATION_STYLE_ASSIGNMENT((#4501));
#4503=STYLED_ITEM('',(#4502),#4496);
#4504=CARTESIAN_POINT('',(-1.452826449023E1,5.279144542733E0,1.300000047684E0));
#4505=DIRECTION('',(0.E0,1.E0,0.E0));
#4506=DIRECTION('',(1.E0,0.E0,0.E0));
#4507=AXIS2_PLACEMENT_3D('',#4504,#4505,#4506);
#4508=PLANE('',#4507);
#4510=ORIENTED_EDGE('',*,*,#4509,.F.);
#4512=ORIENTED_EDGE('',*,*,#4511,.F.);
#4514=ORIENTED_EDGE('',*,*,#4513,.F.);
#4515=ORIENTED_EDGE('',*,*,#4355,.T.);
#4516=ORIENTED_EDGE('',*,*,#4492,.F.);
#4517=ORIENTED_EDGE('',*,*,#4472,.F.);
#4519=ORIENTED_EDGE('',*,*,#4518,.T.);
#4521=ORIENTED_EDGE('',*,*,#4520,.T.);
#4523=ORIENTED_EDGE('',*,*,#4522,.F.);
#4524=ORIENTED_EDGE('',*,*,#4248,.T.);
#4525=ORIENTED_EDGE('',*,*,#4274,.T.);
#4527=ORIENTED_EDGE('',*,*,#4526,.F.);
#4528=EDGE_LOOP('',(#4510,#4512,#4514,#4515,#4516,#4517,#4519,#4521,#4523,#4524,
#4525,#4527));
#4529=FACE_OUTER_BOUND('',#4528,.F.);
#4531=FILL_AREA_STYLE_COLOUR('',#29);
#4532=FILL_AREA_STYLE('',(#4531));
#4533=SURFACE_STYLE_FILL_AREA(#4532);
#4534=SURFACE_SIDE_STYLE('',(#4533));
#4535=SURFACE_STYLE_USAGE(.BOTH.,#4534);
#4536=PRESENTATION_STYLE_ASSIGNMENT((#4535));
#4537=STYLED_ITEM('',(#4536),#4530);
#4538=CARTESIAN_POINT('',(-1.452826449023E1,5.466644542733E0,
-1.999999952316E0));
#4539=DIRECTION('',(0.E0,0.E0,1.E0));
#4540=DIRECTION('',(-1.E0,0.E0,0.E0));
#4541=AXIS2_PLACEMENT_3D('',#4538,#4539,#4540);
#4542=PLANE('',#4541);
#4544=ORIENTED_EDGE('',*,*,#4543,.F.);
#4545=ORIENTED_EDGE('',*,*,#4509,.T.);
#4547=ORIENTED_EDGE('',*,*,#4546,.F.);
#4549=ORIENTED_EDGE('',*,*,#4548,.T.);
#4550=EDGE_LOOP('',(#4544,#4545,#4547,#4549));
#4551=FACE_OUTER_BOUND('',#4550,.F.);
#4553=FILL_AREA_STYLE_COLOUR('',#29);
#4554=FILL_AREA_STYLE('',(#4553));
#4555=SURFACE_STYLE_FILL_AREA(#4554);
#4556=SURFACE_SIDE_STYLE('',(#4555));
#4557=SURFACE_STYLE_USAGE(.POSITIVE.,#4556);
#4558=PRESENTATION_STYLE_ASSIGNMENT((#4557));
#4559=STYLED_ITEM('',(#4558),#4552);
#4560=CARTESIAN_POINT('',(-8.728265190125E0,1.537914454648E1,
-1.999999952316E0));
#4561=DIRECTION('',(1.E0,0.E0,0.E0));
#4562=DIRECTION('',(0.E0,-1.E0,0.E0));
#4563=AXIS2_PLACEMENT_3D('',#4560,#4561,#4562);
#4564=PLANE('',#4563);
#4566=ORIENTED_EDGE('',*,*,#4565,.T.);
#4567=ORIENTED_EDGE('',*,*,#4297,.F.);
#4569=ORIENTED_EDGE('',*,*,#4568,.F.);
#4570=ORIENTED_EDGE('',*,*,#4511,.T.);
#4571=ORIENTED_EDGE('',*,*,#4543,.T.);
#4573=ORIENTED_EDGE('',*,*,#4572,.T.);
#4574=EDGE_LOOP('',(#4566,#4567,#4569,#4570,#4571,#4573));
#4575=FACE_OUTER_BOUND('',#4574,.F.);
#4577=CARTESIAN_POINT('',(-1.452826449023E1,1.519164454273E1,
-1.999999952316E0));
#4578=DIRECTION('',(0.E0,0.E0,1.E0));
#4579=DIRECTION('',(-1.E0,0.E0,0.E0));
#4580=AXIS2_PLACEMENT_3D('',#4577,#4578,#4579);
#4581=PLANE('',#4580);
#4582=ORIENTED_EDGE('',*,*,#4565,.F.);
#4584=ORIENTED_EDGE('',*,*,#4583,.T.);
#4586=ORIENTED_EDGE('',*,*,#4585,.F.);
#4587=ORIENTED_EDGE('',*,*,#4299,.T.);
#4588=EDGE_LOOP('',(#4582,#4584,#4586,#4587));
#4589=FACE_OUTER_BOUND('',#4588,.F.);
#4591=FILL_AREA_STYLE_COLOUR('',#29);
#4592=FILL_AREA_STYLE('',(#4591));
#4593=SURFACE_STYLE_FILL_AREA(#4592);
#4594=SURFACE_SIDE_STYLE('',(#4593));
#4595=SURFACE_STYLE_USAGE(.POSITIVE.,#4594);
#4596=PRESENTATION_STYLE_ASSIGNMENT((#4595));
#4597=STYLED_ITEM('',(#4596),#4590);
#4598=CARTESIAN_POINT('',(-1.452826449023E1,1.500414454273E1,1.350000047684E0));
#4599=DIRECTION('',(0.E0,1.E0,0.E0));
#4600=DIRECTION('',(1.E0,0.E0,0.E0));
#4601=AXIS2_PLACEMENT_3D('',#4598,#4599,#4600);
#4602=PLANE('',#4601);
#4604=ORIENTED_EDGE('',*,*,#4603,.T.);
#4606=ORIENTED_EDGE('',*,*,#4605,.F.);
#4608=ORIENTED_EDGE('',*,*,#4607,.F.);
#4609=ORIENTED_EDGE('',*,*,#4583,.F.);
#4611=ORIENTED_EDGE('',*,*,#4610,.F.);
#4612=EDGE_LOOP('',(#4604,#4606,#4608,#4609,#4611));
#4613=FACE_OUTER_BOUND('',#4612,.F.);
#4615=FILL_AREA_STYLE_COLOUR('',#29);
#4616=FILL_AREA_STYLE('',(#4615));
#4617=SURFACE_STYLE_FILL_AREA(#4616);
#4618=SURFACE_SIDE_STYLE('',(#4617));
#4619=SURFACE_STYLE_USAGE(.BOTH.,#4618);
#4620=PRESENTATION_STYLE_ASSIGNMENT((#4619));
#4621=STYLED_ITEM('',(#4620),#4614);
#4622=CARTESIAN_POINT('',(-9.085410003778E0,1.509769799180E1,4.700000047684E0));
#4623=DIRECTION('',(1.E0,0.E0,0.E0));
#4624=DIRECTION('',(0.E0,-1.E0,0.E0));
#4625=AXIS2_PLACEMENT_3D('',#4622,#4623,#4624);
#4626=PLANE('',#4625);
#4628=ORIENTED_EDGE('',*,*,#4627,.F.);
#4630=ORIENTED_EDGE('',*,*,#4629,.T.);
#4631=ORIENTED_EDGE('',*,*,#4603,.F.);
#4633=ORIENTED_EDGE('',*,*,#4632,.T.);
#4634=EDGE_LOOP('',(#4628,#4630,#4631,#4633));
#4635=FACE_OUTER_BOUND('',#4634,.F.);
#4637=ORIENTED_EDGE('',*,*,#4636,.T.);
#4639=ORIENTED_EDGE('',*,*,#4638,.F.);
#4641=ORIENTED_EDGE('',*,*,#4640,.T.);
#4643=ORIENTED_EDGE('',*,*,#4642,.T.);
#4644=EDGE_LOOP('',(#4637,#4639,#4641,#4643));
#4645=FACE_BOUND('',#4644,.F.);
#4647=ORIENTED_EDGE('',*,*,#4646,.T.);
#4649=ORIENTED_EDGE('',*,*,#4648,.T.);
#4651=ORIENTED_EDGE('',*,*,#4650,.T.);
#4653=ORIENTED_EDGE('',*,*,#4652,.F.);
#4654=EDGE_LOOP('',(#4647,#4649,#4651,#4653));
#4655=FACE_BOUND('',#4654,.F.);
#4657=CARTESIAN_POINT('',(-1.452826449023E1,5.654144542733E0,1.350000047684E0));
#4658=DIRECTION('',(0.E0,1.E0,0.E0));
#4659=DIRECTION('',(-1.E0,0.E0,0.E0));
#4660=AXIS2_PLACEMENT_3D('',#4657,#4658,#4659);
#4661=PLANE('',#4660);
#4662=ORIENTED_EDGE('',*,*,#4627,.T.);
#4664=ORIENTED_EDGE('',*,*,#4663,.T.);
#4665=ORIENTED_EDGE('',*,*,#4548,.F.);
#4667=ORIENTED_EDGE('',*,*,#4666,.F.);
#4669=ORIENTED_EDGE('',*,*,#4668,.F.);
#4670=EDGE_LOOP('',(#4662,#4664,#4665,#4667,#4669));
#4671=FACE_OUTER_BOUND('',#4670,.F.);
#4673=FILL_AREA_STYLE_COLOUR('',#29);
#4674=FILL_AREA_STYLE('',(#4673));
#4675=SURFACE_STYLE_FILL_AREA(#4674);
#4676=SURFACE_SIDE_STYLE('',(#4675));
#4677=SURFACE_STYLE_USAGE(.BOTH.,#4676);
#4678=PRESENTATION_STYLE_ASSIGNMENT((#4677));
#4679=STYLED_ITEM('',(#4678),#4672);
#4680=CARTESIAN_POINT('',(0.E0,0.E0,-1.999999952316E0));
#4681=DIRECTION('',(0.E0,0.E0,-1.E0));
#4682=DIRECTION('',(-1.E0,0.E0,0.E0));
#4683=AXIS2_PLACEMENT_3D('',#4680,#4681,#4682);
#4684=PLANE('',#4683);
#4685=ORIENTED_EDGE('',*,*,#4632,.F.);
#4686=ORIENTED_EDGE('',*,*,#4610,.T.);
#4687=ORIENTED_EDGE('',*,*,#4572,.F.);
#4688=ORIENTED_EDGE('',*,*,#4663,.F.);
#4689=EDGE_LOOP('',(#4685,#4686,#4687,#4688));
#4690=FACE_OUTER_BOUND('',#4689,.F.);
#4692=CARTESIAN_POINT('',(-8.678264490230E0,1.032914454273E1,1.075000047684E0));
#4693=DIRECTION('',(1.E0,0.E0,0.E0));
#4694=DIRECTION('',(0.E0,-1.E0,0.E0));
#4695=AXIS2_PLACEMENT_3D('',#4692,#4693,#4694);
#4696=PLANE('',#4695);
#4697=ORIENTED_EDGE('',*,*,#4585,.T.);
#4698=ORIENTED_EDGE('',*,*,#4607,.T.);
#4700=ORIENTED_EDGE('',*,*,#4699,.T.);
#4701=ORIENTED_EDGE('',*,*,#4666,.T.);
#4702=ORIENTED_EDGE('',*,*,#4546,.T.);
#4703=ORIENTED_EDGE('',*,*,#4526,.T.);
#4704=ORIENTED_EDGE('',*,*,#4272,.T.);
#4705=ORIENTED_EDGE('',*,*,#4301,.T.);
#4706=EDGE_LOOP('',(#4697,#4698,#4700,#4701,#4702,#4703,#4704,#4705));
#4707=FACE_OUTER_BOUND('',#4706,.F.);
#4709=FILL_AREA_STYLE_COLOUR('',#29);
#4710=FILL_AREA_STYLE('',(#4709));
#4711=SURFACE_STYLE_FILL_AREA(#4710);
#4712=SURFACE_SIDE_STYLE('',(#4711));
#4713=SURFACE_STYLE_USAGE(.BOTH.,#4712);
#4714=PRESENTATION_STYLE_ASSIGNMENT((#4713));
#4715=STYLED_ITEM('',(#4714),#4708);
#4716=CARTESIAN_POINT('',(-1.452826449023E1,1.032914454273E1,4.700000047684E0));
#4717=DIRECTION('',(0.E0,0.E0,1.E0));
#4718=DIRECTION('',(-1.E0,0.E0,0.E0));
#4719=AXIS2_PLACEMENT_3D('',#4716,#4717,#4718);
#4720=PLANE('',#4719);
#4721=ORIENTED_EDGE('',*,*,#4629,.F.);
#4722=ORIENTED_EDGE('',*,*,#4668,.T.);
#4723=ORIENTED_EDGE('',*,*,#4699,.F.);
#4724=ORIENTED_EDGE('',*,*,#4605,.T.);
#4725=EDGE_LOOP('',(#4721,#4722,#4723,#4724));
#4726=FACE_OUTER_BOUND('',#4725,.F.);
#4728=FILL_AREA_STYLE_COLOUR('',#29);
#4729=FILL_AREA_STYLE('',(#4728));
#4730=SURFACE_STYLE_FILL_AREA(#4729);
#4731=SURFACE_SIDE_STYLE('',(#4730));
#4732=SURFACE_STYLE_USAGE(.BOTH.,#4731);
#4733=PRESENTATION_STYLE_ASSIGNMENT((#4732));
#4734=STYLED_ITEM('',(#4733),#4727);
#4735=CARTESIAN_POINT('',(-1.049826486883E1,1.087414455138E1,2.E-1));
#4736=DIRECTION('',(0.E0,1.E0,0.E0));
#4737=DIRECTION('',(-1.E0,0.E0,0.E0));
#4738=AXIS2_PLACEMENT_3D('',#4735,#4736,#4737);
#4739=PLANE('',#4738);
#4740=ORIENTED_EDGE('',*,*,#4636,.F.);
#4742=ORIENTED_EDGE('',*,*,#4741,.F.);
#4744=ORIENTED_EDGE('',*,*,#4743,.F.);
#4746=ORIENTED_EDGE('',*,*,#4745,.T.);
#4747=EDGE_LOOP('',(#4740,#4742,#4744,#4746));
#4748=FACE_OUTER_BOUND('',#4747,.F.);
#4750=FILL_AREA_STYLE_COLOUR('',#9);
#4751=FILL_AREA_STYLE('',(#4750));
#4752=SURFACE_STYLE_FILL_AREA(#4751);
#4753=SURFACE_SIDE_STYLE('',(#4752));
#4754=SURFACE_STYLE_USAGE(.BOTH.,#4753);
#4755=PRESENTATION_STYLE_ASSIGNMENT((#4754));
#4756=STYLED_ITEM('',(#4755),#4749);
#4757=CARTESIAN_POINT('',(-1.452826486883E1,1.033914455139E1,4.E-1));
#4758=DIRECTION('',(0.E0,0.E0,1.E0));
#4759=DIRECTION('',(1.E0,0.E0,0.E0));
#4760=AXIS2_PLACEMENT_3D('',#4757,#4758,#4759);
#4761=PLANE('',#4760);
#4762=ORIENTED_EDGE('',*,*,#4642,.F.);
#4764=ORIENTED_EDGE('',*,*,#4763,.T.);
#4766=ORIENTED_EDGE('',*,*,#4765,.F.);
#4767=ORIENTED_EDGE('',*,*,#4741,.T.);
#4768=EDGE_LOOP('',(#4762,#4764,#4766,#4767));
#4769=FACE_OUTER_BOUND('',#4768,.F.);
#4771=FILL_AREA_STYLE_COLOUR('',#9);
#4772=FILL_AREA_STYLE('',(#4771));
#4773=SURFACE_STYLE_FILL_AREA(#4772);
#4774=SURFACE_SIDE_STYLE('',(#4773));
#4775=SURFACE_STYLE_USAGE(.POSITIVE.,#4774);
#4776=PRESENTATION_STYLE_ASSIGNMENT((#4775));
#4777=STYLED_ITEM('',(#4776),#4770);
#4778=CARTESIAN_POINT('',(-9.223264874789E0,1.458914454542E1,2.E-1));
#4779=DIRECTION('',(7.071067811865E-1,7.071067811866E-1,0.E0));
#4780=DIRECTION('',(7.071067811866E-1,-7.071067811865E-1,0.E0));
#4781=AXIS2_PLACEMENT_3D('',#4778,#4779,#4780);
#4782=PLANE('',#4781);
#4783=ORIENTED_EDGE('',*,*,#4640,.F.);
#4785=ORIENTED_EDGE('',*,*,#4784,.F.);
#4787=ORIENTED_EDGE('',*,*,#4786,.F.);
#4788=ORIENTED_EDGE('',*,*,#4763,.F.);
#4789=EDGE_LOOP('',(#4783,#4785,#4787,#4788));
#4790=FACE_OUTER_BOUND('',#4789,.F.);
#4792=FILL_AREA_STYLE_COLOUR('',#9);
#4793=FILL_AREA_STYLE('',(#4792));
#4794=SURFACE_STYLE_FILL_AREA(#4793);
#4795=SURFACE_SIDE_STYLE('',(#4794));
#4796=SURFACE_STYLE_USAGE(.BOTH.,#4795);
#4797=PRESENTATION_STYLE_ASSIGNMENT((#4796));
#4798=STYLED_ITEM('',(#4797),#4791);
#4799=CARTESIAN_POINT('',(-1.452826486883E1,1.033914455139E1,0.E0));
#4800=DIRECTION('',(0.E0,0.E0,1.E0));
#4801=DIRECTION('',(1.E0,0.E0,0.E0));
#4802=AXIS2_PLACEMENT_3D('',#4799,#4800,#4801);
#4803=PLANE('',#4802);
#4804=ORIENTED_EDGE('',*,*,#4638,.T.);
#4805=ORIENTED_EDGE('',*,*,#4745,.F.);
#4807=ORIENTED_EDGE('',*,*,#4806,.F.);
#4808=ORIENTED_EDGE('',*,*,#4784,.T.);
#4809=EDGE_LOOP('',(#4804,#4805,#4807,#4808));
#4810=FACE_OUTER_BOUND('',#4809,.F.);
#4812=FILL_AREA_STYLE_COLOUR('',#9);
#4813=FILL_AREA_STYLE('',(#4812));
#4814=SURFACE_STYLE_FILL_AREA(#4813);
#4815=SURFACE_SIDE_STYLE('',(#4814));
#4816=SURFACE_STYLE_USAGE(.POSITIVE.,#4815);
#4817=PRESENTATION_STYLE_ASSIGNMENT((#4816));
#4818=STYLED_ITEM('',(#4817),#4811);
#4819=CARTESIAN_POINT('',(-9.073264868828E0,1.265664454542E1,2.E-1));
#4820=DIRECTION('',(1.E0,0.E0,0.E0));
#4821=DIRECTION('',(0.E0,1.E0,0.E0));
#4822=AXIS2_PLACEMENT_3D('',#4819,#4820,#4821);
#4823=PLANE('',#4822);
#4824=ORIENTED_EDGE('',*,*,#4743,.T.);
#4825=ORIENTED_EDGE('',*,*,#4765,.T.);
#4826=ORIENTED_EDGE('',*,*,#4786,.T.);
#4827=ORIENTED_EDGE('',*,*,#4806,.T.);
#4828=EDGE_LOOP('',(#4824,#4825,#4826,#4827));
#4829=FACE_OUTER_BOUND('',#4828,.F.);
#4831=FILL_AREA_STYLE_COLOUR('',#9);
#4832=FILL_AREA_STYLE('',(#4831));
#4833=SURFACE_STYLE_FILL_AREA(#4832);
#4834=SURFACE_SIDE_STYLE('',(#4833));
#4835=SURFACE_STYLE_USAGE(.BOTH.,#4834);
#4836=PRESENTATION_STYLE_ASSIGNMENT((#4835));
#4837=STYLED_ITEM('',(#4836),#4830);
#4838=CARTESIAN_POINT('',(-1.049826486883E1,1.026414455138E1,2.E-1));
#4839=DIRECTION('',(0.E0,1.E0,0.E0));
#4840=DIRECTION('',(1.E0,0.E0,0.E0));
#4841=AXIS2_PLACEMENT_3D('',#4838,#4839,#4840);
#4842=PLANE('',#4841);
#4843=ORIENTED_EDGE('',*,*,#4646,.F.);
#4845=ORIENTED_EDGE('',*,*,#4844,.T.);
#4847=ORIENTED_EDGE('',*,*,#4846,.F.);
#4849=ORIENTED_EDGE('',*,*,#4848,.F.);
#4850=EDGE_LOOP('',(#4843,#4845,#4847,#4849));
#4851=FACE_OUTER_BOUND('',#4850,.F.);
#4853=FILL_AREA_STYLE_COLOUR('',#9);
#4854=FILL_AREA_STYLE('',(#4853));
#4855=SURFACE_STYLE_FILL_AREA(#4854);
#4856=SURFACE_SIDE_STYLE('',(#4855));
#4857=SURFACE_STYLE_USAGE(.BOTH.,#4856);
#4858=PRESENTATION_STYLE_ASSIGNMENT((#4857));
#4859=STYLED_ITEM('',(#4858),#4852);
#4860=CARTESIAN_POINT('',(-1.452826486883E1,1.033914455139E1,0.E0));
#4861=DIRECTION('',(0.E0,0.E0,1.E0));
#4862=DIRECTION('',(1.E0,0.E0,0.E0));
#4863=AXIS2_PLACEMENT_3D('',#4860,#4861,#4862);
#4864=PLANE('',#4863);
#4865=ORIENTED_EDGE('',*,*,#4652,.T.);
#4867=ORIENTED_EDGE('',*,*,#4866,.T.);
#4869=ORIENTED_EDGE('',*,*,#4868,.F.);
#4870=ORIENTED_EDGE('',*,*,#4844,.F.);
#4871=EDGE_LOOP('',(#4865,#4867,#4869,#4870));
#4872=FACE_OUTER_BOUND('',#4871,.F.);
#4874=FILL_AREA_STYLE_COLOUR('',#9);
#4875=FILL_AREA_STYLE('',(#4874));
#4876=SURFACE_STYLE_FILL_AREA(#4875);
#4877=SURFACE_SIDE_STYLE('',(#4876));
#4878=SURFACE_STYLE_USAGE(.BOTH.,#4877);
#4879=PRESENTATION_STYLE_ASSIGNMENT((#4878));
#4880=STYLED_ITEM('',(#4879),#4873);
#4881=CARTESIAN_POINT('',(-9.223264874789E0,6.089144557345E0,2.E-1));
#4882=DIRECTION('',(7.071067811865E-1,-7.071067811865E-1,0.E0));
#4883=DIRECTION('',(7.071067811865E-1,7.071067811865E-1,0.E0));
#4884=AXIS2_PLACEMENT_3D('',#4881,#4882,#4883);
#4885=PLANE('',#4884);
#4886=ORIENTED_EDGE('',*,*,#4650,.F.);
#4888=ORIENTED_EDGE('',*,*,#4887,.F.);
#4890=ORIENTED_EDGE('',*,*,#4889,.F.);
#4891=ORIENTED_EDGE('',*,*,#4866,.F.);
#4892=EDGE_LOOP('',(#4886,#4888,#4890,#4891));
#4893=FACE_OUTER_BOUND('',#4892,.F.);
#4895=FILL_AREA_STYLE_COLOUR('',#9);
#4896=FILL_AREA_STYLE('',(#4895));
#4897=SURFACE_STYLE_FILL_AREA(#4896);
#4898=SURFACE_SIDE_STYLE('',(#4897));
#4899=SURFACE_STYLE_USAGE(.BOTH.,#4898);
#4900=PRESENTATION_STYLE_ASSIGNMENT((#4899));
#4901=STYLED_ITEM('',(#4900),#4894);
#4902=CARTESIAN_POINT('',(-1.452826486883E1,1.033914455139E1,4.E-1));
#4903=DIRECTION('',(0.E0,0.E0,1.E0));
#4904=DIRECTION('',(1.E0,0.E0,0.E0));
#4905=AXIS2_PLACEMENT_3D('',#4902,#4903,#4904);
#4906=PLANE('',#4905);
#4907=ORIENTED_EDGE('',*,*,#4648,.F.);
#4908=ORIENTED_EDGE('',*,*,#4848,.T.);
#4910=ORIENTED_EDGE('',*,*,#4909,.F.);
#4911=ORIENTED_EDGE('',*,*,#4887,.T.);
#4912=EDGE_LOOP('',(#4907,#4908,#4910,#4911));
#4913=FACE_OUTER_BOUND('',#4912,.F.);
#4915=FILL_AREA_STYLE_COLOUR('',#9);
#4916=FILL_AREA_STYLE('',(#4915));
#4917=SURFACE_STYLE_FILL_AREA(#4916);
#4918=SURFACE_SIDE_STYLE('',(#4917));
#4919=SURFACE_STYLE_USAGE(.BOTH.,#4918);
#4920=PRESENTATION_STYLE_ASSIGNMENT((#4919));
#4921=STYLED_ITEM('',(#4920),#4914);
#4922=CARTESIAN_POINT('',(-9.073264868828E0,8.251644557345E0,2.E-1));
#4923=DIRECTION('',(1.E0,0.E0,0.E0));
#4924=DIRECTION('',(0.E0,1.E0,0.E0));
#4925=AXIS2_PLACEMENT_3D('',#4922,#4923,#4924);
#4926=PLANE('',#4925);
#4927=ORIENTED_EDGE('',*,*,#4909,.T.);
#4928=ORIENTED_EDGE('',*,*,#4846,.T.);
#4929=ORIENTED_EDGE('',*,*,#4868,.T.);
#4930=ORIENTED_EDGE('',*,*,#4889,.T.);
#4931=EDGE_LOOP('',(#4927,#4928,#4929,#4930));
#4932=FACE_OUTER_BOUND('',#4931,.F.);
#4934=FILL_AREA_STYLE_COLOUR('',#9);
#4935=FILL_AREA_STYLE('',(#4934));
#4936=SURFACE_STYLE_FILL_AREA(#4935);
#4937=SURFACE_SIDE_STYLE('',(#4936));
#4938=SURFACE_STYLE_USAGE(.BOTH.,#4937);
#4939=PRESENTATION_STYLE_ASSIGNMENT((#4938));
#4940=STYLED_ITEM('',(#4939),#4933);
#4941=CARTESIAN_POINT('',(0.E0,0.E0,-2.499999952316E0));
#4942=DIRECTION('',(0.E0,0.E0,-1.E0));
#4943=DIRECTION('',(-1.E0,0.E0,0.E0));
#4944=AXIS2_PLACEMENT_3D('',#4941,#4942,#4943);
#4945=PLANE('',#4944);
#4946=ORIENTED_EDGE('',*,*,#4513,.T.);
#4947=ORIENTED_EDGE('',*,*,#4568,.T.);
#4948=ORIENTED_EDGE('',*,*,#4295,.T.);
#4949=ORIENTED_EDGE('',*,*,#4357,.T.);
#4950=EDGE_LOOP('',(#4946,#4947,#4948,#4949));
#4951=FACE_OUTER_BOUND('',#4950,.F.);
#4953=ORIENTED_EDGE('',*,*,#4952,.T.);
#4955=ORIENTED_EDGE('',*,*,#4954,.T.);
#4957=ORIENTED_EDGE('',*,*,#4956,.T.);
#4959=ORIENTED_EDGE('',*,*,#4958,.T.);
#4961=ORIENTED_EDGE('',*,*,#4960,.T.);
#4963=ORIENTED_EDGE('',*,*,#4962,.T.);
#4965=ORIENTED_EDGE('',*,*,#4964,.T.);
#4967=ORIENTED_EDGE('',*,*,#4966,.T.);
#4968=EDGE_LOOP('',(#4953,#4955,#4957,#4959,#4961,#4963,#4965,#4967));
#4969=FACE_BOUND('',#4968,.F.);
#4971=ORIENTED_EDGE('',*,*,#4970,.T.);
#4973=ORIENTED_EDGE('',*,*,#4972,.T.);
#4975=ORIENTED_EDGE('',*,*,#4974,.T.);
#4977=ORIENTED_EDGE('',*,*,#4976,.T.);
#4978=EDGE_LOOP('',(#4971,#4973,#4975,#4977));
#4979=FACE_BOUND('',#4978,.F.);
#4981=ORIENTED_EDGE('',*,*,#4980,.T.);
#4983=ORIENTED_EDGE('',*,*,#4982,.T.);
#4985=ORIENTED_EDGE('',*,*,#4984,.T.);
#4987=ORIENTED_EDGE('',*,*,#4986,.T.);
#4988=EDGE_LOOP('',(#4981,#4983,#4985,#4987));
#4989=FACE_BOUND('',#4988,.F.);
#4991=ORIENTED_EDGE('',*,*,#4990,.T.);
#4993=ORIENTED_EDGE('',*,*,#4992,.T.);
#4995=ORIENTED_EDGE('',*,*,#4994,.T.);
#4997=ORIENTED_EDGE('',*,*,#4996,.T.);
#4998=EDGE_LOOP('',(#4991,#4993,#4995,#4997));
#4999=FACE_BOUND('',#4998,.F.);
#5001=ORIENTED_EDGE('',*,*,#5000,.T.);
#5003=ORIENTED_EDGE('',*,*,#5002,.T.);
#5005=ORIENTED_EDGE('',*,*,#5004,.T.);
#5007=ORIENTED_EDGE('',*,*,#5006,.T.);
#5008=EDGE_LOOP('',(#5001,#5003,#5005,#5007));
#5009=FACE_BOUND('',#5008,.F.);
#5011=ORIENTED_EDGE('',*,*,#5010,.T.);
#5013=ORIENTED_EDGE('',*,*,#5012,.T.);
#5015=ORIENTED_EDGE('',*,*,#5014,.T.);
#5017=ORIENTED_EDGE('',*,*,#5016,.T.);
#5018=EDGE_LOOP('',(#5011,#5013,#5015,#5017));
#5019=FACE_BOUND('',#5018,.F.);
#5021=ORIENTED_EDGE('',*,*,#5020,.T.);
#5023=ORIENTED_EDGE('',*,*,#5022,.T.);
#5025=ORIENTED_EDGE('',*,*,#5024,.T.);
#5027=ORIENTED_EDGE('',*,*,#5026,.T.);
#5028=EDGE_LOOP('',(#5021,#5023,#5025,#5027));
#5029=FACE_BOUND('',#5028,.F.);
#5031=ORIENTED_EDGE('',*,*,#5030,.T.);
#5033=ORIENTED_EDGE('',*,*,#5032,.T.);
#5035=ORIENTED_EDGE('',*,*,#5034,.T.);
#5037=ORIENTED_EDGE('',*,*,#5036,.T.);
#5038=EDGE_LOOP('',(#5031,#5033,#5035,#5037));
#5039=FACE_BOUND('',#5038,.F.);
#5041=ORIENTED_EDGE('',*,*,#5040,.T.);
#5043=ORIENTED_EDGE('',*,*,#5042,.T.);
#5045=ORIENTED_EDGE('',*,*,#5044,.T.);
#5047=ORIENTED_EDGE('',*,*,#5046,.T.);
#5048=EDGE_LOOP('',(#5041,#5043,#5045,#5047));
#5049=FACE_BOUND('',#5048,.F.);
#5051=FILL_AREA_STYLE_COLOUR('',#29);
#5052=FILL_AREA_STYLE('',(#5051));
#5053=SURFACE_STYLE_FILL_AREA(#5052);
#5054=SURFACE_SIDE_STYLE('',(#5053));
#5055=SURFACE_STYLE_USAGE(.POSITIVE.,#5054);
#5056=PRESENTATION_STYLE_ASSIGNMENT((#5055));
#5057=STYLED_ITEM('',(#5056),#5050);
#5058=CARTESIAN_POINT('',(-1.152826519012E1,1.157914454648E1,
-1.999999952316E0));
#5059=DIRECTION('',(0.E0,-1.E0,0.E0));
#5060=DIRECTION('',(-1.E0,0.E0,0.E0));
#5061=AXIS2_PLACEMENT_3D('',#5058,#5059,#5060);
#5062=PLANE('',#5061);
#5064=ORIENTED_EDGE('',*,*,#5063,.T.);
#5066=ORIENTED_EDGE('',*,*,#5065,.F.);
#5067=ORIENTED_EDGE('',*,*,#4952,.F.);
#5069=ORIENTED_EDGE('',*,*,#5068,.F.);
#5070=EDGE_LOOP('',(#5064,#5066,#5067,#5069));
#5071=FACE_OUTER_BOUND('',#5070,.F.);
#5073=CARTESIAN_POINT('',(0.E0,0.E0,-2.099999952316E0));
#5074=DIRECTION('',(0.E0,0.E0,-1.E0));
#5075=DIRECTION('',(-1.E0,0.E0,0.E0));
#5076=AXIS2_PLACEMENT_3D('',#5073,#5074,#5075);
#5077=PLANE('',#5076);
#5078=ORIENTED_EDGE('',*,*,#5063,.F.);
#5080=ORIENTED_EDGE('',*,*,#5079,.T.);
#5082=ORIENTED_EDGE('',*,*,#5081,.F.);
#5084=ORIENTED_EDGE('',*,*,#5083,.T.);
#5086=ORIENTED_EDGE('',*,*,#5085,.F.);
#5088=ORIENTED_EDGE('',*,*,#5087,.T.);
#5090=ORIENTED_EDGE('',*,*,#5089,.F.);
#5092=ORIENTED_EDGE('',*,*,#5091,.T.);
#5093=EDGE_LOOP('',(#5078,#5080,#5082,#5084,#5086,#5088,#5090,#5092));
#5094=FACE_OUTER_BOUND('',#5093,.F.);
#5096=FILL_AREA_STYLE_COLOUR('',#29);
#5097=FILL_AREA_STYLE('',(#5096));
#5098=SURFACE_STYLE_FILL_AREA(#5097);
#5099=SURFACE_SIDE_STYLE('',(#5098));
#5100=SURFACE_STYLE_USAGE(.POSITIVE.,#5099);
#5101=PRESENTATION_STYLE_ASSIGNMENT((#5100));
#5102=STYLED_ITEM('',(#5101),#5095);
#5103=CARTESIAN_POINT('',(-1.752826519012E1,1.107914454648E1,
-1.999999952316E0));
#5104=DIRECTION('',(0.E0,0.E0,-1.E0));
#5105=DIRECTION('',(-1.E0,0.E0,0.E0));
#5106=AXIS2_PLACEMENT_3D('',#5103,#5104,#5105);
#5107=CYLINDRICAL_SURFACE('',#5106,5.E-1);
#5108=ORIENTED_EDGE('',*,*,#5079,.F.);
#5109=ORIENTED_EDGE('',*,*,#5068,.T.);
#5110=ORIENTED_EDGE('',*,*,#4966,.F.);
#5112=ORIENTED_EDGE('',*,*,#5111,.T.);
#5113=EDGE_LOOP('',(#5108,#5109,#5110,#5112));
#5114=FACE_OUTER_BOUND('',#5113,.F.);
#5116=CARTESIAN_POINT('',(-1.802826519012E1,1.107914454648E1,
-1.999999952316E0));
#5117=DIRECTION('',(1.E0,0.E0,0.E0));
#5118=DIRECTION('',(0.E0,-1.E0,0.E0));
#5119=AXIS2_PLACEMENT_3D('',#5116,#5117,#5118);
#5120=PLANE('',#5119);
#5121=ORIENTED_EDGE('',*,*,#5081,.T.);
#5122=ORIENTED_EDGE('',*,*,#5111,.F.);
#5123=ORIENTED_EDGE('',*,*,#4964,.F.);
#5125=ORIENTED_EDGE('',*,*,#5124,.F.);
#5126=EDGE_LOOP('',(#5121,#5122,#5123,#5125));
#5127=FACE_OUTER_BOUND('',#5126,.F.);
#5129=CARTESIAN_POINT('',(-1.752826519012E1,9.579144546477E0,
-1.999999952316E0));
#5130=DIRECTION('',(0.E0,0.E0,-1.E0));
#5131=DIRECTION('',(-1.E0,0.E0,0.E0));
#5132=AXIS2_PLACEMENT_3D('',#5129,#5130,#5131);
#5133=CYLINDRICAL_SURFACE('',#5132,5.E-1);
#5134=ORIENTED_EDGE('',*,*,#5083,.F.);
#5135=ORIENTED_EDGE('',*,*,#5124,.T.);
#5136=ORIENTED_EDGE('',*,*,#4962,.F.);
#5138=ORIENTED_EDGE('',*,*,#5137,.T.);
#5139=EDGE_LOOP('',(#5134,#5135,#5136,#5138));
#5140=FACE_OUTER_BOUND('',#5139,.F.);
#5142=CARTESIAN_POINT('',(-1.752826519012E1,9.079144546477E0,
-1.999999952316E0));
#5143=DIRECTION('',(0.E0,1.E0,0.E0));
#5144=DIRECTION('',(1.E0,0.E0,0.E0));
#5145=AXIS2_PLACEMENT_3D('',#5142,#5143,#5144);
#5146=PLANE('',#5145);
#5147=ORIENTED_EDGE('',*,*,#5085,.T.);
#5148=ORIENTED_EDGE('',*,*,#5137,.F.);
#5149=ORIENTED_EDGE('',*,*,#4960,.F.);
#5151=ORIENTED_EDGE('',*,*,#5150,.F.);
#5152=EDGE_LOOP('',(#5147,#5148,#5149,#5151));
#5153=FACE_OUTER_BOUND('',#5152,.F.);
#5155=CARTESIAN_POINT('',(-1.152826519012E1,9.579144546477E0,
-1.999999952316E0));
#5156=DIRECTION('',(0.E0,0.E0,-1.E0));
#5157=DIRECTION('',(-1.E0,0.E0,0.E0));
#5158=AXIS2_PLACEMENT_3D('',#5155,#5156,#5157);
#5159=CYLINDRICAL_SURFACE('',#5158,5.E-1);
#5160=ORIENTED_EDGE('',*,*,#5087,.F.);
#5161=ORIENTED_EDGE('',*,*,#5150,.T.);
#5162=ORIENTED_EDGE('',*,*,#4958,.F.);
#5164=ORIENTED_EDGE('',*,*,#5163,.T.);
#5165=EDGE_LOOP('',(#5160,#5161,#5162,#5164));
#5166=FACE_OUTER_BOUND('',#5165,.F.);
#5168=CARTESIAN_POINT('',(-1.102826519012E1,9.579144546477E0,
-1.999999952316E0));
#5169=DIRECTION('',(-1.E0,0.E0,0.E0));
#5170=DIRECTION('',(0.E0,1.E0,0.E0));
#5171=AXIS2_PLACEMENT_3D('',#5168,#5169,#5170);
#5172=PLANE('',#5171);
#5173=ORIENTED_EDGE('',*,*,#5089,.T.);
#5174=ORIENTED_EDGE('',*,*,#5163,.F.);
#5175=ORIENTED_EDGE('',*,*,#4956,.F.);
#5177=ORIENTED_EDGE('',*,*,#5176,.F.);
#5178=EDGE_LOOP('',(#5173,#5174,#5175,#5177));
#5179=FACE_OUTER_BOUND('',#5178,.F.);
#5181=CARTESIAN_POINT('',(-1.152826519012E1,1.107914454648E1,
-1.999999952316E0));
#5182=DIRECTION('',(0.E0,0.E0,-1.E0));
#5183=DIRECTION('',(-1.E0,0.E0,0.E0));
#5184=AXIS2_PLACEMENT_3D('',#5181,#5182,#5183);
#5185=CYLINDRICAL_SURFACE('',#5184,5.E-1);
#5186=ORIENTED_EDGE('',*,*,#5091,.F.);
#5187=ORIENTED_EDGE('',*,*,#5176,.T.);
#5188=ORIENTED_EDGE('',*,*,#4954,.F.);
#5189=ORIENTED_EDGE('',*,*,#5065,.T.);
#5190=EDGE_LOOP('',(#5186,#5187,#5188,#5189));
#5191=FACE_OUTER_BOUND('',#5190,.F.);
#5193=CARTESIAN_POINT('',(-1.071826519012E1,1.412914454648E1,
-1.999999952316E0));
#5194=DIRECTION('',(0.E0,0.E0,-1.E0));
#5195=DIRECTION('',(-1.E0,0.E0,0.E0));
#5196=AXIS2_PLACEMENT_3D('',#5193,#5194,#5195);
#5197=CYLINDRICAL_SURFACE('',#5196,3.E-1);
#5199=ORIENTED_EDGE('',*,*,#5198,.F.);
#5201=ORIENTED_EDGE('',*,*,#5200,.F.);
#5203=ORIENTED_EDGE('',*,*,#5202,.F.);
#5204=ORIENTED_EDGE('',*,*,#4972,.F.);
#5205=ORIENTED_EDGE('',*,*,#4970,.F.);
#5207=ORIENTED_EDGE('',*,*,#5206,.T.);
#5208=EDGE_LOOP('',(#5199,#5201,#5203,#5204,#5205,#5207));
#5209=FACE_OUTER_BOUND('',#5208,.F.);
#5211=CARTESIAN_POINT('',(0.E0,0.E0,-2.099999952316E0));
#5212=DIRECTION('',(0.E0,0.E0,-1.E0));
#5213=DIRECTION('',(-1.E0,0.E0,0.E0));
#5214=AXIS2_PLACEMENT_3D('',#5211,#5212,#5213);
#5215=PLANE('',#5214);
#5216=ORIENTED_EDGE('',*,*,#5200,.T.);
#5217=ORIENTED_EDGE('',*,*,#5198,.T.);
#5219=ORIENTED_EDGE('',*,*,#5218,.T.);
#5221=ORIENTED_EDGE('',*,*,#5220,.T.);
#5222=EDGE_LOOP('',(#5216,#5217,#5219,#5221));
#5223=FACE_OUTER_BOUND('',#5222,.F.);
#5225=ORIENTED_EDGE('',*,*,#5224,.T.);
#5227=ORIENTED_EDGE('',*,*,#5226,.T.);
#5228=EDGE_LOOP('',(#5225,#5227));
#5229=FACE_BOUND('',#5228,.F.);
#5231=CARTESIAN_POINT('',(-1.071826519012E1,1.412914454648E1,
-1.999999952316E0));
#5232=DIRECTION('',(0.E0,0.E0,-1.E0));
#5233=DIRECTION('',(-1.E0,0.E0,0.E0));
#5234=AXIS2_PLACEMENT_3D('',#5231,#5232,#5233);
#5235=CYLINDRICAL_SURFACE('',#5234,3.E-1);
#5236=ORIENTED_EDGE('',*,*,#5220,.F.);
#5237=ORIENTED_EDGE('',*,*,#5218,.F.);
#5238=ORIENTED_EDGE('',*,*,#5206,.F.);
#5239=ORIENTED_EDGE('',*,*,#4976,.F.);
#5240=ORIENTED_EDGE('',*,*,#4974,.F.);
#5241=ORIENTED_EDGE('',*,*,#5202,.T.);
#5242=EDGE_LOOP('',(#5236,#5237,#5238,#5239,#5240,#5241));
#5243=FACE_OUTER_BOUND('',#5242,.F.);
#5245=CARTESIAN_POINT('',(-1.071826486883E1,1.414914455138E1,0.E0));
#5246=DIRECTION('',(0.E0,0.E0,-1.E0));
#5247=DIRECTION('',(-1.E0,0.E0,0.E0));
#5248=AXIS2_PLACEMENT_3D('',#5245,#5246,#5247);
#5249=CYLINDRICAL_SURFACE('',#5248,2.5E-1);
#5250=ORIENTED_EDGE('',*,*,#5224,.F.);
#5252=ORIENTED_EDGE('',*,*,#5251,.F.);
#5254=ORIENTED_EDGE('',*,*,#5253,.F.);
#5256=ORIENTED_EDGE('',*,*,#5255,.T.);
#5257=EDGE_LOOP('',(#5250,#5252,#5254,#5256));
#5258=FACE_OUTER_BOUND('',#5257,.F.);
#5260=FILL_AREA_STYLE_COLOUR('',#80);
#5261=FILL_AREA_STYLE('',(#5260));
#5262=SURFACE_STYLE_FILL_AREA(#5261);
#5263=SURFACE_SIDE_STYLE('',(#5262));
#5264=SURFACE_STYLE_USAGE(.POSITIVE.,#5263);
#5265=PRESENTATION_STYLE_ASSIGNMENT((#5264));
#5266=STYLED_ITEM('',(#5265),#5259);
#5267=CARTESIAN_POINT('',(-1.071826486883E1,1.414914455138E1,0.E0));
#5268=DIRECTION('',(0.E0,0.E0,-1.E0));
#5269=DIRECTION('',(-1.E0,0.E0,0.E0));
#5270=AXIS2_PLACEMENT_3D('',#5267,#5268,#5269);
#5271=CYLINDRICAL_SURFACE('',#5270,2.5E-1);
#5272=ORIENTED_EDGE('',*,*,#5226,.F.);
#5273=ORIENTED_EDGE('',*,*,#5255,.F.);
#5275=ORIENTED_EDGE('',*,*,#5274,.F.);
#5276=ORIENTED_EDGE('',*,*,#5251,.T.);
#5277=EDGE_LOOP('',(#5272,#5273,#5275,#5276));
#5278=FACE_OUTER_BOUND('',#5277,.F.);
#5280=FILL_AREA_STYLE_COLOUR('',#80);
#5281=FILL_AREA_STYLE('',(#5280));
#5282=SURFACE_STYLE_FILL_AREA(#5281);
#5283=SURFACE_SIDE_STYLE('',(#5282));
#5284=SURFACE_STYLE_USAGE(.POSITIVE.,#5283);
#5285=PRESENTATION_STYLE_ASSIGNMENT((#5284));
#5286=STYLED_ITEM('',(#5285),#5279);
#5287=CARTESIAN_POINT('',(0.E0,0.E0,-6.65E0));
#5288=DIRECTION('',(0.E0,0.E0,-1.E0));
#5289=DIRECTION('',(-1.E0,0.E0,0.E0));
#5290=AXIS2_PLACEMENT_3D('',#5287,#5288,#5289);
#5291=PLANE('',#5290);
#5292=ORIENTED_EDGE('',*,*,#5253,.T.);
#5293=ORIENTED_EDGE('',*,*,#5274,.T.);
#5294=EDGE_LOOP('',(#5292,#5293));
#5295=FACE_OUTER_BOUND('',#5294,.F.);
#5297=FILL_AREA_STYLE_COLOUR('',#80);
#5298=FILL_AREA_STYLE('',(#5297));
#5299=SURFACE_STYLE_FILL_AREA(#5298);
#5300=SURFACE_SIDE_STYLE('',(#5299));
#5301=SURFACE_STYLE_USAGE(.POSITIVE.,#5300);
#5302=PRESENTATION_STYLE_ASSIGNMENT((#5301));
#5303=STYLED_ITEM('',(#5302),#5296);
#5304=CARTESIAN_POINT('',(-1.325826519012E1,1.412914454648E1,
-1.999999952316E0));
#5305=DIRECTION('',(0.E0,0.E0,-1.E0));
#5306=DIRECTION('',(-1.E0,0.E0,0.E0));
#5307=AXIS2_PLACEMENT_3D('',#5304,#5305,#5306);
#5308=CYLINDRICAL_SURFACE('',#5307,3.E-1);
#5310=ORIENTED_EDGE('',*,*,#5309,.F.);
#5312=ORIENTED_EDGE('',*,*,#5311,.F.);
#5314=ORIENTED_EDGE('',*,*,#5313,.F.);
#5315=ORIENTED_EDGE('',*,*,#4982,.F.);
#5316=ORIENTED_EDGE('',*,*,#4980,.F.);
#5318=ORIENTED_EDGE('',*,*,#5317,.T.);
#5319=EDGE_LOOP('',(#5310,#5312,#5314,#5315,#5316,#5318));
#5320=FACE_OUTER_BOUND('',#5319,.F.);
#5322=CARTESIAN_POINT('',(0.E0,0.E0,-2.099999952316E0));
#5323=DIRECTION('',(0.E0,0.E0,-1.E0));
#5324=DIRECTION('',(-1.E0,0.E0,0.E0));
#5325=AXIS2_PLACEMENT_3D('',#5322,#5323,#5324);
#5326=PLANE('',#5325);
#5327=ORIENTED_EDGE('',*,*,#5311,.T.);
#5328=ORIENTED_EDGE('',*,*,#5309,.T.);
#5330=ORIENTED_EDGE('',*,*,#5329,.T.);
#5332=ORIENTED_EDGE('',*,*,#5331,.T.);
#5333=EDGE_LOOP('',(#5327,#5328,#5330,#5332));
#5334=FACE_OUTER_BOUND('',#5333,.F.);
#5336=ORIENTED_EDGE('',*,*,#5335,.T.);
#5338=ORIENTED_EDGE('',*,*,#5337,.T.);
#5339=EDGE_LOOP('',(#5336,#5338));
#5340=FACE_BOUND('',#5339,.F.);
#5342=CARTESIAN_POINT('',(-1.325826519012E1,1.412914454648E1,
-1.999999952316E0));
#5343=DIRECTION('',(0.E0,0.E0,-1.E0));
#5344=DIRECTION('',(-1.E0,0.E0,0.E0));
#5345=AXIS2_PLACEMENT_3D('',#5342,#5343,#5344);
#5346=CYLINDRICAL_SURFACE('',#5345,3.E-1);
#5347=ORIENTED_EDGE('',*,*,#5331,.F.);
#5348=ORIENTED_EDGE('',*,*,#5329,.F.);
#5349=ORIENTED_EDGE('',*,*,#5317,.F.);
#5350=ORIENTED_EDGE('',*,*,#4986,.F.);
#5351=ORIENTED_EDGE('',*,*,#4984,.F.);
#5352=ORIENTED_EDGE('',*,*,#5313,.T.);
#5353=EDGE_LOOP('',(#5347,#5348,#5349,#5350,#5351,#5352));
#5354=FACE_OUTER_BOUND('',#5353,.F.);
#5356=CARTESIAN_POINT('',(-1.325826486883E1,1.414914455138E1,0.E0));
#5357=DIRECTION('',(0.E0,0.E0,-1.E0));
#5358=DIRECTION('',(-1.E0,0.E0,0.E0));
#5359=AXIS2_PLACEMENT_3D('',#5356,#5357,#5358);
#5360=CYLINDRICAL_SURFACE('',#5359,2.5E-1);
#5361=ORIENTED_EDGE('',*,*,#5335,.F.);
#5363=ORIENTED_EDGE('',*,*,#5362,.F.);
#5365=ORIENTED_EDGE('',*,*,#5364,.F.);
#5367=ORIENTED_EDGE('',*,*,#5366,.T.);
#5368=EDGE_LOOP('',(#5361,#5363,#5365,#5367));
#5369=FACE_OUTER_BOUND('',#5368,.F.);
#5371=FILL_AREA_STYLE_COLOUR('',#78);
#5372=FILL_AREA_STYLE('',(#5371));
#5373=SURFACE_STYLE_FILL_AREA(#5372);
#5374=SURFACE_SIDE_STYLE('',(#5373));
#5375=SURFACE_STYLE_USAGE(.POSITIVE.,#5374);
#5376=PRESENTATION_STYLE_ASSIGNMENT((#5375));
#5377=STYLED_ITEM('',(#5376),#5370);
#5378=CARTESIAN_POINT('',(-1.325826486883E1,1.414914455138E1,0.E0));
#5379=DIRECTION('',(0.E0,0.E0,-1.E0));
#5380=DIRECTION('',(-1.E0,0.E0,0.E0));
#5381=AXIS2_PLACEMENT_3D('',#5378,#5379,#5380);
#5382=CYLINDRICAL_SURFACE('',#5381,2.5E-1);
#5383=ORIENTED_EDGE('',*,*,#5337,.F.);
#5384=ORIENTED_EDGE('',*,*,#5366,.F.);
#5386=ORIENTED_EDGE('',*,*,#5385,.F.);
#5387=ORIENTED_EDGE('',*,*,#5362,.T.);
#5388=EDGE_LOOP('',(#5383,#5384,#5386,#5387));
#5389=FACE_OUTER_BOUND('',#5388,.F.);
#5391=FILL_AREA_STYLE_COLOUR('',#78);
#5392=FILL_AREA_STYLE('',(#5391));
#5393=SURFACE_STYLE_FILL_AREA(#5392);
#5394=SURFACE_SIDE_STYLE('',(#5393));
#5395=SURFACE_STYLE_USAGE(.POSITIVE.,#5394);
#5396=PRESENTATION_STYLE_ASSIGNMENT((#5395));
#5397=STYLED_ITEM('',(#5396),#5390);
#5398=CARTESIAN_POINT('',(0.E0,0.E0,-6.65E0));
#5399=DIRECTION('',(0.E0,0.E0,-1.E0));
#5400=DIRECTION('',(-1.E0,0.E0,0.E0));
#5401=AXIS2_PLACEMENT_3D('',#5398,#5399,#5400);
#5402=PLANE('',#5401);
#5403=ORIENTED_EDGE('',*,*,#5364,.T.);
#5404=ORIENTED_EDGE('',*,*,#5385,.T.);
#5405=EDGE_LOOP('',(#5403,#5404));
#5406=FACE_OUTER_BOUND('',#5405,.F.);
#5408=FILL_AREA_STYLE_COLOUR('',#80);
#5409=FILL_AREA_STYLE('',(#5408));
#5410=SURFACE_STYLE_FILL_AREA(#5409);
#5411=SURFACE_SIDE_STYLE('',(#5410));
#5412=SURFACE_STYLE_USAGE(.POSITIVE.,#5411);
#5413=PRESENTATION_STYLE_ASSIGNMENT((#5412));
#5414=STYLED_ITEM('',(#5413),#5407);
#5415=CARTESIAN_POINT('',(-1.579826519012E1,1.412914454648E1,
-1.999999952316E0));
#5416=DIRECTION('',(0.E0,0.E0,-1.E0));
#5417=DIRECTION('',(-1.E0,0.E0,0.E0));
#5418=AXIS2_PLACEMENT_3D('',#5415,#5416,#5417);
#5419=CYLINDRICAL_SURFACE('',#5418,3.E-1);
#5421=ORIENTED_EDGE('',*,*,#5420,.F.);
#5423=ORIENTED_EDGE('',*,*,#5422,.F.);
#5425=ORIENTED_EDGE('',*,*,#5424,.F.);
#5426=ORIENTED_EDGE('',*,*,#4992,.F.);
#5427=ORIENTED_EDGE('',*,*,#4990,.F.);
#5429=ORIENTED_EDGE('',*,*,#5428,.T.);
#5430=EDGE_LOOP('',(#5421,#5423,#5425,#5426,#5427,#5429));
#5431=FACE_OUTER_BOUND('',#5430,.F.);
#5433=CARTESIAN_POINT('',(0.E0,0.E0,-2.099999952316E0));
#5434=DIRECTION('',(0.E0,0.E0,-1.E0));
#5435=DIRECTION('',(-1.E0,0.E0,0.E0));
#5436=AXIS2_PLACEMENT_3D('',#5433,#5434,#5435);
#5437=PLANE('',#5436);
#5438=ORIENTED_EDGE('',*,*,#5422,.T.);
#5439=ORIENTED_EDGE('',*,*,#5420,.T.);
#5441=ORIENTED_EDGE('',*,*,#5440,.T.);
#5443=ORIENTED_EDGE('',*,*,#5442,.T.);
#5444=EDGE_LOOP('',(#5438,#5439,#5441,#5443));
#5445=FACE_OUTER_BOUND('',#5444,.F.);
#5447=ORIENTED_EDGE('',*,*,#5446,.T.);
#5449=ORIENTED_EDGE('',*,*,#5448,.T.);
#5450=EDGE_LOOP('',(#5447,#5449));
#5451=FACE_BOUND('',#5450,.F.);
#5453=CARTESIAN_POINT('',(-1.579826519012E1,1.412914454648E1,
-1.999999952316E0));
#5454=DIRECTION('',(0.E0,0.E0,-1.E0));
#5455=DIRECTION('',(-1.E0,0.E0,0.E0));
#5456=AXIS2_PLACEMENT_3D('',#5453,#5454,#5455);
#5457=CYLINDRICAL_SURFACE('',#5456,3.E-1);
#5458=ORIENTED_EDGE('',*,*,#5442,.F.);
#5459=ORIENTED_EDGE('',*,*,#5440,.F.);
#5460=ORIENTED_EDGE('',*,*,#5428,.F.);
#5461=ORIENTED_EDGE('',*,*,#4996,.F.);
#5462=ORIENTED_EDGE('',*,*,#4994,.F.);
#5463=ORIENTED_EDGE('',*,*,#5424,.T.);
#5464=EDGE_LOOP('',(#5458,#5459,#5460,#5461,#5462,#5463));
#5465=FACE_OUTER_BOUND('',#5464,.F.);
#5467=CARTESIAN_POINT('',(-1.579826486883E1,1.414914455138E1,0.E0));
#5468=DIRECTION('',(0.E0,0.E0,-1.E0));
#5469=DIRECTION('',(-1.E0,0.E0,0.E0));
#5470=AXIS2_PLACEMENT_3D('',#5467,#5468,#5469);
#5471=CYLINDRICAL_SURFACE('',#5470,2.5E-1);
#5472=ORIENTED_EDGE('',*,*,#5446,.F.);
#5474=ORIENTED_EDGE('',*,*,#5473,.F.);
#5476=ORIENTED_EDGE('',*,*,#5475,.F.);
#5478=ORIENTED_EDGE('',*,*,#5477,.T.);
#5479=EDGE_LOOP('',(#5472,#5474,#5476,#5478));
#5480=FACE_OUTER_BOUND('',#5479,.F.);
#5482=FILL_AREA_STYLE_COLOUR('',#78);
#5483=FILL_AREA_STYLE('',(#5482));
#5484=SURFACE_STYLE_FILL_AREA(#5483);
#5485=SURFACE_SIDE_STYLE('',(#5484));
#5486=SURFACE_STYLE_USAGE(.POSITIVE.,#5485);
#5487=PRESENTATION_STYLE_ASSIGNMENT((#5486));
#5488=STYLED_ITEM('',(#5487),#5481);
#5489=CARTESIAN_POINT('',(-1.579826486883E1,1.414914455138E1,0.E0));
#5490=DIRECTION('',(0.E0,0.E0,-1.E0));
#5491=DIRECTION('',(-1.E0,0.E0,0.E0));
#5492=AXIS2_PLACEMENT_3D('',#5489,#5490,#5491);
#5493=CYLINDRICAL_SURFACE('',#5492,2.5E-1);
#5494=ORIENTED_EDGE('',*,*,#5448,.F.);
#5495=ORIENTED_EDGE('',*,*,#5477,.F.);
#5497=ORIENTED_EDGE('',*,*,#5496,.F.);
#5498=ORIENTED_EDGE('',*,*,#5473,.T.);
#5499=EDGE_LOOP('',(#5494,#5495,#5497,#5498));
#5500=FACE_OUTER_BOUND('',#5499,.F.);
#5502=FILL_AREA_STYLE_COLOUR('',#78);
#5503=FILL_AREA_STYLE('',(#5502));
#5504=SURFACE_STYLE_FILL_AREA(#5503);
#5505=SURFACE_SIDE_STYLE('',(#5504));
#5506=SURFACE_STYLE_USAGE(.POSITIVE.,#5505);
#5507=PRESENTATION_STYLE_ASSIGNMENT((#5506));
#5508=STYLED_ITEM('',(#5507),#5501);
#5509=CARTESIAN_POINT('',(0.E0,0.E0,-6.65E0));
#5510=DIRECTION('',(0.E0,0.E0,-1.E0));
#5511=DIRECTION('',(-1.E0,0.E0,0.E0));
#5512=AXIS2_PLACEMENT_3D('',#5509,#5510,#5511);
#5513=PLANE('',#5512);
#5514=ORIENTED_EDGE('',*,*,#5475,.T.);
#5515=ORIENTED_EDGE('',*,*,#5496,.T.);
#5516=EDGE_LOOP('',(#5514,#5515));
#5517=FACE_OUTER_BOUND('',#5516,.F.);
#5519=FILL_AREA_STYLE_COLOUR('',#80);
#5520=FILL_AREA_STYLE('',(#5519));
#5521=SURFACE_STYLE_FILL_AREA(#5520);
#5522=SURFACE_SIDE_STYLE('',(#5521));
#5523=SURFACE_STYLE_USAGE(.POSITIVE.,#5522);
#5524=PRESENTATION_STYLE_ASSIGNMENT((#5523));
#5525=STYLED_ITEM('',(#5524),#5518);
#5526=CARTESIAN_POINT('',(-1.833826519012E1,1.412914454648E1,
-1.999999952316E0));
#5527=DIRECTION('',(0.E0,0.E0,-1.E0));
#5528=DIRECTION('',(-1.E0,0.E0,0.E0));
#5529=AXIS2_PLACEMENT_3D('',#5526,#5527,#5528);
#5530=CYLINDRICAL_SURFACE('',#5529,3.E-1);
#5532=ORIENTED_EDGE('',*,*,#5531,.F.);
#5534=ORIENTED_EDGE('',*,*,#5533,.F.);
#5536=ORIENTED_EDGE('',*,*,#5535,.F.);
#5537=ORIENTED_EDGE('',*,*,#5002,.F.);
#5538=ORIENTED_EDGE('',*,*,#5000,.F.);
#5540=ORIENTED_EDGE('',*,*,#5539,.T.);
#5541=EDGE_LOOP('',(#5532,#5534,#5536,#5537,#5538,#5540));
#5542=FACE_OUTER_BOUND('',#5541,.F.);
#5544=CARTESIAN_POINT('',(0.E0,0.E0,-2.099999952316E0));
#5545=DIRECTION('',(0.E0,0.E0,-1.E0));
#5546=DIRECTION('',(-1.E0,0.E0,0.E0));
#5547=AXIS2_PLACEMENT_3D('',#5544,#5545,#5546);
#5548=PLANE('',#5547);
#5549=ORIENTED_EDGE('',*,*,#5533,.T.);
#5550=ORIENTED_EDGE('',*,*,#5531,.T.);
#5552=ORIENTED_EDGE('',*,*,#5551,.T.);
#5554=ORIENTED_EDGE('',*,*,#5553,.T.);
#5555=EDGE_LOOP('',(#5549,#5550,#5552,#5554));
#5556=FACE_OUTER_BOUND('',#5555,.F.);
#5558=CARTESIAN_POINT('',(-1.833826519012E1,1.412914454648E1,
-1.999999952316E0));
#5559=DIRECTION('',(0.E0,0.E0,-1.E0));
#5560=DIRECTION('',(-1.E0,0.E0,0.E0));
#5561=AXIS2_PLACEMENT_3D('',#5558,#5559,#5560);
#5562=CYLINDRICAL_SURFACE('',#5561,3.E-1);
#5563=ORIENTED_EDGE('',*,*,#5553,.F.);
#5564=ORIENTED_EDGE('',*,*,#5551,.F.);
#5565=ORIENTED_EDGE('',*,*,#5539,.F.);
#5566=ORIENTED_EDGE('',*,*,#5006,.F.);
#5567=ORIENTED_EDGE('',*,*,#5004,.F.);
#5568=ORIENTED_EDGE('',*,*,#5535,.T.);
#5569=EDGE_LOOP('',(#5563,#5564,#5565,#5566,#5567,#5568));
#5570=FACE_OUTER_BOUND('',#5569,.F.);
#5572=CARTESIAN_POINT('',(-1.071826519012E1,6.529144546477E0,
-1.999999952316E0));
#5573=DIRECTION('',(0.E0,0.E0,-1.E0));
#5574=DIRECTION('',(-1.E0,0.E0,0.E0));
#5575=AXIS2_PLACEMENT_3D('',#5572,#5573,#5574);
#5576=CYLINDRICAL_SURFACE('',#5575,3.E-1);
#5578=ORIENTED_EDGE('',*,*,#5577,.F.);
#5580=ORIENTED_EDGE('',*,*,#5579,.F.);
#5582=ORIENTED_EDGE('',*,*,#5581,.F.);
#5583=ORIENTED_EDGE('',*,*,#5012,.F.);
#5584=ORIENTED_EDGE('',*,*,#5010,.F.);
#5586=ORIENTED_EDGE('',*,*,#5585,.T.);
#5587=EDGE_LOOP('',(#5578,#5580,#5582,#5583,#5584,#5586));
#5588=FACE_OUTER_BOUND('',#5587,.F.);
#5590=CARTESIAN_POINT('',(0.E0,0.E0,-2.099999952316E0));
#5591=DIRECTION('',(0.E0,0.E0,-1.E0));
#5592=DIRECTION('',(-1.E0,0.E0,0.E0));
#5593=AXIS2_PLACEMENT_3D('',#5590,#5591,#5592);
#5594=PLANE('',#5593);
#5595=ORIENTED_EDGE('',*,*,#5579,.T.);
#5596=ORIENTED_EDGE('',*,*,#5577,.T.);
#5598=ORIENTED_EDGE('',*,*,#5597,.T.);
#5600=ORIENTED_EDGE('',*,*,#5599,.T.);
#5601=EDGE_LOOP('',(#5595,#5596,#5598,#5600));
#5602=FACE_OUTER_BOUND('',#5601,.F.);
#5604=ORIENTED_EDGE('',*,*,#5603,.T.);
#5606=ORIENTED_EDGE('',*,*,#5605,.T.);
#5607=EDGE_LOOP('',(#5604,#5606));
#5608=FACE_BOUND('',#5607,.F.);
#5610=CARTESIAN_POINT('',(-1.071826519012E1,6.529144546477E0,
-1.999999952316E0));
#5611=DIRECTION('',(0.E0,0.E0,-1.E0));
#5612=DIRECTION('',(-1.E0,0.E0,0.E0));
#5613=AXIS2_PLACEMENT_3D('',#5610,#5611,#5612);
#5614=CYLINDRICAL_SURFACE('',#5613,3.E-1);
#5615=ORIENTED_EDGE('',*,*,#5599,.F.);
#5616=ORIENTED_EDGE('',*,*,#5597,.F.);
#5617=ORIENTED_EDGE('',*,*,#5585,.F.);
#5618=ORIENTED_EDGE('',*,*,#5016,.F.);
#5619=ORIENTED_EDGE('',*,*,#5014,.F.);
#5620=ORIENTED_EDGE('',*,*,#5581,.T.);
#5621=EDGE_LOOP('',(#5615,#5616,#5617,#5618,#5619,#5620));
#5622=FACE_OUTER_BOUND('',#5621,.F.);
#5624=CARTESIAN_POINT('',(-1.071826486883E1,6.529144551385E0,0.E0));
#5625=DIRECTION('',(0.E0,0.E0,-1.E0));
#5626=DIRECTION('',(-1.E0,0.E0,0.E0));
#5627=AXIS2_PLACEMENT_3D('',#5624,#5625,#5626);
#5628=CYLINDRICAL_SURFACE('',#5627,2.5E-1);
#5629=ORIENTED_EDGE('',*,*,#5603,.F.);
#5631=ORIENTED_EDGE('',*,*,#5630,.F.);
#5633=ORIENTED_EDGE('',*,*,#5632,.F.);
#5635=ORIENTED_EDGE('',*,*,#5634,.T.);
#5636=EDGE_LOOP('',(#5629,#5631,#5633,#5635));
#5637=FACE_OUTER_BOUND('',#5636,.F.);
#5639=FILL_AREA_STYLE_COLOUR('',#78);
#5640=FILL_AREA_STYLE('',(#5639));
#5641=SURFACE_STYLE_FILL_AREA(#5640);
#5642=SURFACE_SIDE_STYLE('',(#5641));
#5643=SURFACE_STYLE_USAGE(.POSITIVE.,#5642);
#5644=PRESENTATION_STYLE_ASSIGNMENT((#5643));
#5645=STYLED_ITEM('',(#5644),#5638);
#5646=CARTESIAN_POINT('',(-1.071826486883E1,6.529144551385E0,0.E0));
#5647=DIRECTION('',(0.E0,0.E0,-1.E0));
#5648=DIRECTION('',(-1.E0,0.E0,0.E0));
#5649=AXIS2_PLACEMENT_3D('',#5646,#5647,#5648);
#5650=CYLINDRICAL_SURFACE('',#5649,2.5E-1);
#5651=ORIENTED_EDGE('',*,*,#5605,.F.);
#5652=ORIENTED_EDGE('',*,*,#5634,.F.);
#5654=ORIENTED_EDGE('',*,*,#5653,.F.);
#5655=ORIENTED_EDGE('',*,*,#5630,.T.);
#5656=EDGE_LOOP('',(#5651,#5652,#5654,#5655));
#5657=FACE_OUTER_BOUND('',#5656,.F.);
#5659=FILL_AREA_STYLE_COLOUR('',#78);
#5660=FILL_AREA_STYLE('',(#5659));
#5661=SURFACE_STYLE_FILL_AREA(#5660);
#5662=SURFACE_SIDE_STYLE('',(#5661));
#5663=SURFACE_STYLE_USAGE(.POSITIVE.,#5662);
#5664=PRESENTATION_STYLE_ASSIGNMENT((#5663));
#5665=STYLED_ITEM('',(#5664),#5658);
#5666=CARTESIAN_POINT('',(0.E0,0.E0,-6.65E0));
#5667=DIRECTION('',(0.E0,0.E0,-1.E0));
#5668=DIRECTION('',(-1.E0,0.E0,0.E0));
#5669=AXIS2_PLACEMENT_3D('',#5666,#5667,#5668);
#5670=PLANE('',#5669);
#5671=ORIENTED_EDGE('',*,*,#5632,.T.);
#5672=ORIENTED_EDGE('',*,*,#5653,.T.);
#5673=EDGE_LOOP('',(#5671,#5672));
#5674=FACE_OUTER_BOUND('',#5673,.F.);
#5676=FILL_AREA_STYLE_COLOUR('',#80);
#5677=FILL_AREA_STYLE('',(#5676));
#5678=SURFACE_STYLE_FILL_AREA(#5677);
#5679=SURFACE_SIDE_STYLE('',(#5678));
#5680=SURFACE_STYLE_USAGE(.POSITIVE.,#5679);
#5681=PRESENTATION_STYLE_ASSIGNMENT((#5680));
#5682=STYLED_ITEM('',(#5681),#5675);
#5683=CARTESIAN_POINT('',(-1.325826519012E1,6.529144546477E0,
-1.999999952316E0));
#5684=DIRECTION('',(0.E0,0.E0,-1.E0));
#5685=DIRECTION('',(-1.E0,0.E0,0.E0));
#5686=AXIS2_PLACEMENT_3D('',#5683,#5684,#5685);
#5687=CYLINDRICAL_SURFACE('',#5686,3.E-1);
#5689=ORIENTED_EDGE('',*,*,#5688,.F.);
#5691=ORIENTED_EDGE('',*,*,#5690,.F.);
#5693=ORIENTED_EDGE('',*,*,#5692,.F.);
#5694=ORIENTED_EDGE('',*,*,#5022,.F.);
#5695=ORIENTED_EDGE('',*,*,#5020,.F.);
#5697=ORIENTED_EDGE('',*,*,#5696,.T.);
#5698=EDGE_LOOP('',(#5689,#5691,#5693,#5694,#5695,#5697));
#5699=FACE_OUTER_BOUND('',#5698,.F.);
#5701=CARTESIAN_POINT('',(0.E0,0.E0,-2.099999952316E0));
#5702=DIRECTION('',(0.E0,0.E0,-1.E0));
#5703=DIRECTION('',(-1.E0,0.E0,0.E0));
#5704=AXIS2_PLACEMENT_3D('',#5701,#5702,#5703);
#5705=PLANE('',#5704);
#5706=ORIENTED_EDGE('',*,*,#5690,.T.);
#5707=ORIENTED_EDGE('',*,*,#5688,.T.);
#5709=ORIENTED_EDGE('',*,*,#5708,.T.);
#5711=ORIENTED_EDGE('',*,*,#5710,.T.);
#5712=EDGE_LOOP('',(#5706,#5707,#5709,#5711));
#5713=FACE_OUTER_BOUND('',#5712,.F.);
#5715=ORIENTED_EDGE('',*,*,#5714,.T.);
#5717=ORIENTED_EDGE('',*,*,#5716,.T.);
#5718=EDGE_LOOP('',(#5715,#5717));
#5719=FACE_BOUND('',#5718,.F.);
#5721=CARTESIAN_POINT('',(-1.325826519012E1,6.529144546477E0,
-1.999999952316E0));
#5722=DIRECTION('',(0.E0,0.E0,-1.E0));
#5723=DIRECTION('',(-1.E0,0.E0,0.E0));
#5724=AXIS2_PLACEMENT_3D('',#5721,#5722,#5723);
#5725=CYLINDRICAL_SURFACE('',#5724,3.E-1);
#5726=ORIENTED_EDGE('',*,*,#5710,.F.);
#5727=ORIENTED_EDGE('',*,*,#5708,.F.);
#5728=ORIENTED_EDGE('',*,*,#5696,.F.);
#5729=ORIENTED_EDGE('',*,*,#5026,.F.);
#5730=ORIENTED_EDGE('',*,*,#5024,.F.);
#5731=ORIENTED_EDGE('',*,*,#5692,.T.);
#5732=EDGE_LOOP('',(#5726,#5727,#5728,#5729,#5730,#5731));
#5733=FACE_OUTER_BOUND('',#5732,.F.);
#5735=CARTESIAN_POINT('',(-1.325826486883E1,6.529144551385E0,0.E0));
#5736=DIRECTION('',(0.E0,0.E0,-1.E0));
#5737=DIRECTION('',(-1.E0,0.E0,0.E0));
#5738=AXIS2_PLACEMENT_3D('',#5735,#5736,#5737);
#5739=CYLINDRICAL_SURFACE('',#5738,2.5E-1);
#5740=ORIENTED_EDGE('',*,*,#5714,.F.);
#5742=ORIENTED_EDGE('',*,*,#5741,.F.);
#5744=ORIENTED_EDGE('',*,*,#5743,.F.);
#5746=ORIENTED_EDGE('',*,*,#5745,.T.);
#5747=EDGE_LOOP('',(#5740,#5742,#5744,#5746));
#5748=FACE_OUTER_BOUND('',#5747,.F.);
#5750=FILL_AREA_STYLE_COLOUR('',#78);
#5751=FILL_AREA_STYLE('',(#5750));
#5752=SURFACE_STYLE_FILL_AREA(#5751);
#5753=SURFACE_SIDE_STYLE('',(#5752));
#5754=SURFACE_STYLE_USAGE(.POSITIVE.,#5753);
#5755=PRESENTATION_STYLE_ASSIGNMENT((#5754));
#5756=STYLED_ITEM('',(#5755),#5749);
#5757=CARTESIAN_POINT('',(-1.325826486883E1,6.529144551385E0,0.E0));
#5758=DIRECTION('',(0.E0,0.E0,-1.E0));
#5759=DIRECTION('',(-1.E0,0.E0,0.E0));
#5760=AXIS2_PLACEMENT_3D('',#5757,#5758,#5759);
#5761=CYLINDRICAL_SURFACE('',#5760,2.5E-1);
#5762=ORIENTED_EDGE('',*,*,#5716,.F.);
#5763=ORIENTED_EDGE('',*,*,#5745,.F.);
#5765=ORIENTED_EDGE('',*,*,#5764,.F.);
#5766=ORIENTED_EDGE('',*,*,#5741,.T.);
#5767=EDGE_LOOP('',(#5762,#5763,#5765,#5766));
#5768=FACE_OUTER_BOUND('',#5767,.F.);
#5770=FILL_AREA_STYLE_COLOUR('',#78);
#5771=FILL_AREA_STYLE('',(#5770));
#5772=SURFACE_STYLE_FILL_AREA(#5771);
#5773=SURFACE_SIDE_STYLE('',(#5772));
#5774=SURFACE_STYLE_USAGE(.POSITIVE.,#5773);
#5775=PRESENTATION_STYLE_ASSIGNMENT((#5774));
#5776=STYLED_ITEM('',(#5775),#5769);
#5777=CARTESIAN_POINT('',(0.E0,0.E0,-6.65E0));
#5778=DIRECTION('',(0.E0,0.E0,-1.E0));
#5779=DIRECTION('',(-1.E0,0.E0,0.E0));
#5780=AXIS2_PLACEMENT_3D('',#5777,#5778,#5779);
#5781=PLANE('',#5780);
#5782=ORIENTED_EDGE('',*,*,#5743,.T.);
#5783=ORIENTED_EDGE('',*,*,#5764,.T.);
#5784=EDGE_LOOP('',(#5782,#5783));
#5785=FACE_OUTER_BOUND('',#5784,.F.);
#5787=FILL_AREA_STYLE_COLOUR('',#80);
#5788=FILL_AREA_STYLE('',(#5787));
#5789=SURFACE_STYLE_FILL_AREA(#5788);
#5790=SURFACE_SIDE_STYLE('',(#5789));
#5791=SURFACE_STYLE_USAGE(.POSITIVE.,#5790);
#5792=PRESENTATION_STYLE_ASSIGNMENT((#5791));
#5793=STYLED_ITEM('',(#5792),#5786);
#5794=CARTESIAN_POINT('',(-1.579826519012E1,6.529144546477E0,
-1.999999952316E0));
#5795=DIRECTION('',(0.E0,0.E0,-1.E0));
#5796=DIRECTION('',(-1.E0,0.E0,0.E0));
#5797=AXIS2_PLACEMENT_3D('',#5794,#5795,#5796);
#5798=CYLINDRICAL_SURFACE('',#5797,3.E-1);
#5800=ORIENTED_EDGE('',*,*,#5799,.F.);
#5802=ORIENTED_EDGE('',*,*,#5801,.F.);
#5804=ORIENTED_EDGE('',*,*,#5803,.F.);
#5805=ORIENTED_EDGE('',*,*,#5032,.F.);
#5806=ORIENTED_EDGE('',*,*,#5030,.F.);
#5808=ORIENTED_EDGE('',*,*,#5807,.T.);
#5809=EDGE_LOOP('',(#5800,#5802,#5804,#5805,#5806,#5808));
#5810=FACE_OUTER_BOUND('',#5809,.F.);
#5812=CARTESIAN_POINT('',(0.E0,0.E0,-2.099999952316E0));
#5813=DIRECTION('',(0.E0,0.E0,-1.E0));
#5814=DIRECTION('',(-1.E0,0.E0,0.E0));
#5815=AXIS2_PLACEMENT_3D('',#5812,#5813,#5814);
#5816=PLANE('',#5815);
#5817=ORIENTED_EDGE('',*,*,#5801,.T.);
#5818=ORIENTED_EDGE('',*,*,#5799,.T.);
#5820=ORIENTED_EDGE('',*,*,#5819,.T.);
#5822=ORIENTED_EDGE('',*,*,#5821,.T.);
#5823=EDGE_LOOP('',(#5817,#5818,#5820,#5822));
#5824=FACE_OUTER_BOUND('',#5823,.F.);
#5826=ORIENTED_EDGE('',*,*,#5825,.T.);
#5828=ORIENTED_EDGE('',*,*,#5827,.T.);
#5829=EDGE_LOOP('',(#5826,#5828));
#5830=FACE_BOUND('',#5829,.F.);
#5832=CARTESIAN_POINT('',(-1.579826519012E1,6.529144546477E0,
-1.999999952316E0));
#5833=DIRECTION('',(0.E0,0.E0,-1.E0));
#5834=DIRECTION('',(-1.E0,0.E0,0.E0));
#5835=AXIS2_PLACEMENT_3D('',#5832,#5833,#5834);
#5836=CYLINDRICAL_SURFACE('',#5835,3.E-1);
#5837=ORIENTED_EDGE('',*,*,#5821,.F.);
#5838=ORIENTED_EDGE('',*,*,#5819,.F.);
#5839=ORIENTED_EDGE('',*,*,#5807,.F.);
#5840=ORIENTED_EDGE('',*,*,#5036,.F.);
#5841=ORIENTED_EDGE('',*,*,#5034,.F.);
#5842=ORIENTED_EDGE('',*,*,#5803,.T.);
#5843=EDGE_LOOP('',(#5837,#5838,#5839,#5840,#5841,#5842));
#5844=FACE_OUTER_BOUND('',#5843,.F.);
#5846=CARTESIAN_POINT('',(-1.579826486883E1,6.529144551385E0,0.E0));
#5847=DIRECTION('',(0.E0,0.E0,-1.E0));
#5848=DIRECTION('',(-1.E0,0.E0,0.E0));
#5849=AXIS2_PLACEMENT_3D('',#5846,#5847,#5848);
#5850=CYLINDRICAL_SURFACE('',#5849,2.5E-1);
#5851=ORIENTED_EDGE('',*,*,#5825,.F.);
#5853=ORIENTED_EDGE('',*,*,#5852,.F.);
#5855=ORIENTED_EDGE('',*,*,#5854,.F.);
#5857=ORIENTED_EDGE('',*,*,#5856,.T.);
#5858=EDGE_LOOP('',(#5851,#5853,#5855,#5857));
#5859=FACE_OUTER_BOUND('',#5858,.F.);
#5861=FILL_AREA_STYLE_COLOUR('',#78);
#5862=FILL_AREA_STYLE('',(#5861));
#5863=SURFACE_STYLE_FILL_AREA(#5862);
#5864=SURFACE_SIDE_STYLE('',(#5863));
#5865=SURFACE_STYLE_USAGE(.POSITIVE.,#5864);
#5866=PRESENTATION_STYLE_ASSIGNMENT((#5865));
#5867=STYLED_ITEM('',(#5866),#5860);
#5868=CARTESIAN_POINT('',(-1.579826486883E1,6.529144551385E0,0.E0));
#5869=DIRECTION('',(0.E0,0.E0,-1.E0));
#5870=DIRECTION('',(-1.E0,0.E0,0.E0));
#5871=AXIS2_PLACEMENT_3D('',#5868,#5869,#5870);
#5872=CYLINDRICAL_SURFACE('',#5871,2.5E-1);
#5873=ORIENTED_EDGE('',*,*,#5827,.F.);
#5874=ORIENTED_EDGE('',*,*,#5856,.F.);
#5876=ORIENTED_EDGE('',*,*,#5875,.F.);
#5877=ORIENTED_EDGE('',*,*,#5852,.T.);
#5878=EDGE_LOOP('',(#5873,#5874,#5876,#5877));
#5879=FACE_OUTER_BOUND('',#5878,.F.);
#5881=FILL_AREA_STYLE_COLOUR('',#78);
#5882=FILL_AREA_STYLE('',(#5881));
#5883=SURFACE_STYLE_FILL_AREA(#5882);
#5884=SURFACE_SIDE_STYLE('',(#5883));
#5885=SURFACE_STYLE_USAGE(.POSITIVE.,#5884);
#5886=PRESENTATION_STYLE_ASSIGNMENT((#5885));
#5887=STYLED_ITEM('',(#5886),#5880);
#5888=CARTESIAN_POINT('',(0.E0,0.E0,-6.65E0));
#5889=DIRECTION('',(0.E0,0.E0,-1.E0));
#5890=DIRECTION('',(-1.E0,0.E0,0.E0));
#5891=AXIS2_PLACEMENT_3D('',#5888,#5889,#5890);
#5892=PLANE('',#5891);
#5893=ORIENTED_EDGE('',*,*,#5854,.T.);
#5894=ORIENTED_EDGE('',*,*,#5875,.T.);
#5895=EDGE_LOOP('',(#5893,#5894));
#5896=FACE_OUTER_BOUND('',#5895,.F.);
#5898=FILL_AREA_STYLE_COLOUR('',#80);
#5899=FILL_AREA_STYLE('',(#5898));
#5900=SURFACE_STYLE_FILL_AREA(#5899);
#5901=SURFACE_SIDE_STYLE('',(#5900));
#5902=SURFACE_STYLE_USAGE(.POSITIVE.,#5901);
#5903=PRESENTATION_STYLE_ASSIGNMENT((#5902));
#5904=STYLED_ITEM('',(#5903),#5897);
#5905=CARTESIAN_POINT('',(-1.833826519012E1,6.529144546477E0,
-1.999999952316E0));
#5906=DIRECTION('',(0.E0,0.E0,-1.E0));
#5907=DIRECTION('',(-1.E0,0.E0,0.E0));
#5908=AXIS2_PLACEMENT_3D('',#5905,#5906,#5907);
#5909=CYLINDRICAL_SURFACE('',#5908,3.E-1);
#5911=ORIENTED_EDGE('',*,*,#5910,.F.);
#5913=ORIENTED_EDGE('',*,*,#5912,.F.);
#5915=ORIENTED_EDGE('',*,*,#5914,.F.);
#5916=ORIENTED_EDGE('',*,*,#5042,.F.);
#5917=ORIENTED_EDGE('',*,*,#5040,.F.);
#5919=ORIENTED_EDGE('',*,*,#5918,.T.);
#5920=EDGE_LOOP('',(#5911,#5913,#5915,#5916,#5917,#5919));
#5921=FACE_OUTER_BOUND('',#5920,.F.);
#5923=CARTESIAN_POINT('',(0.E0,0.E0,-2.099999952316E0));
#5924=DIRECTION('',(0.E0,0.E0,-1.E0));
#5925=DIRECTION('',(-1.E0,0.E0,0.E0));
#5926=AXIS2_PLACEMENT_3D('',#5923,#5924,#5925);
#5927=PLANE('',#5926);
#5928=ORIENTED_EDGE('',*,*,#5912,.T.);
#5929=ORIENTED_EDGE('',*,*,#5910,.T.);
#5931=ORIENTED_EDGE('',*,*,#5930,.T.);
#5933=ORIENTED_EDGE('',*,*,#5932,.T.);
#5934=EDGE_LOOP('',(#5928,#5929,#5931,#5933));
#5935=FACE_OUTER_BOUND('',#5934,.F.);
#5937=ORIENTED_EDGE('',*,*,#5936,.T.);
#5939=ORIENTED_EDGE('',*,*,#5938,.T.);
#5940=EDGE_LOOP('',(#5937,#5939));
#5941=FACE_BOUND('',#5940,.F.);
#5943=CARTESIAN_POINT('',(-1.833826519012E1,6.529144546477E0,
-1.999999952316E0));
#5944=DIRECTION('',(0.E0,0.E0,-1.E0));
#5945=DIRECTION('',(-1.E0,0.E0,0.E0));
#5946=AXIS2_PLACEMENT_3D('',#5943,#5944,#5945);
#5947=CYLINDRICAL_SURFACE('',#5946,3.E-1);
#5948=ORIENTED_EDGE('',*,*,#5932,.F.);
#5949=ORIENTED_EDGE('',*,*,#5930,.F.);
#5950=ORIENTED_EDGE('',*,*,#5918,.F.);
#5951=ORIENTED_EDGE('',*,*,#5046,.F.);
#5952=ORIENTED_EDGE('',*,*,#5044,.F.);
#5953=ORIENTED_EDGE('',*,*,#5914,.T.);
#5954=EDGE_LOOP('',(#5948,#5949,#5950,#5951,#5952,#5953));
#5955=FACE_OUTER_BOUND('',#5954,.F.);
#5957=CARTESIAN_POINT('',(-1.833826486883E1,6.529144551385E0,0.E0));
#5958=DIRECTION('',(0.E0,0.E0,-1.E0));
#5959=DIRECTION('',(-1.E0,0.E0,0.E0));
#5960=AXIS2_PLACEMENT_3D('',#5957,#5958,#5959);
#5961=CYLINDRICAL_SURFACE('',#5960,2.5E-1);
#5962=ORIENTED_EDGE('',*,*,#5936,.F.);
#5964=ORIENTED_EDGE('',*,*,#5963,.F.);
#5966=ORIENTED_EDGE('',*,*,#5965,.F.);
#5968=ORIENTED_EDGE('',*,*,#5967,.T.);
#5969=EDGE_LOOP('',(#5962,#5964,#5966,#5968));
#5970=FACE_OUTER_BOUND('',#5969,.F.);
#5972=FILL_AREA_STYLE_COLOUR('',#78);
#5973=FILL_AREA_STYLE('',(#5972));
#5974=SURFACE_STYLE_FILL_AREA(#5973);
#5975=SURFACE_SIDE_STYLE('',(#5974));
#5976=SURFACE_STYLE_USAGE(.POSITIVE.,#5975);
#5977=PRESENTATION_STYLE_ASSIGNMENT((#5976));
#5978=STYLED_ITEM('',(#5977),#5971);
#5979=CARTESIAN_POINT('',(-1.833826486883E1,6.529144551385E0,0.E0));
#5980=DIRECTION('',(0.E0,0.E0,-1.E0));
#5981=DIRECTION('',(-1.E0,0.E0,0.E0));
#5982=AXIS2_PLACEMENT_3D('',#5979,#5980,#5981);
#5983=CYLINDRICAL_SURFACE('',#5982,2.5E-1);
#5984=ORIENTED_EDGE('',*,*,#5938,.F.);
#5985=ORIENTED_EDGE('',*,*,#5967,.F.);
#5987=ORIENTED_EDGE('',*,*,#5986,.F.);
#5988=ORIENTED_EDGE('',*,*,#5963,.T.);
#5989=EDGE_LOOP('',(#5984,#5985,#5987,#5988));
#5990=FACE_OUTER_BOUND('',#5989,.F.);
#5992=FILL_AREA_STYLE_COLOUR('',#78);
#5993=FILL_AREA_STYLE('',(#5992));
#5994=SURFACE_STYLE_FILL_AREA(#5993);
#5995=SURFACE_SIDE_STYLE('',(#5994));
#5996=SURFACE_STYLE_USAGE(.POSITIVE.,#5995);
#5997=PRESENTATION_STYLE_ASSIGNMENT((#5996));
#5998=STYLED_ITEM('',(#5997),#5991);
#5999=CARTESIAN_POINT('',(0.E0,0.E0,-6.65E0));
#6000=DIRECTION('',(0.E0,0.E0,-1.E0));
#6001=DIRECTION('',(-1.E0,0.E0,0.E0));
#6002=AXIS2_PLACEMENT_3D('',#5999,#6000,#6001);
#6003=PLANE('',#6002);
#6004=ORIENTED_EDGE('',*,*,#5965,.T.);
#6005=ORIENTED_EDGE('',*,*,#5986,.T.);
#6006=EDGE_LOOP('',(#6004,#6005));
#6007=FACE_OUTER_BOUND('',#6006,.F.);
#6009=FILL_AREA_STYLE_COLOUR('',#80);
#6010=FILL_AREA_STYLE('',(#6009));
#6011=SURFACE_STYLE_FILL_AREA(#6010);
#6012=SURFACE_SIDE_STYLE('',(#6011));
#6013=SURFACE_STYLE_USAGE(.POSITIVE.,#6012);
#6014=PRESENTATION_STYLE_ASSIGNMENT((#6013));
#6015=STYLED_ITEM('',(#6014),#6008);
#6016=CARTESIAN_POINT('',(-2.062826449023E1,1.032914454273E1,
-2.549999952316E0));
#6017=DIRECTION('',(0.E0,0.E0,1.E0));
#6018=DIRECTION('',(-1.E0,0.E0,0.E0));
#6019=AXIS2_PLACEMENT_3D('',#6016,#6017,#6018);
#6020=PLANE('',#6019);
#6022=ORIENTED_EDGE('',*,*,#6021,.F.);
#6023=ORIENTED_EDGE('',*,*,#4518,.F.);
#6024=ORIENTED_EDGE('',*,*,#4470,.F.);
#6025=ORIENTED_EDGE('',*,*,#4309,.F.);
#6026=EDGE_LOOP('',(#6022,#6023,#6024,#6025));
#6027=FACE_OUTER_BOUND('',#6026,.F.);
#6029=FILL_AREA_STYLE_COLOUR('',#29);
#6030=FILL_AREA_STYLE('',(#6029));
#6031=SURFACE_STYLE_FILL_AREA(#6030);
#6032=SURFACE_SIDE_STYLE('',(#6031));
#6033=SURFACE_STYLE_USAGE(.BOTH.,#6032);
#6034=PRESENTATION_STYLE_ASSIGNMENT((#6033));
#6035=STYLED_ITEM('',(#6034),#6028);
#6036=CARTESIAN_POINT('',(-2.087826449023E1,1.032914454273E1,1.300000047684E0));
#6037=DIRECTION('',(1.E0,0.E0,0.E0));
#6038=DIRECTION('',(0.E0,-1.E0,0.E0));
#6039=AXIS2_PLACEMENT_3D('',#6036,#6037,#6038);
#6040=PLANE('',#6039);
#6041=ORIENTED_EDGE('',*,*,#6021,.T.);
#6042=ORIENTED_EDGE('',*,*,#4307,.T.);
#6044=ORIENTED_EDGE('',*,*,#6043,.F.);
#6045=ORIENTED_EDGE('',*,*,#4520,.F.);
#6046=EDGE_LOOP('',(#6041,#6042,#6044,#6045));
#6047=FACE_OUTER_BOUND('',#6046,.F.);
#6049=FILL_AREA_STYLE_COLOUR('',#29);
#6050=FILL_AREA_STYLE('',(#6049));
#6051=SURFACE_STYLE_FILL_AREA(#6050);
#6052=SURFACE_SIDE_STYLE('',(#6051));
#6053=SURFACE_STYLE_USAGE(.BOTH.,#6052);
#6054=PRESENTATION_STYLE_ASSIGNMENT((#6053));
#6055=STYLED_ITEM('',(#6054),#6048);
#6056=CARTESIAN_POINT('',(-1.452826449023E1,1.032914454273E1,5.150000047684E0));
#6057=DIRECTION('',(0.E0,0.E0,1.E0));
#6058=DIRECTION('',(-1.E0,0.E0,0.E0));
#6059=AXIS2_PLACEMENT_3D('',#6056,#6057,#6058);
#6060=PLANE('',#6059);
#6061=ORIENTED_EDGE('',*,*,#4250,.T.);
#6062=ORIENTED_EDGE('',*,*,#4522,.T.);
#6063=ORIENTED_EDGE('',*,*,#6043,.T.);
#6064=ORIENTED_EDGE('',*,*,#4305,.T.);
#6065=EDGE_LOOP('',(#6061,#6062,#6063,#6064));
#6066=FACE_OUTER_BOUND('',#6065,.F.);
#6068=ORIENTED_EDGE('',*,*,#6067,.T.);
#6070=ORIENTED_EDGE('',*,*,#6069,.T.);
#6071=EDGE_LOOP('',(#6068,#6070));
#6072=FACE_BOUND('',#6071,.F.);
#6074=ORIENTED_EDGE('',*,*,#6073,.T.);
#6076=ORIENTED_EDGE('',*,*,#6075,.T.);
#6078=ORIENTED_EDGE('',*,*,#6077,.T.);
#6080=ORIENTED_EDGE('',*,*,#6079,.T.);
#6082=ORIENTED_EDGE('',*,*,#6081,.T.);
#6084=ORIENTED_EDGE('',*,*,#6083,.T.);
#6086=ORIENTED_EDGE('',*,*,#6085,.T.);
#6088=ORIENTED_EDGE('',*,*,#6087,.T.);
#6089=EDGE_LOOP('',(#6074,#6076,#6078,#6080,#6082,#6084,#6086,#6088));
#6090=FACE_BOUND('',#6089,.F.);
#6092=ORIENTED_EDGE('',*,*,#6091,.T.);
#6094=ORIENTED_EDGE('',*,*,#6093,.T.);
#6096=ORIENTED_EDGE('',*,*,#6095,.T.);
#6098=ORIENTED_EDGE('',*,*,#6097,.T.);
#6100=ORIENTED_EDGE('',*,*,#6099,.T.);
#6102=ORIENTED_EDGE('',*,*,#6101,.T.);
#6104=ORIENTED_EDGE('',*,*,#6103,.T.);
#6106=ORIENTED_EDGE('',*,*,#6105,.T.);
#6108=ORIENTED_EDGE('',*,*,#6107,.T.);
#6110=ORIENTED_EDGE('',*,*,#6109,.T.);
#6112=ORIENTED_EDGE('',*,*,#6111,.T.);
#6114=ORIENTED_EDGE('',*,*,#6113,.T.);
#6116=ORIENTED_EDGE('',*,*,#6115,.T.);
#6118=ORIENTED_EDGE('',*,*,#6117,.T.);
#6119=EDGE_LOOP('',(#6092,#6094,#6096,#6098,#6100,#6102,#6104,#6106,#6108,#6110,
#6112,#6114,#6116,#6118));
#6120=FACE_BOUND('',#6119,.F.);
#6122=ORIENTED_EDGE('',*,*,#6121,.T.);
#6124=ORIENTED_EDGE('',*,*,#6123,.T.);
#6126=ORIENTED_EDGE('',*,*,#6125,.T.);
#6128=ORIENTED_EDGE('',*,*,#6127,.T.);
#6130=ORIENTED_EDGE('',*,*,#6129,.T.);
#6132=ORIENTED_EDGE('',*,*,#6131,.T.);
#6134=ORIENTED_EDGE('',*,*,#6133,.T.);
#6136=ORIENTED_EDGE('',*,*,#6135,.T.);
#6138=ORIENTED_EDGE('',*,*,#6137,.T.);
#6140=ORIENTED_EDGE('',*,*,#6139,.T.);
#6142=ORIENTED_EDGE('',*,*,#6141,.T.);
#6144=ORIENTED_EDGE('',*,*,#6143,.T.);
#6145=EDGE_LOOP('',(#6122,#6124,#6126,#6128,#6130,#6132,#6134,#6136,#6138,#6140,
#6142,#6144));
#6146=FACE_BOUND('',#6145,.F.);
#6148=ORIENTED_EDGE('',*,*,#6147,.T.);
#6150=ORIENTED_EDGE('',*,*,#6149,.T.);
#6152=ORIENTED_EDGE('',*,*,#6151,.T.);
#6154=ORIENTED_EDGE('',*,*,#6153,.T.);
#6156=ORIENTED_EDGE('',*,*,#6155,.T.);
#6158=ORIENTED_EDGE('',*,*,#6157,.T.);
#6160=ORIENTED_EDGE('',*,*,#6159,.T.);
#6162=ORIENTED_EDGE('',*,*,#6161,.T.);
#6164=ORIENTED_EDGE('',*,*,#6163,.T.);
#6166=ORIENTED_EDGE('',*,*,#6165,.T.);
#6168=ORIENTED_EDGE('',*,*,#6167,.T.);
#6170=ORIENTED_EDGE('',*,*,#6169,.T.);
#6172=ORIENTED_EDGE('',*,*,#6171,.T.);
#6174=ORIENTED_EDGE('',*,*,#6173,.T.);
#6176=ORIENTED_EDGE('',*,*,#6175,.T.);
#6178=ORIENTED_EDGE('',*,*,#6177,.T.);
#6180=ORIENTED_EDGE('',*,*,#6179,.T.);
#6182=ORIENTED_EDGE('',*,*,#6181,.T.);
#6184=ORIENTED_EDGE('',*,*,#6183,.T.);
#6186=ORIENTED_EDGE('',*,*,#6185,.T.);
#6188=ORIENTED_EDGE('',*,*,#6187,.T.);
#6190=ORIENTED_EDGE('',*,*,#6189,.T.);
#6192=ORIENTED_EDGE('',*,*,#6191,.T.);
#6194=ORIENTED_EDGE('',*,*,#6193,.T.);
#6196=ORIENTED_EDGE('',*,*,#6195,.T.);
#6198=ORIENTED_EDGE('',*,*,#6197,.T.);
#6199=EDGE_LOOP('',(#6148,#6150,#6152,#6154,#6156,#6158,#6160,#6162,#6164,#6166,
#6168,#6170,#6172,#6174,#6176,#6178,#6180,#6182,#6184,#6186,#6188,#6190,#6192,
#6194,#6196,#6198));
#6200=FACE_BOUND('',#6199,.F.);
#6202=ORIENTED_EDGE('',*,*,#6201,.T.);
#6204=ORIENTED_EDGE('',*,*,#6203,.T.);
#6206=ORIENTED_EDGE('',*,*,#6205,.T.);
#6208=ORIENTED_EDGE('',*,*,#6207,.T.);
#6210=ORIENTED_EDGE('',*,*,#6209,.T.);
#6212=ORIENTED_EDGE('',*,*,#6211,.T.);
#6214=ORIENTED_EDGE('',*,*,#6213,.T.);
#6215=EDGE_LOOP('',(#6202,#6204,#6206,#6208,#6210,#6212,#6214));
#6216=FACE_BOUND('',#6215,.F.);
#6218=ORIENTED_EDGE('',*,*,#6217,.T.);
#6220=ORIENTED_EDGE('',*,*,#6219,.T.);
#6222=ORIENTED_EDGE('',*,*,#6221,.T.);
#6224=ORIENTED_EDGE('',*,*,#6223,.T.);
#6226=ORIENTED_EDGE('',*,*,#6225,.T.);
#6228=ORIENTED_EDGE('',*,*,#6227,.T.);
#6230=ORIENTED_EDGE('',*,*,#6229,.T.);
#6232=ORIENTED_EDGE('',*,*,#6231,.T.);
#6234=ORIENTED_EDGE('',*,*,#6233,.T.);
#6236=ORIENTED_EDGE('',*,*,#6235,.T.);
#6238=ORIENTED_EDGE('',*,*,#6237,.T.);
#6240=ORIENTED_EDGE('',*,*,#6239,.T.);
#6242=ORIENTED_EDGE('',*,*,#6241,.T.);
#6243=EDGE_LOOP('',(#6218,#6220,#6222,#6224,#6226,#6228,#6230,#6232,#6234,#6236,
#6238,#6240,#6242));
#6244=FACE_BOUND('',#6243,.F.);
#6246=ORIENTED_EDGE('',*,*,#6245,.T.);
#6248=ORIENTED_EDGE('',*,*,#6247,.T.);
#6250=ORIENTED_EDGE('',*,*,#6249,.T.);
#6252=ORIENTED_EDGE('',*,*,#6251,.T.);
#6254=ORIENTED_EDGE('',*,*,#6253,.T.);
#6256=ORIENTED_EDGE('',*,*,#6255,.T.);
#6258=ORIENTED_EDGE('',*,*,#6257,.T.);
#6260=ORIENTED_EDGE('',*,*,#6259,.T.);
#6262=ORIENTED_EDGE('',*,*,#6261,.T.);
#6264=ORIENTED_EDGE('',*,*,#6263,.T.);
#6266=ORIENTED_EDGE('',*,*,#6265,.T.);
#6268=ORIENTED_EDGE('',*,*,#6267,.T.);
#6270=ORIENTED_EDGE('',*,*,#6269,.T.);
#6272=ORIENTED_EDGE('',*,*,#6271,.T.);
#6274=ORIENTED_EDGE('',*,*,#6273,.T.);
#6276=ORIENTED_EDGE('',*,*,#6275,.T.);
#6278=ORIENTED_EDGE('',*,*,#6277,.T.);
#6280=ORIENTED_EDGE('',*,*,#6279,.T.);
#6282=ORIENTED_EDGE('',*,*,#6281,.T.);
#6284=ORIENTED_EDGE('',*,*,#6283,.T.);
#6286=ORIENTED_EDGE('',*,*,#6285,.T.);
#6288=ORIENTED_EDGE('',*,*,#6287,.T.);
#6290=ORIENTED_EDGE('',*,*,#6289,.T.);
#6292=ORIENTED_EDGE('',*,*,#6291,.T.);
#6294=ORIENTED_EDGE('',*,*,#6293,.T.);
#6296=ORIENTED_EDGE('',*,*,#6295,.T.);
#6298=ORIENTED_EDGE('',*,*,#6297,.T.);
#6300=ORIENTED_EDGE('',*,*,#6299,.T.);
#6302=ORIENTED_EDGE('',*,*,#6301,.T.);
#6304=ORIENTED_EDGE('',*,*,#6303,.T.);
#6306=ORIENTED_EDGE('',*,*,#6305,.T.);
#6308=ORIENTED_EDGE('',*,*,#6307,.T.);
#6310=ORIENTED_EDGE('',*,*,#6309,.T.);
#6312=ORIENTED_EDGE('',*,*,#6311,.T.);
#6314=ORIENTED_EDGE('',*,*,#6313,.T.);
#6316=ORIENTED_EDGE('',*,*,#6315,.T.);
#6318=ORIENTED_EDGE('',*,*,#6317,.T.);
#6320=ORIENTED_EDGE('',*,*,#6319,.T.);
#6322=ORIENTED_EDGE('',*,*,#6321,.T.);
#6324=ORIENTED_EDGE('',*,*,#6323,.T.);
#6325=EDGE_LOOP('',(#6246,#6248,#6250,#6252,#6254,#6256,#6258,#6260,#6262,#6264,
#6266,#6268,#6270,#6272,#6274,#6276,#6278,#6280,#6282,#6284,#6286,#6288,#6290,
#6292,#6294,#6296,#6298,#6300,#6302,#6304,#6306,#6308,#6310,#6312,#6314,#6316,
#6318,#6320,#6322,#6324));
#6326=FACE_BOUND('',#6325,.F.);
#6328=ORIENTED_EDGE('',*,*,#6327,.T.);
#6330=ORIENTED_EDGE('',*,*,#6329,.T.);
#6332=ORIENTED_EDGE('',*,*,#6331,.T.);
#6334=ORIENTED_EDGE('',*,*,#6333,.T.);
#6336=ORIENTED_EDGE('',*,*,#6335,.T.);
#6338=ORIENTED_EDGE('',*,*,#6337,.T.);
#6340=ORIENTED_EDGE('',*,*,#6339,.T.);
#6342=ORIENTED_EDGE('',*,*,#6341,.T.);
#6343=EDGE_LOOP('',(#6328,#6330,#6332,#6334,#6336,#6338,#6340,#6342));
#6344=FACE_BOUND('',#6343,.F.);
#6346=ORIENTED_EDGE('',*,*,#6345,.T.);
#6348=ORIENTED_EDGE('',*,*,#6347,.T.);
#6350=ORIENTED_EDGE('',*,*,#6349,.T.);
#6352=ORIENTED_EDGE('',*,*,#6351,.T.);
#6354=ORIENTED_EDGE('',*,*,#6353,.T.);
#6356=ORIENTED_EDGE('',*,*,#6355,.T.);
#6358=ORIENTED_EDGE('',*,*,#6357,.T.);
#6360=ORIENTED_EDGE('',*,*,#6359,.T.);
#6362=ORIENTED_EDGE('',*,*,#6361,.T.);
#6364=ORIENTED_EDGE('',*,*,#6363,.T.);
#6365=EDGE_LOOP('',(#6346,#6348,#6350,#6352,#6354,#6356,#6358,#6360,#6362,
#6364));
#6366=FACE_BOUND('',#6365,.F.);
#6368=FILL_AREA_STYLE_COLOUR('',#29);
#6369=FILL_AREA_STYLE('',(#6368));
#6370=SURFACE_STYLE_FILL_AREA(#6369);
#6371=SURFACE_SIDE_STYLE('',(#6370));
#6372=SURFACE_STYLE_USAGE(.BOTH.,#6371);
#6373=PRESENTATION_STYLE_ASSIGNMENT((#6372));
#6374=STYLED_ITEM('',(#6373),#6367);
#6375=CARTESIAN_POINT('',(-1.452826449023E1,1.032914454273E1,5.150000047684E0));
#6376=DIRECTION('',(0.E0,0.E0,1.E0));
#6377=DIRECTION('',(-1.E0,0.E0,0.E0));
#6378=AXIS2_PLACEMENT_3D('',#6375,#6376,#6377);
#6379=PLANE('',#6378);
#6381=ORIENTED_EDGE('',*,*,#6380,.T.);
#6383=ORIENTED_EDGE('',*,*,#6382,.T.);
#6385=ORIENTED_EDGE('',*,*,#6384,.T.);
#6387=ORIENTED_EDGE('',*,*,#6386,.T.);
#6389=ORIENTED_EDGE('',*,*,#6388,.T.);
#6391=ORIENTED_EDGE('',*,*,#6390,.T.);
#6393=ORIENTED_EDGE('',*,*,#6392,.T.);
#6395=ORIENTED_EDGE('',*,*,#6394,.T.);
#6397=ORIENTED_EDGE('',*,*,#6396,.T.);
#6399=ORIENTED_EDGE('',*,*,#6398,.T.);
#6401=ORIENTED_EDGE('',*,*,#6400,.T.);
#6403=ORIENTED_EDGE('',*,*,#6402,.T.);
#6404=EDGE_LOOP('',(#6381,#6383,#6385,#6387,#6389,#6391,#6393,#6395,#6397,#6399,
#6401,#6403));
#6405=FACE_OUTER_BOUND('',#6404,.F.);
#6407=FILL_AREA_STYLE_COLOUR('',#29);
#6408=FILL_AREA_STYLE('',(#6407));
#6409=SURFACE_STYLE_FILL_AREA(#6408);
#6410=SURFACE_SIDE_STYLE('',(#6409));
#6411=SURFACE_STYLE_USAGE(.POSITIVE.,#6410);
#6412=PRESENTATION_STYLE_ASSIGNMENT((#6411));
#6413=STYLED_ITEM('',(#6412),#6406);
#6414=CARTESIAN_POINT('',(-1.452826449023E1,1.032914454273E1,5.150000047684E0));
#6415=DIRECTION('',(0.E0,0.E0,1.E0));
#6416=DIRECTION('',(-1.E0,0.E0,0.E0));
#6417=AXIS2_PLACEMENT_3D('',#6414,#6415,#6416);
#6418=PLANE('',#6417);
#6420=ORIENTED_EDGE('',*,*,#6419,.T.);
#6422=ORIENTED_EDGE('',*,*,#6421,.T.);
#6424=ORIENTED_EDGE('',*,*,#6423,.T.);
#6426=ORIENTED_EDGE('',*,*,#6425,.T.);
#6428=ORIENTED_EDGE('',*,*,#6427,.T.);
#6430=ORIENTED_EDGE('',*,*,#6429,.T.);
#6432=ORIENTED_EDGE('',*,*,#6431,.T.);
#6434=ORIENTED_EDGE('',*,*,#6433,.T.);
#6436=ORIENTED_EDGE('',*,*,#6435,.T.);
#6438=ORIENTED_EDGE('',*,*,#6437,.T.);
#6440=ORIENTED_EDGE('',*,*,#6439,.T.);
#6442=ORIENTED_EDGE('',*,*,#6441,.T.);
#6444=ORIENTED_EDGE('',*,*,#6443,.T.);
#6446=ORIENTED_EDGE('',*,*,#6445,.T.);
#6448=ORIENTED_EDGE('',*,*,#6447,.T.);
#6450=ORIENTED_EDGE('',*,*,#6449,.T.);
#6452=ORIENTED_EDGE('',*,*,#6451,.T.);
#6454=ORIENTED_EDGE('',*,*,#6453,.T.);
#6455=EDGE_LOOP('',(#6420,#6422,#6424,#6426,#6428,#6430,#6432,#6434,#6436,#6438,
#6440,#6442,#6444,#6446,#6448,#6450,#6452,#6454));
#6456=FACE_OUTER_BOUND('',#6455,.F.);
#6458=FILL_AREA_STYLE_COLOUR('',#29);
#6459=FILL_AREA_STYLE('',(#6458));
#6460=SURFACE_STYLE_FILL_AREA(#6459);
#6461=SURFACE_SIDE_STYLE('',(#6460));
#6462=SURFACE_STYLE_USAGE(.POSITIVE.,#6461);
#6463=PRESENTATION_STYLE_ASSIGNMENT((#6462));
#6464=STYLED_ITEM('',(#6463),#6457);
#6465=CARTESIAN_POINT('',(-1.452826449023E1,1.032914454273E1,5.150000047684E0));
#6466=DIRECTION('',(0.E0,0.E0,1.E0));
#6467=DIRECTION('',(-1.E0,0.E0,0.E0));
#6468=AXIS2_PLACEMENT_3D('',#6465,#6466,#6467);
#6469=PLANE('',#6468);
#6471=ORIENTED_EDGE('',*,*,#6470,.T.);
#6473=ORIENTED_EDGE('',*,*,#6472,.T.);
#6475=ORIENTED_EDGE('',*,*,#6474,.T.);
#6476=EDGE_LOOP('',(#6471,#6473,#6475));
#6477=FACE_OUTER_BOUND('',#6476,.F.);
#6479=FILL_AREA_STYLE_COLOUR('',#29);
#6480=FILL_AREA_STYLE('',(#6479));
#6481=SURFACE_STYLE_FILL_AREA(#6480);
#6482=SURFACE_SIDE_STYLE('',(#6481));
#6483=SURFACE_STYLE_USAGE(.POSITIVE.,#6482);
#6484=PRESENTATION_STYLE_ASSIGNMENT((#6483));
#6485=STYLED_ITEM('',(#6484),#6478);
#6486=CARTESIAN_POINT('',(-1.937826449023E1,6.779144542733E0,5.150000047684E0));
#6487=DIRECTION('',(0.E0,0.E0,1.E0));
#6488=DIRECTION('',(1.602546598846E-1,9.870757032696E-1,0.E0));
#6489=AXIS2_PLACEMENT_3D('',#6486,#6487,#6488);
#6490=CYLINDRICAL_SURFACE('',#6489,5.E-1);
#6491=ORIENTED_EDGE('',*,*,#6067,.F.);
#6493=ORIENTED_EDGE('',*,*,#6492,.F.);
#6495=ORIENTED_EDGE('',*,*,#6494,.F.);
#6497=ORIENTED_EDGE('',*,*,#6496,.T.);
#6498=EDGE_LOOP('',(#6491,#6493,#6495,#6497));
#6499=FACE_OUTER_BOUND('',#6498,.F.);
#6501=FILL_AREA_STYLE_COLOUR('',#6);
#6502=FILL_AREA_STYLE('',(#6501));
#6503=SURFACE_STYLE_FILL_AREA(#6502);
#6504=SURFACE_SIDE_STYLE('',(#6503));
#6505=SURFACE_STYLE_USAGE(.BOTH.,#6504);
#6506=PRESENTATION_STYLE_ASSIGNMENT((#6505));
#6507=STYLED_ITEM('',(#6506),#6500);
#6508=CARTESIAN_POINT('',(-1.937826449023E1,6.779144542733E0,5.150000047684E0));
#6509=DIRECTION('',(0.E0,0.E0,1.E0));
#6510=DIRECTION('',(-1.602546598846E-1,-9.870757032696E-1,0.E0));
#6511=AXIS2_PLACEMENT_3D('',#6508,#6509,#6510);
#6512=CYLINDRICAL_SURFACE('',#6511,5.E-1);
#6513=ORIENTED_EDGE('',*,*,#6069,.F.);
#6514=ORIENTED_EDGE('',*,*,#6496,.F.);
#6516=ORIENTED_EDGE('',*,*,#6515,.F.);
#6517=ORIENTED_EDGE('',*,*,#6492,.T.);
#6518=EDGE_LOOP('',(#6513,#6514,#6516,#6517));
#6519=FACE_OUTER_BOUND('',#6518,.F.);
#6521=FILL_AREA_STYLE_COLOUR('',#6);
#6522=FILL_AREA_STYLE('',(#6521));
#6523=SURFACE_STYLE_FILL_AREA(#6522);
#6524=SURFACE_SIDE_STYLE('',(#6523));
#6525=SURFACE_STYLE_USAGE(.BOTH.,#6524);
#6526=PRESENTATION_STYLE_ASSIGNMENT((#6525));
#6527=STYLED_ITEM('',(#6526),#6520);
#6528=CARTESIAN_POINT('',(-1.937813016758E1,6.779114345201E0,5.160000047684E0));
#6529=DIRECTION('',(0.E0,0.E0,1.E0));
#6530=DIRECTION('',(-1.E0,0.E0,0.E0));
#6531=AXIS2_PLACEMENT_3D('',#6528,#6529,#6530);
#6532=PLANE('',#6531);
#6533=ORIENTED_EDGE('',*,*,#6494,.T.);
#6534=ORIENTED_EDGE('',*,*,#6515,.T.);
#6535=EDGE_LOOP('',(#6533,#6534));
#6536=FACE_OUTER_BOUND('',#6535,.F.);
#6538=FILL_AREA_STYLE_COLOUR('',#80);
#6539=FILL_AREA_STYLE('',(#6538));
#6540=SURFACE_STYLE_FILL_AREA(#6539);
#6541=SURFACE_SIDE_STYLE('',(#6540));
#6542=SURFACE_STYLE_USAGE(.POSITIVE.,#6541);
#6543=FILL_AREA_STYLE_COLOUR('',#7);
#6544=FILL_AREA_STYLE('',(#6543));
#6545=SURFACE_STYLE_FILL_AREA(#6544);
#6546=SURFACE_SIDE_STYLE('',(#6545));
#6547=SURFACE_STYLE_USAGE(.NEGATIVE.,#6546);
#6548=PRESENTATION_STYLE_ASSIGNMENT((#6542,#6547));
#6549=STYLED_ITEM('',(#6548),#6537);
#6550=CARTESIAN_POINT('',(-1.756833331347E1,1.132E1,5.150000047684E0));
#6551=DIRECTION('',(0.E0,1.E0,0.E0));
#6552=DIRECTION('',(-1.E0,0.E0,0.E0));
#6553=AXIS2_PLACEMENT_3D('',#6550,#6551,#6552);
#6554=PLANE('',#6553);
#6555=ORIENTED_EDGE('',*,*,#6073,.F.);
#6557=ORIENTED_EDGE('',*,*,#6556,.T.);
#6559=ORIENTED_EDGE('',*,*,#6558,.T.);
#6561=ORIENTED_EDGE('',*,*,#6560,.F.);
#6562=EDGE_LOOP('',(#6555,#6557,#6559,#6561));
#6563=FACE_OUTER_BOUND('',#6562,.F.);
#6565=CARTESIAN_POINT('',(-1.756833331347E1,1.121361703396E1,5.150000047684E0));
#6566=DIRECTION('',(1.E0,0.E0,0.E0));
#6567=DIRECTION('',(0.E0,1.E0,0.E0));
#6568=AXIS2_PLACEMENT_3D('',#6565,#6566,#6567);
#6569=PLANE('',#6568);
#6570=ORIENTED_EDGE('',*,*,#6087,.F.);
#6572=ORIENTED_EDGE('',*,*,#6571,.T.);
#6574=ORIENTED_EDGE('',*,*,#6573,.T.);
#6575=ORIENTED_EDGE('',*,*,#6556,.F.);
#6576=EDGE_LOOP('',(#6570,#6572,#6574,#6575));
#6577=FACE_OUTER_BOUND('',#6576,.F.);
#6579=CARTESIAN_POINT('',(-1.790166665673E1,1.121361703396E1,5.150000047684E0));
#6580=DIRECTION('',(0.E0,-1.E0,0.E0));
#6581=DIRECTION('',(1.E0,0.E0,0.E0));
#6582=AXIS2_PLACEMENT_3D('',#6579,#6580,#6581);
#6583=PLANE('',#6582);
#6584=ORIENTED_EDGE('',*,*,#6085,.F.);
#6586=ORIENTED_EDGE('',*,*,#6585,.T.);
#6588=ORIENTED_EDGE('',*,*,#6587,.T.);
#6589=ORIENTED_EDGE('',*,*,#6571,.F.);
#6590=EDGE_LOOP('',(#6584,#6586,#6588,#6589));
#6591=FACE_OUTER_BOUND('',#6590,.F.);
#6593=CARTESIAN_POINT('',(-1.790166665673E1,1.032E1,5.150000047684E0));
#6594=DIRECTION('',(1.E0,0.E0,0.E0));
#6595=DIRECTION('',(0.E0,1.E0,0.E0));
#6596=AXIS2_PLACEMENT_3D('',#6593,#6594,#6595);
#6597=PLANE('',#6596);
#6598=ORIENTED_EDGE('',*,*,#6083,.F.);
#6600=ORIENTED_EDGE('',*,*,#6599,.T.);
#6602=ORIENTED_EDGE('',*,*,#6601,.T.);
#6603=ORIENTED_EDGE('',*,*,#6585,.F.);
#6604=EDGE_LOOP('',(#6598,#6600,#6602,#6603));
#6605=FACE_OUTER_BOUND('',#6604,.F.);
#6607=CARTESIAN_POINT('',(-1.802666665673E1,1.032E1,5.150000047684E0));
#6608=DIRECTION('',(0.E0,-1.E0,0.E0));
#6609=DIRECTION('',(1.E0,0.E0,0.E0));
#6610=AXIS2_PLACEMENT_3D('',#6607,#6608,#6609);
#6611=PLANE('',#6610);
#6612=ORIENTED_EDGE('',*,*,#6081,.F.);
#6614=ORIENTED_EDGE('',*,*,#6613,.T.);
#6616=ORIENTED_EDGE('',*,*,#6615,.T.);
#6617=ORIENTED_EDGE('',*,*,#6599,.F.);
#6618=EDGE_LOOP('',(#6612,#6614,#6616,#6617));
#6619=FACE_OUTER_BOUND('',#6618,.F.);
#6621=CARTESIAN_POINT('',(-1.802666665673E1,1.121361703396E1,5.150000047684E0));
#6622=DIRECTION('',(-1.E0,0.E0,0.E0));
#6623=DIRECTION('',(0.E0,-1.E0,0.E0));
#6624=AXIS2_PLACEMENT_3D('',#6621,#6622,#6623);
#6625=PLANE('',#6624);
#6626=ORIENTED_EDGE('',*,*,#6079,.F.);
#6628=ORIENTED_EDGE('',*,*,#6627,.T.);
#6630=ORIENTED_EDGE('',*,*,#6629,.T.);
#6631=ORIENTED_EDGE('',*,*,#6613,.F.);
#6632=EDGE_LOOP('',(#6626,#6628,#6630,#6631));
#6633=FACE_OUTER_BOUND('',#6632,.F.);
#6635=CARTESIAN_POINT('',(-1.836E1,1.121361703396E1,5.150000047684E0));
#6636=DIRECTION('',(0.E0,-1.E0,0.E0));
#6637=DIRECTION('',(1.E0,0.E0,0.E0));
#6638=AXIS2_PLACEMENT_3D('',#6635,#6636,#6637);
#6639=PLANE('',#6638);
#6640=ORIENTED_EDGE('',*,*,#6077,.F.);
#6642=ORIENTED_EDGE('',*,*,#6641,.T.);
#6644=ORIENTED_EDGE('',*,*,#6643,.T.);
#6645=ORIENTED_EDGE('',*,*,#6627,.F.);
#6646=EDGE_LOOP('',(#6640,#6642,#6644,#6645));
#6647=FACE_OUTER_BOUND('',#6646,.F.);
#6649=CARTESIAN_POINT('',(-1.836E1,1.132E1,5.150000047684E0));
#6650=DIRECTION('',(-1.E0,0.E0,0.E0));
#6651=DIRECTION('',(0.E0,-1.E0,0.E0));
#6652=AXIS2_PLACEMENT_3D('',#6649,#6650,#6651);
#6653=PLANE('',#6652);
#6654=ORIENTED_EDGE('',*,*,#6075,.F.);
#6655=ORIENTED_EDGE('',*,*,#6560,.T.);
#6657=ORIENTED_EDGE('',*,*,#6656,.T.);
#6658=ORIENTED_EDGE('',*,*,#6641,.F.);
#6659=EDGE_LOOP('',(#6654,#6655,#6657,#6658));
#6660=FACE_OUTER_BOUND('',#6659,.F.);
#6662=CARTESIAN_POINT('',(0.E0,0.E0,5.050000047684E0));
#6663=DIRECTION('',(0.E0,0.E0,1.E0));
#6664=DIRECTION('',(1.E0,0.E0,0.E0));
#6665=AXIS2_PLACEMENT_3D('',#6662,#6663,#6664);
#6666=PLANE('',#6665);
#6667=ORIENTED_EDGE('',*,*,#6558,.F.);
#6668=ORIENTED_EDGE('',*,*,#6573,.F.);
#6669=ORIENTED_EDGE('',*,*,#6587,.F.);
#6670=ORIENTED_EDGE('',*,*,#6601,.F.);
#6671=ORIENTED_EDGE('',*,*,#6615,.F.);
#6672=ORIENTED_EDGE('',*,*,#6629,.F.);
#6673=ORIENTED_EDGE('',*,*,#6643,.F.);
#6674=ORIENTED_EDGE('',*,*,#6656,.F.);
#6675=EDGE_LOOP('',(#6667,#6668,#6669,#6670,#6671,#6672,#6673,#6674));
#6676=FACE_OUTER_BOUND('',#6675,.F.);
#6678=FILL_AREA_STYLE_COLOUR('',#79);
#6679=FILL_AREA_STYLE('',(#6678));
#6680=SURFACE_STYLE_FILL_AREA(#6679);
#6681=SURFACE_SIDE_STYLE('',(#6680));
#6682=SURFACE_STYLE_USAGE(.POSITIVE.,#6681);
#6683=PRESENTATION_STYLE_ASSIGNMENT((#6682));
#6684=STYLED_ITEM('',(#6683),#6677);
#6685=CARTESIAN_POINT('',(0.E0,0.E0,5.050000047684E0));
#6686=DIRECTION('',(0.E0,0.E0,1.E0));
#6687=DIRECTION('',(1.E0,0.E0,0.E0));
#6688=AXIS2_PLACEMENT_3D('',#6685,#6686,#6687);
#6689=PLANE('',#6688);
#6691=ORIENTED_EDGE('',*,*,#6690,.F.);
#6693=ORIENTED_EDGE('',*,*,#6692,.F.);
#6695=ORIENTED_EDGE('',*,*,#6694,.F.);
#6697=ORIENTED_EDGE('',*,*,#6696,.F.);
#6699=ORIENTED_EDGE('',*,*,#6698,.F.);
#6701=ORIENTED_EDGE('',*,*,#6700,.F.);
#6703=ORIENTED_EDGE('',*,*,#6702,.F.);
#6705=ORIENTED_EDGE('',*,*,#6704,.F.);
#6707=ORIENTED_EDGE('',*,*,#6706,.F.);
#6709=ORIENTED_EDGE('',*,*,#6708,.F.);
#6711=ORIENTED_EDGE('',*,*,#6710,.F.);
#6713=ORIENTED_EDGE('',*,*,#6712,.F.);
#6715=ORIENTED_EDGE('',*,*,#6714,.F.);
#6717=ORIENTED_EDGE('',*,*,#6716,.F.);
#6718=EDGE_LOOP('',(#6691,#6693,#6695,#6697,#6699,#6701,#6703,#6705,#6707,#6709,
#6711,#6713,#6715,#6717));
#6719=FACE_OUTER_BOUND('',#6718,.F.);
#6721=ORIENTED_EDGE('',*,*,#6720,.F.);
#6723=ORIENTED_EDGE('',*,*,#6722,.F.);
#6725=ORIENTED_EDGE('',*,*,#6724,.F.);
#6727=ORIENTED_EDGE('',*,*,#6726,.F.);
#6729=ORIENTED_EDGE('',*,*,#6728,.F.);
#6731=ORIENTED_EDGE('',*,*,#6730,.F.);
#6733=ORIENTED_EDGE('',*,*,#6732,.F.);
#6735=ORIENTED_EDGE('',*,*,#6734,.F.);
#6737=ORIENTED_EDGE('',*,*,#6736,.F.);
#6739=ORIENTED_EDGE('',*,*,#6738,.F.);
#6741=ORIENTED_EDGE('',*,*,#6740,.F.);
#6743=ORIENTED_EDGE('',*,*,#6742,.F.);
#6744=EDGE_LOOP('',(#6721,#6723,#6725,#6727,#6729,#6731,#6733,#6735,#6737,#6739,
#6741,#6743));
#6745=FACE_BOUND('',#6744,.F.);
#6747=FILL_AREA_STYLE_COLOUR('',#79);
#6748=FILL_AREA_STYLE('',(#6747));
#6749=SURFACE_STYLE_FILL_AREA(#6748);
#6750=SURFACE_SIDE_STYLE('',(#6749));
#6751=SURFACE_STYLE_USAGE(.POSITIVE.,#6750);
#6752=PRESENTATION_STYLE_ASSIGNMENT((#6751));
#6753=STYLED_ITEM('',(#6752),#6746);
#6754=CARTESIAN_POINT('',(0.E0,0.E0,5.050000047684E0));
#6755=DIRECTION('',(0.E0,0.E0,1.E0));
#6756=DIRECTION('',(1.E0,0.E0,0.E0));
#6757=AXIS2_PLACEMENT_3D('',#6754,#6755,#6756);
#6758=PLANE('',#6757);
#6760=ORIENTED_EDGE('',*,*,#6759,.F.);
#6762=ORIENTED_EDGE('',*,*,#6761,.F.);
#6764=ORIENTED_EDGE('',*,*,#6763,.F.);
#6766=ORIENTED_EDGE('',*,*,#6765,.F.);
#6768=ORIENTED_EDGE('',*,*,#6767,.F.);
#6770=ORIENTED_EDGE('',*,*,#6769,.F.);
#6772=ORIENTED_EDGE('',*,*,#6771,.F.);
#6774=ORIENTED_EDGE('',*,*,#6773,.F.);
#6776=ORIENTED_EDGE('',*,*,#6775,.F.);
#6778=ORIENTED_EDGE('',*,*,#6777,.F.);
#6780=ORIENTED_EDGE('',*,*,#6779,.F.);
#6782=ORIENTED_EDGE('',*,*,#6781,.F.);
#6783=EDGE_LOOP('',(#6760,#6762,#6764,#6766,#6768,#6770,#6772,#6774,#6776,#6778,
#6780,#6782));
#6784=FACE_OUTER_BOUND('',#6783,.F.);
#6786=FILL_AREA_STYLE_COLOUR('',#79);
#6787=FILL_AREA_STYLE('',(#6786));
#6788=SURFACE_STYLE_FILL_AREA(#6787);
#6789=SURFACE_SIDE_STYLE('',(#6788));
#6790=SURFACE_STYLE_USAGE(.POSITIVE.,#6789);
#6791=PRESENTATION_STYLE_ASSIGNMENT((#6790));
#6792=STYLED_ITEM('',(#6791),#6785);
#6793=CARTESIAN_POINT('',(0.E0,0.E0,5.050000047684E0));
#6794=DIRECTION('',(0.E0,0.E0,1.E0));
#6795=DIRECTION('',(1.E0,0.E0,0.E0));
#6796=AXIS2_PLACEMENT_3D('',#6793,#6794,#6795);
#6797=PLANE('',#6796);
#6799=ORIENTED_EDGE('',*,*,#6798,.F.);
#6801=ORIENTED_EDGE('',*,*,#6800,.F.);
#6803=ORIENTED_EDGE('',*,*,#6802,.F.);
#6805=ORIENTED_EDGE('',*,*,#6804,.F.);
#6807=ORIENTED_EDGE('',*,*,#6806,.F.);
#6809=ORIENTED_EDGE('',*,*,#6808,.F.);
#6811=ORIENTED_EDGE('',*,*,#6810,.F.);
#6813=ORIENTED_EDGE('',*,*,#6812,.F.);
#6815=ORIENTED_EDGE('',*,*,#6814,.F.);
#6817=ORIENTED_EDGE('',*,*,#6816,.F.);
#6819=ORIENTED_EDGE('',*,*,#6818,.F.);
#6821=ORIENTED_EDGE('',*,*,#6820,.F.);
#6823=ORIENTED_EDGE('',*,*,#6822,.F.);
#6825=ORIENTED_EDGE('',*,*,#6824,.F.);
#6827=ORIENTED_EDGE('',*,*,#6826,.F.);
#6829=ORIENTED_EDGE('',*,*,#6828,.F.);
#6831=ORIENTED_EDGE('',*,*,#6830,.F.);
#6833=ORIENTED_EDGE('',*,*,#6832,.F.);
#6835=ORIENTED_EDGE('',*,*,#6834,.F.);
#6837=ORIENTED_EDGE('',*,*,#6836,.F.);
#6839=ORIENTED_EDGE('',*,*,#6838,.F.);
#6841=ORIENTED_EDGE('',*,*,#6840,.F.);
#6843=ORIENTED_EDGE('',*,*,#6842,.F.);
#6845=ORIENTED_EDGE('',*,*,#6844,.F.);
#6847=ORIENTED_EDGE('',*,*,#6846,.F.);
#6849=ORIENTED_EDGE('',*,*,#6848,.F.);
#6850=EDGE_LOOP('',(#6799,#6801,#6803,#6805,#6807,#6809,#6811,#6813,#6815,#6817,
#6819,#6821,#6823,#6825,#6827,#6829,#6831,#6833,#6835,#6837,#6839,#6841,#6843,
#6845,#6847,#6849));
#6851=FACE_OUTER_BOUND('',#6850,.F.);
#6853=ORIENTED_EDGE('',*,*,#6852,.F.);
#6855=ORIENTED_EDGE('',*,*,#6854,.F.);
#6857=ORIENTED_EDGE('',*,*,#6856,.F.);
#6859=ORIENTED_EDGE('',*,*,#6858,.F.);
#6861=ORIENTED_EDGE('',*,*,#6860,.F.);
#6863=ORIENTED_EDGE('',*,*,#6862,.F.);
#6865=ORIENTED_EDGE('',*,*,#6864,.F.);
#6867=ORIENTED_EDGE('',*,*,#6866,.F.);
#6869=ORIENTED_EDGE('',*,*,#6868,.F.);
#6871=ORIENTED_EDGE('',*,*,#6870,.F.);
#6873=ORIENTED_EDGE('',*,*,#6872,.F.);
#6875=ORIENTED_EDGE('',*,*,#6874,.F.);
#6877=ORIENTED_EDGE('',*,*,#6876,.F.);
#6879=ORIENTED_EDGE('',*,*,#6878,.F.);
#6881=ORIENTED_EDGE('',*,*,#6880,.F.);
#6883=ORIENTED_EDGE('',*,*,#6882,.F.);
#6885=ORIENTED_EDGE('',*,*,#6884,.F.);
#6887=ORIENTED_EDGE('',*,*,#6886,.F.);
#6888=EDGE_LOOP('',(#6853,#6855,#6857,#6859,#6861,#6863,#6865,#6867,#6869,#6871,
#6873,#6875,#6877,#6879,#6881,#6883,#6885,#6887));
#6889=FACE_BOUND('',#6888,.F.);
#6891=FILL_AREA_STYLE_COLOUR('',#79);
#6892=FILL_AREA_STYLE('',(#6891));
#6893=SURFACE_STYLE_FILL_AREA(#6892);
#6894=SURFACE_SIDE_STYLE('',(#6893));
#6895=SURFACE_STYLE_USAGE(.POSITIVE.,#6894);
#6896=PRESENTATION_STYLE_ASSIGNMENT((#6895));
#6897=STYLED_ITEM('',(#6896),#6890);
#6898=CARTESIAN_POINT('',(0.E0,0.E0,5.050000047684E0));
#6899=DIRECTION('',(0.E0,0.E0,1.E0));
#6900=DIRECTION('',(1.E0,0.E0,0.E0));
#6901=AXIS2_PLACEMENT_3D('',#6898,#6899,#6900);
#6902=PLANE('',#6901);
#6904=ORIENTED_EDGE('',*,*,#6903,.F.);
#6906=ORIENTED_EDGE('',*,*,#6905,.F.);
#6908=ORIENTED_EDGE('',*,*,#6907,.F.);
#6910=ORIENTED_EDGE('',*,*,#6909,.F.);
#6912=ORIENTED_EDGE('',*,*,#6911,.F.);
#6914=ORIENTED_EDGE('',*,*,#6913,.F.);
#6916=ORIENTED_EDGE('',*,*,#6915,.F.);
#6917=EDGE_LOOP('',(#6904,#6906,#6908,#6910,#6912,#6914,#6916));
#6918=FACE_OUTER_BOUND('',#6917,.F.);
#6920=FILL_AREA_STYLE_COLOUR('',#79);
#6921=FILL_AREA_STYLE('',(#6920));
#6922=SURFACE_STYLE_FILL_AREA(#6921);
#6923=SURFACE_SIDE_STYLE('',(#6922));
#6924=SURFACE_STYLE_USAGE(.POSITIVE.,#6923);
#6925=PRESENTATION_STYLE_ASSIGNMENT((#6924));
#6926=STYLED_ITEM('',(#6925),#6919);
#6927=CARTESIAN_POINT('',(0.E0,0.E0,5.050000047684E0));
#6928=DIRECTION('',(0.E0,0.E0,1.E0));
#6929=DIRECTION('',(1.E0,0.E0,0.E0));
#6930=AXIS2_PLACEMENT_3D('',#6927,#6928,#6929);
#6931=PLANE('',#6930);
#6933=ORIENTED_EDGE('',*,*,#6932,.F.);
#6935=ORIENTED_EDGE('',*,*,#6934,.F.);
#6937=ORIENTED_EDGE('',*,*,#6936,.F.);
#6939=ORIENTED_EDGE('',*,*,#6938,.F.);
#6941=ORIENTED_EDGE('',*,*,#6940,.F.);
#6943=ORIENTED_EDGE('',*,*,#6942,.F.);
#6945=ORIENTED_EDGE('',*,*,#6944,.F.);
#6947=ORIENTED_EDGE('',*,*,#6946,.F.);
#6949=ORIENTED_EDGE('',*,*,#6948,.F.);
#6951=ORIENTED_EDGE('',*,*,#6950,.F.);
#6953=ORIENTED_EDGE('',*,*,#6952,.F.);
#6955=ORIENTED_EDGE('',*,*,#6954,.F.);
#6957=ORIENTED_EDGE('',*,*,#6956,.F.);
#6958=EDGE_LOOP('',(#6933,#6935,#6937,#6939,#6941,#6943,#6945,#6947,#6949,#6951,
#6953,#6955,#6957));
#6959=FACE_OUTER_BOUND('',#6958,.F.);
#6961=FILL_AREA_STYLE_COLOUR('',#79);
#6962=FILL_AREA_STYLE('',(#6961));
#6963=SURFACE_STYLE_FILL_AREA(#6962);
#6964=SURFACE_SIDE_STYLE('',(#6963));
#6965=SURFACE_STYLE_USAGE(.POSITIVE.,#6964);
#6966=PRESENTATION_STYLE_ASSIGNMENT((#6965));
#6967=STYLED_ITEM('',(#6966),#6960);
#6968=CARTESIAN_POINT('',(0.E0,0.E0,5.050000047684E0));
#6969=DIRECTION('',(0.E0,0.E0,1.E0));
#6970=DIRECTION('',(1.E0,0.E0,0.E0));
#6971=AXIS2_PLACEMENT_3D('',#6968,#6969,#6970);
#6972=PLANE('',#6971);
#6974=ORIENTED_EDGE('',*,*,#6973,.F.);
#6976=ORIENTED_EDGE('',*,*,#6975,.F.);
#6978=ORIENTED_EDGE('',*,*,#6977,.F.);
#6980=ORIENTED_EDGE('',*,*,#6979,.F.);
#6982=ORIENTED_EDGE('',*,*,#6981,.F.);
#6984=ORIENTED_EDGE('',*,*,#6983,.F.);
#6986=ORIENTED_EDGE('',*,*,#6985,.F.);
#6988=ORIENTED_EDGE('',*,*,#6987,.F.);
#6990=ORIENTED_EDGE('',*,*,#6989,.F.);
#6992=ORIENTED_EDGE('',*,*,#6991,.F.);
#6994=ORIENTED_EDGE('',*,*,#6993,.F.);
#6996=ORIENTED_EDGE('',*,*,#6995,.F.);
#6998=ORIENTED_EDGE('',*,*,#6997,.F.);
#7000=ORIENTED_EDGE('',*,*,#6999,.F.);
#7002=ORIENTED_EDGE('',*,*,#7001,.F.);
#7004=ORIENTED_EDGE('',*,*,#7003,.F.);
#7006=ORIENTED_EDGE('',*,*,#7005,.F.);
#7008=ORIENTED_EDGE('',*,*,#7007,.F.);
#7010=ORIENTED_EDGE('',*,*,#7009,.F.);
#7012=ORIENTED_EDGE('',*,*,#7011,.F.);
#7014=ORIENTED_EDGE('',*,*,#7013,.F.);
#7016=ORIENTED_EDGE('',*,*,#7015,.F.);
#7018=ORIENTED_EDGE('',*,*,#7017,.F.);
#7020=ORIENTED_EDGE('',*,*,#7019,.F.);
#7022=ORIENTED_EDGE('',*,*,#7021,.F.);
#7024=ORIENTED_EDGE('',*,*,#7023,.F.);
#7026=ORIENTED_EDGE('',*,*,#7025,.F.);
#7028=ORIENTED_EDGE('',*,*,#7027,.F.);
#7030=ORIENTED_EDGE('',*,*,#7029,.F.);
#7032=ORIENTED_EDGE('',*,*,#7031,.F.);
#7034=ORIENTED_EDGE('',*,*,#7033,.F.);
#7036=ORIENTED_EDGE('',*,*,#7035,.F.);
#7038=ORIENTED_EDGE('',*,*,#7037,.F.);
#7040=ORIENTED_EDGE('',*,*,#7039,.F.);
#7042=ORIENTED_EDGE('',*,*,#7041,.F.);
#7044=ORIENTED_EDGE('',*,*,#7043,.F.);
#7046=ORIENTED_EDGE('',*,*,#7045,.F.);
#7048=ORIENTED_EDGE('',*,*,#7047,.F.);
#7050=ORIENTED_EDGE('',*,*,#7049,.F.);
#7052=ORIENTED_EDGE('',*,*,#7051,.F.);
#7053=EDGE_LOOP('',(#6974,#6976,#6978,#6980,#6982,#6984,#6986,#6988,#6990,#6992,
#6994,#6996,#6998,#7000,#7002,#7004,#7006,#7008,#7010,#7012,#7014,#7016,#7018,
#7020,#7022,#7024,#7026,#7028,#7030,#7032,#7034,#7036,#7038,#7040,#7042,#7044,
#7046,#7048,#7050,#7052));
#7054=FACE_OUTER_BOUND('',#7053,.F.);
#7056=FILL_AREA_STYLE_COLOUR('',#79);
#7057=FILL_AREA_STYLE('',(#7056));
#7058=SURFACE_STYLE_FILL_AREA(#7057);
#7059=SURFACE_SIDE_STYLE('',(#7058));
#7060=SURFACE_STYLE_USAGE(.POSITIVE.,#7059);
#7061=PRESENTATION_STYLE_ASSIGNMENT((#7060));
#7062=STYLED_ITEM('',(#7061),#7055);
#7063=CARTESIAN_POINT('',(0.E0,0.E0,5.050000047684E0));
#7064=DIRECTION('',(0.E0,0.E0,1.E0));
#7065=DIRECTION('',(1.E0,0.E0,0.E0));
#7066=AXIS2_PLACEMENT_3D('',#7063,#7064,#7065);
#7067=PLANE('',#7066);
#7069=ORIENTED_EDGE('',*,*,#7068,.F.);
#7071=ORIENTED_EDGE('',*,*,#7070,.F.);
#7073=ORIENTED_EDGE('',*,*,#7072,.F.);
#7075=ORIENTED_EDGE('',*,*,#7074,.F.);
#7077=ORIENTED_EDGE('',*,*,#7076,.F.);
#7079=ORIENTED_EDGE('',*,*,#7078,.F.);
#7081=ORIENTED_EDGE('',*,*,#7080,.F.);
#7083=ORIENTED_EDGE('',*,*,#7082,.F.);
#7084=EDGE_LOOP('',(#7069,#7071,#7073,#7075,#7077,#7079,#7081,#7083));
#7085=FACE_OUTER_BOUND('',#7084,.F.);
#7087=ORIENTED_EDGE('',*,*,#7086,.F.);
#7089=ORIENTED_EDGE('',*,*,#7088,.F.);
#7091=ORIENTED_EDGE('',*,*,#7090,.F.);
#7092=EDGE_LOOP('',(#7087,#7089,#7091));
#7093=FACE_BOUND('',#7092,.F.);
#7095=FILL_AREA_STYLE_COLOUR('',#79);
#7096=FILL_AREA_STYLE('',(#7095));
#7097=SURFACE_STYLE_FILL_AREA(#7096);
#7098=SURFACE_SIDE_STYLE('',(#7097));
#7099=SURFACE_STYLE_USAGE(.POSITIVE.,#7098);
#7100=PRESENTATION_STYLE_ASSIGNMENT((#7099));
#7101=STYLED_ITEM('',(#7100),#7094);
#7102=CARTESIAN_POINT('',(0.E0,0.E0,5.050000047684E0));
#7103=DIRECTION('',(0.E0,0.E0,1.E0));
#7104=DIRECTION('',(1.E0,0.E0,0.E0));
#7105=AXIS2_PLACEMENT_3D('',#7102,#7103,#7104);
#7106=PLANE('',#7105);
#7108=ORIENTED_EDGE('',*,*,#7107,.F.);
#7110=ORIENTED_EDGE('',*,*,#7109,.F.);
#7112=ORIENTED_EDGE('',*,*,#7111,.F.);
#7114=ORIENTED_EDGE('',*,*,#7113,.F.);
#7116=ORIENTED_EDGE('',*,*,#7115,.F.);
#7118=ORIENTED_EDGE('',*,*,#7117,.F.);
#7120=ORIENTED_EDGE('',*,*,#7119,.F.);
#7122=ORIENTED_EDGE('',*,*,#7121,.F.);
#7124=ORIENTED_EDGE('',*,*,#7123,.F.);
#7126=ORIENTED_EDGE('',*,*,#7125,.F.);
#7127=EDGE_LOOP('',(#7108,#7110,#7112,#7114,#7116,#7118,#7120,#7122,#7124,
#7126));
#7128=FACE_OUTER_BOUND('',#7127,.F.);
#7130=FILL_AREA_STYLE_COLOUR('',#79);
#7131=FILL_AREA_STYLE('',(#7130));
#7132=SURFACE_STYLE_FILL_AREA(#7131);
#7133=SURFACE_SIDE_STYLE('',(#7132));
#7134=SURFACE_STYLE_USAGE(.POSITIVE.,#7133);
#7135=PRESENTATION_STYLE_ASSIGNMENT((#7134));
#7136=STYLED_ITEM('',(#7135),#7129);
#7137=CARTESIAN_POINT('',(-1.690166662693E1,1.132E1,5.150000047684E0));
#7138=DIRECTION('',(0.E0,1.E0,0.E0));
#7139=DIRECTION('',(-1.E0,0.E0,0.E0));
#7140=AXIS2_PLACEMENT_3D('',#7137,#7138,#7139);
#7141=PLANE('',#7140);
#7142=ORIENTED_EDGE('',*,*,#6091,.F.);
#7144=ORIENTED_EDGE('',*,*,#7143,.T.);
#7145=ORIENTED_EDGE('',*,*,#6690,.T.);
#7147=ORIENTED_EDGE('',*,*,#7146,.F.);
#7148=EDGE_LOOP('',(#7142,#7144,#7145,#7147));
#7149=FACE_OUTER_BOUND('',#7148,.F.);
#7151=CARTESIAN_POINT('',(-1.67975E1,1.129872340679E1,5.150000047684E0));
#7152=DIRECTION('',(2.001234283435E-1,9.797706943097E-1,0.E0));
#7153=DIRECTION('',(-9.797706943097E-1,2.001234283435E-1,0.E0));
#7154=AXIS2_PLACEMENT_3D('',#7151,#7152,#7153);
#7155=PLANE('',#7154);
#7156=ORIENTED_EDGE('',*,*,#6117,.F.);
#7158=ORIENTED_EDGE('',*,*,#7157,.T.);
#7159=ORIENTED_EDGE('',*,*,#6692,.T.);
#7160=ORIENTED_EDGE('',*,*,#7143,.F.);
#7161=EDGE_LOOP('',(#7156,#7158,#7159,#7160));
#7162=FACE_OUTER_BOUND('',#7161,.F.);
#7164=CARTESIAN_POINT('',(-1.671416662693E1,1.125617022038E1,5.150000047684E0));
#7165=DIRECTION('',(4.547769415434E-1,8.906053746977E-1,0.E0));
#7166=DIRECTION('',(-8.906053746977E-1,4.547769415434E-1,0.E0));
#7167=AXIS2_PLACEMENT_3D('',#7164,#7165,#7166);
#7168=PLANE('',#7167);
#7169=ORIENTED_EDGE('',*,*,#6115,.F.);
#7171=ORIENTED_EDGE('',*,*,#7170,.T.);
#7172=ORIENTED_EDGE('',*,*,#6694,.T.);
#7173=ORIENTED_EDGE('',*,*,#7157,.F.);
#7174=EDGE_LOOP('',(#7169,#7171,#7172,#7173));
#7175=FACE_OUTER_BOUND('',#7174,.F.);
#7177=CARTESIAN_POINT('',(-1.663083337307E1,1.117106384754E1,5.150000047684E0));
#7178=DIRECTION('',(7.145107183351E-1,6.996244945571E-1,0.E0));
#7179=DIRECTION('',(-6.996244945571E-1,7.145107183351E-1,0.E0));
#7180=AXIS2_PLACEMENT_3D('',#7177,#7178,#7179);
#7181=PLANE('',#7180);
#7182=ORIENTED_EDGE('',*,*,#6113,.F.);
#7184=ORIENTED_EDGE('',*,*,#7183,.T.);
#7185=ORIENTED_EDGE('',*,*,#6696,.T.);
#7186=ORIENTED_EDGE('',*,*,#7170,.F.);
#7187=EDGE_LOOP('',(#7182,#7184,#7185,#7186));
#7188=FACE_OUTER_BOUND('',#7187,.F.);
#7190=CARTESIAN_POINT('',(-1.658916662693E1,1.108595747471E1,5.150000047684E0));
#7191=DIRECTION('',(8.981377659536E-1,4.397141723527E-1,0.E0));
#7192=DIRECTION('',(-4.397141723527E-1,8.981377659536E-1,0.E0));
#7193=AXIS2_PLACEMENT_3D('',#7190,#7191,#7192);
#7194=PLANE('',#7193);
#7195=ORIENTED_EDGE('',*,*,#6111,.F.);
#7197=ORIENTED_EDGE('',*,*,#7196,.T.);
#7198=ORIENTED_EDGE('',*,*,#6698,.T.);
#7199=ORIENTED_EDGE('',*,*,#7183,.F.);
#7200=EDGE_LOOP('',(#7195,#7197,#7198,#7199));
#7201=FACE_OUTER_BOUND('',#7200,.F.);
#7203=CARTESIAN_POINT('',(-1.656833337307E1,1.097957444906E1,5.150000047684E0));
#7204=DIRECTION('',(9.813592930674E-1,1.921820436730E-1,0.E0));
#7205=DIRECTION('',(-1.921820436730E-1,9.813592930674E-1,0.E0));
#7206=AXIS2_PLACEMENT_3D('',#7203,#7204,#7205);
#7207=PLANE('',#7206);
#7208=ORIENTED_EDGE('',*,*,#6109,.F.);
#7210=ORIENTED_EDGE('',*,*,#7209,.T.);
#7211=ORIENTED_EDGE('',*,*,#6700,.T.);
#7212=ORIENTED_EDGE('',*,*,#7196,.F.);
#7213=EDGE_LOOP('',(#7208,#7210,#7211,#7212));
#7214=FACE_OUTER_BOUND('',#7213,.F.);
#7216=CARTESIAN_POINT('',(-1.656833337307E1,1.066042552114E1,5.150000047684E0));
#7217=DIRECTION('',(1.E0,0.E0,0.E0));
#7218=DIRECTION('',(0.E0,1.E0,0.E0));
#7219=AXIS2_PLACEMENT_3D('',#7216,#7217,#7218);
#7220=PLANE('',#7219);
#7221=ORIENTED_EDGE('',*,*,#6107,.F.);
#7223=ORIENTED_EDGE('',*,*,#7222,.T.);
#7224=ORIENTED_EDGE('',*,*,#6702,.T.);
#7225=ORIENTED_EDGE('',*,*,#7209,.F.);
#7226=EDGE_LOOP('',(#7221,#7223,#7224,#7225));
#7227=FACE_OUTER_BOUND('',#7226,.F.);
#7229=CARTESIAN_POINT('',(-1.658916662693E1,1.055404255509E1,5.150000047684E0));
#7230=DIRECTION('',(9.813592727596E-1,-1.921821473726E-1,0.E0));
#7231=DIRECTION('',(1.921821473726E-1,9.813592727596E-1,0.E0));
#7232=AXIS2_PLACEMENT_3D('',#7229,#7230,#7231);
#7233=PLANE('',#7232);
#7234=ORIENTED_EDGE('',*,*,#6105,.F.);
#7236=ORIENTED_EDGE('',*,*,#7235,.T.);
#7237=ORIENTED_EDGE('',*,*,#6704,.T.);
#7238=ORIENTED_EDGE('',*,*,#7222,.F.);
#7239=EDGE_LOOP('',(#7234,#7236,#7237,#7238));
#7240=FACE_OUTER_BOUND('',#7239,.F.);
#7242=CARTESIAN_POINT('',(-1.663083337307E1,1.046893616736E1,5.150000047684E0));
#7243=DIRECTION('',(8.981377963584E-1,-4.397141102494E-1,0.E0));
#7244=DIRECTION('',(4.397141102494E-1,8.981377963584E-1,0.E0));
#7245=AXIS2_PLACEMENT_3D('',#7242,#7243,#7244);
#7246=PLANE('',#7245);
#7247=ORIENTED_EDGE('',*,*,#6103,.F.);
#7249=ORIENTED_EDGE('',*,*,#7248,.T.);
#7250=ORIENTED_EDGE('',*,*,#6706,.T.);
#7251=ORIENTED_EDGE('',*,*,#7235,.F.);
#7252=EDGE_LOOP('',(#7247,#7249,#7250,#7251));
#7253=FACE_OUTER_BOUND('',#7252,.F.);
#7255=CARTESIAN_POINT('',(-1.671416662693E1,1.038382978708E1,5.150000047684E0));
#7256=DIRECTION('',(7.145107489524E-1,-6.996244632883E-1,0.E0));
#7257=DIRECTION('',(6.996244632883E-1,7.145107489524E-1,0.E0));
#7258=AXIS2_PLACEMENT_3D('',#7255,#7256,#7257);
#7259=PLANE('',#7258);
#7260=ORIENTED_EDGE('',*,*,#6101,.F.);
#7262=ORIENTED_EDGE('',*,*,#7261,.T.);
#7263=ORIENTED_EDGE('',*,*,#6708,.T.);
#7264=ORIENTED_EDGE('',*,*,#7248,.F.);
#7265=EDGE_LOOP('',(#7260,#7262,#7263,#7264));
#7266=FACE_OUTER_BOUND('',#7265,.F.);
#7268=CARTESIAN_POINT('',(-1.67975E1,1.034127659507E1,5.150000047684E0));
#7269=DIRECTION('',(4.547769889117E-1,-8.906053505096E-1,0.E0));
#7270=DIRECTION('',(8.906053505096E-1,4.547769889117E-1,0.E0));
#7271=AXIS2_PLACEMENT_3D('',#7268,#7269,#7270);
#7272=PLANE('',#7271);
#7273=ORIENTED_EDGE('',*,*,#6099,.F.);
#7275=ORIENTED_EDGE('',*,*,#7274,.T.);
#7276=ORIENTED_EDGE('',*,*,#6710,.T.);
#7277=ORIENTED_EDGE('',*,*,#7261,.F.);
#7278=EDGE_LOOP('',(#7273,#7275,#7276,#7277));
#7279=FACE_OUTER_BOUND('',#7278,.F.);
#7281=CARTESIAN_POINT('',(-1.690166662693E1,1.032E1,5.150000047684E0));
#7282=DIRECTION('',(2.001234451615E-1,-9.797706908745E-1,0.E0));
#7283=DIRECTION('',(9.797706908745E-1,2.001234451615E-1,0.E0));
#7284=AXIS2_PLACEMENT_3D('',#7281,#7282,#7283);
#7285=PLANE('',#7284);
#7286=ORIENTED_EDGE('',*,*,#6097,.F.);
#7288=ORIENTED_EDGE('',*,*,#7287,.T.);
#7289=ORIENTED_EDGE('',*,*,#6712,.T.);
#7290=ORIENTED_EDGE('',*,*,#7274,.F.);
#7291=EDGE_LOOP('',(#7286,#7288,#7289,#7290));
#7292=FACE_OUTER_BOUND('',#7291,.F.);
#7294=CARTESIAN_POINT('',(-1.740166668653E1,1.032E1,5.150000047684E0));
#7295=DIRECTION('',(0.E0,-1.E0,0.E0));
#7296=DIRECTION('',(1.E0,0.E0,0.E0));
#7297=AXIS2_PLACEMENT_3D('',#7294,#7295,#7296);
#7298=PLANE('',#7297);
#7299=ORIENTED_EDGE('',*,*,#6095,.F.);
#7301=ORIENTED_EDGE('',*,*,#7300,.T.);
#7302=ORIENTED_EDGE('',*,*,#6714,.T.);
#7303=ORIENTED_EDGE('',*,*,#7287,.F.);
#7304=EDGE_LOOP('',(#7299,#7301,#7302,#7303));
#7305=FACE_OUTER_BOUND('',#7304,.F.);
#7307=CARTESIAN_POINT('',(-1.740166668653E1,1.132E1,5.150000047684E0));
#7308=DIRECTION('',(-1.E0,0.E0,0.E0));
#7309=DIRECTION('',(0.E0,-1.E0,0.E0));
#7310=AXIS2_PLACEMENT_3D('',#7307,#7308,#7309);
#7311=PLANE('',#7310);
#7312=ORIENTED_EDGE('',*,*,#6093,.F.);
#7313=ORIENTED_EDGE('',*,*,#7146,.T.);
#7314=ORIENTED_EDGE('',*,*,#6716,.T.);
#7315=ORIENTED_EDGE('',*,*,#7300,.F.);
#7316=EDGE_LOOP('',(#7312,#7313,#7314,#7315));
#7317=FACE_OUTER_BOUND('',#7316,.F.);
#7319=CARTESIAN_POINT('',(-1.727666662693E1,1.119234044075E1,5.150000047684E0));
#7320=DIRECTION('',(0.E0,-1.E0,0.E0));
#7321=DIRECTION('',(1.E0,0.E0,0.E0));
#7322=AXIS2_PLACEMENT_3D('',#7319,#7320,#7321);
#7323=PLANE('',#7322);
#7324=ORIENTED_EDGE('',*,*,#6380,.F.);
#7326=ORIENTED_EDGE('',*,*,#7325,.T.);
#7327=ORIENTED_EDGE('',*,*,#6720,.T.);
#7329=ORIENTED_EDGE('',*,*,#7328,.F.);
#7330=EDGE_LOOP('',(#7324,#7326,#7327,#7329));
#7331=FACE_OUTER_BOUND('',#7330,.F.);
#7333=CARTESIAN_POINT('',(-1.727666662693E1,1.044765957415E1,5.150000047684E0));
#7334=DIRECTION('',(1.E0,0.E0,0.E0));
#7335=DIRECTION('',(0.E0,1.E0,0.E0));
#7336=AXIS2_PLACEMENT_3D('',#7333,#7334,#7335);
#7337=PLANE('',#7336);
#7338=ORIENTED_EDGE('',*,*,#6402,.F.);
#7340=ORIENTED_EDGE('',*,*,#7339,.T.);
#7341=ORIENTED_EDGE('',*,*,#6722,.T.);
#7342=ORIENTED_EDGE('',*,*,#7325,.F.);
#7343=EDGE_LOOP('',(#7338,#7340,#7341,#7342));
#7344=FACE_OUTER_BOUND('',#7343,.F.);
#7346=CARTESIAN_POINT('',(-1.690166662693E1,1.044765957415E1,5.150000047684E0));
#7347=DIRECTION('',(0.E0,1.E0,0.E0));
#7348=DIRECTION('',(-1.E0,0.E0,0.E0));
#7349=AXIS2_PLACEMENT_3D('',#7346,#7347,#7348);
#7350=PLANE('',#7349);
#7351=ORIENTED_EDGE('',*,*,#6400,.F.);
#7353=ORIENTED_EDGE('',*,*,#7352,.T.);
#7354=ORIENTED_EDGE('',*,*,#6724,.T.);
#7355=ORIENTED_EDGE('',*,*,#7339,.F.);
#7356=EDGE_LOOP('',(#7351,#7353,#7354,#7355));
#7357=FACE_OUTER_BOUND('',#7356,.F.);
#7359=CARTESIAN_POINT('',(-1.681833337307E1,1.046893616736E1,5.150000047684E0));
#7360=DIRECTION('',(-2.473834390653E-1,9.689176611437E-1,0.E0));
#7361=DIRECTION('',(-9.689176611437E-1,-2.473834390653E-1,0.E0));
#7362=AXIS2_PLACEMENT_3D('',#7359,#7360,#7361);
#7363=PLANE('',#7362);
#7364=ORIENTED_EDGE('',*,*,#6398,.F.);
#7366=ORIENTED_EDGE('',*,*,#7365,.T.);
#7367=ORIENTED_EDGE('',*,*,#6726,.T.);
#7368=ORIENTED_EDGE('',*,*,#7352,.F.);
#7369=EDGE_LOOP('',(#7364,#7366,#7367,#7368));
#7370=FACE_OUTER_BOUND('',#7369,.F.);
#7372=CARTESIAN_POINT('',(-1.675583337307E1,1.051148936868E1,5.150000047684E0));
#7373=DIRECTION('',(-5.627910658975E-1,8.265991871191E-1,0.E0));
#7374=DIRECTION('',(-8.265991871191E-1,-5.627910658975E-1,0.E0));
#7375=AXIS2_PLACEMENT_3D('',#7372,#7373,#7374);
#7376=PLANE('',#7375);
#7377=ORIENTED_EDGE('',*,*,#6396,.F.);
#7379=ORIENTED_EDGE('',*,*,#7378,.T.);
#7380=ORIENTED_EDGE('',*,*,#6728,.T.);
#7381=ORIENTED_EDGE('',*,*,#7365,.F.);
#7382=EDGE_LOOP('',(#7377,#7379,#7380,#7381));
#7383=FACE_OUTER_BOUND('',#7382,.F.);
#7385=CARTESIAN_POINT('',(-1.671416662693E1,1.057531914830E1,5.150000047684E0));
#7386=DIRECTION('',(-8.373786433120E-1,5.466232777014E-1,0.E0));
#7387=DIRECTION('',(-5.466232777014E-1,-8.373786433120E-1,0.E0));
#7388=AXIS2_PLACEMENT_3D('',#7385,#7386,#7387);
#7389=PLANE('',#7388);
#7390=ORIENTED_EDGE('',*,*,#6394,.F.);
#7392=ORIENTED_EDGE('',*,*,#7391,.T.);
#7393=ORIENTED_EDGE('',*,*,#6730,.T.);
#7394=ORIENTED_EDGE('',*,*,#7378,.F.);
#7395=EDGE_LOOP('',(#7390,#7392,#7393,#7394));
#7396=FACE_OUTER_BOUND('',#7395,.F.);
#7398=CARTESIAN_POINT('',(-1.669333337307E1,1.066042552114E1,5.150000047684E0));
#7399=DIRECTION('',(-9.713213633444E-1,2.377704967206E-1,0.E0));
#7400=DIRECTION('',(-2.377704967206E-1,-9.713213633444E-1,0.E0));
#7401=AXIS2_PLACEMENT_3D('',#7398,#7399,#7400);
#7402=PLANE('',#7401);
#7403=ORIENTED_EDGE('',*,*,#6392,.F.);
#7405=ORIENTED_EDGE('',*,*,#7404,.T.);
#7406=ORIENTED_EDGE('',*,*,#6732,.T.);
#7407=ORIENTED_EDGE('',*,*,#7391,.F.);
#7408=EDGE_LOOP('',(#7403,#7405,#7406,#7407));
#7409=FACE_OUTER_BOUND('',#7408,.F.);
#7411=CARTESIAN_POINT('',(-1.669333337307E1,1.097957444906E1,5.150000047684E0));
#7412=DIRECTION('',(-1.E0,0.E0,0.E0));
#7413=DIRECTION('',(0.E0,-1.E0,0.E0));
#7414=AXIS2_PLACEMENT_3D('',#7411,#7412,#7413);
#7415=PLANE('',#7414);
#7416=ORIENTED_EDGE('',*,*,#6390,.F.);
#7418=ORIENTED_EDGE('',*,*,#7417,.T.);
#7419=ORIENTED_EDGE('',*,*,#6734,.T.);
#7420=ORIENTED_EDGE('',*,*,#7404,.F.);
#7421=EDGE_LOOP('',(#7416,#7418,#7419,#7420));
#7422=FACE_OUTER_BOUND('',#7421,.F.);
#7424=CARTESIAN_POINT('',(-1.671416662693E1,1.106468082190E1,5.150000047684E0));
#7425=DIRECTION('',(-9.713213633444E-1,-2.377704967206E-1,0.E0));
#7426=DIRECTION('',(2.377704967206E-1,-9.713213633444E-1,0.E0));
#7427=AXIS2_PLACEMENT_3D('',#7424,#7425,#7426);
#7428=PLANE('',#7427);
#7429=ORIENTED_EDGE('',*,*,#6388,.F.);
#7431=ORIENTED_EDGE('',*,*,#7430,.T.);
#7432=ORIENTED_EDGE('',*,*,#6736,.T.);
#7433=ORIENTED_EDGE('',*,*,#7417,.F.);
#7434=EDGE_LOOP('',(#7429,#7431,#7432,#7433));
#7435=FACE_OUTER_BOUND('',#7434,.F.);
#7437=CARTESIAN_POINT('',(-1.675583337307E1,1.112851066113E1,5.150000047684E0));
#7438=DIRECTION('',(-8.373788769559E-1,-5.466229197794E-1,0.E0));
#7439=DIRECTION('',(5.466229197794E-1,-8.373788769559E-1,0.E0));
#7440=AXIS2_PLACEMENT_3D('',#7437,#7438,#7439);
#7441=PLANE('',#7440);
#7442=ORIENTED_EDGE('',*,*,#6386,.F.);
#7444=ORIENTED_EDGE('',*,*,#7443,.T.);
#7445=ORIENTED_EDGE('',*,*,#6738,.T.);
#7446=ORIENTED_EDGE('',*,*,#7430,.F.);
#7447=EDGE_LOOP('',(#7442,#7444,#7445,#7446));
#7448=FACE_OUTER_BOUND('',#7447,.F.);
#7450=CARTESIAN_POINT('',(-1.681833337307E1,1.117106384754E1,5.150000047684E0));
#7451=DIRECTION('',(-5.627909312417E-1,-8.265992787996E-1,0.E0));
#7452=DIRECTION('',(8.265992787996E-1,-5.627909312417E-1,0.E0));
#7453=AXIS2_PLACEMENT_3D('',#7450,#7451,#7452);
#7454=PLANE('',#7453);
#7455=ORIENTED_EDGE('',*,*,#6384,.F.);
#7457=ORIENTED_EDGE('',*,*,#7456,.T.);
#7458=ORIENTED_EDGE('',*,*,#6740,.T.);
#7459=ORIENTED_EDGE('',*,*,#7443,.F.);
#7460=EDGE_LOOP('',(#7455,#7457,#7458,#7459));
#7461=FACE_OUTER_BOUND('',#7460,.F.);
#7463=CARTESIAN_POINT('',(-1.690166662693E1,1.119234044075E1,5.150000047684E0));
#7464=DIRECTION('',(-2.473834390653E-1,-9.689176611437E-1,0.E0));
#7465=DIRECTION('',(9.689176611437E-1,-2.473834390653E-1,0.E0));
#7466=AXIS2_PLACEMENT_3D('',#7463,#7464,#7465);
#7467=PLANE('',#7466);
#7468=ORIENTED_EDGE('',*,*,#6382,.F.);
#7469=ORIENTED_EDGE('',*,*,#7328,.T.);
#7470=ORIENTED_EDGE('',*,*,#6742,.T.);
#7471=ORIENTED_EDGE('',*,*,#7456,.F.);
#7472=EDGE_LOOP('',(#7468,#7469,#7470,#7471));
#7473=FACE_OUTER_BOUND('',#7472,.F.);
#7475=CARTESIAN_POINT('',(-1.627666674614E1,1.100085104227E1,5.150000047684E0));
#7476=DIRECTION('',(0.E0,1.E0,0.E0));
#7477=DIRECTION('',(-1.E0,0.E0,0.E0));
#7478=AXIS2_PLACEMENT_3D('',#7475,#7476,#7477);
#7479=PLANE('',#7478);
#7480=ORIENTED_EDGE('',*,*,#6121,.F.);
#7482=ORIENTED_EDGE('',*,*,#7481,.T.);
#7483=ORIENTED_EDGE('',*,*,#6759,.T.);
#7485=ORIENTED_EDGE('',*,*,#7484,.F.);
#7486=EDGE_LOOP('',(#7480,#7482,#7483,#7485));
#7487=FACE_OUTER_BOUND('',#7486,.F.);
#7489=CARTESIAN_POINT('',(-1.60475E1,1.072425533056E1,5.150000047684E0));
#7490=DIRECTION('',(7.700387364690E-1,6.379971350541E-1,0.E0));
#7491=DIRECTION('',(-6.379971350541E-1,7.700387364690E-1,0.E0));
#7492=AXIS2_PLACEMENT_3D('',#7489,#7490,#7491);
#7493=PLANE('',#7492);
#7494=ORIENTED_EDGE('',*,*,#6143,.F.);
#7496=ORIENTED_EDGE('',*,*,#7495,.T.);
#7497=ORIENTED_EDGE('',*,*,#6761,.T.);
#7498=ORIENTED_EDGE('',*,*,#7481,.F.);
#7499=EDGE_LOOP('',(#7494,#7496,#7497,#7498));
#7500=FACE_OUTER_BOUND('',#7499,.F.);
#7502=CARTESIAN_POINT('',(-1.581833325386E1,1.100085104227E1,5.150000047684E0));
#7503=DIRECTION('',(-7.700387364690E-1,6.379971350541E-1,0.E0));
#7504=DIRECTION('',(-6.379971350541E-1,-7.700387364690E-1,0.E0));
#7505=AXIS2_PLACEMENT_3D('',#7502,#7503,#7504);
#7506=PLANE('',#7505);
#7507=ORIENTED_EDGE('',*,*,#6141,.F.);
#7509=ORIENTED_EDGE('',*,*,#7508,.T.);
#7510=ORIENTED_EDGE('',*,*,#6763,.T.);
#7511=ORIENTED_EDGE('',*,*,#7495,.F.);
#7512=EDGE_LOOP('',(#7507,#7509,#7510,#7511));
#7513=FACE_OUTER_BOUND('',#7512,.F.);
#7515=CARTESIAN_POINT('',(-1.569333325386E1,1.100085104227E1,5.150000047684E0));
#7516=DIRECTION('',(0.E0,1.E0,0.E0));
#7517=DIRECTION('',(-1.E0,0.E0,0.E0));
#7518=AXIS2_PLACEMENT_3D('',#7515,#7516,#7517);
#7519=PLANE('',#7518);
#7520=ORIENTED_EDGE('',*,*,#6139,.F.);
#7522=ORIENTED_EDGE('',*,*,#7521,.T.);
#7523=ORIENTED_EDGE('',*,*,#6765,.T.);
#7524=ORIENTED_EDGE('',*,*,#7508,.F.);
#7525=EDGE_LOOP('',(#7520,#7522,#7523,#7524));
#7526=FACE_OUTER_BOUND('',#7525,.F.);
#7528=CARTESIAN_POINT('',(-1.5985E1,1.066042552114E1,5.150000047684E0));
#7529=DIRECTION('',(7.593960820128E-1,-6.506286119005E-1,0.E0));
#7530=DIRECTION('',(6.506286119005E-1,7.593960820128E-1,0.E0));
#7531=AXIS2_PLACEMENT_3D('',#7528,#7529,#7530);
#7532=PLANE('',#7531);
#7533=ORIENTED_EDGE('',*,*,#6137,.F.);
#7535=ORIENTED_EDGE('',*,*,#7534,.T.);
#7536=ORIENTED_EDGE('',*,*,#6767,.T.);
#7537=ORIENTED_EDGE('',*,*,#7521,.F.);
#7538=EDGE_LOOP('',(#7533,#7535,#7536,#7537));
#7539=FACE_OUTER_BOUND('',#7538,.F.);
#7541=CARTESIAN_POINT('',(-1.569333325386E1,1.032E1,5.150000047684E0));
#7542=DIRECTION('',(7.593960820128E-1,6.506286119005E-1,0.E0));
#7543=DIRECTION('',(-6.506286119005E-1,7.593960820128E-1,0.E0));
#7544=AXIS2_PLACEMENT_3D('',#7541,#7542,#7543);
#7545=PLANE('',#7544);
#7546=ORIENTED_EDGE('',*,*,#6135,.F.);
#7548=ORIENTED_EDGE('',*,*,#7547,.T.);
#7549=ORIENTED_EDGE('',*,*,#6769,.T.);
#7550=ORIENTED_EDGE('',*,*,#7534,.F.);
#7551=EDGE_LOOP('',(#7546,#7548,#7549,#7550));
#7552=FACE_OUTER_BOUND('',#7551,.F.);
#7554=CARTESIAN_POINT('',(-1.581833325386E1,1.032E1,5.150000047684E0));
#7555=DIRECTION('',(0.E0,-1.E0,0.E0));
#7556=DIRECTION('',(1.E0,0.E0,0.E0));
#7557=AXIS2_PLACEMENT_3D('',#7554,#7555,#7556);
#7558=PLANE('',#7557);
#7559=ORIENTED_EDGE('',*,*,#6133,.F.);
#7561=ORIENTED_EDGE('',*,*,#7560,.T.);
#7562=ORIENTED_EDGE('',*,*,#6771,.T.);
#7563=ORIENTED_EDGE('',*,*,#7547,.F.);
#7564=EDGE_LOOP('',(#7559,#7561,#7562,#7563));
#7565=FACE_OUTER_BOUND('',#7564,.F.);
#7567=CARTESIAN_POINT('',(-1.60475E1,1.059659574151E1,5.150000047684E0));
#7568=DIRECTION('',(-7.700387702408E-1,-6.379970942927E-1,0.E0));
#7569=DIRECTION('',(6.379970942927E-1,-7.700387702408E-1,0.E0));
#7570=AXIS2_PLACEMENT_3D('',#7567,#7568,#7569);
#7571=PLANE('',#7570);
#7572=ORIENTED_EDGE('',*,*,#6131,.F.);
#7574=ORIENTED_EDGE('',*,*,#7573,.T.);
#7575=ORIENTED_EDGE('',*,*,#6773,.T.);
#7576=ORIENTED_EDGE('',*,*,#7560,.F.);
#7577=EDGE_LOOP('',(#7572,#7574,#7575,#7576));
#7578=FACE_OUTER_BOUND('',#7577,.F.);
#7580=CARTESIAN_POINT('',(-1.627666674614E1,1.032E1,5.150000047684E0));
#7581=DIRECTION('',(7.700387702408E-1,-6.379970942927E-1,0.E0));
#7582=DIRECTION('',(6.379970942927E-1,7.700387702408E-1,0.E0));
#7583=AXIS2_PLACEMENT_3D('',#7580,#7581,#7582);
#7584=PLANE('',#7583);
#7585=ORIENTED_EDGE('',*,*,#6129,.F.);
#7587=ORIENTED_EDGE('',*,*,#7586,.T.);
#7588=ORIENTED_EDGE('',*,*,#6775,.T.);
#7589=ORIENTED_EDGE('',*,*,#7573,.F.);
#7590=EDGE_LOOP('',(#7585,#7587,#7588,#7589));
#7591=FACE_OUTER_BOUND('',#7590,.F.);
#7593=CARTESIAN_POINT('',(-1.640166662693E1,1.032E1,5.150000047684E0));
#7594=DIRECTION('',(0.E0,-1.E0,0.E0));
#7595=DIRECTION('',(1.E0,0.E0,0.E0));
#7596=AXIS2_PLACEMENT_3D('',#7593,#7594,#7595);
#7597=PLANE('',#7596);
#7598=ORIENTED_EDGE('',*,*,#6127,.F.);
#7600=ORIENTED_EDGE('',*,*,#7599,.T.);
#7601=ORIENTED_EDGE('',*,*,#6777,.T.);
#7602=ORIENTED_EDGE('',*,*,#7586,.F.);
#7603=EDGE_LOOP('',(#7598,#7600,#7601,#7602));
#7604=FACE_OUTER_BOUND('',#7603,.F.);
#7606=CARTESIAN_POINT('',(-1.611E1,1.066042552114E1,5.150000047684E0));
#7607=DIRECTION('',(-7.593962134015E-1,6.506284585472E-1,0.E0));
#7608=DIRECTION('',(-6.506284585472E-1,-7.593962134015E-1,0.E0));
#7609=AXIS2_PLACEMENT_3D('',#7606,#7607,#7608);
#7610=PLANE('',#7609);
#7611=ORIENTED_EDGE('',*,*,#6125,.F.);
#7613=ORIENTED_EDGE('',*,*,#7612,.T.);
#7614=ORIENTED_EDGE('',*,*,#6779,.T.);
#7615=ORIENTED_EDGE('',*,*,#7599,.F.);
#7616=EDGE_LOOP('',(#7611,#7613,#7614,#7615));
#7617=FACE_OUTER_BOUND('',#7616,.F.);
#7619=CARTESIAN_POINT('',(-1.640166662693E1,1.100085104227E1,5.150000047684E0));
#7620=DIRECTION('',(-7.593962134015E-1,-6.506284585472E-1,0.E0));
#7621=DIRECTION('',(6.506284585472E-1,-7.593962134015E-1,0.E0));
#7622=AXIS2_PLACEMENT_3D('',#7619,#7620,#7621);
#7623=PLANE('',#7622);
#7624=ORIENTED_EDGE('',*,*,#6123,.F.);
#7625=ORIENTED_EDGE('',*,*,#7484,.T.);
#7626=ORIENTED_EDGE('',*,*,#6781,.T.);
#7627=ORIENTED_EDGE('',*,*,#7612,.F.);
#7628=EDGE_LOOP('',(#7624,#7625,#7626,#7627));
#7629=FACE_OUTER_BOUND('',#7628,.F.);
#7631=CARTESIAN_POINT('',(-1.552666674614E1,1.091574466944E1,5.150000047684E0));
#7632=DIRECTION('',(-1.E0,0.E0,0.E0));
#7633=DIRECTION('',(0.E0,-1.E0,0.E0));
#7634=AXIS2_PLACEMENT_3D('',#7631,#7632,#7633);
#7635=PLANE('',#7634);
#7636=ORIENTED_EDGE('',*,*,#6147,.F.);
#7638=ORIENTED_EDGE('',*,*,#7637,.T.);
#7639=ORIENTED_EDGE('',*,*,#6798,.T.);
#7641=ORIENTED_EDGE('',*,*,#7640,.F.);
#7642=EDGE_LOOP('',(#7636,#7638,#7639,#7641));
#7643=FACE_OUTER_BOUND('',#7642,.F.);
#7645=CARTESIAN_POINT('',(-1.550583325386E1,1.102212763548E1,5.150000047684E0));
#7646=DIRECTION('',(-9.813588579591E-1,1.921842654987E-1,0.E0));
#7647=DIRECTION('',(-1.921842654987E-1,-9.813588579591E-1,0.E0));
#7648=AXIS2_PLACEMENT_3D('',#7645,#7646,#7647);
#7649=PLANE('',#7648);
#7650=ORIENTED_EDGE('',*,*,#6197,.F.);
#7652=ORIENTED_EDGE('',*,*,#7651,.T.);
#7653=ORIENTED_EDGE('',*,*,#6800,.T.);
#7654=ORIENTED_EDGE('',*,*,#7637,.F.);
#7655=EDGE_LOOP('',(#7650,#7652,#7653,#7654));
#7656=FACE_OUTER_BOUND('',#7655,.F.);
#7658=CARTESIAN_POINT('',(-1.5485E1,1.108595747471E1,5.150000047684E0));
#7659=DIRECTION('',(-9.506456267027E-1,3.102787334496E-1,0.E0));
#7660=DIRECTION('',(-3.102787334496E-1,-9.506456267027E-1,0.E0));
#7661=AXIS2_PLACEMENT_3D('',#7658,#7659,#7660);
#7662=PLANE('',#7661);
#7663=ORIENTED_EDGE('',*,*,#6195,.F.);
#7665=ORIENTED_EDGE('',*,*,#7664,.T.);
#7666=ORIENTED_EDGE('',*,*,#6802,.T.);
#7667=ORIENTED_EDGE('',*,*,#7651,.F.);
#7668=EDGE_LOOP('',(#7663,#7665,#7666,#7667));
#7669=FACE_OUTER_BOUND('',#7668,.F.);
#7671=CARTESIAN_POINT('',(-1.544333325386E1,1.117106384754E1,5.150000047684E0));
#7672=DIRECTION('',(-8.981377659536E-1,4.397141723527E-1,0.E0));
#7673=DIRECTION('',(-4.397141723527E-1,-8.981377659536E-1,0.E0));
#7674=AXIS2_PLACEMENT_3D('',#7671,#7672,#7673);
#7675=PLANE('',#7674);
#7676=ORIENTED_EDGE('',*,*,#6193,.F.);
#7678=ORIENTED_EDGE('',*,*,#7677,.T.);
#7679=ORIENTED_EDGE('',*,*,#6804,.T.);
#7680=ORIENTED_EDGE('',*,*,#7664,.F.);
#7681=EDGE_LOOP('',(#7676,#7678,#7679,#7680));
#7682=FACE_OUTER_BOUND('',#7681,.F.);
#7684=CARTESIAN_POINT('',(-1.538083325386E1,1.123489362717E1,5.150000047684E0));
#7685=DIRECTION('',(-7.145103848018E-1,6.996248351869E-1,0.E0));
#7686=DIRECTION('',(-6.996248351869E-1,-7.145103848018E-1,0.E0));
#7687=AXIS2_PLACEMENT_3D('',#7684,#7685,#7686);
#7688=PLANE('',#7687);
#7689=ORIENTED_EDGE('',*,*,#6191,.F.);
#7691=ORIENTED_EDGE('',*,*,#7690,.T.);
#7692=ORIENTED_EDGE('',*,*,#6806,.T.);
#7693=ORIENTED_EDGE('',*,*,#7677,.F.);
#7694=EDGE_LOOP('',(#7689,#7691,#7692,#7693));
#7695=FACE_OUTER_BOUND('',#7694,.F.);
#7697=CARTESIAN_POINT('',(-1.527666674614E1,1.129872340679E1,5.150000047684E0));
#7698=DIRECTION('',(-5.224775081977E-1,8.526530674474E-1,0.E0));
#7699=DIRECTION('',(-8.526530674474E-1,-5.224775081977E-1,0.E0));
#7700=AXIS2_PLACEMENT_3D('',#7697,#7698,#7699);
#7701=PLANE('',#7700);
#7702=ORIENTED_EDGE('',*,*,#6189,.F.);
#7704=ORIENTED_EDGE('',*,*,#7703,.T.);
#7705=ORIENTED_EDGE('',*,*,#6808,.T.);
#7706=ORIENTED_EDGE('',*,*,#7690,.F.);
#7707=EDGE_LOOP('',(#7702,#7704,#7705,#7706));
#7708=FACE_OUTER_BOUND('',#7707,.F.);
#7710=CARTESIAN_POINT('',(-1.515166674614E1,1.132E1,5.150000047684E0));
#7711=DIRECTION('',(-1.677993286083E-1,9.858211730931E-1,0.E0));
#7712=DIRECTION('',(-9.858211730931E-1,-1.677993286083E-1,0.E0));
#7713=AXIS2_PLACEMENT_3D('',#7710,#7711,#7712);
#7714=PLANE('',#7713);
#7715=ORIENTED_EDGE('',*,*,#6187,.F.);
#7717=ORIENTED_EDGE('',*,*,#7716,.T.);
#7718=ORIENTED_EDGE('',*,*,#6810,.T.);
#7719=ORIENTED_EDGE('',*,*,#7703,.F.);
#7720=EDGE_LOOP('',(#7715,#7717,#7718,#7719));
#7721=FACE_OUTER_BOUND('',#7720,.F.);
#7723=CARTESIAN_POINT('',(-1.502666674614E1,1.129872340679E1,5.150000047684E0));
#7724=DIRECTION('',(1.677993286083E-1,9.858211730931E-1,0.E0));
#7725=DIRECTION('',(-9.858211730931E-1,1.677993286083E-1,0.E0));
#7726=AXIS2_PLACEMENT_3D('',#7723,#7724,#7725);
#7727=PLANE('',#7726);
#7728=ORIENTED_EDGE('',*,*,#6185,.F.);
#7730=ORIENTED_EDGE('',*,*,#7729,.T.);
#7731=ORIENTED_EDGE('',*,*,#6812,.T.);
#7732=ORIENTED_EDGE('',*,*,#7716,.F.);
#7733=EDGE_LOOP('',(#7728,#7730,#7731,#7732));
#7734=FACE_OUTER_BOUND('',#7733,.F.);
#7736=CARTESIAN_POINT('',(-1.49225E1,1.123489362717E1,5.150000047684E0));
#7737=DIRECTION('',(5.224766387895E-1,8.526536001913E-1,0.E0));
#7738=DIRECTION('',(-8.526536001913E-1,5.224766387895E-1,0.E0));
#7739=AXIS2_PLACEMENT_3D('',#7736,#7737,#7738);
#7740=PLANE('',#7739);
#7741=ORIENTED_EDGE('',*,*,#6183,.F.);
#7743=ORIENTED_EDGE('',*,*,#7742,.T.);
#7744=ORIENTED_EDGE('',*,*,#6814,.T.);
#7745=ORIENTED_EDGE('',*,*,#7729,.F.);
#7746=EDGE_LOOP('',(#7741,#7743,#7744,#7745));
#7747=FACE_OUTER_BOUND('',#7746,.F.);
#7749=CARTESIAN_POINT('',(-1.486E1,1.117106384754E1,5.150000047684E0));
#7750=DIRECTION('',(7.145103848018E-1,6.996248351869E-1,0.E0));
#7751=DIRECTION('',(-6.996248351869E-1,7.145103848018E-1,0.E0));
#7752=AXIS2_PLACEMENT_3D('',#7749,#7750,#7751);
#7753=PLANE('',#7752);
#7754=ORIENTED_EDGE('',*,*,#6181,.F.);
#7756=ORIENTED_EDGE('',*,*,#7755,.T.);
#7757=ORIENTED_EDGE('',*,*,#6816,.T.);
#7758=ORIENTED_EDGE('',*,*,#7742,.F.);
#7759=EDGE_LOOP('',(#7754,#7756,#7757,#7758));
#7760=FACE_OUTER_BOUND('',#7759,.F.);
#7762=CARTESIAN_POINT('',(-1.481833325386E1,1.108595747471E1,5.150000047684E0));
#7763=DIRECTION('',(8.981377659536E-1,4.397141723527E-1,0.E0));
#7764=DIRECTION('',(-4.397141723527E-1,8.981377659536E-1,0.E0));
#7765=AXIS2_PLACEMENT_3D('',#7762,#7763,#7764);
#7766=PLANE('',#7765);
#7767=ORIENTED_EDGE('',*,*,#6179,.F.);
#7769=ORIENTED_EDGE('',*,*,#7768,.T.);
#7770=ORIENTED_EDGE('',*,*,#6818,.T.);
#7771=ORIENTED_EDGE('',*,*,#7755,.F.);
#7772=EDGE_LOOP('',(#7767,#7769,#7770,#7771));
#7773=FACE_OUTER_BOUND('',#7772,.F.);
#7775=CARTESIAN_POINT('',(-1.47975E1,1.102212763548E1,5.150000047684E0));
#7776=DIRECTION('',(9.506456267027E-1,3.102787334496E-1,0.E0));
#7777=DIRECTION('',(-3.102787334496E-1,9.506456267027E-1,0.E0));
#7778=AXIS2_PLACEMENT_3D('',#7775,#7776,#7777);
#7779=PLANE('',#7778);
#7780=ORIENTED_EDGE('',*,*,#6177,.F.);
#7782=ORIENTED_EDGE('',*,*,#7781,.T.);
#7783=ORIENTED_EDGE('',*,*,#6820,.T.);
#7784=ORIENTED_EDGE('',*,*,#7768,.F.);
#7785=EDGE_LOOP('',(#7780,#7782,#7783,#7784));
#7786=FACE_OUTER_BOUND('',#7785,.F.);
#7788=CARTESIAN_POINT('',(-1.477666674614E1,1.091574466944E1,5.150000047684E0));
#7789=DIRECTION('',(9.813592727596E-1,1.921821473726E-1,0.E0));
#7790=DIRECTION('',(-1.921821473726E-1,9.813592727596E-1,0.E0));
#7791=AXIS2_PLACEMENT_3D('',#7788,#7789,#7790);
#7792=PLANE('',#7791);
#7793=ORIENTED_EDGE('',*,*,#6175,.F.);
#7795=ORIENTED_EDGE('',*,*,#7794,.T.);
#7796=ORIENTED_EDGE('',*,*,#6822,.T.);
#7797=ORIENTED_EDGE('',*,*,#7781,.F.);
#7798=EDGE_LOOP('',(#7793,#7795,#7796,#7797));
#7799=FACE_OUTER_BOUND('',#7798,.F.);
#7801=CARTESIAN_POINT('',(-1.477666674614E1,1.072425533056E1,5.150000047684E0));
#7802=DIRECTION('',(1.E0,0.E0,0.E0));
#7803=DIRECTION('',(0.E0,1.E0,0.E0));
#7804=AXIS2_PLACEMENT_3D('',#7801,#7802,#7803);
#7805=PLANE('',#7804);
#7806=ORIENTED_EDGE('',*,*,#6173,.F.);
#7808=ORIENTED_EDGE('',*,*,#7807,.T.);
#7809=ORIENTED_EDGE('',*,*,#6824,.T.);
#7810=ORIENTED_EDGE('',*,*,#7794,.F.);
#7811=EDGE_LOOP('',(#7806,#7808,#7809,#7810));
#7812=FACE_OUTER_BOUND('',#7811,.F.);
#7814=CARTESIAN_POINT('',(-1.47975E1,1.061787233472E1,5.150000047684E0));
#7815=DIRECTION('',(9.813592829135E-1,-1.921820955228E-1,0.E0));
#7816=DIRECTION('',(1.921820955228E-1,9.813592829135E-1,0.E0));
#7817=AXIS2_PLACEMENT_3D('',#7814,#7815,#7816);
#7818=PLANE('',#7817);
#7819=ORIENTED_EDGE('',*,*,#6171,.F.);
#7821=ORIENTED_EDGE('',*,*,#7820,.T.);
#7822=ORIENTED_EDGE('',*,*,#6826,.T.);
#7823=ORIENTED_EDGE('',*,*,#7807,.F.);
#7824=EDGE_LOOP('',(#7819,#7821,#7822,#7823));
#7825=FACE_OUTER_BOUND('',#7824,.F.);
#7827=CARTESIAN_POINT('',(-1.481833325386E1,1.055404255509E1,5.150000047684E0));
#7828=DIRECTION('',(9.506455412394E-1,-3.102789952956E-1,0.E0));
#7829=DIRECTION('',(3.102789952956E-1,9.506455412394E-1,0.E0));
#7830=AXIS2_PLACEMENT_3D('',#7827,#7828,#7829);
#7831=PLANE('',#7830);
#7832=ORIENTED_EDGE('',*,*,#6169,.F.);
#7834=ORIENTED_EDGE('',*,*,#7833,.T.);
#7835=ORIENTED_EDGE('',*,*,#6828,.T.);
#7836=ORIENTED_EDGE('',*,*,#7820,.F.);
#7837=EDGE_LOOP('',(#7832,#7834,#7835,#7836));
#7838=FACE_OUTER_BOUND('',#7837,.F.);
#7840=CARTESIAN_POINT('',(-1.486E1,1.046893616736E1,5.150000047684E0));
#7841=DIRECTION('',(8.981377963584E-1,-4.397141102494E-1,0.E0));
#7842=DIRECTION('',(4.397141102494E-1,8.981377963584E-1,0.E0));
#7843=AXIS2_PLACEMENT_3D('',#7840,#7841,#7842);
#7844=PLANE('',#7843);
#7845=ORIENTED_EDGE('',*,*,#6167,.F.);
#7847=ORIENTED_EDGE('',*,*,#7846,.T.);
#7848=ORIENTED_EDGE('',*,*,#6830,.T.);
#7849=ORIENTED_EDGE('',*,*,#7833,.F.);
#7850=EDGE_LOOP('',(#7845,#7847,#7848,#7849));
#7851=FACE_OUTER_BOUND('',#7850,.F.);
#7853=CARTESIAN_POINT('',(-1.49225E1,1.040510638028E1,5.150000047684E0));
#7854=DIRECTION('',(7.145104256249E-1,-6.996247934953E-1,0.E0));
#7855=DIRECTION('',(6.996247934953E-1,7.145104256249E-1,0.E0));
#7856=AXIS2_PLACEMENT_3D('',#7853,#7854,#7855);
#7857=PLANE('',#7856);
#7858=ORIENTED_EDGE('',*,*,#6165,.F.);
#7860=ORIENTED_EDGE('',*,*,#7859,.T.);
#7861=ORIENTED_EDGE('',*,*,#6832,.T.);
#7862=ORIENTED_EDGE('',*,*,#7846,.F.);
#7863=EDGE_LOOP('',(#7858,#7860,#7861,#7862));
#7864=FACE_OUTER_BOUND('',#7863,.F.);
#7866=CARTESIAN_POINT('',(-1.502666674614E1,1.034127659507E1,5.150000047684E0));
#7867=DIRECTION('',(5.224766720432E-1,-8.526535798146E-1,0.E0));
#7868=DIRECTION('',(8.526535798146E-1,5.224766720432E-1,0.E0));
#7869=AXIS2_PLACEMENT_3D('',#7866,#7867,#7868);
#7870=PLANE('',#7869);
#7871=ORIENTED_EDGE('',*,*,#6163,.F.);
#7873=ORIENTED_EDGE('',*,*,#7872,.T.);
#7874=ORIENTED_EDGE('',*,*,#6834,.T.);
#7875=ORIENTED_EDGE('',*,*,#7859,.F.);
#7876=EDGE_LOOP('',(#7871,#7873,#7874,#7875));
#7877=FACE_OUTER_BOUND('',#7876,.F.);
#7879=CARTESIAN_POINT('',(-1.515166674614E1,1.032E1,5.150000047684E0));
#7880=DIRECTION('',(1.677993428846E-1,-9.858211706631E-1,0.E0));
#7881=DIRECTION('',(9.858211706631E-1,1.677993428846E-1,0.E0));
#7882=AXIS2_PLACEMENT_3D('',#7879,#7880,#7881);
#7883=PLANE('',#7882);
#7884=ORIENTED_EDGE('',*,*,#6161,.F.);
#7886=ORIENTED_EDGE('',*,*,#7885,.T.);
#7887=ORIENTED_EDGE('',*,*,#6836,.T.);
#7888=ORIENTED_EDGE('',*,*,#7872,.F.);
#7889=EDGE_LOOP('',(#7884,#7886,#7887,#7888));
#7890=FACE_OUTER_BOUND('',#7889,.F.);
#7892=CARTESIAN_POINT('',(-1.527666674614E1,1.034127659507E1,5.150000047684E0));
#7893=DIRECTION('',(-1.677993428846E-1,-9.858211706631E-1,0.E0));
#7894=DIRECTION('',(9.858211706631E-1,-1.677993428846E-1,0.E0));
#7895=AXIS2_PLACEMENT_3D('',#7892,#7893,#7894);
#7896=PLANE('',#7895);
#7897=ORIENTED_EDGE('',*,*,#6159,.F.);
#7899=ORIENTED_EDGE('',*,*,#7898,.T.);
#7900=ORIENTED_EDGE('',*,*,#6838,.T.);
#7901=ORIENTED_EDGE('',*,*,#7885,.F.);
#7902=EDGE_LOOP('',(#7897,#7899,#7900,#7901));
#7903=FACE_OUTER_BOUND('',#7902,.F.);
#7905=CARTESIAN_POINT('',(-1.538083325386E1,1.040510638028E1,5.150000047684E0));
#7906=DIRECTION('',(-5.224775414514E-1,-8.526530470706E-1,0.E0));
#7907=DIRECTION('',(8.526530470706E-1,-5.224775414514E-1,0.E0));
#7908=AXIS2_PLACEMENT_3D('',#7905,#7906,#7907);
#7909=PLANE('',#7908);
#7910=ORIENTED_EDGE('',*,*,#6157,.F.);
#7912=ORIENTED_EDGE('',*,*,#7911,.T.);
#7913=ORIENTED_EDGE('',*,*,#6840,.T.);
#7914=ORIENTED_EDGE('',*,*,#7898,.F.);
#7915=EDGE_LOOP('',(#7910,#7912,#7913,#7914));
#7916=FACE_OUTER_BOUND('',#7915,.F.);
#7918=CARTESIAN_POINT('',(-1.544333325386E1,1.046893616736E1,5.150000047684E0));
#7919=DIRECTION('',(-7.145104256249E-1,-6.996247934953E-1,0.E0));
#7920=DIRECTION('',(6.996247934953E-1,-7.145104256249E-1,0.E0));
#7921=AXIS2_PLACEMENT_3D('',#7918,#7919,#7920);
#7922=PLANE('',#7921);
#7923=ORIENTED_EDGE('',*,*,#6155,.F.);
#7925=ORIENTED_EDGE('',*,*,#7924,.T.);
#7926=ORIENTED_EDGE('',*,*,#6842,.T.);
#7927=ORIENTED_EDGE('',*,*,#7911,.F.);
#7928=EDGE_LOOP('',(#7923,#7925,#7926,#7927));
#7929=FACE_OUTER_BOUND('',#7928,.F.);
#7931=CARTESIAN_POINT('',(-1.5485E1,1.055404255509E1,5.150000047684E0));
#7932=DIRECTION('',(-8.981377963584E-1,-4.397141102494E-1,0.E0));
#7933=DIRECTION('',(4.397141102494E-1,-8.981377963584E-1,0.E0));
#7934=AXIS2_PLACEMENT_3D('',#7931,#7932,#7933);
#7935=PLANE('',#7934);
#7936=ORIENTED_EDGE('',*,*,#6153,.F.);
#7938=ORIENTED_EDGE('',*,*,#7937,.T.);
#7939=ORIENTED_EDGE('',*,*,#6844,.T.);
#7940=ORIENTED_EDGE('',*,*,#7924,.F.);
#7941=EDGE_LOOP('',(#7936,#7938,#7939,#7940));
#7942=FACE_OUTER_BOUND('',#7941,.F.);
#7944=CARTESIAN_POINT('',(-1.550583325386E1,1.061787233472E1,5.150000047684E0));
#7945=DIRECTION('',(-9.506455412394E-1,-3.102789952956E-1,0.E0));
#7946=DIRECTION('',(3.102789952956E-1,-9.506455412394E-1,0.E0));
#7947=AXIS2_PLACEMENT_3D('',#7944,#7945,#7946);
#7948=PLANE('',#7947);
#7949=ORIENTED_EDGE('',*,*,#6151,.F.);
#7951=ORIENTED_EDGE('',*,*,#7950,.T.);
#7952=ORIENTED_EDGE('',*,*,#6846,.T.);
#7953=ORIENTED_EDGE('',*,*,#7937,.F.);
#7954=EDGE_LOOP('',(#7949,#7951,#7952,#7953));
#7955=FACE_OUTER_BOUND('',#7954,.F.);
#7957=CARTESIAN_POINT('',(-1.552666674614E1,1.072425533056E1,5.150000047684E0));
#7958=DIRECTION('',(-9.813588681132E-1,-1.921842136484E-1,0.E0));
#7959=DIRECTION('',(1.921842136484E-1,-9.813588681132E-1,0.E0));
#7960=AXIS2_PLACEMENT_3D('',#7957,#7958,#7959);
#7961=PLANE('',#7960);
#7962=ORIENTED_EDGE('',*,*,#6149,.F.);
#7963=ORIENTED_EDGE('',*,*,#7640,.T.);
#7964=ORIENTED_EDGE('',*,*,#6848,.T.);
#7965=ORIENTED_EDGE('',*,*,#7950,.F.);
#7966=EDGE_LOOP('',(#7962,#7963,#7964,#7965));
#7967=FACE_OUTER_BOUND('',#7966,.F.);
#7969=CARTESIAN_POINT('',(-1.54225E1,1.089446807623E1,5.150000047684E0));
#7970=DIRECTION('',(9.869440947885E-1,-1.610631980374E-1,0.E0));
#7971=DIRECTION('',(1.610631980374E-1,9.869440947885E-1,0.E0));
#7972=AXIS2_PLACEMENT_3D('',#7969,#7970,#7971);
#7973=PLANE('',#7972);
#7974=ORIENTED_EDGE('',*,*,#6419,.F.);
#7976=ORIENTED_EDGE('',*,*,#7975,.T.);
#7977=ORIENTED_EDGE('',*,*,#6852,.T.);
#7979=ORIENTED_EDGE('',*,*,#7978,.F.);
#7980=EDGE_LOOP('',(#7974,#7976,#7977,#7979));
#7981=FACE_OUTER_BOUND('',#7980,.F.);
#7983=CARTESIAN_POINT('',(-1.54225E1,1.074553192377E1,5.150000047684E0));
#7984=DIRECTION('',(1.E0,0.E0,0.E0));
#7985=DIRECTION('',(0.E0,1.E0,0.E0));
#7986=AXIS2_PLACEMENT_3D('',#7983,#7984,#7985);
#7987=PLANE('',#7986);
#7988=ORIENTED_EDGE('',*,*,#6453,.F.);
#7990=ORIENTED_EDGE('',*,*,#7989,.T.);
#7991=ORIENTED_EDGE('',*,*,#6854,.T.);
#7992=ORIENTED_EDGE('',*,*,#7975,.F.);
#7993=EDGE_LOOP('',(#7988,#7990,#7991,#7992));
#7994=FACE_OUTER_BOUND('',#7993,.F.);
#7996=CARTESIAN_POINT('',(-1.540166674614E1,1.061787233472E1,5.150000047684E0));
#7997=DIRECTION('',(9.869441007655E-1,1.610631614123E-1,0.E0));
#7998=DIRECTION('',(-1.610631614123E-1,9.869441007655E-1,0.E0));
#7999=AXIS2_PLACEMENT_3D('',#7996,#7997,#7998);
#8000=PLANE('',#7999);
#8001=ORIENTED_EDGE('',*,*,#6451,.F.);
#8003=ORIENTED_EDGE('',*,*,#8002,.T.);
#8004=ORIENTED_EDGE('',*,*,#6856,.T.);
#8005=ORIENTED_EDGE('',*,*,#7989,.F.);
#8006=EDGE_LOOP('',(#8001,#8003,#8004,#8005));
#8007=FACE_OUTER_BOUND('',#8006,.F.);
#8009=CARTESIAN_POINT('',(-1.531833325386E1,1.049021276057E1,5.150000047684E0));
#8010=DIRECTION('',(8.373786725175E-1,5.466232329611E-1,0.E0));
#8011=DIRECTION('',(-5.466232329611E-1,8.373786725175E-1,0.E0));
#8012=AXIS2_PLACEMENT_3D('',#8009,#8010,#8011);
#8013=PLANE('',#8012);
#8014=ORIENTED_EDGE('',*,*,#6449,.F.);
#8016=ORIENTED_EDGE('',*,*,#8015,.T.);
#8017=ORIENTED_EDGE('',*,*,#6858,.T.);
#8018=ORIENTED_EDGE('',*,*,#8002,.F.);
#8019=EDGE_LOOP('',(#8014,#8016,#8017,#8018));
#8020=FACE_OUTER_BOUND('',#8019,.F.);
#8022=CARTESIAN_POINT('',(-1.525583325386E1,1.044765957415E1,5.150000047684E0));
#8023=DIRECTION('',(5.627909312417E-1,8.265992787996E-1,0.E0));
#8024=DIRECTION('',(-8.265992787996E-1,5.627909312417E-1,0.E0));
#8025=AXIS2_PLACEMENT_3D('',#8022,#8023,#8024);
#8026=PLANE('',#8025);
#8027=ORIENTED_EDGE('',*,*,#6447,.F.);
#8029=ORIENTED_EDGE('',*,*,#8028,.T.);
#8030=ORIENTED_EDGE('',*,*,#6860,.T.);
#8031=ORIENTED_EDGE('',*,*,#8015,.F.);
#8032=EDGE_LOOP('',(#8027,#8029,#8030,#8031));
#8033=FACE_OUTER_BOUND('',#8032,.F.);
#8035=CARTESIAN_POINT('',(-1.515166674614E1,1.042638298094E1,5.150000047684E0));
#8036=DIRECTION('',(2.001236481946E-1,9.797706494039E-1,0.E0));
#8037=DIRECTION('',(-9.797706494039E-1,2.001236481946E-1,0.E0));
#8038=AXIS2_PLACEMENT_3D('',#8035,#8036,#8037);
#8039=PLANE('',#8038);
#8040=ORIENTED_EDGE('',*,*,#6445,.F.);
#8042=ORIENTED_EDGE('',*,*,#8041,.T.);
#8043=ORIENTED_EDGE('',*,*,#6862,.T.);
#8044=ORIENTED_EDGE('',*,*,#8028,.F.);
#8045=EDGE_LOOP('',(#8040,#8042,#8043,#8044));
#8046=FACE_OUTER_BOUND('',#8045,.F.);
#8048=CARTESIAN_POINT('',(-1.50475E1,1.044765957415E1,5.150000047684E0));
#8049=DIRECTION('',(-2.001232084928E-1,9.797707392153E-1,0.E0));
#8050=DIRECTION('',(-9.797707392153E-1,-2.001232084928E-1,0.E0));
#8051=AXIS2_PLACEMENT_3D('',#8048,#8049,#8050);
#8052=PLANE('',#8051);
#8053=ORIENTED_EDGE('',*,*,#6443,.F.);
#8055=ORIENTED_EDGE('',*,*,#8054,.T.);
#8056=ORIENTED_EDGE('',*,*,#6864,.T.);
#8057=ORIENTED_EDGE('',*,*,#8041,.F.);
#8058=EDGE_LOOP('',(#8053,#8055,#8056,#8057));
#8059=FACE_OUTER_BOUND('',#8058,.F.);
#8061=CARTESIAN_POINT('',(-1.4985E1,1.049021276057E1,5.150000047684E0));
#8062=DIRECTION('',(-5.627909312417E-1,8.265992787996E-1,0.E0));
#8063=DIRECTION('',(-8.265992787996E-1,-5.627909312417E-1,0.E0));
#8064=AXIS2_PLACEMENT_3D('',#8061,#8062,#8063);
#8065=PLANE('',#8064);
#8066=ORIENTED_EDGE('',*,*,#6441,.F.);
#8068=ORIENTED_EDGE('',*,*,#8067,.T.);
#8069=ORIENTED_EDGE('',*,*,#6866,.T.);
#8070=ORIENTED_EDGE('',*,*,#8054,.F.);
#8071=EDGE_LOOP('',(#8066,#8068,#8069,#8070));
#8072=FACE_OUTER_BOUND('',#8071,.F.);
#8074=CARTESIAN_POINT('',(-1.490166674614E1,1.061787233472E1,5.150000047684E0));
#8075=DIRECTION('',(-8.373793883617E-1,5.466221363492E-1,0.E0));
#8076=DIRECTION('',(-5.466221363492E-1,-8.373793883617E-1,0.E0));
#8077=AXIS2_PLACEMENT_3D('',#8074,#8075,#8076);
#8078=PLANE('',#8077);
#8079=ORIENTED_EDGE('',*,*,#6439,.F.);
#8081=ORIENTED_EDGE('',*,*,#8080,.T.);
#8082=ORIENTED_EDGE('',*,*,#6868,.T.);
#8083=ORIENTED_EDGE('',*,*,#8067,.F.);
#8084=EDGE_LOOP('',(#8079,#8081,#8082,#8083));
#8085=FACE_OUTER_BOUND('',#8084,.F.);
#8087=CARTESIAN_POINT('',(-1.488083325386E1,1.074553192377E1,5.150000047684E0));
#8088=DIRECTION('',(-9.869438077637E-1,1.610649568243E-1,0.E0));
#8089=DIRECTION('',(-1.610649568243E-1,-9.869438077637E-1,0.E0));
#8090=AXIS2_PLACEMENT_3D('',#8087,#8088,#8089);
#8091=PLANE('',#8090);
#8092=ORIENTED_EDGE('',*,*,#6437,.F.);
#8094=ORIENTED_EDGE('',*,*,#8093,.T.);
#8095=ORIENTED_EDGE('',*,*,#6870,.T.);
#8096=ORIENTED_EDGE('',*,*,#8080,.F.);
#8097=EDGE_LOOP('',(#8092,#8094,#8095,#8096));
#8098=FACE_OUTER_BOUND('',#8097,.F.);
#8100=CARTESIAN_POINT('',(-1.488083325386E1,1.089446807623E1,5.150000047684E0));
#8101=DIRECTION('',(-1.E0,0.E0,0.E0));
#8102=DIRECTION('',(0.E0,-1.E0,0.E0));
#8103=AXIS2_PLACEMENT_3D('',#8100,#8101,#8102);
#8104=PLANE('',#8103);
#8105=ORIENTED_EDGE('',*,*,#6435,.F.);
#8107=ORIENTED_EDGE('',*,*,#8106,.T.);
#8108=ORIENTED_EDGE('',*,*,#6872,.T.);
#8109=ORIENTED_EDGE('',*,*,#8093,.F.);
#8110=EDGE_LOOP('',(#8105,#8107,#8108,#8109));
#8111=FACE_OUTER_BOUND('',#8110,.F.);
#8113=CARTESIAN_POINT('',(-1.490166674614E1,1.102212763548E1,5.150000047684E0));
#8114=DIRECTION('',(-9.869438017866E-1,-1.610649934498E-1,0.E0));
#8115=DIRECTION('',(1.610649934498E-1,-9.869438017866E-1,0.E0));
#8116=AXIS2_PLACEMENT_3D('',#8113,#8114,#8115);
#8117=PLANE('',#8116);
#8118=ORIENTED_EDGE('',*,*,#6433,.F.);
#8120=ORIENTED_EDGE('',*,*,#8119,.T.);
#8121=ORIENTED_EDGE('',*,*,#6874,.T.);
#8122=ORIENTED_EDGE('',*,*,#8106,.F.);
#8123=EDGE_LOOP('',(#8118,#8120,#8121,#8122));
#8124=FACE_OUTER_BOUND('',#8123,.F.);
#8126=CARTESIAN_POINT('',(-1.4985E1,1.114978725433E1,5.150000047684E0));
#8127=DIRECTION('',(-8.373794759779E-1,-5.466220021285E-1,0.E0));
#8128=DIRECTION('',(5.466220021285E-1,-8.373794759779E-1,0.E0));
#8129=AXIS2_PLACEMENT_3D('',#8126,#8127,#8128);
#8130=PLANE('',#8129);
#8131=ORIENTED_EDGE('',*,*,#6431,.F.);
#8133=ORIENTED_EDGE('',*,*,#8132,.T.);
#8134=ORIENTED_EDGE('',*,*,#6876,.T.);
#8135=ORIENTED_EDGE('',*,*,#8119,.F.);
#8136=EDGE_LOOP('',(#8131,#8133,#8134,#8135));
#8137=FACE_OUTER_BOUND('',#8136,.F.);
#8139=CARTESIAN_POINT('',(-1.50475E1,1.119234044075E1,5.150000047684E0));
#8140=DIRECTION('',(-5.627909312417E-1,-8.265992787996E-1,0.E0));
#8141=DIRECTION('',(8.265992787996E-1,-5.627909312417E-1,0.E0));
#8142=AXIS2_PLACEMENT_3D('',#8139,#8140,#8141);
#8143=PLANE('',#8142);
#8144=ORIENTED_EDGE('',*,*,#6429,.F.);
#8146=ORIENTED_EDGE('',*,*,#8145,.T.);
#8147=ORIENTED_EDGE('',*,*,#6878,.T.);
#8148=ORIENTED_EDGE('',*,*,#8132,.F.);
#8149=EDGE_LOOP('',(#8144,#8146,#8147,#8148));
#8150=FACE_OUTER_BOUND('',#8149,.F.);
#8152=CARTESIAN_POINT('',(-1.515166674614E1,1.121361703396E1,5.150000047684E0));
#8153=DIRECTION('',(-2.001232084928E-1,-9.797707392153E-1,0.E0));
#8154=DIRECTION('',(9.797707392153E-1,-2.001232084928E-1,0.E0));
#8155=AXIS2_PLACEMENT_3D('',#8152,#8153,#8154);
#8156=PLANE('',#8155);
#8157=ORIENTED_EDGE('',*,*,#6427,.F.);
#8159=ORIENTED_EDGE('',*,*,#8158,.T.);
#8160=ORIENTED_EDGE('',*,*,#6880,.T.);
#8161=ORIENTED_EDGE('',*,*,#8145,.F.);
#8162=EDGE_LOOP('',(#8157,#8159,#8160,#8161));
#8163=FACE_OUTER_BOUND('',#8162,.F.);
#8165=CARTESIAN_POINT('',(-1.525583325386E1,1.119234044075E1,5.150000047684E0));
#8166=DIRECTION('',(2.001236481946E-1,-9.797706494039E-1,0.E0));
#8167=DIRECTION('',(9.797706494039E-1,2.001236481946E-1,0.E0));
#8168=AXIS2_PLACEMENT_3D('',#8165,#8166,#8167);
#8169=PLANE('',#8168);
#8170=ORIENTED_EDGE('',*,*,#6425,.F.);
#8172=ORIENTED_EDGE('',*,*,#8171,.T.);
#8173=ORIENTED_EDGE('',*,*,#6882,.T.);
#8174=ORIENTED_EDGE('',*,*,#8158,.F.);
#8175=EDGE_LOOP('',(#8170,#8172,#8173,#8174));
#8176=FACE_OUTER_BOUND('',#8175,.F.);
#8178=CARTESIAN_POINT('',(-1.531833325386E1,1.114978725433E1,5.150000047684E0));
#8179=DIRECTION('',(5.627909312417E-1,-8.265992787996E-1,0.E0));
#8180=DIRECTION('',(8.265992787996E-1,5.627909312417E-1,0.E0));
#8181=AXIS2_PLACEMENT_3D('',#8178,#8179,#8180);
#8182=PLANE('',#8181);
#8183=ORIENTED_EDGE('',*,*,#6423,.F.);
#8185=ORIENTED_EDGE('',*,*,#8184,.T.);
#8186=ORIENTED_EDGE('',*,*,#6884,.T.);
#8187=ORIENTED_EDGE('',*,*,#8171,.F.);
#8188=EDGE_LOOP('',(#8183,#8185,#8186,#8187));
#8189=FACE_OUTER_BOUND('',#8188,.F.);
#8191=CARTESIAN_POINT('',(-1.540166674614E1,1.102212763548E1,5.150000047684E0));
#8192=DIRECTION('',(8.373787601340E-1,-5.466230987403E-1,0.E0));
#8193=DIRECTION('',(5.466230987403E-1,8.373787601340E-1,0.E0));
#8194=AXIS2_PLACEMENT_3D('',#8191,#8192,#8193);
#8195=PLANE('',#8194);
#8196=ORIENTED_EDGE('',*,*,#6421,.F.);
#8197=ORIENTED_EDGE('',*,*,#7978,.T.);
#8198=ORIENTED_EDGE('',*,*,#6886,.T.);
#8199=ORIENTED_EDGE('',*,*,#8184,.F.);
#8200=EDGE_LOOP('',(#8196,#8197,#8198,#8199));
#8201=FACE_OUTER_BOUND('',#8200,.F.);
#8203=CARTESIAN_POINT('',(-1.436E1,1.032E1,5.150000047684E0));
#8204=DIRECTION('',(1.E0,0.E0,0.E0));
#8205=DIRECTION('',(0.E0,1.E0,0.E0));
#8206=AXIS2_PLACEMENT_3D('',#8203,#8204,#8205);
#8207=PLANE('',#8206);
#8208=ORIENTED_EDGE('',*,*,#6201,.F.);
#8210=ORIENTED_EDGE('',*,*,#8209,.T.);
#8211=ORIENTED_EDGE('',*,*,#6903,.T.);
#8213=ORIENTED_EDGE('',*,*,#8212,.F.);
#8214=EDGE_LOOP('',(#8208,#8210,#8211,#8213));
#8215=FACE_OUTER_BOUND('',#8214,.F.);
#8217=CARTESIAN_POINT('',(-1.4485E1,1.032E1,5.150000047684E0));
#8218=DIRECTION('',(0.E0,-1.E0,0.E0));
#8219=DIRECTION('',(1.E0,0.E0,0.E0));
#8220=AXIS2_PLACEMENT_3D('',#8217,#8218,#8219);
#8221=PLANE('',#8220);
#8222=ORIENTED_EDGE('',*,*,#6213,.F.);
#8224=ORIENTED_EDGE('',*,*,#8223,.T.);
#8225=ORIENTED_EDGE('',*,*,#6905,.T.);
#8226=ORIENTED_EDGE('',*,*,#8209,.F.);
#8227=EDGE_LOOP('',(#8222,#8224,#8225,#8226));
#8228=FACE_OUTER_BOUND('',#8227,.F.);
#8230=CARTESIAN_POINT('',(-1.4485E1,1.114978725433E1,5.150000047684E0));
#8231=DIRECTION('',(-1.E0,0.E0,0.E0));
#8232=DIRECTION('',(0.E0,-1.E0,0.E0));
#8233=AXIS2_PLACEMENT_3D('',#8230,#8231,#8232);
#8234=PLANE('',#8233);
#8235=ORIENTED_EDGE('',*,*,#6211,.F.);
#8237=ORIENTED_EDGE('',*,*,#8236,.T.);
#8238=ORIENTED_EDGE('',*,*,#6907,.T.);
#8239=ORIENTED_EDGE('',*,*,#8223,.F.);
#8240=EDGE_LOOP('',(#8235,#8237,#8238,#8239));
#8241=FACE_OUTER_BOUND('',#8240,.F.);
#8243=CARTESIAN_POINT('',(-1.461E1,1.100085104227E1,5.150000047684E0));
#8244=DIRECTION('',(7.659743427825E-1,-6.428711427642E-1,0.E0));
#8245=DIRECTION('',(6.428711427642E-1,7.659743427825E-1,0.E0));
#8246=AXIS2_PLACEMENT_3D('',#8243,#8244,#8245);
#8247=PLANE('',#8246);
#8248=ORIENTED_EDGE('',*,*,#6209,.F.);
#8250=ORIENTED_EDGE('',*,*,#8249,.T.);
#8251=ORIENTED_EDGE('',*,*,#6909,.T.);
#8252=ORIENTED_EDGE('',*,*,#8236,.F.);
#8253=EDGE_LOOP('',(#8248,#8250,#8251,#8252));
#8254=FACE_OUTER_BOUND('',#8253,.F.);
#8256=CARTESIAN_POINT('',(-1.461E1,1.117106384754E1,5.150000047684E0));
#8257=DIRECTION('',(-1.E0,0.E0,0.E0));
#8258=DIRECTION('',(0.E0,-1.E0,0.E0));
#8259=AXIS2_PLACEMENT_3D('',#8256,#8257,#8258);
#8260=PLANE('',#8259);
#8261=ORIENTED_EDGE('',*,*,#6207,.F.);
#8263=ORIENTED_EDGE('',*,*,#8262,.T.);
#8264=ORIENTED_EDGE('',*,*,#6911,.T.);
#8265=ORIENTED_EDGE('',*,*,#8249,.F.);
#8266=EDGE_LOOP('',(#8261,#8263,#8264,#8265));
#8267=FACE_OUTER_BOUND('',#8266,.F.);
#8269=CARTESIAN_POINT('',(-1.4485E1,1.132E1,5.150000047684E0));
#8270=DIRECTION('',(-7.659742160926E-1,6.428712937139E-1,0.E0));
#8271=DIRECTION('',(-6.428712937139E-1,-7.659742160926E-1,0.E0));
#8272=AXIS2_PLACEMENT_3D('',#8269,#8270,#8271);
#8273=PLANE('',#8272);
#8274=ORIENTED_EDGE('',*,*,#6205,.F.);
#8276=ORIENTED_EDGE('',*,*,#8275,.T.);
#8277=ORIENTED_EDGE('',*,*,#6913,.T.);
#8278=ORIENTED_EDGE('',*,*,#8262,.F.);
#8279=EDGE_LOOP('',(#8274,#8276,#8277,#8278));
#8280=FACE_OUTER_BOUND('',#8279,.F.);
#8282=CARTESIAN_POINT('',(-1.436E1,1.132E1,5.150000047684E0));
#8283=DIRECTION('',(0.E0,1.E0,0.E0));
#8284=DIRECTION('',(-1.E0,0.E0,0.E0));
#8285=AXIS2_PLACEMENT_3D('',#8282,#8283,#8284);
#8286=PLANE('',#8285);
#8287=ORIENTED_EDGE('',*,*,#6203,.F.);
#8288=ORIENTED_EDGE('',*,*,#8212,.T.);
#8289=ORIENTED_EDGE('',*,*,#6915,.T.);
#8290=ORIENTED_EDGE('',*,*,#8275,.F.);
#8291=EDGE_LOOP('',(#8287,#8288,#8289,#8290));
#8292=FACE_OUTER_BOUND('',#8291,.F.);
#8294=CARTESIAN_POINT('',(-1.331833349228E1,1.110723406792E1,5.150000047684E0));
#8295=DIRECTION('',(-1.E0,0.E0,0.E0));
#8296=DIRECTION('',(0.E0,-1.E0,0.E0));
#8297=AXIS2_PLACEMENT_3D('',#8294,#8295,#8296);
#8298=PLANE('',#8297);
#8299=ORIENTED_EDGE('',*,*,#6217,.F.);
#8301=ORIENTED_EDGE('',*,*,#8300,.T.);
#8302=ORIENTED_EDGE('',*,*,#6932,.T.);
#8304=ORIENTED_EDGE('',*,*,#8303,.F.);
#8305=EDGE_LOOP('',(#8299,#8301,#8302,#8304));
#8306=FACE_OUTER_BOUND('',#8305,.F.);
#8308=CARTESIAN_POINT('',(-1.361E1,1.032E1,5.150000047684E0));
#8309=DIRECTION('',(9.377106063676E-1,-3.474173552167E-1,0.E0));
#8310=DIRECTION('',(3.474173552167E-1,9.377106063676E-1,0.E0));
#8311=AXIS2_PLACEMENT_3D('',#8308,#8309,#8310);
#8312=PLANE('',#8311);
#8313=ORIENTED_EDGE('',*,*,#6241,.F.);
#8315=ORIENTED_EDGE('',*,*,#8314,.T.);
#8316=ORIENTED_EDGE('',*,*,#6934,.T.);
#8317=ORIENTED_EDGE('',*,*,#8300,.F.);
#8318=EDGE_LOOP('',(#8313,#8315,#8316,#8317));
#8319=FACE_OUTER_BOUND('',#8318,.F.);
#8321=CARTESIAN_POINT('',(-1.377666650772E1,1.032E1,5.150000047684E0));
#8322=DIRECTION('',(0.E0,-1.E0,0.E0));
#8323=DIRECTION('',(1.E0,0.E0,0.E0));
#8324=AXIS2_PLACEMENT_3D('',#8321,#8322,#8323);
#8325=PLANE('',#8324);
#8326=ORIENTED_EDGE('',*,*,#6239,.F.);
#8328=ORIENTED_EDGE('',*,*,#8327,.T.);
#8329=ORIENTED_EDGE('',*,*,#6936,.T.);
#8330=ORIENTED_EDGE('',*,*,#8314,.F.);
#8331=EDGE_LOOP('',(#8326,#8328,#8329,#8330));
#8332=FACE_OUTER_BOUND('',#8331,.F.);
#8334=CARTESIAN_POINT('',(-1.406833349228E1,1.110723406792E1,5.150000047684E0));
#8335=DIRECTION('',(-9.377104213319E-1,-3.474178546443E-1,0.E0));
#8336=DIRECTION('',(3.474178546443E-1,-9.377104213319E-1,0.E0));
#8337=AXIS2_PLACEMENT_3D('',#8334,#8335,#8336);
#8338=PLANE('',#8337);
#8339=ORIENTED_EDGE('',*,*,#6237,.F.);
#8341=ORIENTED_EDGE('',*,*,#8340,.T.);
#8342=ORIENTED_EDGE('',*,*,#6938,.T.);
#8343=ORIENTED_EDGE('',*,*,#8327,.F.);
#8344=EDGE_LOOP('',(#8339,#8341,#8342,#8343));
#8345=FACE_OUTER_BOUND('',#8344,.F.);
#8347=CARTESIAN_POINT('',(-1.406833349228E1,1.032E1,5.150000047684E0));
#8348=DIRECTION('',(1.E0,0.E0,0.E0));
#8349=DIRECTION('',(0.E0,1.E0,0.E0));
#8350=AXIS2_PLACEMENT_3D('',#8347,#8348,#8349);
#8351=PLANE('',#8350);
#8352=ORIENTED_EDGE('',*,*,#6235,.F.);
#8354=ORIENTED_EDGE('',*,*,#8353,.T.);
#8355=ORIENTED_EDGE('',*,*,#6940,.T.);
#8356=ORIENTED_EDGE('',*,*,#8340,.F.);
#8357=EDGE_LOOP('',(#8352,#8354,#8355,#8356));
#8358=FACE_OUTER_BOUND('',#8357,.F.);
#8360=CARTESIAN_POINT('',(-1.419333349228E1,1.032E1,5.150000047684E0));
#8361=DIRECTION('',(0.E0,-1.E0,0.E0));
#8362=DIRECTION('',(1.E0,0.E0,0.E0));
#8363=AXIS2_PLACEMENT_3D('',#8360,#8361,#8362);
#8364=PLANE('',#8363);
#8365=ORIENTED_EDGE('',*,*,#6233,.F.);
#8367=ORIENTED_EDGE('',*,*,#8366,.T.);
#8368=ORIENTED_EDGE('',*,*,#6942,.T.);
#8369=ORIENTED_EDGE('',*,*,#8353,.F.);
#8370=EDGE_LOOP('',(#8365,#8367,#8368,#8369));
#8371=FACE_OUTER_BOUND('',#8370,.F.);
#8373=CARTESIAN_POINT('',(-1.419333349228E1,1.132E1,5.150000047684E0));
#8374=DIRECTION('',(-1.E0,0.E0,0.E0));
#8375=DIRECTION('',(0.E0,-1.E0,0.E0));
#8376=AXIS2_PLACEMENT_3D('',#8373,#8374,#8375);
#8377=PLANE('',#8376);
#8378=ORIENTED_EDGE('',*,*,#6231,.F.);
#8380=ORIENTED_EDGE('',*,*,#8379,.T.);
#8381=ORIENTED_EDGE('',*,*,#6944,.T.);
#8382=ORIENTED_EDGE('',*,*,#8366,.F.);
#8383=EDGE_LOOP('',(#8378,#8380,#8381,#8382));
#8384=FACE_OUTER_BOUND('',#8383,.F.);
#8386=CARTESIAN_POINT('',(-1.400583349228E1,1.132E1,5.150000047684E0));
#8387=DIRECTION('',(0.E0,1.E0,0.E0));
#8388=DIRECTION('',(-1.E0,0.E0,0.E0));
#8389=AXIS2_PLACEMENT_3D('',#8386,#8387,#8388);
#8390=PLANE('',#8389);
#8391=ORIENTED_EDGE('',*,*,#6229,.F.);
#8393=ORIENTED_EDGE('',*,*,#8392,.T.);
#8394=ORIENTED_EDGE('',*,*,#6946,.T.);
#8395=ORIENTED_EDGE('',*,*,#8379,.F.);
#8396=EDGE_LOOP('',(#8391,#8393,#8394,#8395));
#8397=FACE_OUTER_BOUND('',#8396,.F.);
#8399=CARTESIAN_POINT('',(-1.369333349228E1,1.042638298094E1,5.150000047684E0));
#8400=DIRECTION('',(9.439459199884E-1,3.301001365301E-1,0.E0));
#8401=DIRECTION('',(-3.301001365301E-1,9.439459199884E-1,0.E0));
#8402=AXIS2_PLACEMENT_3D('',#8399,#8400,#8401);
#8403=PLANE('',#8402);
#8404=ORIENTED_EDGE('',*,*,#6227,.F.);
#8406=ORIENTED_EDGE('',*,*,#8405,.T.);
#8407=ORIENTED_EDGE('',*,*,#6948,.T.);
#8408=ORIENTED_EDGE('',*,*,#8392,.F.);
#8409=EDGE_LOOP('',(#8404,#8406,#8407,#8408));
#8410=FACE_OUTER_BOUND('',#8409,.F.);
#8412=CARTESIAN_POINT('',(-1.338083349228E1,1.132E1,5.150000047684E0));
#8413=DIRECTION('',(-9.439459199884E-1,3.301001365301E-1,0.E0));
#8414=DIRECTION('',(-3.301001365301E-1,-9.439459199884E-1,0.E0));
#8415=AXIS2_PLACEMENT_3D('',#8412,#8413,#8414);
#8416=PLANE('',#8415);
#8417=ORIENTED_EDGE('',*,*,#6225,.F.);
#8419=ORIENTED_EDGE('',*,*,#8418,.T.);
#8420=ORIENTED_EDGE('',*,*,#6950,.T.);
#8421=ORIENTED_EDGE('',*,*,#8405,.F.);
#8422=EDGE_LOOP('',(#8417,#8419,#8420,#8421));
#8423=FACE_OUTER_BOUND('',#8422,.F.);
#8425=CARTESIAN_POINT('',(-1.319333349228E1,1.132E1,5.150000047684E0));
#8426=DIRECTION('',(0.E0,1.E0,0.E0));
#8427=DIRECTION('',(-1.E0,0.E0,0.E0));
#8428=AXIS2_PLACEMENT_3D('',#8425,#8426,#8427);
#8429=PLANE('',#8428);
#8430=ORIENTED_EDGE('',*,*,#6223,.F.);
#8432=ORIENTED_EDGE('',*,*,#8431,.T.);
#8433=ORIENTED_EDGE('',*,*,#6952,.T.);
#8434=ORIENTED_EDGE('',*,*,#8418,.F.);
#8435=EDGE_LOOP('',(#8430,#8432,#8433,#8434));
#8436=FACE_OUTER_BOUND('',#8435,.F.);
#8438=CARTESIAN_POINT('',(-1.319333349228E1,1.032E1,5.150000047684E0));
#8439=DIRECTION('',(1.E0,0.E0,0.E0));
#8440=DIRECTION('',(0.E0,1.E0,0.E0));
#8441=AXIS2_PLACEMENT_3D('',#8438,#8439,#8440);
#8442=PLANE('',#8441);
#8443=ORIENTED_EDGE('',*,*,#6221,.F.);
#8445=ORIENTED_EDGE('',*,*,#8444,.T.);
#8446=ORIENTED_EDGE('',*,*,#6954,.T.);
#8447=ORIENTED_EDGE('',*,*,#8431,.F.);
#8448=EDGE_LOOP('',(#8443,#8445,#8446,#8447));
#8449=FACE_OUTER_BOUND('',#8448,.F.);
#8451=CARTESIAN_POINT('',(-1.331833349228E1,1.032E1,5.150000047684E0));
#8452=DIRECTION('',(0.E0,-1.E0,0.E0));
#8453=DIRECTION('',(1.E0,0.E0,0.E0));
#8454=AXIS2_PLACEMENT_3D('',#8451,#8452,#8453);
#8455=PLANE('',#8454);
#8456=ORIENTED_EDGE('',*,*,#6219,.F.);
#8457=ORIENTED_EDGE('',*,*,#8303,.T.);
#8458=ORIENTED_EDGE('',*,*,#6956,.T.);
#8459=ORIENTED_EDGE('',*,*,#8444,.F.);
#8460=EDGE_LOOP('',(#8456,#8457,#8458,#8459));
#8461=FACE_OUTER_BOUND('',#8460,.F.);
#8463=CARTESIAN_POINT('',(-1.221416650772E1,1.057531914830E1,5.150000047684E0));
#8464=DIRECTION('',(0.E0,1.E0,0.E0));
#8465=DIRECTION('',(-1.E0,0.E0,0.E0));
#8466=AXIS2_PLACEMENT_3D('',#8463,#8464,#8465);
#8467=PLANE('',#8466);
#8468=ORIENTED_EDGE('',*,*,#6245,.F.);
#8470=ORIENTED_EDGE('',*,*,#8469,.T.);
#8471=ORIENTED_EDGE('',*,*,#6973,.T.);
#8473=ORIENTED_EDGE('',*,*,#8472,.F.);
#8474=EDGE_LOOP('',(#8468,#8470,#8471,#8473));
#8475=FACE_OUTER_BOUND('',#8474,.F.);
#8477=CARTESIAN_POINT('',(-1.2235E1,1.046893616736E1,5.150000047684E0));
#8478=DIRECTION('',(9.813588630361E-1,-1.921842395735E-1,0.E0));
#8479=DIRECTION('',(1.921842395735E-1,9.813588630361E-1,0.E0));
#8480=AXIS2_PLACEMENT_3D('',#8477,#8478,#8479);
#8481=PLANE('',#8480);
#8482=ORIENTED_EDGE('',*,*,#6323,.F.);
#8484=ORIENTED_EDGE('',*,*,#8483,.T.);
#8485=ORIENTED_EDGE('',*,*,#6975,.T.);
#8486=ORIENTED_EDGE('',*,*,#8469,.F.);
#8487=EDGE_LOOP('',(#8482,#8484,#8485,#8486));
#8488=FACE_OUTER_BOUND('',#8487,.F.);
#8490=CARTESIAN_POINT('',(-1.231833349228E1,1.038382978708E1,5.150000047684E0));
#8491=DIRECTION('',(7.145097483531E-1,-6.996254851765E-1,0.E0));
#8492=DIRECTION('',(6.996254851765E-1,7.145097483531E-1,0.E0));
#8493=AXIS2_PLACEMENT_3D('',#8490,#8491,#8492);
#8494=PLANE('',#8493);
#8495=ORIENTED_EDGE('',*,*,#6321,.F.);
#8497=ORIENTED_EDGE('',*,*,#8496,.T.);
#8498=ORIENTED_EDGE('',*,*,#6977,.T.);
#8499=ORIENTED_EDGE('',*,*,#8483,.F.);
#8500=EDGE_LOOP('',(#8495,#8497,#8498,#8499));
#8501=FACE_OUTER_BOUND('',#8500,.F.);
#8503=CARTESIAN_POINT('',(-1.240166650772E1,1.034127659507E1,5.150000047684E0));
#8504=DIRECTION('',(4.547785369538E-1,-8.906045600187E-1,0.E0));
#8505=DIRECTION('',(8.906045600187E-1,4.547785369538E-1,0.E0));
#8506=AXIS2_PLACEMENT_3D('',#8503,#8504,#8505);
#8507=PLANE('',#8506);
#8508=ORIENTED_EDGE('',*,*,#6319,.F.);
#8510=ORIENTED_EDGE('',*,*,#8509,.T.);
#8511=ORIENTED_EDGE('',*,*,#6979,.T.);
#8512=ORIENTED_EDGE('',*,*,#8496,.F.);
#8513=EDGE_LOOP('',(#8508,#8510,#8511,#8512));
#8514=FACE_OUTER_BOUND('',#8513,.F.);
#8516=CARTESIAN_POINT('',(-1.250583349228E1,1.032E1,5.150000047684E0));
#8517=DIRECTION('',(2.001227856107E-1,-9.797708255911E-1,0.E0));
#8518=DIRECTION('',(9.797708255911E-1,2.001227856107E-1,0.E0));
#8519=AXIS2_PLACEMENT_3D('',#8516,#8517,#8518);
#8520=PLANE('',#8519);
#8521=ORIENTED_EDGE('',*,*,#6317,.F.);
#8523=ORIENTED_EDGE('',*,*,#8522,.T.);
#8524=ORIENTED_EDGE('',*,*,#6981,.T.);
#8525=ORIENTED_EDGE('',*,*,#8509,.F.);
#8526=EDGE_LOOP('',(#8521,#8523,#8524,#8525));
#8527=FACE_OUTER_BOUND('',#8526,.F.);
#8529=CARTESIAN_POINT('',(-1.269333349228E1,1.032E1,5.150000047684E0));
#8530=DIRECTION('',(0.E0,-1.E0,0.E0));
#8531=DIRECTION('',(1.E0,0.E0,0.E0));
#8532=AXIS2_PLACEMENT_3D('',#8529,#8530,#8531);
#8533=PLANE('',#8532);
#8534=ORIENTED_EDGE('',*,*,#6315,.F.);
#8536=ORIENTED_EDGE('',*,*,#8535,.T.);
#8537=ORIENTED_EDGE('',*,*,#6983,.T.);
#8538=ORIENTED_EDGE('',*,*,#8522,.F.);
#8539=EDGE_LOOP('',(#8534,#8536,#8537,#8538));
#8540=FACE_OUTER_BOUND('',#8539,.F.);
#8542=CARTESIAN_POINT('',(-1.27975E1,1.034127659507E1,5.150000047684E0));
#8543=DIRECTION('',(-2.001236650127E-1,-9.797706459687E-1,0.E0));
#8544=DIRECTION('',(9.797706459687E-1,-2.001236650127E-1,0.E0));
#8545=AXIS2_PLACEMENT_3D('',#8542,#8543,#8544);
#8546=PLANE('',#8545);
#8547=ORIENTED_EDGE('',*,*,#6313,.F.);
#8549=ORIENTED_EDGE('',*,*,#8548,.T.);
#8550=ORIENTED_EDGE('',*,*,#6985,.T.);
#8551=ORIENTED_EDGE('',*,*,#8535,.F.);
#8552=EDGE_LOOP('',(#8547,#8549,#8550,#8551));
#8553=FACE_OUTER_BOUND('',#8552,.F.);
#8555=CARTESIAN_POINT('',(-1.288083349228E1,1.038382978708E1,5.150000047684E0));
#8556=DIRECTION('',(-4.547764728998E-1,-8.906056140048E-1,0.E0));
#8557=DIRECTION('',(8.906056140048E-1,-4.547764728998E-1,0.E0));
#8558=AXIS2_PLACEMENT_3D('',#8555,#8556,#8557);
#8559=PLANE('',#8558);
#8560=ORIENTED_EDGE('',*,*,#6311,.F.);
#8562=ORIENTED_EDGE('',*,*,#8561,.T.);
#8563=ORIENTED_EDGE('',*,*,#6987,.T.);
#8564=ORIENTED_EDGE('',*,*,#8548,.F.);
#8565=EDGE_LOOP('',(#8560,#8562,#8563,#8564));
#8566=FACE_OUTER_BOUND('',#8565,.F.);
#8568=CARTESIAN_POINT('',(-1.296416650772E1,1.046893616736E1,5.150000047684E0));
#8569=DIRECTION('',(-7.145117495531E-1,-6.996234413959E-1,0.E0));
#8570=DIRECTION('',(6.996234413959E-1,-7.145117495531E-1,0.E0));
#8571=AXIS2_PLACEMENT_3D('',#8568,#8569,#8570);
#8572=PLANE('',#8571);
#8573=ORIENTED_EDGE('',*,*,#6309,.F.);
#8575=ORIENTED_EDGE('',*,*,#8574,.T.);
#8576=ORIENTED_EDGE('',*,*,#6989,.T.);
#8577=ORIENTED_EDGE('',*,*,#8561,.F.);
#8578=EDGE_LOOP('',(#8573,#8575,#8576,#8577));
#8579=FACE_OUTER_BOUND('',#8578,.F.);
#8581=CARTESIAN_POINT('',(-1.300583349228E1,1.055404255509E1,5.150000047684E0));
#8582=DIRECTION('',(-8.981368027053E-1,-4.397161398292E-1,0.E0));
#8583=DIRECTION('',(4.397161398292E-1,-8.981368027053E-1,0.E0));
#8584=AXIS2_PLACEMENT_3D('',#8581,#8582,#8583);
#8585=PLANE('',#8584);
#8586=ORIENTED_EDGE('',*,*,#6307,.F.);
#8588=ORIENTED_EDGE('',*,*,#8587,.T.);
#8589=ORIENTED_EDGE('',*,*,#6991,.T.);
#8590=ORIENTED_EDGE('',*,*,#8574,.F.);
#8591=EDGE_LOOP('',(#8586,#8588,#8589,#8590));
#8592=FACE_OUTER_BOUND('',#8591,.F.);
#8594=CARTESIAN_POINT('',(-1.302666650772E1,1.066042552114E1,5.150000047684E0));
#8595=DIRECTION('',(-9.813596875559E-1,-1.921800292438E-1,0.E0));
#8596=DIRECTION('',(1.921800292438E-1,-9.813596875559E-1,0.E0));
#8597=AXIS2_PLACEMENT_3D('',#8594,#8595,#8596);
#8598=PLANE('',#8597);
#8599=ORIENTED_EDGE('',*,*,#6305,.F.);
#8601=ORIENTED_EDGE('',*,*,#8600,.T.);
#8602=ORIENTED_EDGE('',*,*,#6993,.T.);
#8603=ORIENTED_EDGE('',*,*,#8587,.F.);
#8604=EDGE_LOOP('',(#8599,#8601,#8602,#8603));
#8605=FACE_OUTER_BOUND('',#8604,.F.);
#8607=CARTESIAN_POINT('',(-1.302666650772E1,1.097957444906E1,5.150000047684E0));
#8608=DIRECTION('',(-1.E0,0.E0,0.E0));
#8609=DIRECTION('',(0.E0,-1.E0,0.E0));
#8610=AXIS2_PLACEMENT_3D('',#8607,#8608,#8609);
#8611=PLANE('',#8610);
#8612=ORIENTED_EDGE('',*,*,#6303,.F.);
#8614=ORIENTED_EDGE('',*,*,#8613,.T.);
#8615=ORIENTED_EDGE('',*,*,#6995,.T.);
#8616=ORIENTED_EDGE('',*,*,#8600,.F.);
#8617=EDGE_LOOP('',(#8612,#8614,#8615,#8616));
#8618=FACE_OUTER_BOUND('',#8617,.F.);
#8620=CARTESIAN_POINT('',(-1.300583349228E1,1.108595747471E1,5.150000047684E0));
#8621=DIRECTION('',(-9.813597078632E-1,1.921799255453E-1,0.E0));
#8622=DIRECTION('',(-1.921799255453E-1,-9.813597078632E-1,0.E0));
#8623=AXIS2_PLACEMENT_3D('',#8620,#8621,#8622);
#8624=PLANE('',#8623);
#8625=ORIENTED_EDGE('',*,*,#6301,.F.);
#8627=ORIENTED_EDGE('',*,*,#8626,.T.);
#8628=ORIENTED_EDGE('',*,*,#6997,.T.);
#8629=ORIENTED_EDGE('',*,*,#8613,.F.);
#8630=EDGE_LOOP('',(#8625,#8627,#8628,#8629));
#8631=FACE_OUTER_BOUND('',#8630,.F.);
#8633=CARTESIAN_POINT('',(-1.296416650772E1,1.117106384754E1,5.150000047684E0));
#8634=DIRECTION('',(-8.981367723003E-1,4.397162019326E-1,0.E0));
#8635=DIRECTION('',(-4.397162019326E-1,-8.981367723003E-1,0.E0));
#8636=AXIS2_PLACEMENT_3D('',#8633,#8634,#8635);
#8637=PLANE('',#8636);
#8638=ORIENTED_EDGE('',*,*,#6299,.F.);
#8640=ORIENTED_EDGE('',*,*,#8639,.T.);
#8641=ORIENTED_EDGE('',*,*,#6999,.T.);
#8642=ORIENTED_EDGE('',*,*,#8626,.F.);
#8643=EDGE_LOOP('',(#8638,#8640,#8641,#8642));
#8644=FACE_OUTER_BOUND('',#8643,.F.);
#8646=CARTESIAN_POINT('',(-1.288083349228E1,1.125617022038E1,5.150000047684E0));
#8647=DIRECTION('',(-7.145117189358E-1,6.996234726647E-1,0.E0));
#8648=DIRECTION('',(-6.996234726647E-1,-7.145117189358E-1,0.E0));
#8649=AXIS2_PLACEMENT_3D('',#8646,#8647,#8648);
#8650=PLANE('',#8649);
#8651=ORIENTED_EDGE('',*,*,#6297,.F.);
#8653=ORIENTED_EDGE('',*,*,#8652,.T.);
#8654=ORIENTED_EDGE('',*,*,#7001,.T.);
#8655=ORIENTED_EDGE('',*,*,#8639,.F.);
#8656=EDGE_LOOP('',(#8651,#8653,#8654,#8655));
#8657=FACE_OUTER_BOUND('',#8656,.F.);
#8659=CARTESIAN_POINT('',(-1.27975E1,1.129872340679E1,5.150000047684E0));
#8660=DIRECTION('',(-4.547764255314E-1,8.906056381928E-1,0.E0));
#8661=DIRECTION('',(-8.906056381928E-1,-4.547764255314E-1,0.E0));
#8662=AXIS2_PLACEMENT_3D('',#8659,#8660,#8661);
#8663=PLANE('',#8662);
#8664=ORIENTED_EDGE('',*,*,#6295,.F.);
#8666=ORIENTED_EDGE('',*,*,#8665,.T.);
#8667=ORIENTED_EDGE('',*,*,#7003,.T.);
#8668=ORIENTED_EDGE('',*,*,#8652,.F.);
#8669=EDGE_LOOP('',(#8664,#8666,#8667,#8668));
#8670=FACE_OUTER_BOUND('',#8669,.F.);
#8672=CARTESIAN_POINT('',(-1.269333349228E1,1.132E1,5.150000047684E0));
#8673=DIRECTION('',(-2.001236481946E-1,9.797706494039E-1,0.E0));
#8674=DIRECTION('',(-9.797706494039E-1,-2.001236481946E-1,0.E0));
#8675=AXIS2_PLACEMENT_3D('',#8672,#8673,#8674);
#8676=PLANE('',#8675);
#8677=ORIENTED_EDGE('',*,*,#6293,.F.);
#8679=ORIENTED_EDGE('',*,*,#8678,.T.);
#8680=ORIENTED_EDGE('',*,*,#7005,.T.);
#8681=ORIENTED_EDGE('',*,*,#8665,.F.);
#8682=EDGE_LOOP('',(#8677,#8679,#8680,#8681));
#8683=FACE_OUTER_BOUND('',#8682,.F.);
#8685=CARTESIAN_POINT('',(-1.250583349228E1,1.132E1,5.150000047684E0));
#8686=DIRECTION('',(0.E0,1.E0,0.E0));
#8687=DIRECTION('',(-1.E0,0.E0,0.E0));
#8688=AXIS2_PLACEMENT_3D('',#8685,#8686,#8687);
#8689=PLANE('',#8688);
#8690=ORIENTED_EDGE('',*,*,#6291,.F.);
#8692=ORIENTED_EDGE('',*,*,#8691,.T.);
#8693=ORIENTED_EDGE('',*,*,#7007,.T.);
#8694=ORIENTED_EDGE('',*,*,#8678,.F.);
#8695=EDGE_LOOP('',(#8690,#8692,#8693,#8694));
#8696=FACE_OUTER_BOUND('',#8695,.F.);
#8698=CARTESIAN_POINT('',(-1.240166650772E1,1.129872340679E1,5.150000047684E0));
#8699=DIRECTION('',(2.001227687928E-1,9.797708290262E-1,0.E0));
#8700=DIRECTION('',(-9.797708290262E-1,2.001227687928E-1,0.E0));
#8701=AXIS2_PLACEMENT_3D('',#8698,#8699,#8700);
#8702=PLANE('',#8701);
#8703=ORIENTED_EDGE('',*,*,#6289,.F.);
#8705=ORIENTED_EDGE('',*,*,#8704,.T.);
#8706=ORIENTED_EDGE('',*,*,#7009,.T.);
#8707=ORIENTED_EDGE('',*,*,#8691,.F.);
#8708=EDGE_LOOP('',(#8703,#8705,#8706,#8707));
#8709=FACE_OUTER_BOUND('',#8708,.F.);
#8711=CARTESIAN_POINT('',(-1.231833349228E1,1.125617022038E1,5.150000047684E0));
#8712=DIRECTION('',(4.547784895854E-1,8.906045842070E-1,0.E0));
#8713=DIRECTION('',(-8.906045842070E-1,4.547784895854E-1,0.E0));
#8714=AXIS2_PLACEMENT_3D('',#8711,#8712,#8713);
#8715=PLANE('',#8714);
#8716=ORIENTED_EDGE('',*,*,#6287,.F.);
#8718=ORIENTED_EDGE('',*,*,#8717,.T.);
#8719=ORIENTED_EDGE('',*,*,#7011,.T.);
#8720=ORIENTED_EDGE('',*,*,#8704,.F.);
#8721=EDGE_LOOP('',(#8716,#8718,#8719,#8720));
#8722=FACE_OUTER_BOUND('',#8721,.F.);
#8724=CARTESIAN_POINT('',(-1.2235E1,1.117106384754E1,5.150000047684E0));
#8725=DIRECTION('',(7.145097177357E-1,6.996255164452E-1,0.E0));
#8726=DIRECTION('',(-6.996255164452E-1,7.145097177357E-1,0.E0));
#8727=AXIS2_PLACEMENT_3D('',#8724,#8725,#8726);
#8728=PLANE('',#8727);
#8729=ORIENTED_EDGE('',*,*,#6285,.F.);
#8731=ORIENTED_EDGE('',*,*,#8730,.T.);
#8732=ORIENTED_EDGE('',*,*,#7013,.T.);
#8733=ORIENTED_EDGE('',*,*,#8717,.F.);
#8734=EDGE_LOOP('',(#8729,#8731,#8732,#8733));
#8735=FACE_OUTER_BOUND('',#8734,.F.);
#8737=CARTESIAN_POINT('',(-1.221416650772E1,1.106468082190E1,5.150000047684E0));
#8738=DIRECTION('',(9.813588782673E-1,1.921841617981E-1,0.E0));
#8739=DIRECTION('',(-1.921841617981E-1,9.813588782673E-1,0.E0));
#8740=AXIS2_PLACEMENT_3D('',#8737,#8738,#8739);
#8741=PLANE('',#8740);
#8742=ORIENTED_EDGE('',*,*,#6283,.F.);
#8744=ORIENTED_EDGE('',*,*,#8743,.T.);
#8745=ORIENTED_EDGE('',*,*,#7015,.T.);
#8746=ORIENTED_EDGE('',*,*,#8730,.F.);
#8747=EDGE_LOOP('',(#8742,#8744,#8745,#8746));
#8748=FACE_OUTER_BOUND('',#8747,.F.);
#8750=CARTESIAN_POINT('',(-1.233916650772E1,1.106468082190E1,5.150000047684E0));
#8751=DIRECTION('',(0.E0,-1.E0,0.E0));
#8752=DIRECTION('',(1.E0,0.E0,0.E0));
#8753=AXIS2_PLACEMENT_3D('',#8750,#8751,#8752);
#8754=PLANE('',#8753);
#8755=ORIENTED_EDGE('',*,*,#6281,.F.);
#8757=ORIENTED_EDGE('',*,*,#8756,.T.);
#8758=ORIENTED_EDGE('',*,*,#7017,.T.);
#8759=ORIENTED_EDGE('',*,*,#8743,.F.);
#8760=EDGE_LOOP('',(#8755,#8757,#8758,#8759));
#8761=FACE_OUTER_BOUND('',#8760,.F.);
#8763=CARTESIAN_POINT('',(-1.236E1,1.112851066113E1,5.150000047684E0));
#8764=DIRECTION('',(-9.506445793151E-1,-3.102819424634E-1,0.E0));
#8765=DIRECTION('',(3.102819424634E-1,-9.506445793151E-1,0.E0));
#8766=AXIS2_PLACEMENT_3D('',#8763,#8764,#8765);
#8767=PLANE('',#8766);
#8768=ORIENTED_EDGE('',*,*,#6279,.F.);
#8770=ORIENTED_EDGE('',*,*,#8769,.T.);
#8771=ORIENTED_EDGE('',*,*,#7019,.T.);
#8772=ORIENTED_EDGE('',*,*,#8756,.F.);
#8773=EDGE_LOOP('',(#8768,#8770,#8771,#8772));
#8774=FACE_OUTER_BOUND('',#8773,.F.);
#8776=CARTESIAN_POINT('',(-1.24225E1,1.117106384754E1,5.150000047684E0));
#8777=DIRECTION('',(-5.627909312417E-1,-8.265992787996E-1,0.E0));
#8778=DIRECTION('',(8.265992787996E-1,-5.627909312417E-1,0.E0));
#8779=AXIS2_PLACEMENT_3D('',#8776,#8777,#8778);
#8780=PLANE('',#8779);
#8781=ORIENTED_EDGE('',*,*,#6277,.F.);
#8783=ORIENTED_EDGE('',*,*,#8782,.T.);
#8784=ORIENTED_EDGE('',*,*,#7021,.T.);
#8785=ORIENTED_EDGE('',*,*,#8769,.F.);
#8786=EDGE_LOOP('',(#8781,#8783,#8784,#8785));
#8787=FACE_OUTER_BOUND('',#8786,.F.);
#8789=CARTESIAN_POINT('',(-1.250583349228E1,1.119234044075E1,5.150000047684E0));
#8790=DIRECTION('',(-2.473827746112E-1,-9.689178307915E-1,0.E0));
#8791=DIRECTION('',(9.689178307915E-1,-2.473827746112E-1,0.E0));
#8792=AXIS2_PLACEMENT_3D('',#8789,#8790,#8791);
#8793=PLANE('',#8792);
#8794=ORIENTED_EDGE('',*,*,#6275,.F.);
#8796=ORIENTED_EDGE('',*,*,#8795,.T.);
#8797=ORIENTED_EDGE('',*,*,#7023,.T.);
#8798=ORIENTED_EDGE('',*,*,#8782,.F.);
#8799=EDGE_LOOP('',(#8794,#8796,#8797,#8798));
#8800=FACE_OUTER_BOUND('',#8799,.F.);
#8802=CARTESIAN_POINT('',(-1.269333349228E1,1.119234044075E1,5.150000047684E0));
#8803=DIRECTION('',(0.E0,-1.E0,0.E0));
#8804=DIRECTION('',(1.E0,0.E0,0.E0));
#8805=AXIS2_PLACEMENT_3D('',#8802,#8803,#8804);
#8806=PLANE('',#8805);
#8807=ORIENTED_EDGE('',*,*,#6273,.F.);
#8809=ORIENTED_EDGE('',*,*,#8808,.T.);
#8810=ORIENTED_EDGE('',*,*,#7025,.T.);
#8811=ORIENTED_EDGE('',*,*,#8795,.F.);
#8812=EDGE_LOOP('',(#8807,#8809,#8810,#8811));
#8813=FACE_OUTER_BOUND('',#8812,.F.);
#8815=CARTESIAN_POINT('',(-1.277666650772E1,1.117106384754E1,5.150000047684E0));
#8816=DIRECTION('',(2.473841035229E-1,-9.689174914946E-1,0.E0));
#8817=DIRECTION('',(9.689174914946E-1,2.473841035229E-1,0.E0));
#8818=AXIS2_PLACEMENT_3D('',#8815,#8816,#8817);
#8819=PLANE('',#8818);
#8820=ORIENTED_EDGE('',*,*,#6271,.F.);
#8822=ORIENTED_EDGE('',*,*,#8821,.T.);
#8823=ORIENTED_EDGE('',*,*,#7027,.T.);
#8824=ORIENTED_EDGE('',*,*,#8808,.F.);
#8825=EDGE_LOOP('',(#8820,#8822,#8823,#8824));
#8826=FACE_OUTER_BOUND('',#8825,.F.);
#8828=CARTESIAN_POINT('',(-1.283916650772E1,1.112851066113E1,5.150000047684E0));
#8829=DIRECTION('',(5.627909312417E-1,-8.265992787996E-1,0.E0));
#8830=DIRECTION('',(8.265992787996E-1,5.627909312417E-1,0.E0));
#8831=AXIS2_PLACEMENT_3D('',#8828,#8829,#8830);
#8832=PLANE('',#8831);
#8833=ORIENTED_EDGE('',*,*,#6269,.F.);
#8835=ORIENTED_EDGE('',*,*,#8834,.T.);
#8836=ORIENTED_EDGE('',*,*,#7029,.T.);
#8837=ORIENTED_EDGE('',*,*,#8821,.F.);
#8838=EDGE_LOOP('',(#8833,#8835,#8836,#8837));
#8839=FACE_OUTER_BOUND('',#8838,.F.);
#8841=CARTESIAN_POINT('',(-1.288083349228E1,1.106468082190E1,5.150000047684E0));
#8842=DIRECTION('',(8.373774452681E-1,-5.466251129945E-1,0.E0));
#8843=DIRECTION('',(5.466251129945E-1,8.373774452681E-1,0.E0));
#8844=AXIS2_PLACEMENT_3D('',#8841,#8842,#8843);
#8845=PLANE('',#8844);
#8846=ORIENTED_EDGE('',*,*,#6267,.F.);
#8848=ORIENTED_EDGE('',*,*,#8847,.T.);
#8849=ORIENTED_EDGE('',*,*,#7031,.T.);
#8850=ORIENTED_EDGE('',*,*,#8834,.F.);
#8851=EDGE_LOOP('',(#8846,#8848,#8849,#8850));
#8852=FACE_OUTER_BOUND('',#8851,.F.);
#8854=CARTESIAN_POINT('',(-1.290166650772E1,1.097957444906E1,5.150000047684E0));
#8855=DIRECTION('',(9.713219917786E-1,-2.377679294760E-1,0.E0));
#8856=DIRECTION('',(2.377679294760E-1,9.713219917786E-1,0.E0));
#8857=AXIS2_PLACEMENT_3D('',#8854,#8855,#8856);
#8858=PLANE('',#8857);
#8859=ORIENTED_EDGE('',*,*,#6265,.F.);
#8861=ORIENTED_EDGE('',*,*,#8860,.T.);
#8862=ORIENTED_EDGE('',*,*,#7033,.T.);
#8863=ORIENTED_EDGE('',*,*,#8847,.F.);
#8864=EDGE_LOOP('',(#8859,#8861,#8862,#8863));
#8865=FACE_OUTER_BOUND('',#8864,.F.);
#8867=CARTESIAN_POINT('',(-1.290166650772E1,1.066042552114E1,5.150000047684E0));
#8868=DIRECTION('',(1.E0,0.E0,0.E0));
#8869=DIRECTION('',(0.E0,1.E0,0.E0));
#8870=AXIS2_PLACEMENT_3D('',#8867,#8868,#8869);
#8871=PLANE('',#8870);
#8872=ORIENTED_EDGE('',*,*,#6263,.F.);
#8874=ORIENTED_EDGE('',*,*,#8873,.T.);
#8875=ORIENTED_EDGE('',*,*,#7035,.T.);
#8876=ORIENTED_EDGE('',*,*,#8860,.F.);
#8877=EDGE_LOOP('',(#8872,#8874,#8875,#8876));
#8878=FACE_OUTER_BOUND('',#8877,.F.);
#8880=CARTESIAN_POINT('',(-1.288083349228E1,1.057531914830E1,5.150000047684E0));
#8881=DIRECTION('',(9.713219917786E-1,2.377679294760E-1,0.E0));
#8882=DIRECTION('',(-2.377679294760E-1,9.713219917786E-1,0.E0));
#8883=AXIS2_PLACEMENT_3D('',#8880,#8881,#8882);
#8884=PLANE('',#8883);
#8885=ORIENTED_EDGE('',*,*,#6261,.F.);
#8887=ORIENTED_EDGE('',*,*,#8886,.T.);
#8888=ORIENTED_EDGE('',*,*,#7037,.T.);
#8889=ORIENTED_EDGE('',*,*,#8873,.F.);
#8890=EDGE_LOOP('',(#8885,#8887,#8888,#8889));
#8891=FACE_OUTER_BOUND('',#8890,.F.);
#8893=CARTESIAN_POINT('',(-1.283916650772E1,1.051148936868E1,5.150000047684E0));
#8894=DIRECTION('',(8.373772116227E-1,5.466254709167E-1,0.E0));
#8895=DIRECTION('',(-5.466254709167E-1,8.373772116227E-1,0.E0));
#8896=AXIS2_PLACEMENT_3D('',#8893,#8894,#8895);
#8897=PLANE('',#8896);
#8898=ORIENTED_EDGE('',*,*,#6259,.F.);
#8900=ORIENTED_EDGE('',*,*,#8899,.T.);
#8901=ORIENTED_EDGE('',*,*,#7039,.T.);
#8902=ORIENTED_EDGE('',*,*,#8886,.F.);
#8903=EDGE_LOOP('',(#8898,#8900,#8901,#8902));
#8904=FACE_OUTER_BOUND('',#8903,.F.);
#8906=CARTESIAN_POINT('',(-1.277666650772E1,1.046893616736E1,5.150000047684E0));
#8907=DIRECTION('',(5.627910658975E-1,8.265991871191E-1,0.E0));
#8908=DIRECTION('',(-8.265991871191E-1,5.627910658975E-1,0.E0));
#8909=AXIS2_PLACEMENT_3D('',#8906,#8907,#8908);
#8910=PLANE('',#8909);
#8911=ORIENTED_EDGE('',*,*,#6257,.F.);
#8913=ORIENTED_EDGE('',*,*,#8912,.T.);
#8914=ORIENTED_EDGE('',*,*,#7041,.T.);
#8915=ORIENTED_EDGE('',*,*,#8899,.F.);
#8916=EDGE_LOOP('',(#8911,#8913,#8914,#8915));
#8917=FACE_OUTER_BOUND('',#8916,.F.);
#8919=CARTESIAN_POINT('',(-1.269333349228E1,1.044765957415E1,5.150000047684E0));
#8920=DIRECTION('',(2.473841035229E-1,9.689174914946E-1,0.E0));
#8921=DIRECTION('',(-9.689174914946E-1,2.473841035229E-1,0.E0));
#8922=AXIS2_PLACEMENT_3D('',#8919,#8920,#8921);
#8923=PLANE('',#8922);
#8924=ORIENTED_EDGE('',*,*,#6255,.F.);
#8926=ORIENTED_EDGE('',*,*,#8925,.T.);
#8927=ORIENTED_EDGE('',*,*,#7043,.T.);
#8928=ORIENTED_EDGE('',*,*,#8912,.F.);
#8929=EDGE_LOOP('',(#8924,#8926,#8927,#8928));
#8930=FACE_OUTER_BOUND('',#8929,.F.);
#8932=CARTESIAN_POINT('',(-1.250583349228E1,1.044765957415E1,5.150000047684E0));
#8933=DIRECTION('',(0.E0,1.E0,0.E0));
#8934=DIRECTION('',(-1.E0,0.E0,0.E0));
#8935=AXIS2_PLACEMENT_3D('',#8932,#8933,#8934);
#8936=PLANE('',#8935);
#8937=ORIENTED_EDGE('',*,*,#6253,.F.);
#8939=ORIENTED_EDGE('',*,*,#8938,.T.);
#8940=ORIENTED_EDGE('',*,*,#7045,.T.);
#8941=ORIENTED_EDGE('',*,*,#8925,.F.);
#8942=EDGE_LOOP('',(#8937,#8939,#8940,#8941));
#8943=FACE_OUTER_BOUND('',#8942,.F.);
#8945=CARTESIAN_POINT('',(-1.24225E1,1.046893616736E1,5.150000047684E0));
#8946=DIRECTION('',(-2.473827746112E-1,9.689178307915E-1,0.E0));
#8947=DIRECTION('',(-9.689178307915E-1,-2.473827746112E-1,0.E0));
#8948=AXIS2_PLACEMENT_3D('',#8945,#8946,#8947);
#8949=PLANE('',#8948);
#8950=ORIENTED_EDGE('',*,*,#6251,.F.);
#8952=ORIENTED_EDGE('',*,*,#8951,.T.);
#8953=ORIENTED_EDGE('',*,*,#7047,.T.);
#8954=ORIENTED_EDGE('',*,*,#8938,.F.);
#8955=EDGE_LOOP('',(#8950,#8952,#8953,#8954));
#8956=FACE_OUTER_BOUND('',#8955,.F.);
#8958=CARTESIAN_POINT('',(-1.236E1,1.051148936868E1,5.150000047684E0));
#8959=DIRECTION('',(-5.627910658975E-1,8.265991871191E-1,0.E0));
#8960=DIRECTION('',(-8.265991871191E-1,-5.627910658975E-1,0.E0));
#8961=AXIS2_PLACEMENT_3D('',#8958,#8959,#8960);
#8962=PLANE('',#8961);
#8963=ORIENTED_EDGE('',*,*,#6249,.F.);
#8965=ORIENTED_EDGE('',*,*,#8964,.T.);
#8966=ORIENTED_EDGE('',*,*,#7049,.T.);
#8967=ORIENTED_EDGE('',*,*,#8951,.F.);
#8968=EDGE_LOOP('',(#8963,#8965,#8966,#8967));
#8969=FACE_OUTER_BOUND('',#8968,.F.);
#8971=CARTESIAN_POINT('',(-1.233916650772E1,1.057531914830E1,5.150000047684E0));
#8972=DIRECTION('',(-9.506444938501E-1,3.102822043116E-1,0.E0));
#8973=DIRECTION('',(-3.102822043116E-1,-9.506444938501E-1,0.E0));
#8974=AXIS2_PLACEMENT_3D('',#8971,#8972,#8973);
#8975=PLANE('',#8974);
#8976=ORIENTED_EDGE('',*,*,#6247,.F.);
#8977=ORIENTED_EDGE('',*,*,#8472,.T.);
#8978=ORIENTED_EDGE('',*,*,#7051,.T.);
#8979=ORIENTED_EDGE('',*,*,#8964,.F.);
#8980=EDGE_LOOP('',(#8976,#8977,#8978,#8979));
#8981=FACE_OUTER_BOUND('',#8980,.F.);
#8983=CARTESIAN_POINT('',(-1.15475E1,1.132E1,5.150000047684E0));
#8984=DIRECTION('',(0.E0,1.E0,0.E0));
#8985=DIRECTION('',(-1.E0,0.E0,0.E0));
#8986=AXIS2_PLACEMENT_3D('',#8983,#8984,#8985);
#8987=PLANE('',#8986);
#8988=ORIENTED_EDGE('',*,*,#6327,.F.);
#8990=ORIENTED_EDGE('',*,*,#8989,.T.);
#8991=ORIENTED_EDGE('',*,*,#7068,.T.);
#8993=ORIENTED_EDGE('',*,*,#8992,.F.);
#8994=EDGE_LOOP('',(#8988,#8990,#8991,#8993));
#8995=FACE_OUTER_BOUND('',#8994,.F.);
#8997=CARTESIAN_POINT('',(-1.121416650772E1,1.032E1,5.150000047684E0));
#8998=DIRECTION('',(9.486832528138E-1,3.162279017271E-1,0.E0));
#8999=DIRECTION('',(-3.162279017271E-1,9.486832528138E-1,0.E0));
#9000=AXIS2_PLACEMENT_3D('',#8997,#8998,#8999);
#9001=PLANE('',#9000);
#9002=ORIENTED_EDGE('',*,*,#6341,.F.);
#9004=ORIENTED_EDGE('',*,*,#9003,.T.);
#9005=ORIENTED_EDGE('',*,*,#7070,.T.);
#9006=ORIENTED_EDGE('',*,*,#8989,.F.);
#9007=EDGE_LOOP('',(#9002,#9004,#9005,#9006));
#9008=FACE_OUTER_BOUND('',#9007,.F.);
#9010=CARTESIAN_POINT('',(-1.133916650772E1,1.032E1,5.150000047684E0));
#9011=DIRECTION('',(0.E0,-1.E0,0.E0));
#9012=DIRECTION('',(1.E0,0.E0,0.E0));
#9013=AXIS2_PLACEMENT_3D('',#9010,#9011,#9012);
#9014=PLANE('',#9013);
#9015=ORIENTED_EDGE('',*,*,#6339,.F.);
#9017=ORIENTED_EDGE('',*,*,#9016,.T.);
#9018=ORIENTED_EDGE('',*,*,#7072,.T.);
#9019=ORIENTED_EDGE('',*,*,#9003,.F.);
#9020=EDGE_LOOP('',(#9015,#9017,#9018,#9019));
#9021=FACE_OUTER_BOUND('',#9020,.F.);
#9023=CARTESIAN_POINT('',(-1.14225E1,1.057531914830E1,5.150000047684E0));
#9024=DIRECTION('',(-9.506450282288E-1,-3.102805670740E-1,0.E0));
#9025=DIRECTION('',(3.102805670740E-1,-9.506450282288E-1,0.E0));
#9026=AXIS2_PLACEMENT_3D('',#9023,#9024,#9025);
#9027=PLANE('',#9026);
#9028=ORIENTED_EDGE('',*,*,#6337,.F.);
#9030=ORIENTED_EDGE('',*,*,#9029,.T.);
#9031=ORIENTED_EDGE('',*,*,#7074,.T.);
#9032=ORIENTED_EDGE('',*,*,#9016,.F.);
#9033=EDGE_LOOP('',(#9028,#9030,#9031,#9032));
#9034=FACE_OUTER_BOUND('',#9033,.F.);
#9036=CARTESIAN_POINT('',(-1.183916650772E1,1.057531914830E1,5.150000047684E0));
#9037=DIRECTION('',(0.E0,-1.E0,0.E0));
#9038=DIRECTION('',(1.E0,0.E0,0.E0));
#9039=AXIS2_PLACEMENT_3D('',#9036,#9037,#9038);
#9040=PLANE('',#9039);
#9041=ORIENTED_EDGE('',*,*,#6335,.F.);
#9043=ORIENTED_EDGE('',*,*,#9042,.T.);
#9044=ORIENTED_EDGE('',*,*,#7076,.T.);
#9045=ORIENTED_EDGE('',*,*,#9029,.F.);
#9046=EDGE_LOOP('',(#9041,#9043,#9044,#9045));
#9047=FACE_OUTER_BOUND('',#9046,.F.);
#9049=CARTESIAN_POINT('',(-1.19225E1,1.032E1,5.150000047684E0));
#9050=DIRECTION('',(9.506450282288E-1,-3.102805670740E-1,0.E0));
#9051=DIRECTION('',(3.102805670740E-1,9.506450282288E-1,0.E0));
#9052=AXIS2_PLACEMENT_3D('',#9049,#9050,#9051);
#9053=PLANE('',#9052);
#9054=ORIENTED_EDGE('',*,*,#6333,.F.);
#9056=ORIENTED_EDGE('',*,*,#9055,.T.);
#9057=ORIENTED_EDGE('',*,*,#7078,.T.);
#9058=ORIENTED_EDGE('',*,*,#9042,.F.);
#9059=EDGE_LOOP('',(#9054,#9056,#9057,#9058));
#9060=FACE_OUTER_BOUND('',#9059,.F.);
#9062=CARTESIAN_POINT('',(-1.20475E1,1.032E1,5.150000047684E0));
#9063=DIRECTION('',(0.E0,-1.E0,0.E0));
#9064=DIRECTION('',(1.E0,0.E0,0.E0));
#9065=AXIS2_PLACEMENT_3D('',#9062,#9063,#9064);
#9066=PLANE('',#9065);
#9067=ORIENTED_EDGE('',*,*,#6331,.F.);
#9069=ORIENTED_EDGE('',*,*,#9068,.T.);
#9070=ORIENTED_EDGE('',*,*,#7080,.T.);
#9071=ORIENTED_EDGE('',*,*,#9055,.F.);
#9072=EDGE_LOOP('',(#9067,#9069,#9070,#9071));
#9073=FACE_OUTER_BOUND('',#9072,.F.);
#9075=CARTESIAN_POINT('',(-1.171416650772E1,1.132E1,5.150000047684E0));
#9076=DIRECTION('',(-9.486832528138E-1,3.162279017271E-1,0.E0));
#9077=DIRECTION('',(-3.162279017271E-1,-9.486832528138E-1,0.E0));
#9078=AXIS2_PLACEMENT_3D('',#9075,#9076,#9077);
#9079=PLANE('',#9078);
#9080=ORIENTED_EDGE('',*,*,#6329,.F.);
#9081=ORIENTED_EDGE('',*,*,#8992,.T.);
#9082=ORIENTED_EDGE('',*,*,#7082,.T.);
#9083=ORIENTED_EDGE('',*,*,#9068,.F.);
#9084=EDGE_LOOP('',(#9080,#9081,#9082,#9083));
#9085=FACE_OUTER_BOUND('',#9084,.F.);
#9087=CARTESIAN_POINT('',(-1.163083349228E1,1.123489362717E1,5.150000047684E0));
#9088=DIRECTION('',(-9.506452063546E-1,-3.102800213276E-1,0.E0));
#9089=DIRECTION('',(3.102800213276E-1,-9.506452063546E-1,0.E0));
#9090=AXIS2_PLACEMENT_3D('',#9087,#9088,#9089);
#9091=PLANE('',#9090);
#9092=ORIENTED_EDGE('',*,*,#6470,.F.);
#9094=ORIENTED_EDGE('',*,*,#9093,.T.);
#9095=ORIENTED_EDGE('',*,*,#7086,.T.);
#9097=ORIENTED_EDGE('',*,*,#9096,.F.);
#9098=EDGE_LOOP('',(#9092,#9094,#9095,#9097));
#9099=FACE_OUTER_BOUND('',#9098,.F.);
#9101=CARTESIAN_POINT('',(-1.181833349228E1,1.066042552114E1,5.150000047684E0));
#9102=DIRECTION('',(9.506452063546E-1,-3.102800213276E-1,0.E0));
#9103=DIRECTION('',(3.102800213276E-1,9.506452063546E-1,0.E0));
#9104=AXIS2_PLACEMENT_3D('',#9101,#9102,#9103);
#9105=PLANE('',#9104);
#9106=ORIENTED_EDGE('',*,*,#6474,.F.);
#9108=ORIENTED_EDGE('',*,*,#9107,.T.);
#9109=ORIENTED_EDGE('',*,*,#7088,.T.);
#9110=ORIENTED_EDGE('',*,*,#9093,.F.);
#9111=EDGE_LOOP('',(#9106,#9108,#9109,#9110));
#9112=FACE_OUTER_BOUND('',#9111,.F.);
#9114=CARTESIAN_POINT('',(-1.144333349228E1,1.066042552114E1,5.150000047684E0));
#9115=DIRECTION('',(0.E0,1.E0,0.E0));
#9116=DIRECTION('',(-1.E0,0.E0,0.E0));
#9117=AXIS2_PLACEMENT_3D('',#9114,#9115,#9116);
#9118=PLANE('',#9117);
#9119=ORIENTED_EDGE('',*,*,#6472,.F.);
#9120=ORIENTED_EDGE('',*,*,#9096,.T.);
#9121=ORIENTED_EDGE('',*,*,#7090,.T.);
#9122=ORIENTED_EDGE('',*,*,#9107,.F.);
#9123=EDGE_LOOP('',(#9119,#9120,#9121,#9122));
#9124=FACE_OUTER_BOUND('',#9123,.F.);
#9126=CARTESIAN_POINT('',(-1.09225E1,1.032E1,5.150000047684E0));
#9127=DIRECTION('',(1.E0,0.E0,0.E0));
#9128=DIRECTION('',(0.E0,1.E0,0.E0));
#9129=AXIS2_PLACEMENT_3D('',#9126,#9127,#9128);
#9130=PLANE('',#9129);
#9131=ORIENTED_EDGE('',*,*,#6345,.F.);
#9133=ORIENTED_EDGE('',*,*,#9132,.T.);
#9134=ORIENTED_EDGE('',*,*,#7107,.T.);
#9136=ORIENTED_EDGE('',*,*,#9135,.F.);
#9137=EDGE_LOOP('',(#9131,#9133,#9134,#9136));
#9138=FACE_OUTER_BOUND('',#9137,.F.);
#9140=CARTESIAN_POINT('',(-1.10475E1,1.032E1,5.150000047684E0));
#9141=DIRECTION('',(0.E0,-1.E0,0.E0));
#9142=DIRECTION('',(1.E0,0.E0,0.E0));
#9143=AXIS2_PLACEMENT_3D('',#9140,#9141,#9142);
#9144=PLANE('',#9143);
#9145=ORIENTED_EDGE('',*,*,#6363,.F.);
#9147=ORIENTED_EDGE('',*,*,#9146,.T.);
#9148=ORIENTED_EDGE('',*,*,#7109,.T.);
#9149=ORIENTED_EDGE('',*,*,#9132,.F.);
#9150=EDGE_LOOP('',(#9145,#9147,#9148,#9149));
#9151=FACE_OUTER_BOUND('',#9150,.F.);
#9153=CARTESIAN_POINT('',(-1.10475E1,1.132E1,5.150000047684E0));
#9154=DIRECTION('',(-1.E0,0.E0,0.E0));
#9155=DIRECTION('',(0.E0,-1.E0,0.E0));
#9156=AXIS2_PLACEMENT_3D('',#9153,#9154,#9155);
#9157=PLANE('',#9156);
#9158=ORIENTED_EDGE('',*,*,#6361,.F.);
#9160=ORIENTED_EDGE('',*,*,#9159,.T.);
#9161=ORIENTED_EDGE('',*,*,#7111,.T.);
#9162=ORIENTED_EDGE('',*,*,#9146,.F.);
#9163=EDGE_LOOP('',(#9158,#9160,#9161,#9162));
#9164=FACE_OUTER_BOUND('',#9163,.F.);
#9166=CARTESIAN_POINT('',(-1.086E1,1.132E1,5.150000047684E0));
#9167=DIRECTION('',(0.E0,1.E0,0.E0));
#9168=DIRECTION('',(-1.E0,0.E0,0.E0));
#9169=AXIS2_PLACEMENT_3D('',#9166,#9167,#9168);
#9170=PLANE('',#9169);
#9171=ORIENTED_EDGE('',*,*,#6359,.F.);
#9173=ORIENTED_EDGE('',*,*,#9172,.T.);
#9174=ORIENTED_EDGE('',*,*,#7113,.T.);
#9175=ORIENTED_EDGE('',*,*,#9159,.F.);
#9176=EDGE_LOOP('',(#9171,#9173,#9174,#9175));
#9177=FACE_OUTER_BOUND('',#9176,.F.);
#9179=CARTESIAN_POINT('',(-1.033916698456E1,1.046893616736E1,5.150000047684E0));
#9180=DIRECTION('',(8.529523651731E-1,5.219887572981E-1,0.E0));
#9181=DIRECTION('',(-5.219887572981E-1,8.529523651731E-1,0.E0));
#9182=AXIS2_PLACEMENT_3D('',#9179,#9180,#9181);
#9183=PLANE('',#9182);
#9184=ORIENTED_EDGE('',*,*,#6357,.F.);
#9186=ORIENTED_EDGE('',*,*,#9185,.T.);
#9187=ORIENTED_EDGE('',*,*,#7115,.T.);
#9188=ORIENTED_EDGE('',*,*,#9172,.F.);
#9189=EDGE_LOOP('',(#9184,#9186,#9187,#9188));
#9190=FACE_OUTER_BOUND('',#9189,.F.);
#9192=CARTESIAN_POINT('',(-1.033916698456E1,1.132E1,5.150000047684E0));
#9193=DIRECTION('',(-1.E0,0.E0,0.E0));
#9194=DIRECTION('',(0.E0,-1.E0,0.E0));
#9195=AXIS2_PLACEMENT_3D('',#9192,#9193,#9194);
#9196=PLANE('',#9195);
#9197=ORIENTED_EDGE('',*,*,#6355,.F.);
#9199=ORIENTED_EDGE('',*,*,#9198,.T.);
#9200=ORIENTED_EDGE('',*,*,#7117,.T.);
#9201=ORIENTED_EDGE('',*,*,#9185,.F.);
#9202=EDGE_LOOP('',(#9197,#9199,#9200,#9201));
#9203=FACE_OUTER_BOUND('',#9202,.F.);
#9205=CARTESIAN_POINT('',(-1.021416698456E1,1.132E1,5.150000047684E0));
#9206=DIRECTION('',(0.E0,1.E0,0.E0));
#9207=DIRECTION('',(-1.E0,0.E0,0.E0));
#9208=AXIS2_PLACEMENT_3D('',#9205,#9206,#9207);
#9209=PLANE('',#9208);
#9210=ORIENTED_EDGE('',*,*,#6353,.F.);
#9212=ORIENTED_EDGE('',*,*,#9211,.T.);
#9213=ORIENTED_EDGE('',*,*,#7119,.T.);
#9214=ORIENTED_EDGE('',*,*,#9198,.F.);
#9215=EDGE_LOOP('',(#9210,#9212,#9213,#9214));
#9216=FACE_OUTER_BOUND('',#9215,.F.);
#9218=CARTESIAN_POINT('',(-1.021416698456E1,1.032E1,5.150000047684E0));
#9219=DIRECTION('',(1.E0,0.E0,0.E0));
#9220=DIRECTION('',(0.E0,1.E0,0.E0));
#9221=AXIS2_PLACEMENT_3D('',#9218,#9219,#9220);
#9222=PLANE('',#9221);
#9223=ORIENTED_EDGE('',*,*,#6351,.F.);
#9225=ORIENTED_EDGE('',*,*,#9224,.T.);
#9226=ORIENTED_EDGE('',*,*,#7121,.T.);
#9227=ORIENTED_EDGE('',*,*,#9211,.F.);
#9228=EDGE_LOOP('',(#9223,#9225,#9226,#9227));
#9229=FACE_OUTER_BOUND('',#9228,.F.);
#9231=CARTESIAN_POINT('',(-1.040166650772E1,1.032E1,5.150000047684E0));
#9232=DIRECTION('',(0.E0,-1.E0,0.E0));
#9233=DIRECTION('',(1.E0,0.E0,0.E0));
#9234=AXIS2_PLACEMENT_3D('',#9231,#9232,#9233);
#9235=PLANE('',#9234);
#9236=ORIENTED_EDGE('',*,*,#6349,.F.);
#9238=ORIENTED_EDGE('',*,*,#9237,.T.);
#9239=ORIENTED_EDGE('',*,*,#7123,.T.);
#9240=ORIENTED_EDGE('',*,*,#9224,.F.);
#9241=EDGE_LOOP('',(#9236,#9238,#9239,#9240));
#9242=FACE_OUTER_BOUND('',#9241,.F.);
#9244=CARTESIAN_POINT('',(-1.09225E1,1.119234044075E1,5.150000047684E0));
#9245=DIRECTION('',(-8.586072164033E-1,-5.126340292453E-1,0.E0));
#9246=DIRECTION('',(5.126340292453E-1,-8.586072164033E-1,0.E0));
#9247=AXIS2_PLACEMENT_3D('',#9244,#9245,#9246);
#9248=PLANE('',#9247);
#9249=ORIENTED_EDGE('',*,*,#6347,.F.);
#9250=ORIENTED_EDGE('',*,*,#9135,.T.);
#9251=ORIENTED_EDGE('',*,*,#7125,.T.);
#9252=ORIENTED_EDGE('',*,*,#9237,.F.);
#9253=EDGE_LOOP('',(#9249,#9250,#9251,#9252));
#9254=FACE_OUTER_BOUND('',#9253,.F.);
#9256=CLOSED_SHELL('',(#4256,#4278,#4315,#4337,#4362,#4377,#4392,#4408,#4429,
#4450,#4476,#4496,#4530,#4552,#4576,#4590,#4614,#4656,#4672,#4691,#4708,#4727,
#4749,#4770,#4791,#4811,#4830,#4852,#4873,#4894,#4914,#4933,#5050,#5072,#5095,
#5115,#5128,#5141,#5154,#5167,#5180,#5192,#5210,#5230,#5244,#5259,#5279,#5296,
#5321,#5341,#5355,#5370,#5390,#5407,#5432,#5452,#5466,#5481,#5501,#5518,#5543,
#5557,#5571,#5589,#5609,#5623,#5638,#5658,#5675,#5700,#5720,#5734,#5749,#5769,
#5786,#5811,#5831,#5845,#5860,#5880,#5897,#5922,#5942,#5956,#5971,#5991,#6008,
#6028,#6048,#6367,#6406,#6457,#6478,#6500,#6520,#6537,#6564,#6578,#6592,#6606,
#6620,#6634,#6648,#6661,#6677,#6746,#6785,#6890,#6919,#6960,#7055,#7094,#7129,
#7150,#7163,#7176,#7189,#7202,#7215,#7228,#7241,#7254,#7267,#7280,#7293,#7306,
#7318,#7332,#7345,#7358,#7371,#7384,#7397,#7410,#7423,#7436,#7449,#7462,#7474,
#7488,#7501,#7514,#7527,#7540,#7553,#7566,#7579,#7592,#7605,#7618,#7630,#7644,
#7657,#7670,#7683,#7696,#7709,#7722,#7735,#7748,#7761,#7774,#7787,#7800,#7813,
#7826,#7839,#7852,#7865,#7878,#7891,#7904,#7917,#7930,#7943,#7956,#7968,#7982,
#7995,#8008,#8021,#8034,#8047,#8060,#8073,#8086,#8099,#8112,#8125,#8138,#8151,
#8164,#8177,#8190,#8202,#8216,#8229,#8242,#8255,#8268,#8281,#8293,#8307,#8320,
#8333,#8346,#8359,#8372,#8385,#8398,#8411,#8424,#8437,#8450,#8462,#8476,#8489,
#8502,#8515,#8528,#8541,#8554,#8567,#8580,#8593,#8606,#8619,#8632,#8645,#8658,
#8671,#8684,#8697,#8710,#8723,#8736,#8749,#8762,#8775,#8788,#8801,#8814,#8827,
#8840,#8853,#8866,#8879,#8892,#8905,#8918,#8931,#8944,#8957,#8970,#8982,#8996,
#9009,#9022,#9035,#9048,#9061,#9074,#9086,#9100,#9113,#9125,#9139,#9152,#9165,
#9178,#9191,#9204,#9217,#9230,#9243,#9255));
#9257=MANIFOLD_SOLID_BREP('',#9256);
#9258=PRESENTATION_LAYER_ASSIGNMENT('INTFCLR_33','',(#9257));
#9259=PRESENTATION_LAYER_ASSIGNMENT('INTFCLR_927','',(#9257));
#9260=PRESENTATION_LAYER_ASSIGNMENT('INTF_CYAN','',(#9257));
#9261=PRESENTATION_LAYER_ASSIGNMENT('INTFCLR_3809','',(#9257));
#9262=PRESENTATION_LAYER_ASSIGNMENT('INTFCLR_4483','',(#9257));
#9263=PRESENTATION_LAYER_ASSIGNMENT('INTFCLR_14285','',(#9257));
#9264=PRESENTATION_LAYER_ASSIGNMENT('INTFCLR_14483','',(#9257));
#9265=PRESENTATION_LAYER_ASSIGNMENT('INTF_GREEN','',(#9257));
#9268=PLANE_ANGLE_MEASURE_WITH_UNIT(PLANE_ANGLE_MEASURE(1.745329251994E-2),
#9267);
#9269=(CONVERSION_BASED_UNIT('DEGREE',#9268)NAMED_UNIT(*)PLANE_ANGLE_UNIT());
#9271=UNCERTAINTY_MEASURE_WITH_UNIT(LENGTH_MEASURE(2.006847975640E-3),#9266,
'distance_accuracy_value',
'Maximum model space distance between geometric entities at asserted connectivities');
#9274=MECHANICAL_DESIGN_GEOMETRIC_PRESENTATION_REPRESENTATION('',(#4263,#4285,
#4322,#4344,#4415,#4436,#4457,#4483,#4503,#4537,#4559,#4597,#4621,#4679,#4715,
#4734,#4756,#4777,#4798,#4818,#4837,#4859,#4880,#4901,#4921,#4940,#5057,#5102,
#5266,#5286,#5303,#5377,#5397,#5414,#5488,#5508,#5525,#5645,#5665,#5682,#5756,
#5776,#5793,#5867,#5887,#5904,#5978,#5998,#6015,#6035,#6055,#6374,#6413,#6464,
#6485,#6507,#6527,#6549,#6684,#6753,#6792,#6897,#6926,#6967,#7062,#7101,#7136),
#9272);
#9275=APPLICATION_CONTEXT('automotive_design');
#9276=APPLICATION_PROTOCOL_DEFINITION('international standard',
'automotive_design',2001,#9275);
#9277=PRODUCT_DEFINITION_CONTEXT('part definition',#9275,'design');
#9278=PRODUCT_CONTEXT('',#9275,'mechanical');
#9279=PRODUCT('TDX01MCAN','TDX01MCAN','NOT SPECIFIED',(#9278));
#9280=PRODUCT_DEFINITION_FORMATION('1','LAST_VERSION',#9279);
#9288=DERIVED_UNIT_ELEMENT(#9287,2.E0);
#9289=DERIVED_UNIT((#9288));
#9290=MEASURE_REPRESENTATION_ITEM('surface area measure',AREA_MEASURE(
9.645885808734E2),#9289);
#9295=DERIVED_UNIT_ELEMENT(#9294,3.E0);
#9296=DERIVED_UNIT((#9295));
#9297=MEASURE_REPRESENTATION_ITEM('volume measure',VOLUME_MEASURE(
9.399630099048E2),#9296);
#9301=CARTESIAN_POINT('centre point',(-1.459221327791E1,1.032542687621E1,
1.314998299615E0));
#9306=DERIVED_UNIT_ELEMENT(#9305,2.E0);
#9307=DERIVED_UNIT((#9306));
#9308=MEASURE_REPRESENTATION_ITEM('surface area measure',AREA_MEASURE(
9.645885808734E2),#9307);
#9313=DERIVED_UNIT_ELEMENT(#9312,3.E0);
#9314=DERIVED_UNIT((#9313));
#9315=MEASURE_REPRESENTATION_ITEM('volume measure',VOLUME_MEASURE(
9.399630099048E2),#9314);
#9319=CARTESIAN_POINT('centre point',(-1.459221327791E1,1.032542687621E1,
1.314998299615E0));
#9324=PRODUCT_RELATED_PRODUCT_CATEGORY('part','',(#9279));
#9326=GENERAL_PROPERTY('','DESCRIPTION','user defined attribute');
#9327=GENERAL_PROPERTY_ASSOCIATION('user defined attribute','',#9326,#9325);
#9328=DESCRIPTIVE_REPRESENTATION_ITEM('DESCRIPTION','');
#9332=GENERAL_PROPERTY('','MODELED_BY','user defined attribute');
#9333=GENERAL_PROPERTY_ASSOCIATION('user defined attribute','',#9332,#9331);
#9334=DESCRIPTIVE_REPRESENTATION_ITEM('MODELED_BY','');
#1=DRAUGHTING_PRE_DEFINED_COLOUR('black');
#2=COLOUR_RGB('',0.E0,0.E0,2.E-1);
#3=COLOUR_RGB('',0.E0,2.509803921569E-1,5.019607843137E-1);
#4=COLOUR_RGB('',0.E0,5.019607843137E-1,0.E0);
#5=COLOUR_RGB('',0.E0,6.588235294118E-1,1.E0);
#6=DRAUGHTING_PRE_DEFINED_COLOUR('green');
#7=DRAUGHTING_PRE_DEFINED_COLOUR('cyan');
#8=COLOUR_RGB('',1.1E-2,1.2E-2,1.E0);
#9=COLOUR_RGB('',2.745098039216E-2,4.705882352941E-1,2.509803921569E-1);
#10=COLOUR_RGB('',6.666666666667E-2,8.E-1,1.E0);
#11=COLOUR_RGB('',7.843137254902E-2,1.411764705882E-1,1.803921568627E-1);
#12=COLOUR_RGB('',9.019607843137E-2,2.235294117647E-1,4.196078431373E-1);
#13=COLOUR_RGB('',1.019607843137E-1,5.882352941176E-2,7.058823529412E-2);
#14=COLOUR_RGB('',1.019607843137E-1,5.490196078431E-1,1.E0);
#15=COLOUR_RGB('',1.137254901961E-1,1.E0,9.254901960784E-1);
#16=COLOUR_RGB('',1.215686274510E-1,9.294117647059E-1,4.784313725490E-1);
#17=COLOUR_RGB('',1.254901960784E-1,3.725490196078E-1,1.E0);
#18=COLOUR_RGB('',1.411764705882E-1,4.705882352941E-1,1.960784313725E-1);
#19=COLOUR_RGB('',1.568627450980E-1,3.137254901961E-1,1.764705882353E-1);
#20=COLOUR_RGB('',1.803921568627E-1,1.803921568627E-1,1.803921568627E-1);
#21=COLOUR_RGB('',1.882352941176E-1,1.E0,2.745098039216E-2);
#22=COLOUR_RGB('',1.960784313725E-1,1.E0,5.960784313725E-1);
#23=COLOUR_RGB('',2.E-1,2.E-1,6.E-1);
#24=COLOUR_RGB('',2.117647058824E-1,6.705882352941E-1,8.784313725490E-1);
#25=COLOUR_RGB('',2.196078431373E-1,9.725490196078E-1,8.039215686275E-1);
#26=COLOUR_RGB('',2.313725490196E-1,8.235294117647E-1,9.411764705882E-1);
#27=COLOUR_RGB('',2.784313725490E-1,2.705882352941E-1,3.098039215686E-1);
#28=COLOUR_RGB('',3.529411764706E-1,3.529411764706E-1,0.E0);
#29=COLOUR_RGB('',3.529410064220E-1,3.529410064220E-1,3.529410064220E-1);
#30=COLOUR_RGB('',3.843137254902E-1,6.196078431373E-1,6.039215686275E-1);
#31=COLOUR_RGB('',3.882352941176E-1,5.137254901961E-1,1.E0);
#32=COLOUR_RGB('',3.92E-1,1.2E-2,1.2E-2);
#33=COLOUR_RGB('',3.921568627451E-1,3.921568627451E-1,3.921568627451E-1);
#34=COLOUR_RGB('',4.1E-1,0.E0,2.2E-1);
#35=COLOUR_RGB('',4.431372549020E-1,6.352941176471E-1,1.E0);
#36=COLOUR_RGB('',4.470588235294E-1,2.352941176471E-1,2.196078431373E-1);
#37=COLOUR_RGB('',4.745098039216E-1,9.254901960784E-1,1.E0);
#38=COLOUR_RGB('',4.823529411765E-1,8.078431372549E-1,1.E0);
#39=COLOUR_RGB('',4.941176470588E-1,1.E0,8.862745098039E-1);
#40=COLOUR_RGB('',5.019607843137E-1,0.E0,5.019607843137E-1);
#41=COLOUR_RGB('',5.019607843137E-1,1.176470588235E-1,1.E0);
#42=COLOUR_RGB('',5.019607843137E-1,5.019607843137E-1,5.019607843137E-1);
#43=COLOUR_RGB('',5.019607843137E-1,1.E0,5.019607843137E-1);
#44=COLOUR_RGB('',5.137254901961E-1,0.E0,0.E0);
#45=COLOUR_RGB('',5.882352941176E-1,9.137254901961E-1,1.E0);
#46=COLOUR_RGB('',6.E-1,6.E-1,6.E-1);
#47=COLOUR_RGB('',6.156862745098E-1,3.529411764706E-2,9.019607843137E-2);
#48=COLOUR_RGB('',6.156862745098E-1,1.E0,5.568627450980E-1);
#49=COLOUR_RGB('',6.470588235294E-1,5.176470588235E-1,0.E0);
#50=COLOUR_RGB('',6.784313725490E-1,0.E0,0.E0);
#51=COLOUR_RGB('',6.952E-1,7.426E-1,7.9E-1);
#52=COLOUR_RGB('',7.568627450980E-1,7.882352941176E-1,1.098039215686E-1);
#53=COLOUR_RGB('',7.803921568627E-1,1.E0,7.843137254902E-3);
#54=COLOUR_RGB('',7.84314E-1,7.84314E-1,7.84314E-1);
#55=COLOUR_RGB('',7.882352941176E-1,5.372549019608E-1,1.E0);
#56=COLOUR_RGB('',7.882352941176E-1,7.686274509804E-1,3.921568627451E-1);
#57=COLOUR_RGB('',7.960784313725E-1,8.235294117647E-1,9.372549019608E-1);
#58=COLOUR_RGB('',7.960784313725E-1,1.E0,7.411764705882E-1);
#59=COLOUR_RGB('',8.392156862745E-1,4.470588235294E-1,3.882352941176E-1);
#60=COLOUR_RGB('',8.470588235294E-1,8.470588235294E-1,8.470588235294E-1);
#61=COLOUR_RGB('',8.745098039216E-1,1.254901960784E-1,1.254901960784E-1);
#62=COLOUR_RGB('',8.784E-1,9.49E-1,1.E0);
#63=COLOUR_RGB('',8.980392156863E-1,6.274509803922E-1,1.E0);
#64=COLOUR_RGB('',9.098039215686E-1,4.431372549020E-1,3.137254901961E-2);
#65=COLOUR_RGB('',9.490196078431E-1,7.568627450980E-1,1.764705882353E-1);
#66=COLOUR_RGB('',9.6E-1,9.6E-1,9.6E-1);
#67=COLOUR_RGB('',9.725490196078E-1,1.E0,1.882352941176E-1);
#68=COLOUR_RGB('',9.8E-1,6.27E-1,0.E0);
#69=DRAUGHTING_PRE_DEFINED_COLOUR('red');
#70=COLOUR_RGB('',1.E0,0.E0,2.E-1);
#71=DRAUGHTING_PRE_DEFINED_COLOUR('magenta');
#72=COLOUR_RGB('',1.E0,4.588235294118E-1,1.411764705882E-1);
#73=COLOUR_RGB('',1.E0,5.450980392157E-1,7.372549019608E-1);
#74=COLOUR_RGB('',1.E0,6.862745098039E-1,6.078431372549E-1);
#75=COLOUR_RGB('',1.E0,8.078431372549E-1,4.588235294118E-1);
#76=COLOUR_RGB('',1.E0,8.705882352941E-1,2.745098039216E-2);
#77=DRAUGHTING_PRE_DEFINED_COLOUR('yellow');
#78=COLOUR_RGB('',1.E0,1.E0,9.49E-1);
#79=COLOUR_RGB('',1.E0,1.E0,9.49E-1);
#80=DRAUGHTING_PRE_DEFINED_COLOUR('white');
#433=CIRCLE('',#432,5.E-1);
#442=CIRCLE('',#441,5.E-1);
#451=CIRCLE('',#450,5.E-1);
#460=CIRCLE('',#459,5.E-1);
#465=CIRCLE('',#464,3.E-1);
#470=CIRCLE('',#469,3.E-1);
#475=CIRCLE('',#474,3.E-1);
#480=CIRCLE('',#479,3.E-1);
#485=CIRCLE('',#484,3.E-1);
#490=CIRCLE('',#489,3.E-1);
#495=CIRCLE('',#494,3.E-1);
#500=CIRCLE('',#499,3.E-1);
#505=CIRCLE('',#504,3.E-1);
#510=CIRCLE('',#509,3.E-1);
#515=CIRCLE('',#514,3.E-1);
#520=CIRCLE('',#519,3.E-1);
#525=CIRCLE('',#524,3.E-1);
#530=CIRCLE('',#529,3.E-1);
#535=CIRCLE('',#534,3.E-1);
#540=CIRCLE('',#539,3.E-1);
#545=CIRCLE('',#544,3.E-1);
#550=CIRCLE('',#549,3.E-1);
#555=CIRCLE('',#554,3.E-1);
#560=CIRCLE('',#559,3.E-1);
#565=CIRCLE('',#564,3.E-1);
#570=CIRCLE('',#569,3.E-1);
#575=CIRCLE('',#574,3.E-1);
#580=CIRCLE('',#579,3.E-1);
#585=CIRCLE('',#584,3.E-1);
#590=CIRCLE('',#589,3.E-1);
#595=CIRCLE('',#594,3.E-1);
#600=CIRCLE('',#599,3.E-1);
#605=CIRCLE('',#604,3.E-1);
#610=CIRCLE('',#609,3.E-1);
#615=CIRCLE('',#614,3.E-1);
#620=CIRCLE('',#619,3.E-1);
#629=CIRCLE('',#628,5.E-1);
#634=CIRCLE('',#633,5.E-1);
#639=CIRCLE('',#638,5.E-1);
#644=CIRCLE('',#643,5.E-1);
#697=CIRCLE('',#696,3.E-1);
#702=CIRCLE('',#701,3.E-1);
#707=CIRCLE('',#706,3.E-1);
#712=CIRCLE('',#711,3.E-1);
#717=CIRCLE('',#716,2.5E-1);
#722=CIRCLE('',#721,2.5E-1);
#739=CIRCLE('',#738,2.5E-1);
#744=CIRCLE('',#743,2.5E-1);
#753=CIRCLE('',#752,3.E-1);
#758=CIRCLE('',#757,3.E-1);
#763=CIRCLE('',#762,3.E-1);
#768=CIRCLE('',#767,3.E-1);
#773=CIRCLE('',#772,2.5E-1);
#778=CIRCLE('',#777,2.5E-1);
#795=CIRCLE('',#794,2.5E-1);
#800=CIRCLE('',#799,2.5E-1);
#809=CIRCLE('',#808,3.E-1);
#814=CIRCLE('',#813,3.E-1);
#819=CIRCLE('',#818,3.E-1);
#824=CIRCLE('',#823,3.E-1);
#829=CIRCLE('',#828,2.5E-1);
#834=CIRCLE('',#833,2.5E-1);
#851=CIRCLE('',#850,2.5E-1);
#856=CIRCLE('',#855,2.5E-1);
#865=CIRCLE('',#864,3.E-1);
#870=CIRCLE('',#869,3.E-1);
#875=CIRCLE('',#874,3.E-1);
#880=CIRCLE('',#879,3.E-1);
#893=CIRCLE('',#892,3.E-1);
#898=CIRCLE('',#897,3.E-1);
#903=CIRCLE('',#902,3.E-1);
#908=CIRCLE('',#907,3.E-1);
#913=CIRCLE('',#912,2.5E-1);
#918=CIRCLE('',#917,2.5E-1);
#935=CIRCLE('',#934,2.5E-1);
#940=CIRCLE('',#939,2.5E-1);
#949=CIRCLE('',#948,3.E-1);
#954=CIRCLE('',#953,3.E-1);
#959=CIRCLE('',#958,3.E-1);
#964=CIRCLE('',#963,3.E-1);
#969=CIRCLE('',#968,2.5E-1);
#974=CIRCLE('',#973,2.5E-1);
#991=CIRCLE('',#990,2.5E-1);
#996=CIRCLE('',#995,2.5E-1);
#1005=CIRCLE('',#1004,3.E-1);
#1010=CIRCLE('',#1009,3.E-1);
#1015=CIRCLE('',#1014,3.E-1);
#1020=CIRCLE('',#1019,3.E-1);
#1025=CIRCLE('',#1024,2.5E-1);
#1030=CIRCLE('',#1029,2.5E-1);
#1047=CIRCLE('',#1046,2.5E-1);
#1052=CIRCLE('',#1051,2.5E-1);
#1061=CIRCLE('',#1060,3.E-1);
#1066=CIRCLE('',#1065,3.E-1);
#1071=CIRCLE('',#1070,3.E-1);
#1076=CIRCLE('',#1075,3.E-1);
#1081=CIRCLE('',#1080,2.5E-1);
#1086=CIRCLE('',#1085,2.5E-1);
#1103=CIRCLE('',#1102,2.5E-1);
#1108=CIRCLE('',#1107,2.5E-1);
#1137=CIRCLE('',#1136,5.E-1);
#1142=CIRCLE('',#1141,5.E-1);
#1839=CIRCLE('',#1838,5.E-1);
#1844=CIRCLE('',#1843,5.E-1);
#4246=EDGE_CURVE('',#3215,#3216,#84,.T.);
#4248=EDGE_CURVE('',#3218,#3216,#212,.T.);
#4250=EDGE_CURVE('',#3220,#3218,#1120,.T.);
#4252=EDGE_CURVE('',#3215,#3220,#96,.T.);
#4256=ADVANCED_FACE('',(#4255),#4245,.T.);
#4270=EDGE_CURVE('',#3222,#3215,#92,.T.);
#4272=EDGE_CURVE('',#3224,#3222,#324,.T.);
#4274=EDGE_CURVE('',#3216,#3224,#216,.T.);
#4278=ADVANCED_FACE('',(#4277),#4268,.F.);
#4291=EDGE_CURVE('',#3227,#3228,#108,.T.);
#4293=EDGE_CURVE('',#3230,#3227,#120,.T.);
#4295=EDGE_CURVE('',#3232,#3230,#420,.T.);
#4297=EDGE_CURVE('',#3232,#3234,#88,.T.);
#4299=EDGE_CURVE('',#3236,#3234,#248,.T.);
#4301=EDGE_CURVE('',#3222,#3236,#328,.T.);
#4305=EDGE_CURVE('',#3238,#3220,#1132,.T.);
#4307=EDGE_CURVE('',#3240,#3238,#1116,.T.);
#4309=EDGE_CURVE('',#3240,#3242,#100,.T.);
#4311=EDGE_CURVE('',#3228,#3242,#176,.T.);
#4315=ADVANCED_FACE('',(#4314),#4290,.T.);
#4328=EDGE_CURVE('',#3244,#3227,#104,.T.);
#4331=EDGE_CURVE('',#3246,#3228,#172,.T.);
#4333=EDGE_CURVE('',#3246,#3244,#112,.T.);
#4337=ADVANCED_FACE('',(#4336),#4327,.F.);
#4351=EDGE_CURVE('',#3244,#3252,#116,.T.);
#4353=EDGE_CURVE('',#3254,#3252,#188,.T.);
#4355=EDGE_CURVE('',#3256,#3254,#200,.T.);
#4357=EDGE_CURVE('',#3230,#3256,#424,.T.);
#4362=ADVANCED_FACE('',(#4361),#4349,.T.);
#4368=EDGE_CURVE('',#3265,#3266,#124,.T.);
#4370=EDGE_CURVE('',#3252,#3266,#140,.T.);
#4373=EDGE_CURVE('',#3244,#3265,#128,.T.);
#4377=ADVANCED_FACE('',(#4376),#4367,.F.);
#4383=EDGE_CURVE('',#3308,#3266,#132,.T.);
#4386=EDGE_CURVE('',#3265,#3326,#136,.T.);
#4388=EDGE_CURVE('',#3308,#3326,#144,.T.);
#4392=ADVANCED_FACE('',(#4391),#4382,.T.);
#4399=EDGE_CURVE('',#3310,#3308,#152,.T.);
#4401=EDGE_CURVE('',#3312,#3310,#160,.T.);
#4403=EDGE_CURVE('',#3252,#3312,#192,.T.);
#4408=ADVANCED_FACE('',(#4407),#4397,.T.);
#4422=EDGE_CURVE('',#3326,#3320,#148,.T.);
#4424=EDGE_CURVE('',#3310,#3320,#164,.T.);
#4429=ADVANCED_FACE('',(#4428),#4420,.F.);
#4445=EDGE_CURVE('',#3320,#3246,#168,.T.);
#4450=ADVANCED_FACE('',(#4449),#4441,.F.);
#4463=EDGE_CURVE('',#3314,#3312,#156,.T.);
#4470=EDGE_CURVE('',#3242,#3322,#180,.T.);
#4472=EDGE_CURVE('',#3322,#3314,#184,.T.);
#4476=ADVANCED_FACE('',(#4475),#4462,.T.);
#4492=EDGE_CURVE('',#3314,#3254,#196,.T.);
#4496=ADVANCED_FACE('',(#4495),#4488,.F.);
#4509=EDGE_CURVE('',#3316,#3318,#220,.T.);
#4511=EDGE_CURVE('',#3328,#3316,#232,.T.);
#4513=EDGE_CURVE('',#3256,#3328,#412,.T.);
#4518=EDGE_CURVE('',#3322,#3330,#204,.T.);
#4520=EDGE_CURVE('',#3330,#3332,#208,.T.);
#4522=EDGE_CURVE('',#3218,#3332,#1124,.T.);
#4526=EDGE_CURVE('',#3318,#3224,#320,.T.);
#4530=ADVANCED_FACE('',(#4529),#4508,.F.);
#4543=EDGE_CURVE('',#3316,#3262,#236,.T.);
#4546=EDGE_CURVE('',#3304,#3318,#316,.T.);
#4548=EDGE_CURVE('',#3304,#3262,#224,.T.);
#4552=ADVANCED_FACE('',(#4551),#4542,.F.);
#4565=EDGE_CURVE('',#3248,#3234,#228,.T.);
#4568=EDGE_CURVE('',#3328,#3232,#416,.T.);
#4572=EDGE_CURVE('',#3262,#3248,#240,.T.);
#4576=ADVANCED_FACE('',(#4575),#4564,.T.);
#4583=EDGE_CURVE('',#3248,#3250,#244,.T.);
#4585=EDGE_CURVE('',#3236,#3250,#300,.T.);
#4590=ADVANCED_FACE('',(#4589),#4581,.F.);
#4603=EDGE_CURVE('',#3259,#3270,#252,.T.);
#4605=EDGE_CURVE('',#3324,#3270,#336,.T.);
#4607=EDGE_CURVE('',#3250,#3324,#304,.T.);
#4610=EDGE_CURVE('',#3259,#3248,#296,.T.);
#4614=ADVANCED_FACE('',(#4613),#4602,.F.);
#4627=EDGE_CURVE('',#3268,#3260,#288,.T.);
#4629=EDGE_CURVE('',#3268,#3270,#256,.T.);
#4632=EDGE_CURVE('',#3259,#3260,#260,.T.);
#4636=EDGE_CURVE('',#3273,#3274,#264,.T.);
#4638=EDGE_CURVE('',#3276,#3274,#352,.T.);
#4640=EDGE_CURVE('',#3276,#3278,#268,.T.);
#4642=EDGE_CURVE('',#3278,#3273,#272,.T.);
#4646=EDGE_CURVE('',#3281,#3282,#276,.T.);
#4648=EDGE_CURVE('',#3282,#3284,#280,.T.);
#4650=EDGE_CURVE('',#3284,#3286,#284,.T.);
#4652=EDGE_CURVE('',#3281,#3286,#380,.T.);
#4656=ADVANCED_FACE('',(#4635,#4645,#4655),#4626,.T.);
#4663=EDGE_CURVE('',#3260,#3262,#292,.T.);
#4666=EDGE_CURVE('',#3306,#3304,#312,.T.);
#4668=EDGE_CURVE('',#3268,#3306,#332,.T.);
#4672=ADVANCED_FACE('',(#4671),#4661,.T.);
#4691=ADVANCED_FACE('',(#4690),#4684,.F.);
#4699=EDGE_CURVE('',#3324,#3306,#308,.T.);
#4708=ADVANCED_FACE('',(#4707),#4696,.F.);
#4727=ADVANCED_FACE('',(#4726),#4720,.F.);
#4741=EDGE_CURVE('',#3302,#3273,#348,.T.);
#4743=EDGE_CURVE('',#3294,#3302,#360,.T.);
#4745=EDGE_CURVE('',#3294,#3274,#340,.T.);
#4749=ADVANCED_FACE('',(#4748),#4739,.F.);
#4763=EDGE_CURVE('',#3278,#3300,#344,.T.);
#4765=EDGE_CURVE('',#3302,#3300,#364,.T.);
#4770=ADVANCED_FACE('',(#4769),#4761,.T.);
#4784=EDGE_CURVE('',#3296,#3276,#356,.T.);
#4786=EDGE_CURVE('',#3300,#3296,#368,.T.);
#4791=ADVANCED_FACE('',(#4790),#4782,.T.);
#4806=EDGE_CURVE('',#3296,#3294,#372,.T.);
#4811=ADVANCED_FACE('',(#4810),#4803,.F.);
#4830=ADVANCED_FACE('',(#4829),#4823,.T.);
#4844=EDGE_CURVE('',#3281,#3288,#376,.T.);
#4846=EDGE_CURVE('',#3290,#3288,#400,.T.);
#4848=EDGE_CURVE('',#3282,#3290,#388,.T.);
#4852=ADVANCED_FACE('',(#4851),#4842,.T.);
#4866=EDGE_CURVE('',#3286,#3292,#384,.T.);
#4868=EDGE_CURVE('',#3288,#3292,#404,.T.);
#4873=ADVANCED_FACE('',(#4872),#4864,.F.);
#4887=EDGE_CURVE('',#3298,#3284,#392,.T.);
#4889=EDGE_CURVE('',#3292,#3298,#408,.T.);
#4894=ADVANCED_FACE('',(#4893),#4885,.T.);
#4909=EDGE_CURVE('',#3298,#3290,#396,.T.);
#4914=ADVANCED_FACE('',(#4913),#4906,.T.);
#4933=ADVANCED_FACE('',(#4932),#4926,.T.);
#4952=EDGE_CURVE('',#3335,#3336,#428,.T.);
#4954=EDGE_CURVE('',#3336,#3338,#433,.T.);
#4956=EDGE_CURVE('',#3338,#3340,#437,.T.);
#4958=EDGE_CURVE('',#3340,#3342,#442,.T.);
#4960=EDGE_CURVE('',#3342,#3344,#446,.T.);
#4962=EDGE_CURVE('',#3344,#3346,#451,.T.);
#4964=EDGE_CURVE('',#3346,#3348,#455,.T.);
#4966=EDGE_CURVE('',#3348,#3335,#460,.T.);
#4970=EDGE_CURVE('',#3354,#3351,#465,.T.);
#4972=EDGE_CURVE('',#3351,#3352,#470,.T.);
#4974=EDGE_CURVE('',#3352,#3356,#475,.T.);
#4976=EDGE_CURVE('',#3356,#3354,#480,.T.);
#4980=EDGE_CURVE('',#3362,#3359,#485,.T.);
#4982=EDGE_CURVE('',#3359,#3360,#490,.T.);
#4984=EDGE_CURVE('',#3360,#3364,#495,.T.);
#4986=EDGE_CURVE('',#3364,#3362,#500,.T.);
#4990=EDGE_CURVE('',#3370,#3367,#505,.T.);
#4992=EDGE_CURVE('',#3367,#3368,#510,.T.);
#4994=EDGE_CURVE('',#3368,#3372,#515,.T.);
#4996=EDGE_CURVE('',#3372,#3370,#520,.T.);
#5000=EDGE_CURVE('',#3378,#3375,#525,.T.);
#5002=EDGE_CURVE('',#3375,#3376,#530,.T.);
#5004=EDGE_CURVE('',#3376,#3380,#535,.T.);
#5006=EDGE_CURVE('',#3380,#3378,#540,.T.);
#5010=EDGE_CURVE('',#3386,#3383,#545,.T.);
#5012=EDGE_CURVE('',#3383,#3384,#550,.T.);
#5014=EDGE_CURVE('',#3384,#3388,#555,.T.);
#5016=EDGE_CURVE('',#3388,#3386,#560,.T.);
#5020=EDGE_CURVE('',#3394,#3391,#565,.T.);
#5022=EDGE_CURVE('',#3391,#3392,#570,.T.);
#5024=EDGE_CURVE('',#3392,#3396,#575,.T.);
#5026=EDGE_CURVE('',#3396,#3394,#580,.T.);
#5030=EDGE_CURVE('',#3402,#3399,#585,.T.);
#5032=EDGE_CURVE('',#3399,#3400,#590,.T.);
#5034=EDGE_CURVE('',#3400,#3404,#595,.T.);
#5036=EDGE_CURVE('',#3404,#3402,#600,.T.);
#5040=EDGE_CURVE('',#3410,#3407,#605,.T.);
#5042=EDGE_CURVE('',#3407,#3408,#610,.T.);
#5044=EDGE_CURVE('',#3408,#3412,#615,.T.);
#5046=EDGE_CURVE('',#3412,#3410,#620,.T.);
#5050=ADVANCED_FACE('',(#4951,#4969,#4979,#4989,#4999,#5009,#5019,#5029,#5039,
#5049),#4945,.T.);
#5063=EDGE_CURVE('',#3415,#3416,#624,.T.);
#5065=EDGE_CURVE('',#3336,#3416,#688,.T.);
#5068=EDGE_CURVE('',#3415,#3335,#648,.T.);
#5072=ADVANCED_FACE('',(#5071),#5062,.T.);
#5079=EDGE_CURVE('',#3415,#3418,#629,.T.);
#5081=EDGE_CURVE('',#3420,#3418,#656,.T.);
#5083=EDGE_CURVE('',#3420,#3422,#634,.T.);
#5085=EDGE_CURVE('',#3424,#3422,#668,.T.);
#5087=EDGE_CURVE('',#3424,#3426,#639,.T.);
#5089=EDGE_CURVE('',#3428,#3426,#680,.T.);
#5091=EDGE_CURVE('',#3428,#3416,#644,.T.);
#5095=ADVANCED_FACE('',(#5094),#5077,.T.);
#5111=EDGE_CURVE('',#3348,#3418,#652,.T.);
#5115=ADVANCED_FACE('',(#5114),#5107,.F.);
#5124=EDGE_CURVE('',#3420,#3346,#660,.T.);
#5128=ADVANCED_FACE('',(#5127),#5120,.T.);
#5137=EDGE_CURVE('',#3344,#3422,#664,.T.);
#5141=ADVANCED_FACE('',(#5140),#5133,.F.);
#5150=EDGE_CURVE('',#3424,#3342,#672,.T.);
#5154=ADVANCED_FACE('',(#5153),#5146,.T.);
#5163=EDGE_CURVE('',#3340,#3426,#676,.T.);
#5167=ADVANCED_FACE('',(#5166),#5159,.F.);
#5176=EDGE_CURVE('',#3428,#3338,#684,.T.);
#5180=ADVANCED_FACE('',(#5179),#5172,.T.);
#5192=ADVANCED_FACE('',(#5191),#5185,.F.);
#5198=EDGE_CURVE('',#3431,#3432,#702,.T.);
#5200=EDGE_CURVE('',#3434,#3431,#697,.T.);
#5202=EDGE_CURVE('',#3352,#3434,#726,.T.);
#5206=EDGE_CURVE('',#3354,#3432,#692,.T.);
#5210=ADVANCED_FACE('',(#5209),#5197,.F.);
#5218=EDGE_CURVE('',#3432,#3436,#707,.T.);
#5220=EDGE_CURVE('',#3436,#3434,#712,.T.);
#5224=EDGE_CURVE('',#3439,#3440,#717,.T.);
#5226=EDGE_CURVE('',#3440,#3439,#722,.T.);
#5230=ADVANCED_FACE('',(#5223,#5229),#5215,.T.);
#5244=ADVANCED_FACE('',(#5243),#5235,.F.);
#5251=EDGE_CURVE('',#3528,#3439,#734,.T.);
#5253=EDGE_CURVE('',#3527,#3528,#739,.T.);
#5255=EDGE_CURVE('',#3527,#3440,#730,.T.);
#5259=ADVANCED_FACE('',(#5258),#5249,.T.);
#5274=EDGE_CURVE('',#3528,#3527,#744,.T.);
#5279=ADVANCED_FACE('',(#5278),#5271,.T.);
#5296=ADVANCED_FACE('',(#5295),#5291,.T.);
#5309=EDGE_CURVE('',#3443,#3444,#758,.T.);
#5311=EDGE_CURVE('',#3446,#3443,#753,.T.);
#5313=EDGE_CURVE('',#3360,#3446,#782,.T.);
#5317=EDGE_CURVE('',#3362,#3444,#748,.T.);
#5321=ADVANCED_FACE('',(#5320),#5308,.F.);
#5329=EDGE_CURVE('',#3444,#3448,#763,.T.);
#5331=EDGE_CURVE('',#3448,#3446,#768,.T.);
#5335=EDGE_CURVE('',#3451,#3452,#773,.T.);
#5337=EDGE_CURVE('',#3452,#3451,#778,.T.);
#5341=ADVANCED_FACE('',(#5334,#5340),#5326,.T.);
#5355=ADVANCED_FACE('',(#5354),#5346,.F.);
#5362=EDGE_CURVE('',#3522,#3451,#790,.T.);
#5364=EDGE_CURVE('',#3524,#3522,#795,.T.);
#5366=EDGE_CURVE('',#3524,#3452,#786,.T.);
#5370=ADVANCED_FACE('',(#5369),#5360,.T.);
#5385=EDGE_CURVE('',#3522,#3524,#800,.T.);
#5390=ADVANCED_FACE('',(#5389),#5382,.T.);
#5407=ADVANCED_FACE('',(#5406),#5402,.T.);
#5420=EDGE_CURVE('',#3455,#3456,#814,.T.);
#5422=EDGE_CURVE('',#3458,#3455,#809,.T.);
#5424=EDGE_CURVE('',#3368,#3458,#838,.T.);
#5428=EDGE_CURVE('',#3370,#3456,#804,.T.);
#5432=ADVANCED_FACE('',(#5431),#5419,.F.);
#5440=EDGE_CURVE('',#3456,#3460,#819,.T.);
#5442=EDGE_CURVE('',#3460,#3458,#824,.T.);
#5446=EDGE_CURVE('',#3463,#3464,#829,.T.);
#5448=EDGE_CURVE('',#3464,#3463,#834,.T.);
#5452=ADVANCED_FACE('',(#5445,#5451),#5437,.T.);
#5466=ADVANCED_FACE('',(#5465),#5457,.F.);
#5473=EDGE_CURVE('',#3532,#3463,#846,.T.);
#5475=EDGE_CURVE('',#3531,#3532,#851,.T.);
#5477=EDGE_CURVE('',#3531,#3464,#842,.T.);
#5481=ADVANCED_FACE('',(#5480),#5471,.T.);
#5496=EDGE_CURVE('',#3532,#3531,#856,.T.);
#5501=ADVANCED_FACE('',(#5500),#5493,.T.);
#5518=ADVANCED_FACE('',(#5517),#5513,.T.);
#5531=EDGE_CURVE('',#3467,#3468,#870,.T.);
#5533=EDGE_CURVE('',#3470,#3467,#865,.T.);
#5535=EDGE_CURVE('',#3376,#3470,#884,.T.);
#5539=EDGE_CURVE('',#3378,#3468,#860,.T.);
#5543=ADVANCED_FACE('',(#5542),#5530,.F.);
#5551=EDGE_CURVE('',#3468,#3472,#875,.T.);
#5553=EDGE_CURVE('',#3472,#3470,#880,.T.);
#5557=ADVANCED_FACE('',(#5556),#5548,.T.);
#5571=ADVANCED_FACE('',(#5570),#5562,.F.);
#5577=EDGE_CURVE('',#3475,#3476,#898,.T.);
#5579=EDGE_CURVE('',#3478,#3475,#893,.T.);
#5581=EDGE_CURVE('',#3384,#3478,#922,.T.);
#5585=EDGE_CURVE('',#3386,#3476,#888,.T.);
#5589=ADVANCED_FACE('',(#5588),#5576,.F.);
#5597=EDGE_CURVE('',#3476,#3480,#903,.T.);
#5599=EDGE_CURVE('',#3480,#3478,#908,.T.);
#5603=EDGE_CURVE('',#3483,#3484,#913,.T.);
#5605=EDGE_CURVE('',#3484,#3483,#918,.T.);
#5609=ADVANCED_FACE('',(#5602,#5608),#5594,.T.);
#5623=ADVANCED_FACE('',(#5622),#5614,.F.);
#5630=EDGE_CURVE('',#3536,#3483,#930,.T.);
#5632=EDGE_CURVE('',#3535,#3536,#935,.T.);
#5634=EDGE_CURVE('',#3535,#3484,#926,.T.);
#5638=ADVANCED_FACE('',(#5637),#5628,.T.);
#5653=EDGE_CURVE('',#3536,#3535,#940,.T.);
#5658=ADVANCED_FACE('',(#5657),#5650,.T.);
#5675=ADVANCED_FACE('',(#5674),#5670,.T.);
#5688=EDGE_CURVE('',#3487,#3488,#954,.T.);
#5690=EDGE_CURVE('',#3490,#3487,#949,.T.);
#5692=EDGE_CURVE('',#3392,#3490,#978,.T.);
#5696=EDGE_CURVE('',#3394,#3488,#944,.T.);
#5700=ADVANCED_FACE('',(#5699),#5687,.F.);
#5708=EDGE_CURVE('',#3488,#3492,#959,.T.);
#5710=EDGE_CURVE('',#3492,#3490,#964,.T.);
#5714=EDGE_CURVE('',#3495,#3496,#969,.T.);
#5716=EDGE_CURVE('',#3496,#3495,#974,.T.);
#5720=ADVANCED_FACE('',(#5713,#5719),#5705,.T.);
#5734=ADVANCED_FACE('',(#5733),#5725,.F.);
#5741=EDGE_CURVE('',#3540,#3495,#986,.T.);
#5743=EDGE_CURVE('',#3539,#3540,#991,.T.);
#5745=EDGE_CURVE('',#3539,#3496,#982,.T.);
#5749=ADVANCED_FACE('',(#5748),#5739,.T.);
#5764=EDGE_CURVE('',#3540,#3539,#996,.T.);
#5769=ADVANCED_FACE('',(#5768),#5761,.T.);
#5786=ADVANCED_FACE('',(#5785),#5781,.T.);
#5799=EDGE_CURVE('',#3499,#3500,#1010,.T.);
#5801=EDGE_CURVE('',#3502,#3499,#1005,.T.);
#5803=EDGE_CURVE('',#3400,#3502,#1034,.T.);
#5807=EDGE_CURVE('',#3402,#3500,#1000,.T.);
#5811=ADVANCED_FACE('',(#5810),#5798,.F.);
#5819=EDGE_CURVE('',#3500,#3504,#1015,.T.);
#5821=EDGE_CURVE('',#3504,#3502,#1020,.T.);
#5825=EDGE_CURVE('',#3507,#3508,#1025,.T.);
#5827=EDGE_CURVE('',#3508,#3507,#1030,.T.);
#5831=ADVANCED_FACE('',(#5824,#5830),#5816,.T.);
#5845=ADVANCED_FACE('',(#5844),#5836,.F.);
#5852=EDGE_CURVE('',#3544,#3507,#1042,.T.);
#5854=EDGE_CURVE('',#3543,#3544,#1047,.T.);
#5856=EDGE_CURVE('',#3543,#3508,#1038,.T.);
#5860=ADVANCED_FACE('',(#5859),#5850,.T.);
#5875=EDGE_CURVE('',#3544,#3543,#1052,.T.);
#5880=ADVANCED_FACE('',(#5879),#5872,.T.);
#5897=ADVANCED_FACE('',(#5896),#5892,.T.);
#5910=EDGE_CURVE('',#3511,#3512,#1066,.T.);
#5912=EDGE_CURVE('',#3514,#3511,#1061,.T.);
#5914=EDGE_CURVE('',#3408,#3514,#1090,.T.);
#5918=EDGE_CURVE('',#3410,#3512,#1056,.T.);
#5922=ADVANCED_FACE('',(#5921),#5909,.F.);
#5930=EDGE_CURVE('',#3512,#3516,#1071,.T.);
#5932=EDGE_CURVE('',#3516,#3514,#1076,.T.);
#5936=EDGE_CURVE('',#3519,#3520,#1081,.T.);
#5938=EDGE_CURVE('',#3520,#3519,#1086,.T.);
#5942=ADVANCED_FACE('',(#5935,#5941),#5927,.T.);
#5956=ADVANCED_FACE('',(#5955),#5947,.F.);
#5963=EDGE_CURVE('',#3548,#3519,#1098,.T.);
#5965=EDGE_CURVE('',#3547,#3548,#1103,.T.);
#5967=EDGE_CURVE('',#3547,#3520,#1094,.T.);
#5971=ADVANCED_FACE('',(#5970),#5961,.T.);
#5986=EDGE_CURVE('',#3548,#3547,#1108,.T.);
#5991=ADVANCED_FACE('',(#5990),#5983,.T.);
#6008=ADVANCED_FACE('',(#6007),#6003,.T.);
#6021=EDGE_CURVE('',#3330,#3240,#1112,.T.);
#6028=ADVANCED_FACE('',(#6027),#6020,.F.);
#6043=EDGE_CURVE('',#3332,#3238,#1128,.T.);
#6048=ADVANCED_FACE('',(#6047),#6040,.F.);
#6067=EDGE_CURVE('',#3551,#3552,#1137,.T.);
#6069=EDGE_CURVE('',#3552,#3551,#1142,.T.);
#6073=EDGE_CURVE('',#3901,#3902,#1146,.T.);
#6075=EDGE_CURVE('',#3902,#3904,#1150,.T.);
#6077=EDGE_CURVE('',#3904,#3906,#1154,.T.);
#6079=EDGE_CURVE('',#3906,#3908,#1158,.T.);
#6081=EDGE_CURVE('',#3908,#3910,#1162,.T.);
#6083=EDGE_CURVE('',#3910,#3912,#1166,.T.);
#6085=EDGE_CURVE('',#3912,#3914,#1170,.T.);
#6087=EDGE_CURVE('',#3914,#3901,#1174,.T.);
#6091=EDGE_CURVE('',#3917,#3918,#1178,.T.);
#6093=EDGE_CURVE('',#3918,#3920,#1182,.T.);
#6095=EDGE_CURVE('',#3920,#3922,#1186,.T.);
#6097=EDGE_CURVE('',#3922,#3924,#1190,.T.);
#6099=EDGE_CURVE('',#3924,#3926,#1194,.T.);
#6101=EDGE_CURVE('',#3926,#3928,#1198,.T.);
#6103=EDGE_CURVE('',#3928,#3930,#1202,.T.);
#6105=EDGE_CURVE('',#3930,#3932,#1206,.T.);
#6107=EDGE_CURVE('',#3932,#3934,#1210,.T.);
#6109=EDGE_CURVE('',#3934,#3936,#1214,.T.);
#6111=EDGE_CURVE('',#3936,#3938,#1218,.T.);
#6113=EDGE_CURVE('',#3938,#3940,#1222,.T.);
#6115=EDGE_CURVE('',#3940,#3942,#1226,.T.);
#6117=EDGE_CURVE('',#3942,#3917,#1230,.T.);
#6121=EDGE_CURVE('',#3969,#3970,#1282,.T.);
#6123=EDGE_CURVE('',#3970,#3972,#1286,.T.);
#6125=EDGE_CURVE('',#3972,#3974,#1290,.T.);
#6127=EDGE_CURVE('',#3974,#3976,#1294,.T.);
#6129=EDGE_CURVE('',#3976,#3978,#1298,.T.);
#6131=EDGE_CURVE('',#3978,#3980,#1302,.T.);
#6133=EDGE_CURVE('',#3980,#3982,#1306,.T.);
#6135=EDGE_CURVE('',#3982,#3984,#1310,.T.);
#6137=EDGE_CURVE('',#3984,#3986,#1314,.T.);
#6139=EDGE_CURVE('',#3986,#3988,#1318,.T.);
#6141=EDGE_CURVE('',#3988,#3990,#1322,.T.);
#6143=EDGE_CURVE('',#3990,#3969,#1326,.T.);
#6147=EDGE_CURVE('',#3993,#3994,#1330,.T.);
#6149=EDGE_CURVE('',#3994,#3996,#1334,.T.);
#6151=EDGE_CURVE('',#3996,#3998,#1338,.T.);
#6153=EDGE_CURVE('',#3998,#4000,#1342,.T.);
#6155=EDGE_CURVE('',#4000,#4002,#1346,.T.);
#6157=EDGE_CURVE('',#4002,#4004,#1350,.T.);
#6159=EDGE_CURVE('',#4004,#4006,#1354,.T.);
#6161=EDGE_CURVE('',#4006,#4008,#1358,.T.);
#6163=EDGE_CURVE('',#4008,#4010,#1362,.T.);
#6165=EDGE_CURVE('',#4010,#4012,#1366,.T.);
#6167=EDGE_CURVE('',#4012,#4014,#1370,.T.);
#6169=EDGE_CURVE('',#4014,#4016,#1374,.T.);
#6171=EDGE_CURVE('',#4016,#4018,#1378,.T.);
#6173=EDGE_CURVE('',#4018,#4020,#1382,.T.);
#6175=EDGE_CURVE('',#4020,#4022,#1386,.T.);
#6177=EDGE_CURVE('',#4022,#4024,#1390,.T.);
#6179=EDGE_CURVE('',#4024,#4026,#1394,.T.);
#6181=EDGE_CURVE('',#4026,#4028,#1398,.T.);
#6183=EDGE_CURVE('',#4028,#4030,#1402,.T.);
#6185=EDGE_CURVE('',#4030,#4032,#1406,.T.);
#6187=EDGE_CURVE('',#4032,#4034,#1410,.T.);
#6189=EDGE_CURVE('',#4034,#4036,#1414,.T.);
#6191=EDGE_CURVE('',#4036,#4038,#1418,.T.);
#6193=EDGE_CURVE('',#4038,#4040,#1422,.T.);
#6195=EDGE_CURVE('',#4040,#4042,#1426,.T.);
#6197=EDGE_CURVE('',#4042,#3993,#1430,.T.);
#6201=EDGE_CURVE('',#4081,#4082,#1506,.T.);
#6203=EDGE_CURVE('',#4082,#4084,#1510,.T.);
#6205=EDGE_CURVE('',#4084,#4086,#1514,.T.);
#6207=EDGE_CURVE('',#4086,#4088,#1518,.T.);
#6209=EDGE_CURVE('',#4088,#4090,#1522,.T.);
#6211=EDGE_CURVE('',#4090,#4092,#1526,.T.);
#6213=EDGE_CURVE('',#4092,#4081,#1530,.T.);
#6217=EDGE_CURVE('',#4095,#4096,#1534,.T.);
#6219=EDGE_CURVE('',#4096,#4098,#1538,.T.);
#6221=EDGE_CURVE('',#4098,#4100,#1542,.T.);
#6223=EDGE_CURVE('',#4100,#4102,#1546,.T.);
#6225=EDGE_CURVE('',#4102,#4104,#1550,.T.);
#6227=EDGE_CURVE('',#4104,#4106,#1554,.T.);
#6229=EDGE_CURVE('',#4106,#4108,#1558,.T.);
#6231=EDGE_CURVE('',#4108,#4110,#1562,.T.);
#6233=EDGE_CURVE('',#4110,#4112,#1566,.T.);
#6235=EDGE_CURVE('',#4112,#4114,#1570,.T.);
#6237=EDGE_CURVE('',#4114,#4116,#1574,.T.);
#6239=EDGE_CURVE('',#4116,#4118,#1578,.T.);
#6241=EDGE_CURVE('',#4118,#4095,#1582,.T.);
#6245=EDGE_CURVE('',#4121,#4122,#1586,.T.);
#6247=EDGE_CURVE('',#4122,#4124,#1590,.T.);
#6249=EDGE_CURVE('',#4124,#4126,#1594,.T.);
#6251=EDGE_CURVE('',#4126,#4128,#1598,.T.);
#6253=EDGE_CURVE('',#4128,#4130,#1602,.T.);
#6255=EDGE_CURVE('',#4130,#4132,#1606,.T.);
#6257=EDGE_CURVE('',#4132,#4134,#1610,.T.);
#6259=EDGE_CURVE('',#4134,#4136,#1614,.T.);
#6261=EDGE_CURVE('',#4136,#4138,#1618,.T.);
#6263=EDGE_CURVE('',#4138,#4140,#1622,.T.);
#6265=EDGE_CURVE('',#4140,#4142,#1626,.T.);
#6267=EDGE_CURVE('',#4142,#4144,#1630,.T.);
#6269=EDGE_CURVE('',#4144,#4146,#1634,.T.);
#6271=EDGE_CURVE('',#4146,#4148,#1638,.T.);
#6273=EDGE_CURVE('',#4148,#4150,#1642,.T.);
#6275=EDGE_CURVE('',#4150,#4152,#1646,.T.);
#6277=EDGE_CURVE('',#4152,#4154,#1650,.T.);
#6279=EDGE_CURVE('',#4154,#4156,#1654,.T.);
#6281=EDGE_CURVE('',#4156,#4158,#1658,.T.);
#6283=EDGE_CURVE('',#4158,#4160,#1662,.T.);
#6285=EDGE_CURVE('',#4160,#4162,#1666,.T.);
#6287=EDGE_CURVE('',#4162,#4164,#1670,.T.);
#6289=EDGE_CURVE('',#4164,#4166,#1674,.T.);
#6291=EDGE_CURVE('',#4166,#4168,#1678,.T.);
#6293=EDGE_CURVE('',#4168,#4170,#1682,.T.);
#6295=EDGE_CURVE('',#4170,#4172,#1686,.T.);
#6297=EDGE_CURVE('',#4172,#4174,#1690,.T.);
#6299=EDGE_CURVE('',#4174,#4176,#1694,.T.);
#6301=EDGE_CURVE('',#4176,#4178,#1698,.T.);
#6303=EDGE_CURVE('',#4178,#4180,#1702,.T.);
#6305=EDGE_CURVE('',#4180,#4182,#1706,.T.);
#6307=EDGE_CURVE('',#4182,#4184,#1710,.T.);
#6309=EDGE_CURVE('',#4184,#4186,#1714,.T.);
#6311=EDGE_CURVE('',#4186,#4188,#1718,.T.);
#6313=EDGE_CURVE('',#4188,#4190,#1722,.T.);
#6315=EDGE_CURVE('',#4190,#4192,#1726,.T.);
#6317=EDGE_CURVE('',#4192,#4194,#1730,.T.);
#6319=EDGE_CURVE('',#4194,#4196,#1734,.T.);
#6321=EDGE_CURVE('',#4196,#4198,#1738,.T.);
#6323=EDGE_CURVE('',#4198,#4121,#1742,.T.);
#6327=EDGE_CURVE('',#4201,#4202,#1746,.T.);
#6329=EDGE_CURVE('',#4202,#4204,#1750,.T.);
#6331=EDGE_CURVE('',#4204,#4206,#1754,.T.);
#6333=EDGE_CURVE('',#4206,#4208,#1758,.T.);
#6335=EDGE_CURVE('',#4208,#4210,#1762,.T.);
#6337=EDGE_CURVE('',#4210,#4212,#1766,.T.);
#6339=EDGE_CURVE('',#4212,#4214,#1770,.T.);
#6341=EDGE_CURVE('',#4214,#4201,#1774,.T.);
#6345=EDGE_CURVE('',#4223,#4224,#1790,.T.);
#6347=EDGE_CURVE('',#4224,#4226,#1794,.T.);
#6349=EDGE_CURVE('',#4226,#4228,#1798,.T.);
#6351=EDGE_CURVE('',#4228,#4230,#1802,.T.);
#6353=EDGE_CURVE('',#4230,#4232,#1806,.T.);
#6355=EDGE_CURVE('',#4232,#4234,#1810,.T.);
#6357=EDGE_CURVE('',#4234,#4236,#1814,.T.);
#6359=EDGE_CURVE('',#4236,#4238,#1818,.T.);
#6361=EDGE_CURVE('',#4238,#4240,#1822,.T.);
#6363=EDGE_CURVE('',#4240,#4223,#1826,.T.);
#6367=ADVANCED_FACE('',(#6066,#6072,#6090,#6120,#6146,#6200,#6216,#6244,#6326,
#6344,#6366),#6060,.T.);
#6380=EDGE_CURVE('',#3945,#3946,#1234,.T.);
#6382=EDGE_CURVE('',#3946,#3948,#1238,.T.);
#6384=EDGE_CURVE('',#3948,#3950,#1242,.T.);
#6386=EDGE_CURVE('',#3950,#3952,#1246,.T.);
#6388=EDGE_CURVE('',#3952,#3954,#1250,.T.);
#6390=EDGE_CURVE('',#3954,#3956,#1254,.T.);
#6392=EDGE_CURVE('',#3956,#3958,#1258,.T.);
#6394=EDGE_CURVE('',#3958,#3960,#1262,.T.);
#6396=EDGE_CURVE('',#3960,#3962,#1266,.T.);
#6398=EDGE_CURVE('',#3962,#3964,#1270,.T.);
#6400=EDGE_CURVE('',#3964,#3966,#1274,.T.);
#6402=EDGE_CURVE('',#3966,#3945,#1278,.T.);
#6406=ADVANCED_FACE('',(#6405),#6379,.T.);
#6419=EDGE_CURVE('',#4045,#4046,#1434,.T.);
#6421=EDGE_CURVE('',#4046,#4048,#1438,.T.);
#6423=EDGE_CURVE('',#4048,#4050,#1442,.T.);
#6425=EDGE_CURVE('',#4050,#4052,#1446,.T.);
#6427=EDGE_CURVE('',#4052,#4054,#1450,.T.);
#6429=EDGE_CURVE('',#4054,#4056,#1454,.T.);
#6431=EDGE_CURVE('',#4056,#4058,#1458,.T.);
#6433=EDGE_CURVE('',#4058,#4060,#1462,.T.);
#6435=EDGE_CURVE('',#4060,#4062,#1466,.T.);
#6437=EDGE_CURVE('',#4062,#4064,#1470,.T.);
#6439=EDGE_CURVE('',#4064,#4066,#1474,.T.);
#6441=EDGE_CURVE('',#4066,#4068,#1478,.T.);
#6443=EDGE_CURVE('',#4068,#4070,#1482,.T.);
#6445=EDGE_CURVE('',#4070,#4072,#1486,.T.);
#6447=EDGE_CURVE('',#4072,#4074,#1490,.T.);
#6449=EDGE_CURVE('',#4074,#4076,#1494,.T.);
#6451=EDGE_CURVE('',#4076,#4078,#1498,.T.);
#6453=EDGE_CURVE('',#4078,#4045,#1502,.T.);
#6457=ADVANCED_FACE('',(#6456),#6418,.T.);
#6470=EDGE_CURVE('',#4217,#4218,#1778,.T.);
#6472=EDGE_CURVE('',#4218,#4220,#1782,.T.);
#6474=EDGE_CURVE('',#4220,#4217,#1786,.T.);
#6478=ADVANCED_FACE('',(#6477),#6469,.T.);
#6492=EDGE_CURVE('',#3554,#3551,#1834,.T.);
#6494=EDGE_CURVE('',#3556,#3554,#1839,.T.);
#6496=EDGE_CURVE('',#3556,#3552,#1830,.T.);
#6500=ADVANCED_FACE('',(#6499),#6490,.T.);
#6515=EDGE_CURVE('',#3554,#3556,#1844,.T.);
#6520=ADVANCED_FACE('',(#6519),#6512,.T.);
#6537=ADVANCED_FACE('',(#6536),#6532,.T.);
#6556=EDGE_CURVE('',#3901,#3559,#1848,.T.);
#6558=EDGE_CURVE('',#3559,#3560,#1880,.T.);
#6560=EDGE_CURVE('',#3902,#3560,#1876,.T.);
#6564=ADVANCED_FACE('',(#6563),#6554,.F.);
#6571=EDGE_CURVE('',#3914,#3572,#1852,.T.);
#6573=EDGE_CURVE('',#3572,#3559,#1884,.T.);
#6578=ADVANCED_FACE('',(#6577),#6569,.F.);
#6585=EDGE_CURVE('',#3912,#3570,#1856,.T.);
#6587=EDGE_CURVE('',#3570,#3572,#1888,.T.);
#6592=ADVANCED_FACE('',(#6591),#6583,.F.);
#6599=EDGE_CURVE('',#3910,#3568,#1860,.T.);
#6601=EDGE_CURVE('',#3568,#3570,#1892,.T.);
#6606=ADVANCED_FACE('',(#6605),#6597,.F.);
#6613=EDGE_CURVE('',#3908,#3566,#1864,.T.);
#6615=EDGE_CURVE('',#3566,#3568,#1896,.T.);
#6620=ADVANCED_FACE('',(#6619),#6611,.F.);
#6627=EDGE_CURVE('',#3906,#3564,#1868,.T.);
#6629=EDGE_CURVE('',#3564,#3566,#1900,.T.);
#6634=ADVANCED_FACE('',(#6633),#6625,.F.);
#6641=EDGE_CURVE('',#3904,#3562,#1872,.T.);
#6643=EDGE_CURVE('',#3562,#3564,#1904,.T.);
#6648=ADVANCED_FACE('',(#6647),#6639,.F.);
#6656=EDGE_CURVE('',#3560,#3562,#1908,.T.);
#6661=ADVANCED_FACE('',(#6660),#6653,.F.);
#6677=ADVANCED_FACE('',(#6676),#6666,.T.);
#6690=EDGE_CURVE('',#3575,#3576,#1912,.T.);
#6692=EDGE_CURVE('',#3600,#3575,#1916,.T.);
#6694=EDGE_CURVE('',#3598,#3600,#1920,.T.);
#6696=EDGE_CURVE('',#3596,#3598,#1924,.T.);
#6698=EDGE_CURVE('',#3594,#3596,#1928,.T.);
#6700=EDGE_CURVE('',#3592,#3594,#1932,.T.);
#6702=EDGE_CURVE('',#3590,#3592,#1936,.T.);
#6704=EDGE_CURVE('',#3588,#3590,#1940,.T.);
#6706=EDGE_CURVE('',#3586,#3588,#1944,.T.);
#6708=EDGE_CURVE('',#3584,#3586,#1948,.T.);
#6710=EDGE_CURVE('',#3582,#3584,#1952,.T.);
#6712=EDGE_CURVE('',#3580,#3582,#1956,.T.);
#6714=EDGE_CURVE('',#3578,#3580,#1960,.T.);
#6716=EDGE_CURVE('',#3576,#3578,#1964,.T.);
#6720=EDGE_CURVE('',#3603,#3604,#1968,.T.);
#6722=EDGE_CURVE('',#3624,#3603,#1972,.T.);
#6724=EDGE_CURVE('',#3622,#3624,#1976,.T.);
#6726=EDGE_CURVE('',#3620,#3622,#1980,.T.);
#6728=EDGE_CURVE('',#3618,#3620,#1984,.T.);
#6730=EDGE_CURVE('',#3616,#3618,#1988,.T.);
#6732=EDGE_CURVE('',#3614,#3616,#1992,.T.);
#6734=EDGE_CURVE('',#3612,#3614,#1996,.T.);
#6736=EDGE_CURVE('',#3610,#3612,#2000,.T.);
#6738=EDGE_CURVE('',#3608,#3610,#2004,.T.);
#6740=EDGE_CURVE('',#3606,#3608,#2008,.T.);
#6742=EDGE_CURVE('',#3604,#3606,#2012,.T.);
#6746=ADVANCED_FACE('',(#6719,#6745),#6689,.T.);
#6759=EDGE_CURVE('',#3627,#3628,#2016,.T.);
#6761=EDGE_CURVE('',#3648,#3627,#2020,.T.);
#6763=EDGE_CURVE('',#3646,#3648,#2024,.T.);
#6765=EDGE_CURVE('',#3644,#3646,#2028,.T.);
#6767=EDGE_CURVE('',#3642,#3644,#2032,.T.);
#6769=EDGE_CURVE('',#3640,#3642,#2036,.T.);
#6771=EDGE_CURVE('',#3638,#3640,#2040,.T.);
#6773=EDGE_CURVE('',#3636,#3638,#2044,.T.);
#6775=EDGE_CURVE('',#3634,#3636,#2048,.T.);
#6777=EDGE_CURVE('',#3632,#3634,#2052,.T.);
#6779=EDGE_CURVE('',#3630,#3632,#2056,.T.);
#6781=EDGE_CURVE('',#3628,#3630,#2060,.T.);
#6785=ADVANCED_FACE('',(#6784),#6758,.T.);
#6798=EDGE_CURVE('',#3651,#3652,#2064,.T.);
#6800=EDGE_CURVE('',#3700,#3651,#2068,.T.);
#6802=EDGE_CURVE('',#3698,#3700,#2072,.T.);
#6804=EDGE_CURVE('',#3696,#3698,#2076,.T.);
#6806=EDGE_CURVE('',#3694,#3696,#2080,.T.);
#6808=EDGE_CURVE('',#3692,#3694,#2084,.T.);
#6810=EDGE_CURVE('',#3690,#3692,#2088,.T.);
#6812=EDGE_CURVE('',#3688,#3690,#2092,.T.);
#6814=EDGE_CURVE('',#3686,#3688,#2096,.T.);
#6816=EDGE_CURVE('',#3684,#3686,#2100,.T.);
#6818=EDGE_CURVE('',#3682,#3684,#2104,.T.);
#6820=EDGE_CURVE('',#3680,#3682,#2108,.T.);
#6822=EDGE_CURVE('',#3678,#3680,#2112,.T.);
#6824=EDGE_CURVE('',#3676,#3678,#2116,.T.);
#6826=EDGE_CURVE('',#3674,#3676,#2120,.T.);
#6828=EDGE_CURVE('',#3672,#3674,#2124,.T.);
#6830=EDGE_CURVE('',#3670,#3672,#2128,.T.);
#6832=EDGE_CURVE('',#3668,#3670,#2132,.T.);
#6834=EDGE_CURVE('',#3666,#3668,#2136,.T.);
#6836=EDGE_CURVE('',#3664,#3666,#2140,.T.);
#6838=EDGE_CURVE('',#3662,#3664,#2144,.T.);
#6840=EDGE_CURVE('',#3660,#3662,#2148,.T.);
#6842=EDGE_CURVE('',#3658,#3660,#2152,.T.);
#6844=EDGE_CURVE('',#3656,#3658,#2156,.T.);
#6846=EDGE_CURVE('',#3654,#3656,#2160,.T.);
#6848=EDGE_CURVE('',#3652,#3654,#2164,.T.);
#6852=EDGE_CURVE('',#3703,#3704,#2168,.T.);
#6854=EDGE_CURVE('',#3736,#3703,#2172,.T.);
#6856=EDGE_CURVE('',#3734,#3736,#2176,.T.);
#6858=EDGE_CURVE('',#3732,#3734,#2180,.T.);
#6860=EDGE_CURVE('',#3730,#3732,#2184,.T.);
#6862=EDGE_CURVE('',#3728,#3730,#2188,.T.);
#6864=EDGE_CURVE('',#3726,#3728,#2192,.T.);
#6866=EDGE_CURVE('',#3724,#3726,#2196,.T.);
#6868=EDGE_CURVE('',#3722,#3724,#2200,.T.);
#6870=EDGE_CURVE('',#3720,#3722,#2204,.T.);
#6872=EDGE_CURVE('',#3718,#3720,#2208,.T.);
#6874=EDGE_CURVE('',#3716,#3718,#2212,.T.);
#6876=EDGE_CURVE('',#3714,#3716,#2216,.T.);
#6878=EDGE_CURVE('',#3712,#3714,#2220,.T.);
#6880=EDGE_CURVE('',#3710,#3712,#2224,.T.);
#6882=EDGE_CURVE('',#3708,#3710,#2228,.T.);
#6884=EDGE_CURVE('',#3706,#3708,#2232,.T.);
#6886=EDGE_CURVE('',#3704,#3706,#2236,.T.);
#6890=ADVANCED_FACE('',(#6851,#6889),#6797,.T.);
#6903=EDGE_CURVE('',#3739,#3740,#2240,.T.);
#6905=EDGE_CURVE('',#3750,#3739,#2244,.T.);
#6907=EDGE_CURVE('',#3748,#3750,#2248,.T.);
#6909=EDGE_CURVE('',#3746,#3748,#2252,.T.);
#6911=EDGE_CURVE('',#3744,#3746,#2256,.T.);
#6913=EDGE_CURVE('',#3742,#3744,#2260,.T.);
#6915=EDGE_CURVE('',#3740,#3742,#2264,.T.);
#6919=ADVANCED_FACE('',(#6918),#6902,.T.);
#6932=EDGE_CURVE('',#3753,#3754,#2268,.T.);
#6934=EDGE_CURVE('',#3776,#3753,#2272,.T.);
#6936=EDGE_CURVE('',#3774,#3776,#2276,.T.);
#6938=EDGE_CURVE('',#3772,#3774,#2280,.T.);
#6940=EDGE_CURVE('',#3770,#3772,#2284,.T.);
#6942=EDGE_CURVE('',#3768,#3770,#2288,.T.);
#6944=EDGE_CURVE('',#3766,#3768,#2292,.T.);
#6946=EDGE_CURVE('',#3764,#3766,#2296,.T.);
#6948=EDGE_CURVE('',#3762,#3764,#2300,.T.);
#6950=EDGE_CURVE('',#3760,#3762,#2304,.T.);
#6952=EDGE_CURVE('',#3758,#3760,#2308,.T.);
#6954=EDGE_CURVE('',#3756,#3758,#2312,.T.);
#6956=EDGE_CURVE('',#3754,#3756,#2316,.T.);
#6960=ADVANCED_FACE('',(#6959),#6931,.T.);
#6973=EDGE_CURVE('',#3779,#3780,#2320,.T.);
#6975=EDGE_CURVE('',#3856,#3779,#2324,.T.);
#6977=EDGE_CURVE('',#3854,#3856,#2328,.T.);
#6979=EDGE_CURVE('',#3852,#3854,#2332,.T.);
#6981=EDGE_CURVE('',#3850,#3852,#2336,.T.);
#6983=EDGE_CURVE('',#3848,#3850,#2340,.T.);
#6985=EDGE_CURVE('',#3846,#3848,#2344,.T.);
#6987=EDGE_CURVE('',#3844,#3846,#2348,.T.);
#6989=EDGE_CURVE('',#3842,#3844,#2352,.T.);
#6991=EDGE_CURVE('',#3840,#3842,#2356,.T.);
#6993=EDGE_CURVE('',#3838,#3840,#2360,.T.);
#6995=EDGE_CURVE('',#3836,#3838,#2364,.T.);
#6997=EDGE_CURVE('',#3834,#3836,#2368,.T.);
#6999=EDGE_CURVE('',#3832,#3834,#2372,.T.);
#7001=EDGE_CURVE('',#3830,#3832,#2376,.T.);
#7003=EDGE_CURVE('',#3828,#3830,#2380,.T.);
#7005=EDGE_CURVE('',#3826,#3828,#2384,.T.);
#7007=EDGE_CURVE('',#3824,#3826,#2388,.T.);
#7009=EDGE_CURVE('',#3822,#3824,#2392,.T.);
#7011=EDGE_CURVE('',#3820,#3822,#2396,.T.);
#7013=EDGE_CURVE('',#3818,#3820,#2400,.T.);
#7015=EDGE_CURVE('',#3816,#3818,#2404,.T.);
#7017=EDGE_CURVE('',#3814,#3816,#2408,.T.);
#7019=EDGE_CURVE('',#3812,#3814,#2412,.T.);
#7021=EDGE_CURVE('',#3810,#3812,#2416,.T.);
#7023=EDGE_CURVE('',#3808,#3810,#2420,.T.);
#7025=EDGE_CURVE('',#3806,#3808,#2424,.T.);
#7027=EDGE_CURVE('',#3804,#3806,#2428,.T.);
#7029=EDGE_CURVE('',#3802,#3804,#2432,.T.);
#7031=EDGE_CURVE('',#3800,#3802,#2436,.T.);
#7033=EDGE_CURVE('',#3798,#3800,#2440,.T.);
#7035=EDGE_CURVE('',#3796,#3798,#2444,.T.);
#7037=EDGE_CURVE('',#3794,#3796,#2448,.T.);
#7039=EDGE_CURVE('',#3792,#3794,#2452,.T.);
#7041=EDGE_CURVE('',#3790,#3792,#2456,.T.);
#7043=EDGE_CURVE('',#3788,#3790,#2460,.T.);
#7045=EDGE_CURVE('',#3786,#3788,#2464,.T.);
#7047=EDGE_CURVE('',#3784,#3786,#2468,.T.);
#7049=EDGE_CURVE('',#3782,#3784,#2472,.T.);
#7051=EDGE_CURVE('',#3780,#3782,#2476,.T.);
#7055=ADVANCED_FACE('',(#7054),#6972,.T.);
#7068=EDGE_CURVE('',#3859,#3860,#2480,.T.);
#7070=EDGE_CURVE('',#3872,#3859,#2484,.T.);
#7072=EDGE_CURVE('',#3870,#3872,#2488,.T.);
#7074=EDGE_CURVE('',#3868,#3870,#2492,.T.);
#7076=EDGE_CURVE('',#3866,#3868,#2496,.T.);
#7078=EDGE_CURVE('',#3864,#3866,#2500,.T.);
#7080=EDGE_CURVE('',#3862,#3864,#2504,.T.);
#7082=EDGE_CURVE('',#3860,#3862,#2508,.T.);
#7086=EDGE_CURVE('',#3875,#3876,#2512,.T.);
#7088=EDGE_CURVE('',#3878,#3875,#2516,.T.);
#7090=EDGE_CURVE('',#3876,#3878,#2520,.T.);
#7094=ADVANCED_FACE('',(#7085,#7093),#7067,.T.);
#7107=EDGE_CURVE('',#3881,#3882,#2524,.T.);
#7109=EDGE_CURVE('',#3898,#3881,#2528,.T.);
#7111=EDGE_CURVE('',#3896,#3898,#2532,.T.);
#7113=EDGE_CURVE('',#3894,#3896,#2536,.T.);
#7115=EDGE_CURVE('',#3892,#3894,#2540,.T.);
#7117=EDGE_CURVE('',#3890,#3892,#2544,.T.);
#7119=EDGE_CURVE('',#3888,#3890,#2548,.T.);
#7121=EDGE_CURVE('',#3886,#3888,#2552,.T.);
#7123=EDGE_CURVE('',#3884,#3886,#2556,.T.);
#7125=EDGE_CURVE('',#3882,#3884,#2560,.T.);
#7129=ADVANCED_FACE('',(#7128),#7106,.T.);
#7143=EDGE_CURVE('',#3917,#3575,#2564,.T.);
#7146=EDGE_CURVE('',#3918,#3576,#2616,.T.);
#7150=ADVANCED_FACE('',(#7149),#7141,.F.);
#7157=EDGE_CURVE('',#3942,#3600,#2568,.T.);
#7163=ADVANCED_FACE('',(#7162),#7155,.F.);
#7170=EDGE_CURVE('',#3940,#3598,#2572,.T.);
#7176=ADVANCED_FACE('',(#7175),#7168,.F.);
#7183=EDGE_CURVE('',#3938,#3596,#2576,.T.);
#7189=ADVANCED_FACE('',(#7188),#7181,.F.);
#7196=EDGE_CURVE('',#3936,#3594,#2580,.T.);
#7202=ADVANCED_FACE('',(#7201),#7194,.F.);
#7209=EDGE_CURVE('',#3934,#3592,#2584,.T.);
#7215=ADVANCED_FACE('',(#7214),#7207,.F.);
#7222=EDGE_CURVE('',#3932,#3590,#2588,.T.);
#7228=ADVANCED_FACE('',(#7227),#7220,.F.);
#7235=EDGE_CURVE('',#3930,#3588,#2592,.T.);
#7241=ADVANCED_FACE('',(#7240),#7233,.F.);
#7248=EDGE_CURVE('',#3928,#3586,#2596,.T.);
#7254=ADVANCED_FACE('',(#7253),#7246,.F.);
#7261=EDGE_CURVE('',#3926,#3584,#2600,.T.);
#7267=ADVANCED_FACE('',(#7266),#7259,.F.);
#7274=EDGE_CURVE('',#3924,#3582,#2604,.T.);
#7280=ADVANCED_FACE('',(#7279),#7272,.F.);
#7287=EDGE_CURVE('',#3922,#3580,#2608,.T.);
#7293=ADVANCED_FACE('',(#7292),#7285,.F.);
#7300=EDGE_CURVE('',#3920,#3578,#2612,.T.);
#7306=ADVANCED_FACE('',(#7305),#7298,.F.);
#7318=ADVANCED_FACE('',(#7317),#7311,.F.);
#7325=EDGE_CURVE('',#3945,#3603,#2620,.T.);
#7328=EDGE_CURVE('',#3946,#3604,#2664,.T.);
#7332=ADVANCED_FACE('',(#7331),#7323,.F.);
#7339=EDGE_CURVE('',#3966,#3624,#2624,.T.);
#7345=ADVANCED_FACE('',(#7344),#7337,.F.);
#7352=EDGE_CURVE('',#3964,#3622,#2628,.T.);
#7358=ADVANCED_FACE('',(#7357),#7350,.F.);
#7365=EDGE_CURVE('',#3962,#3620,#2632,.T.);
#7371=ADVANCED_FACE('',(#7370),#7363,.F.);
#7378=EDGE_CURVE('',#3960,#3618,#2636,.T.);
#7384=ADVANCED_FACE('',(#7383),#7376,.F.);
#7391=EDGE_CURVE('',#3958,#3616,#2640,.T.);
#7397=ADVANCED_FACE('',(#7396),#7389,.F.);
#7404=EDGE_CURVE('',#3956,#3614,#2644,.T.);
#7410=ADVANCED_FACE('',(#7409),#7402,.F.);
#7417=EDGE_CURVE('',#3954,#3612,#2648,.T.);
#7423=ADVANCED_FACE('',(#7422),#7415,.F.);
#7430=EDGE_CURVE('',#3952,#3610,#2652,.T.);
#7436=ADVANCED_FACE('',(#7435),#7428,.F.);
#7443=EDGE_CURVE('',#3950,#3608,#2656,.T.);
#7449=ADVANCED_FACE('',(#7448),#7441,.F.);
#7456=EDGE_CURVE('',#3948,#3606,#2660,.T.);
#7462=ADVANCED_FACE('',(#7461),#7454,.F.);
#7474=ADVANCED_FACE('',(#7473),#7467,.F.);
#7481=EDGE_CURVE('',#3969,#3627,#2668,.T.);
#7484=EDGE_CURVE('',#3970,#3628,#2712,.T.);
#7488=ADVANCED_FACE('',(#7487),#7479,.F.);
#7495=EDGE_CURVE('',#3990,#3648,#2672,.T.);
#7501=ADVANCED_FACE('',(#7500),#7493,.F.);
#7508=EDGE_CURVE('',#3988,#3646,#2676,.T.);
#7514=ADVANCED_FACE('',(#7513),#7506,.F.);
#7521=EDGE_CURVE('',#3986,#3644,#2680,.T.);
#7527=ADVANCED_FACE('',(#7526),#7519,.F.);
#7534=EDGE_CURVE('',#3984,#3642,#2684,.T.);
#7540=ADVANCED_FACE('',(#7539),#7532,.F.);
#7547=EDGE_CURVE('',#3982,#3640,#2688,.T.);
#7553=ADVANCED_FACE('',(#7552),#7545,.F.);
#7560=EDGE_CURVE('',#3980,#3638,#2692,.T.);
#7566=ADVANCED_FACE('',(#7565),#7558,.F.);
#7573=EDGE_CURVE('',#3978,#3636,#2696,.T.);
#7579=ADVANCED_FACE('',(#7578),#7571,.F.);
#7586=EDGE_CURVE('',#3976,#3634,#2700,.T.);
#7592=ADVANCED_FACE('',(#7591),#7584,.F.);
#7599=EDGE_CURVE('',#3974,#3632,#2704,.T.);
#7605=ADVANCED_FACE('',(#7604),#7597,.F.);
#7612=EDGE_CURVE('',#3972,#3630,#2708,.T.);
#7618=ADVANCED_FACE('',(#7617),#7610,.F.);
#7630=ADVANCED_FACE('',(#7629),#7623,.F.);
#7637=EDGE_CURVE('',#3993,#3651,#2716,.T.);
#7640=EDGE_CURVE('',#3994,#3652,#2816,.T.);
#7644=ADVANCED_FACE('',(#7643),#7635,.F.);
#7651=EDGE_CURVE('',#4042,#3700,#2720,.T.);
#7657=ADVANCED_FACE('',(#7656),#7649,.F.);
#7664=EDGE_CURVE('',#4040,#3698,#2724,.T.);
#7670=ADVANCED_FACE('',(#7669),#7662,.F.);
#7677=EDGE_CURVE('',#4038,#3696,#2728,.T.);
#7683=ADVANCED_FACE('',(#7682),#7675,.F.);
#7690=EDGE_CURVE('',#4036,#3694,#2732,.T.);
#7696=ADVANCED_FACE('',(#7695),#7688,.F.);
#7703=EDGE_CURVE('',#4034,#3692,#2736,.T.);
#7709=ADVANCED_FACE('',(#7708),#7701,.F.);
#7716=EDGE_CURVE('',#4032,#3690,#2740,.T.);
#7722=ADVANCED_FACE('',(#7721),#7714,.F.);
#7729=EDGE_CURVE('',#4030,#3688,#2744,.T.);
#7735=ADVANCED_FACE('',(#7734),#7727,.F.);
#7742=EDGE_CURVE('',#4028,#3686,#2748,.T.);
#7748=ADVANCED_FACE('',(#7747),#7740,.F.);
#7755=EDGE_CURVE('',#4026,#3684,#2752,.T.);
#7761=ADVANCED_FACE('',(#7760),#7753,.F.);
#7768=EDGE_CURVE('',#4024,#3682,#2756,.T.);
#7774=ADVANCED_FACE('',(#7773),#7766,.F.);
#7781=EDGE_CURVE('',#4022,#3680,#2760,.T.);
#7787=ADVANCED_FACE('',(#7786),#7779,.F.);
#7794=EDGE_CURVE('',#4020,#3678,#2764,.T.);
#7800=ADVANCED_FACE('',(#7799),#7792,.F.);
#7807=EDGE_CURVE('',#4018,#3676,#2768,.T.);
#7813=ADVANCED_FACE('',(#7812),#7805,.F.);
#7820=EDGE_CURVE('',#4016,#3674,#2772,.T.);
#7826=ADVANCED_FACE('',(#7825),#7818,.F.);
#7833=EDGE_CURVE('',#4014,#3672,#2776,.T.);
#7839=ADVANCED_FACE('',(#7838),#7831,.F.);
#7846=EDGE_CURVE('',#4012,#3670,#2780,.T.);
#7852=ADVANCED_FACE('',(#7851),#7844,.F.);
#7859=EDGE_CURVE('',#4010,#3668,#2784,.T.);
#7865=ADVANCED_FACE('',(#7864),#7857,.F.);
#7872=EDGE_CURVE('',#4008,#3666,#2788,.T.);
#7878=ADVANCED_FACE('',(#7877),#7870,.F.);
#7885=EDGE_CURVE('',#4006,#3664,#2792,.T.);
#7891=ADVANCED_FACE('',(#7890),#7883,.F.);
#7898=EDGE_CURVE('',#4004,#3662,#2796,.T.);
#7904=ADVANCED_FACE('',(#7903),#7896,.F.);
#7911=EDGE_CURVE('',#4002,#3660,#2800,.T.);
#7917=ADVANCED_FACE('',(#7916),#7909,.F.);
#7924=EDGE_CURVE('',#4000,#3658,#2804,.T.);
#7930=ADVANCED_FACE('',(#7929),#7922,.F.);
#7937=EDGE_CURVE('',#3998,#3656,#2808,.T.);
#7943=ADVANCED_FACE('',(#7942),#7935,.F.);
#7950=EDGE_CURVE('',#3996,#3654,#2812,.T.);
#7956=ADVANCED_FACE('',(#7955),#7948,.F.);
#7968=ADVANCED_FACE('',(#7967),#7961,.F.);
#7975=EDGE_CURVE('',#4045,#3703,#2820,.T.);
#7978=EDGE_CURVE('',#4046,#3704,#2888,.T.);
#7982=ADVANCED_FACE('',(#7981),#7973,.F.);
#7989=EDGE_CURVE('',#4078,#3736,#2824,.T.);
#7995=ADVANCED_FACE('',(#7994),#7987,.F.);
#8002=EDGE_CURVE('',#4076,#3734,#2828,.T.);
#8008=ADVANCED_FACE('',(#8007),#8000,.F.);
#8015=EDGE_CURVE('',#4074,#3732,#2832,.T.);
#8021=ADVANCED_FACE('',(#8020),#8013,.F.);
#8028=EDGE_CURVE('',#4072,#3730,#2836,.T.);
#8034=ADVANCED_FACE('',(#8033),#8026,.F.);
#8041=EDGE_CURVE('',#4070,#3728,#2840,.T.);
#8047=ADVANCED_FACE('',(#8046),#8039,.F.);
#8054=EDGE_CURVE('',#4068,#3726,#2844,.T.);
#8060=ADVANCED_FACE('',(#8059),#8052,.F.);
#8067=EDGE_CURVE('',#4066,#3724,#2848,.T.);
#8073=ADVANCED_FACE('',(#8072),#8065,.F.);
#8080=EDGE_CURVE('',#4064,#3722,#2852,.T.);
#8086=ADVANCED_FACE('',(#8085),#8078,.F.);
#8093=EDGE_CURVE('',#4062,#3720,#2856,.T.);
#8099=ADVANCED_FACE('',(#8098),#8091,.F.);
#8106=EDGE_CURVE('',#4060,#3718,#2860,.T.);
#8112=ADVANCED_FACE('',(#8111),#8104,.F.);
#8119=EDGE_CURVE('',#4058,#3716,#2864,.T.);
#8125=ADVANCED_FACE('',(#8124),#8117,.F.);
#8132=EDGE_CURVE('',#4056,#3714,#2868,.T.);
#8138=ADVANCED_FACE('',(#8137),#8130,.F.);
#8145=EDGE_CURVE('',#4054,#3712,#2872,.T.);
#8151=ADVANCED_FACE('',(#8150),#8143,.F.);
#8158=EDGE_CURVE('',#4052,#3710,#2876,.T.);
#8164=ADVANCED_FACE('',(#8163),#8156,.F.);
#8171=EDGE_CURVE('',#4050,#3708,#2880,.T.);
#8177=ADVANCED_FACE('',(#8176),#8169,.F.);
#8184=EDGE_CURVE('',#4048,#3706,#2884,.T.);
#8190=ADVANCED_FACE('',(#8189),#8182,.F.);
#8202=ADVANCED_FACE('',(#8201),#8195,.F.);
#8209=EDGE_CURVE('',#4081,#3739,#2892,.T.);
#8212=EDGE_CURVE('',#4082,#3740,#2916,.T.);
#8216=ADVANCED_FACE('',(#8215),#8207,.F.);
#8223=EDGE_CURVE('',#4092,#3750,#2896,.T.);
#8229=ADVANCED_FACE('',(#8228),#8221,.F.);
#8236=EDGE_CURVE('',#4090,#3748,#2900,.T.);
#8242=ADVANCED_FACE('',(#8241),#8234,.F.);
#8249=EDGE_CURVE('',#4088,#3746,#2904,.T.);
#8255=ADVANCED_FACE('',(#8254),#8247,.F.);
#8262=EDGE_CURVE('',#4086,#3744,#2908,.T.);
#8268=ADVANCED_FACE('',(#8267),#8260,.F.);
#8275=EDGE_CURVE('',#4084,#3742,#2912,.T.);
#8281=ADVANCED_FACE('',(#8280),#8273,.F.);
#8293=ADVANCED_FACE('',(#8292),#8286,.F.);
#8300=EDGE_CURVE('',#4095,#3753,#2920,.T.);
#8303=EDGE_CURVE('',#4096,#3754,#2968,.T.);
#8307=ADVANCED_FACE('',(#8306),#8298,.F.);
#8314=EDGE_CURVE('',#4118,#3776,#2924,.T.);
#8320=ADVANCED_FACE('',(#8319),#8312,.F.);
#8327=EDGE_CURVE('',#4116,#3774,#2928,.T.);
#8333=ADVANCED_FACE('',(#8332),#8325,.F.);
#8340=EDGE_CURVE('',#4114,#3772,#2932,.T.);
#8346=ADVANCED_FACE('',(#8345),#8338,.F.);
#8353=EDGE_CURVE('',#4112,#3770,#2936,.T.);
#8359=ADVANCED_FACE('',(#8358),#8351,.F.);
#8366=EDGE_CURVE('',#4110,#3768,#2940,.T.);
#8372=ADVANCED_FACE('',(#8371),#8364,.F.);
#8379=EDGE_CURVE('',#4108,#3766,#2944,.T.);
#8385=ADVANCED_FACE('',(#8384),#8377,.F.);
#8392=EDGE_CURVE('',#4106,#3764,#2948,.T.);
#8398=ADVANCED_FACE('',(#8397),#8390,.F.);
#8405=EDGE_CURVE('',#4104,#3762,#2952,.T.);
#8411=ADVANCED_FACE('',(#8410),#8403,.F.);
#8418=EDGE_CURVE('',#4102,#3760,#2956,.T.);
#8424=ADVANCED_FACE('',(#8423),#8416,.F.);
#8431=EDGE_CURVE('',#4100,#3758,#2960,.T.);
#8437=ADVANCED_FACE('',(#8436),#8429,.F.);
#8444=EDGE_CURVE('',#4098,#3756,#2964,.T.);
#8450=ADVANCED_FACE('',(#8449),#8442,.F.);
#8462=ADVANCED_FACE('',(#8461),#8455,.F.);
#8469=EDGE_CURVE('',#4121,#3779,#2972,.T.);
#8472=EDGE_CURVE('',#4122,#3780,#3128,.T.);
#8476=ADVANCED_FACE('',(#8475),#8467,.F.);
#8483=EDGE_CURVE('',#4198,#3856,#2976,.T.);
#8489=ADVANCED_FACE('',(#8488),#8481,.F.);
#8496=EDGE_CURVE('',#4196,#3854,#2980,.T.);
#8502=ADVANCED_FACE('',(#8501),#8494,.F.);
#8509=EDGE_CURVE('',#4194,#3852,#2984,.T.);
#8515=ADVANCED_FACE('',(#8514),#8507,.F.);
#8522=EDGE_CURVE('',#4192,#3850,#2988,.T.);
#8528=ADVANCED_FACE('',(#8527),#8520,.F.);
#8535=EDGE_CURVE('',#4190,#3848,#2992,.T.);
#8541=ADVANCED_FACE('',(#8540),#8533,.F.);
#8548=EDGE_CURVE('',#4188,#3846,#2996,.T.);
#8554=ADVANCED_FACE('',(#8553),#8546,.F.);
#8561=EDGE_CURVE('',#4186,#3844,#3000,.T.);
#8567=ADVANCED_FACE('',(#8566),#8559,.F.);
#8574=EDGE_CURVE('',#4184,#3842,#3004,.T.);
#8580=ADVANCED_FACE('',(#8579),#8572,.F.);
#8587=EDGE_CURVE('',#4182,#3840,#3008,.T.);
#8593=ADVANCED_FACE('',(#8592),#8585,.F.);
#8600=EDGE_CURVE('',#4180,#3838,#3012,.T.);
#8606=ADVANCED_FACE('',(#8605),#8598,.F.);
#8613=EDGE_CURVE('',#4178,#3836,#3016,.T.);
#8619=ADVANCED_FACE('',(#8618),#8611,.F.);
#8626=EDGE_CURVE('',#4176,#3834,#3020,.T.);
#8632=ADVANCED_FACE('',(#8631),#8624,.F.);
#8639=EDGE_CURVE('',#4174,#3832,#3024,.T.);
#8645=ADVANCED_FACE('',(#8644),#8637,.F.);
#8652=EDGE_CURVE('',#4172,#3830,#3028,.T.);
#8658=ADVANCED_FACE('',(#8657),#8650,.F.);
#8665=EDGE_CURVE('',#4170,#3828,#3032,.T.);
#8671=ADVANCED_FACE('',(#8670),#8663,.F.);
#8678=EDGE_CURVE('',#4168,#3826,#3036,.T.);
#8684=ADVANCED_FACE('',(#8683),#8676,.F.);
#8691=EDGE_CURVE('',#4166,#3824,#3040,.T.);
#8697=ADVANCED_FACE('',(#8696),#8689,.F.);
#8704=EDGE_CURVE('',#4164,#3822,#3044,.T.);
#8710=ADVANCED_FACE('',(#8709),#8702,.F.);
#8717=EDGE_CURVE('',#4162,#3820,#3048,.T.);
#8723=ADVANCED_FACE('',(#8722),#8715,.F.);
#8730=EDGE_CURVE('',#4160,#3818,#3052,.T.);
#8736=ADVANCED_FACE('',(#8735),#8728,.F.);
#8743=EDGE_CURVE('',#4158,#3816,#3056,.T.);
#8749=ADVANCED_FACE('',(#8748),#8741,.F.);
#8756=EDGE_CURVE('',#4156,#3814,#3060,.T.);
#8762=ADVANCED_FACE('',(#8761),#8754,.F.);
#8769=EDGE_CURVE('',#4154,#3812,#3064,.T.);
#8775=ADVANCED_FACE('',(#8774),#8767,.F.);
#8782=EDGE_CURVE('',#4152,#3810,#3068,.T.);
#8788=ADVANCED_FACE('',(#8787),#8780,.F.);
#8795=EDGE_CURVE('',#4150,#3808,#3072,.T.);
#8801=ADVANCED_FACE('',(#8800),#8793,.F.);
#8808=EDGE_CURVE('',#4148,#3806,#3076,.T.);
#8814=ADVANCED_FACE('',(#8813),#8806,.F.);
#8821=EDGE_CURVE('',#4146,#3804,#3080,.T.);
#8827=ADVANCED_FACE('',(#8826),#8819,.F.);
#8834=EDGE_CURVE('',#4144,#3802,#3084,.T.);
#8840=ADVANCED_FACE('',(#8839),#8832,.F.);
#8847=EDGE_CURVE('',#4142,#3800,#3088,.T.);
#8853=ADVANCED_FACE('',(#8852),#8845,.F.);
#8860=EDGE_CURVE('',#4140,#3798,#3092,.T.);
#8866=ADVANCED_FACE('',(#8865),#8858,.F.);
#8873=EDGE_CURVE('',#4138,#3796,#3096,.T.);
#8879=ADVANCED_FACE('',(#8878),#8871,.F.);
#8886=EDGE_CURVE('',#4136,#3794,#3100,.T.);
#8892=ADVANCED_FACE('',(#8891),#8884,.F.);
#8899=EDGE_CURVE('',#4134,#3792,#3104,.T.);
#8905=ADVANCED_FACE('',(#8904),#8897,.F.);
#8912=EDGE_CURVE('',#4132,#3790,#3108,.T.);
#8918=ADVANCED_FACE('',(#8917),#8910,.F.);
#8925=EDGE_CURVE('',#4130,#3788,#3112,.T.);
#8931=ADVANCED_FACE('',(#8930),#8923,.F.);
#8938=EDGE_CURVE('',#4128,#3786,#3116,.T.);
#8944=ADVANCED_FACE('',(#8943),#8936,.F.);
#8951=EDGE_CURVE('',#4126,#3784,#3120,.T.);
#8957=ADVANCED_FACE('',(#8956),#8949,.F.);
#8964=EDGE_CURVE('',#4124,#3782,#3124,.T.);
#8970=ADVANCED_FACE('',(#8969),#8962,.F.);
#8982=ADVANCED_FACE('',(#8981),#8975,.F.);
#8989=EDGE_CURVE('',#4201,#3859,#3132,.T.);
#8992=EDGE_CURVE('',#4202,#3860,#3160,.T.);
#8996=ADVANCED_FACE('',(#8995),#8987,.F.);
#9003=EDGE_CURVE('',#4214,#3872,#3136,.T.);
#9009=ADVANCED_FACE('',(#9008),#9001,.F.);
#9016=EDGE_CURVE('',#4212,#3870,#3140,.T.);
#9022=ADVANCED_FACE('',(#9021),#9014,.F.);
#9029=EDGE_CURVE('',#4210,#3868,#3144,.T.);
#9035=ADVANCED_FACE('',(#9034),#9027,.F.);
#9042=EDGE_CURVE('',#4208,#3866,#3148,.T.);
#9048=ADVANCED_FACE('',(#9047),#9040,.F.);
#9055=EDGE_CURVE('',#4206,#3864,#3152,.T.);
#9061=ADVANCED_FACE('',(#9060),#9053,.F.);
#9068=EDGE_CURVE('',#4204,#3862,#3156,.T.);
#9074=ADVANCED_FACE('',(#9073),#9066,.F.);
#9086=ADVANCED_FACE('',(#9085),#9079,.F.);
#9093=EDGE_CURVE('',#4217,#3875,#3164,.T.);
#9096=EDGE_CURVE('',#4218,#3876,#3172,.T.);
#9100=ADVANCED_FACE('',(#9099),#9091,.F.);
#9107=EDGE_CURVE('',#4220,#3878,#3168,.T.);
#9113=ADVANCED_FACE('',(#9112),#9105,.F.);
#9125=ADVANCED_FACE('',(#9124),#9118,.F.);
#9132=EDGE_CURVE('',#4223,#3881,#3176,.T.);
#9135=EDGE_CURVE('',#4224,#3882,#3212,.T.);
#9139=ADVANCED_FACE('',(#9138),#9130,.F.);
#9146=EDGE_CURVE('',#4240,#3898,#3180,.T.);
#9152=ADVANCED_FACE('',(#9151),#9144,.F.);
#9159=EDGE_CURVE('',#4238,#3896,#3184,.T.);
#9165=ADVANCED_FACE('',(#9164),#9157,.F.);
#9172=EDGE_CURVE('',#4236,#3894,#3188,.T.);
#9178=ADVANCED_FACE('',(#9177),#9170,.F.);
#9185=EDGE_CURVE('',#4234,#3892,#3192,.T.);
#9191=ADVANCED_FACE('',(#9190),#9183,.F.);
#9198=EDGE_CURVE('',#4232,#3890,#3196,.T.);
#9204=ADVANCED_FACE('',(#9203),#9196,.F.);
#9211=EDGE_CURVE('',#4230,#3888,#3200,.T.);
#9217=ADVANCED_FACE('',(#9216),#9209,.F.);
#9224=EDGE_CURVE('',#4228,#3886,#3204,.T.);
#9230=ADVANCED_FACE('',(#9229),#9222,.F.);
#9237=EDGE_CURVE('',#4226,#3884,#3208,.T.);
#9243=ADVANCED_FACE('',(#9242),#9235,.F.);
#9255=ADVANCED_FACE('',(#9254),#9248,.F.);
#9266=(LENGTH_UNIT()NAMED_UNIT(*)SI_UNIT(.MILLI.,.METRE.));
#9267=(NAMED_UNIT(*)PLANE_ANGLE_UNIT()SI_UNIT($,.RADIAN.));
#9270=(NAMED_UNIT(*)SI_UNIT($,.STERADIAN.)SOLID_ANGLE_UNIT());
#9272=(GEOMETRIC_REPRESENTATION_CONTEXT(3)GLOBAL_UNCERTAINTY_ASSIGNED_CONTEXT((
#9271))GLOBAL_UNIT_ASSIGNED_CONTEXT((#9266,#9269,#9270))REPRESENTATION_CONTEXT(
'ID1','3'));
#9273=ADVANCED_BREP_SHAPE_REPRESENTATION('',(#9257),#9272);
#9281=PRODUCT_DEFINITION('part definition','',#9280,#9277);
#9282=PRODUCT_DEFINITION_SHAPE('','SHAPE FOR TDX01MCAN.',#9281);
#9283=SHAPE_ASPECT('','solid data associated with TDX01MCAN',#9282,.F.);
#9284=PROPERTY_DEFINITION('',
'shape for solid data with which properties are associated',#9283);
#9285=SHAPE_REPRESENTATION('',(#9257),#9272);
#9286=SHAPE_DEFINITION_REPRESENTATION(#9284,#9285);
#9287=(LENGTH_UNIT()NAMED_UNIT(*)SI_UNIT(.MILLI.,.METRE.));
#9291=PROPERTY_DEFINITION('geometric validation property','area of TDX01MCAN',
#9283);
#9292=REPRESENTATION('surface area',(#9290),#9272);
#9293=PROPERTY_DEFINITION_REPRESENTATION(#9291,#9292);
#9294=(LENGTH_UNIT()NAMED_UNIT(*)SI_UNIT(.MILLI.,.METRE.));
#9298=PROPERTY_DEFINITION('geometric validation property','volume of TDX01MCAN',
#9283);
#9299=REPRESENTATION('volume',(#9297),#9272);
#9300=PROPERTY_DEFINITION_REPRESENTATION(#9298,#9299);
#9302=PROPERTY_DEFINITION('geometric validation property',
'centroid of TDX01MCAN',#9283);
#9303=REPRESENTATION('centroid',(#9301),#9272);
#9304=PROPERTY_DEFINITION_REPRESENTATION(#9302,#9303);
#9305=(LENGTH_UNIT()NAMED_UNIT(*)SI_UNIT(.MILLI.,.METRE.));
#9309=PROPERTY_DEFINITION('geometric validation property','area of TDX01MCAN',
#9282);
#9310=REPRESENTATION('surface area',(#9308),#9272);
#9311=PROPERTY_DEFINITION_REPRESENTATION(#9309,#9310);
#9312=(LENGTH_UNIT()NAMED_UNIT(*)SI_UNIT(.MILLI.,.METRE.));
#9316=PROPERTY_DEFINITION('geometric validation property','volume of TDX01MCAN',
#9282);
#9317=REPRESENTATION('volume',(#9315),#9272);
#9318=PROPERTY_DEFINITION_REPRESENTATION(#9316,#9317);
#9320=PROPERTY_DEFINITION('geometric validation property',
'centroid of TDX01MCAN',#9282);
#9321=REPRESENTATION('centroid',(#9319),#9272);
#9322=PROPERTY_DEFINITION_REPRESENTATION(#9320,#9321);
#9323=SHAPE_DEFINITION_REPRESENTATION(#9282,#9273);
#9325=PROPERTY_DEFINITION('DESCRIPTION','user defined attribute',#9281);
#9329=REPRESENTATION('',(#9328),#9272);
#9330=PROPERTY_DEFINITION_REPRESENTATION(#9325,#9329);
#9331=PROPERTY_DEFINITION('MODELED_BY','user defined attribute',#9281);
#9335=REPRESENTATION('',(#9334),#9272);
#9336=PROPERTY_DEFINITION_REPRESENTATION(#9331,#9335);
ENDSEC;
END-ISO-10303-21;
