ISO-10303-21;
HEADER;
FILE_DESCRIPTION((''),'2;1');
FILE_NAME('URA_ZP-10WR3_ASM','2018-02-05T',('eng604'),(''),
'PRO/ENGINEER BY PARAMETRIC TECHNOLOGY CORPORATION, 2014000',
'PRO/ENGINEER BY PARAMETRIC TECHNOLOGY CORPORATION, 2014000','');
FILE_SCHEMA(('AUTOMOTIVE_DESIGN { 1 0 10303 214 1 1 1 1 }'));
ENDSEC;
DATA;
#53=DIRECTION('',(-1.E0,0.E0,0.E0));
#54=VECTOR('',#53,3.06E1);
#55=CARTESIAN_POINT('',(1.53E1,7.E-1,-1.E1));
#56=LINE('',#55,#54);
#57=DRAUGHTING_PRE_DEFINED_CURVE_FONT('continuous');
#58=CURVE_STYLE('',#57,POSITIVE_LENGTH_MEASURE(2.E-2),#16);
#59=PRESENTATION_STYLE_ASSIGNMENT((#58));
#60=STYLED_ITEM('',(#59),#56);
#61=DIRECTION('',(1.E0,0.E0,0.E0));
#62=VECTOR('',#61,3.06E1);
#63=CARTESIAN_POINT('',(-1.53E1,0.E0,-9.3E0));
#64=LINE('',#63,#62);
#65=CURVE_STYLE('',#57,POSITIVE_LENGTH_MEASURE(2.E-2),#16);
#66=PRESENTATION_STYLE_ASSIGNMENT((#65));
#67=STYLED_ITEM('',(#66),#64);
#68=CARTESIAN_POINT('',(-8.E0,8.5E0,-1.E1));
#69=DIRECTION('',(0.E0,0.E0,-1.E0));
#70=DIRECTION('',(9.999986868390E-1,-1.620592584217E-3,0.E0));
#71=AXIS2_PLACEMENT_3D('',#68,#69,#70);
#73=CURVE_STYLE('',#57,POSITIVE_LENGTH_MEASURE(2.E-2),#16);
#74=PRESENTATION_STYLE_ASSIGNMENT((#73));
#75=STYLED_ITEM('',(#74),#72);
#76=CARTESIAN_POINT('',(-8.E0,8.5E0,-1.E1));
#77=DIRECTION('',(0.E0,0.E0,-1.E0));
#78=DIRECTION('',(-9.999986868390E-1,1.620592584217E-3,0.E0));
#79=AXIS2_PLACEMENT_3D('',#76,#77,#78);
#81=CURVE_STYLE('',#57,POSITIVE_LENGTH_MEASURE(2.E-2),#16);
#82=PRESENTATION_STYLE_ASSIGNMENT((#81));
#83=STYLED_ITEM('',(#82),#80);
#84=CARTESIAN_POINT('',(8.E0,8.5E0,-1.E1));
#85=DIRECTION('',(0.E0,0.E0,-1.E0));
#86=DIRECTION('',(9.999986868390E-1,-1.620592584217E-3,0.E0));
#87=AXIS2_PLACEMENT_3D('',#84,#85,#86);
#89=CURVE_STYLE('',#57,POSITIVE_LENGTH_MEASURE(2.E-2),#16);
#90=PRESENTATION_STYLE_ASSIGNMENT((#89));
#91=STYLED_ITEM('',(#90),#88);
#92=CARTESIAN_POINT('',(8.E0,8.5E0,-1.E1));
#93=DIRECTION('',(0.E0,0.E0,-1.E0));
#94=DIRECTION('',(-9.999986868390E-1,1.620592584217E-3,0.E0));
#95=AXIS2_PLACEMENT_3D('',#92,#93,#94);
#97=CURVE_STYLE('',#57,POSITIVE_LENGTH_MEASURE(2.E-2),#16);
#98=PRESENTATION_STYLE_ASSIGNMENT((#97));
#99=STYLED_ITEM('',(#98),#96);
#100=DIRECTION('',(0.E0,-1.E0,0.E0));
#101=VECTOR('',#100,9.6E0);
#102=CARTESIAN_POINT('',(1.53E1,1.03E1,-1.E1));
#103=LINE('',#102,#101);
#104=CURVE_STYLE('',#57,POSITIVE_LENGTH_MEASURE(2.E-2),#16);
#105=PRESENTATION_STYLE_ASSIGNMENT((#104));
#106=STYLED_ITEM('',(#105),#103);
#107=DIRECTION('',(0.E0,1.E0,0.E0));
#108=VECTOR('',#107,9.6E0);
#109=CARTESIAN_POINT('',(1.6E1,7.E-1,-9.3E0));
#110=LINE('',#109,#108);
#111=CURVE_STYLE('',#57,POSITIVE_LENGTH_MEASURE(2.E-2),#16);
#112=PRESENTATION_STYLE_ASSIGNMENT((#111));
#113=STYLED_ITEM('',(#112),#110);
#114=CARTESIAN_POINT('',(1.53E1,1.03E1,-9.3E0));
#115=DIRECTION('',(0.E0,-1.E0,0.E0));
#116=DIRECTION('',(0.E0,0.E0,-1.E0));
#117=AXIS2_PLACEMENT_3D('',#114,#115,#116);
#119=CURVE_STYLE('',#57,POSITIVE_LENGTH_MEASURE(2.E-2),#16);
#120=PRESENTATION_STYLE_ASSIGNMENT((#119));
#121=STYLED_ITEM('',(#120),#118);
#122=DIRECTION('',(0.E0,0.E0,1.E0));
#123=VECTOR('',#122,1.86E1);
#124=CARTESIAN_POINT('',(1.6E1,1.03E1,-9.3E0));
#125=LINE('',#124,#123);
#126=CURVE_STYLE('',#57,POSITIVE_LENGTH_MEASURE(2.E-2),#16);
#127=PRESENTATION_STYLE_ASSIGNMENT((#126));
#128=STYLED_ITEM('',(#127),#125);
#129=CARTESIAN_POINT('',(1.53E1,1.03E1,9.3E0));
#130=DIRECTION('',(0.E0,-1.E0,0.E0));
#131=DIRECTION('',(1.E0,0.E0,0.E0));
#132=AXIS2_PLACEMENT_3D('',#129,#130,#131);
#134=CURVE_STYLE('',#57,POSITIVE_LENGTH_MEASURE(2.E-2),#16);
#135=PRESENTATION_STYLE_ASSIGNMENT((#134));
#136=STYLED_ITEM('',(#135),#133);
#137=DIRECTION('',(-1.E0,0.E0,0.E0));
#138=VECTOR('',#137,3.06E1);
#139=CARTESIAN_POINT('',(1.53E1,1.03E1,1.E1));
#140=LINE('',#139,#138);
#141=CURVE_STYLE('',#57,POSITIVE_LENGTH_MEASURE(2.E-2),#16);
#142=PRESENTATION_STYLE_ASSIGNMENT((#141));
#143=STYLED_ITEM('',(#142),#140);
#144=CARTESIAN_POINT('',(-1.53E1,1.03E1,9.3E0));
#145=DIRECTION('',(0.E0,-1.E0,0.E0));
#146=DIRECTION('',(0.E0,0.E0,1.E0));
#147=AXIS2_PLACEMENT_3D('',#144,#145,#146);
#149=CURVE_STYLE('',#57,POSITIVE_LENGTH_MEASURE(2.E-2),#16);
#150=PRESENTATION_STYLE_ASSIGNMENT((#149));
#151=STYLED_ITEM('',(#150),#148);
#152=DIRECTION('',(0.E0,0.E0,-1.E0));
#153=VECTOR('',#152,1.86E1);
#154=CARTESIAN_POINT('',(-1.6E1,1.03E1,9.3E0));
#155=LINE('',#154,#153);
#156=CURVE_STYLE('',#57,POSITIVE_LENGTH_MEASURE(2.E-2),#16);
#157=PRESENTATION_STYLE_ASSIGNMENT((#156));
#158=STYLED_ITEM('',(#157),#155);
#159=CARTESIAN_POINT('',(-1.53E1,1.03E1,-9.3E0));
#160=DIRECTION('',(0.E0,-1.E0,0.E0));
#161=DIRECTION('',(-1.E0,0.E0,0.E0));
#162=AXIS2_PLACEMENT_3D('',#159,#160,#161);
#164=CURVE_STYLE('',#57,POSITIVE_LENGTH_MEASURE(2.E-2),#16);
#165=PRESENTATION_STYLE_ASSIGNMENT((#164));
#166=STYLED_ITEM('',(#165),#163);
#167=DIRECTION('',(1.E0,0.E0,0.E0));
#168=VECTOR('',#167,3.06E1);
#169=CARTESIAN_POINT('',(-1.53E1,1.03E1,-1.E1));
#170=LINE('',#169,#168);
#171=CURVE_STYLE('',#57,POSITIVE_LENGTH_MEASURE(2.E-2),#16);
#172=PRESENTATION_STYLE_ASSIGNMENT((#171));
#173=STYLED_ITEM('',(#172),#170);
#174=CARTESIAN_POINT('',(-1.53E1,1.03E1,9.3E0));
#175=DIRECTION('',(0.E0,1.E0,0.E0));
#176=DIRECTION('',(-1.E0,0.E0,0.E0));
#177=AXIS2_PLACEMENT_3D('',#174,#175,#176);
#179=CURVE_STYLE('',#57,POSITIVE_LENGTH_MEASURE(2.E-2),#16);
#180=PRESENTATION_STYLE_ASSIGNMENT((#179));
#181=STYLED_ITEM('',(#180),#178);
#182=CARTESIAN_POINT('',(1.53E1,1.03E1,9.3E0));
#183=DIRECTION('',(0.E0,1.E0,0.E0));
#184=DIRECTION('',(0.E0,0.E0,1.E0));
#185=AXIS2_PLACEMENT_3D('',#182,#183,#184);
#187=CURVE_STYLE('',#57,POSITIVE_LENGTH_MEASURE(2.E-2),#16);
#188=PRESENTATION_STYLE_ASSIGNMENT((#187));
#189=STYLED_ITEM('',(#188),#186);
#190=CARTESIAN_POINT('',(1.53E1,1.03E1,-9.3E0));
#191=DIRECTION('',(0.E0,1.E0,0.E0));
#192=DIRECTION('',(1.E0,0.E0,0.E0));
#193=AXIS2_PLACEMENT_3D('',#190,#191,#192);
#195=CURVE_STYLE('',#57,POSITIVE_LENGTH_MEASURE(2.E-2),#16);
#196=PRESENTATION_STYLE_ASSIGNMENT((#195));
#197=STYLED_ITEM('',(#196),#194);
#198=CARTESIAN_POINT('',(-1.53E1,1.03E1,-9.3E0));
#199=DIRECTION('',(0.E0,1.E0,0.E0));
#200=DIRECTION('',(0.E0,0.E0,-1.E0));
#201=AXIS2_PLACEMENT_3D('',#198,#199,#200);
#203=CURVE_STYLE('',#57,POSITIVE_LENGTH_MEASURE(2.E-2),#16);
#204=PRESENTATION_STYLE_ASSIGNMENT((#203));
#205=STYLED_ITEM('',(#204),#202);
#206=DIRECTION('',(0.E0,0.E0,1.E0));
#207=VECTOR('',#206,1.86E1);
#208=CARTESIAN_POINT('',(1.53E1,0.E0,-9.3E0));
#209=LINE('',#208,#207);
#210=CURVE_STYLE('',#57,POSITIVE_LENGTH_MEASURE(2.E-2),#16);
#211=PRESENTATION_STYLE_ASSIGNMENT((#210));
#212=STYLED_ITEM('',(#211),#209);
#213=DIRECTION('',(0.E0,0.E0,-1.E0));
#214=VECTOR('',#213,1.86E1);
#215=CARTESIAN_POINT('',(1.6E1,7.E-1,9.3E0));
#216=LINE('',#215,#214);
#217=CURVE_STYLE('',#57,POSITIVE_LENGTH_MEASURE(2.E-2),#16);
#218=PRESENTATION_STYLE_ASSIGNMENT((#217));
#219=STYLED_ITEM('',(#218),#216);
#220=CARTESIAN_POINT('',(1.53E1,7.E-1,9.3E0));
#221=DIRECTION('',(0.E0,0.E0,-1.E0));
#222=DIRECTION('',(1.E0,0.E0,0.E0));
#223=AXIS2_PLACEMENT_3D('',#220,#221,#222);
#225=CURVE_STYLE('',#57,POSITIVE_LENGTH_MEASURE(2.E-2),#16);
#226=PRESENTATION_STYLE_ASSIGNMENT((#225));
#227=STYLED_ITEM('',(#226),#224);
#228=CARTESIAN_POINT('',(1.53E1,7.E-1,9.3E0));
#229=DIRECTION('',(-1.E0,0.E0,0.E0));
#230=DIRECTION('',(0.E0,-1.E0,0.E0));
#231=AXIS2_PLACEMENT_3D('',#228,#229,#230);
#233=CURVE_STYLE('',#57,POSITIVE_LENGTH_MEASURE(2.E-2),#16);
#234=PRESENTATION_STYLE_ASSIGNMENT((#233));
#235=STYLED_ITEM('',(#234),#232);
#236=CARTESIAN_POINT('',(1.53E1,7.E-1,9.3E0));
#237=DIRECTION('',(0.E0,1.E0,0.E0));
#238=DIRECTION('',(0.E0,0.E0,1.E0));
#239=AXIS2_PLACEMENT_3D('',#236,#237,#238);
#241=CURVE_STYLE('',#57,POSITIVE_LENGTH_MEASURE(2.E-2),#16);
#242=PRESENTATION_STYLE_ASSIGNMENT((#241));
#243=STYLED_ITEM('',(#242),#240);
#244=DIRECTION('',(-1.E0,0.E0,0.E0));
#245=VECTOR('',#244,3.06E1);
#246=CARTESIAN_POINT('',(1.53E1,0.E0,9.3E0));
#247=LINE('',#246,#245);
#248=CURVE_STYLE('',#57,POSITIVE_LENGTH_MEASURE(2.E-2),#16);
#249=PRESENTATION_STYLE_ASSIGNMENT((#248));
#250=STYLED_ITEM('',(#249),#247);
#251=DIRECTION('',(1.E0,0.E0,0.E0));
#252=VECTOR('',#251,3.06E1);
#253=CARTESIAN_POINT('',(-1.53E1,7.E-1,1.E1));
#254=LINE('',#253,#252);
#255=CURVE_STYLE('',#57,POSITIVE_LENGTH_MEASURE(2.E-2),#16);
#256=PRESENTATION_STYLE_ASSIGNMENT((#255));
#257=STYLED_ITEM('',(#256),#254);
#258=CARTESIAN_POINT('',(-1.53E1,7.E-1,9.3E0));
#259=DIRECTION('',(1.E0,0.E0,0.E0));
#260=DIRECTION('',(0.E0,0.E0,1.E0));
#261=AXIS2_PLACEMENT_3D('',#258,#259,#260);
#263=CURVE_STYLE('',#57,POSITIVE_LENGTH_MEASURE(2.E-2),#16);
#264=PRESENTATION_STYLE_ASSIGNMENT((#263));
#265=STYLED_ITEM('',(#264),#262);
#266=CARTESIAN_POINT('',(-1.53E1,7.E-1,9.3E0));
#267=DIRECTION('',(0.E0,0.E0,-1.E0));
#268=DIRECTION('',(0.E0,-1.E0,0.E0));
#269=AXIS2_PLACEMENT_3D('',#266,#267,#268);
#271=CURVE_STYLE('',#57,POSITIVE_LENGTH_MEASURE(2.E-2),#16);
#272=PRESENTATION_STYLE_ASSIGNMENT((#271));
#273=STYLED_ITEM('',(#272),#270);
#274=CARTESIAN_POINT('',(-1.53E1,7.E-1,9.3E0));
#275=DIRECTION('',(0.E0,1.E0,0.E0));
#276=DIRECTION('',(-1.E0,0.E0,0.E0));
#277=AXIS2_PLACEMENT_3D('',#274,#275,#276);
#279=CURVE_STYLE('',#57,POSITIVE_LENGTH_MEASURE(2.E-2),#16);
#280=PRESENTATION_STYLE_ASSIGNMENT((#279));
#281=STYLED_ITEM('',(#280),#278);
#282=DIRECTION('',(0.E0,0.E0,1.E0));
#283=VECTOR('',#282,1.86E1);
#284=CARTESIAN_POINT('',(-1.6E1,7.E-1,-9.3E0));
#285=LINE('',#284,#283);
#286=CURVE_STYLE('',#57,POSITIVE_LENGTH_MEASURE(2.E-2),#16);
#287=PRESENTATION_STYLE_ASSIGNMENT((#286));
#288=STYLED_ITEM('',(#287),#285);
#289=DIRECTION('',(0.E0,0.E0,-1.E0));
#290=VECTOR('',#289,1.86E1);
#291=CARTESIAN_POINT('',(-1.53E1,0.E0,9.3E0));
#292=LINE('',#291,#290);
#293=CURVE_STYLE('',#57,POSITIVE_LENGTH_MEASURE(2.E-2),#16);
#294=PRESENTATION_STYLE_ASSIGNMENT((#293));
#295=STYLED_ITEM('',(#294),#292);
#296=DIRECTION('',(0.E0,-1.E0,0.E0));
#297=VECTOR('',#296,9.6E0);
#298=CARTESIAN_POINT('',(-1.6E1,1.03E1,-9.3E0));
#299=LINE('',#298,#297);
#300=CURVE_STYLE('',#57,POSITIVE_LENGTH_MEASURE(2.E-2),#16);
#301=PRESENTATION_STYLE_ASSIGNMENT((#300));
#302=STYLED_ITEM('',(#301),#299);
#303=DIRECTION('',(0.E0,1.E0,0.E0));
#304=VECTOR('',#303,9.6E0);
#305=CARTESIAN_POINT('',(-1.53E1,7.E-1,-1.E1));
#306=LINE('',#305,#304);
#307=CURVE_STYLE('',#57,POSITIVE_LENGTH_MEASURE(2.E-2),#16);
#308=PRESENTATION_STYLE_ASSIGNMENT((#307));
#309=STYLED_ITEM('',(#308),#306);
#310=CARTESIAN_POINT('',(-1.53E1,7.E-1,-9.3E0));
#311=DIRECTION('',(0.E0,0.E0,1.E0));
#312=DIRECTION('',(-1.E0,0.E0,0.E0));
#313=AXIS2_PLACEMENT_3D('',#310,#311,#312);
#315=CURVE_STYLE('',#57,POSITIVE_LENGTH_MEASURE(2.E-2),#16);
#316=PRESENTATION_STYLE_ASSIGNMENT((#315));
#317=STYLED_ITEM('',(#316),#314);
#318=CARTESIAN_POINT('',(-1.53E1,7.E-1,-9.3E0));
#319=DIRECTION('',(1.E0,0.E0,0.E0));
#320=DIRECTION('',(0.E0,-1.E0,0.E0));
#321=AXIS2_PLACEMENT_3D('',#318,#319,#320);
#323=CURVE_STYLE('',#57,POSITIVE_LENGTH_MEASURE(2.E-2),#16);
#324=PRESENTATION_STYLE_ASSIGNMENT((#323));
#325=STYLED_ITEM('',(#324),#322);
#326=CARTESIAN_POINT('',(-1.53E1,7.E-1,-9.3E0));
#327=DIRECTION('',(0.E0,1.E0,0.E0));
#328=DIRECTION('',(0.E0,0.E0,-1.E0));
#329=AXIS2_PLACEMENT_3D('',#326,#327,#328);
#331=CURVE_STYLE('',#57,POSITIVE_LENGTH_MEASURE(2.E-2),#16);
#332=PRESENTATION_STYLE_ASSIGNMENT((#331));
#333=STYLED_ITEM('',(#332),#330);
#334=DIRECTION('',(0.E0,-1.E0,0.E0));
#335=VECTOR('',#334,9.6E0);
#336=CARTESIAN_POINT('',(-1.53E1,1.03E1,1.E1));
#337=LINE('',#336,#335);
#338=CURVE_STYLE('',#57,POSITIVE_LENGTH_MEASURE(2.E-2),#16);
#339=PRESENTATION_STYLE_ASSIGNMENT((#338));
#340=STYLED_ITEM('',(#339),#337);
#341=DIRECTION('',(0.E0,1.E0,0.E0));
#342=VECTOR('',#341,9.6E0);
#343=CARTESIAN_POINT('',(-1.6E1,7.E-1,9.3E0));
#344=LINE('',#343,#342);
#345=CURVE_STYLE('',#57,POSITIVE_LENGTH_MEASURE(2.E-2),#16);
#346=PRESENTATION_STYLE_ASSIGNMENT((#345));
#347=STYLED_ITEM('',(#346),#344);
#348=CARTESIAN_POINT('',(-8.E0,8.5E0,1.E1));
#349=DIRECTION('',(0.E0,0.E0,1.E0));
#350=DIRECTION('',(-1.E0,0.E0,0.E0));
#351=AXIS2_PLACEMENT_3D('',#348,#349,#350);
#353=CURVE_STYLE('',#57,POSITIVE_LENGTH_MEASURE(2.E-2),#16);
#354=PRESENTATION_STYLE_ASSIGNMENT((#353));
#355=STYLED_ITEM('',(#354),#352);
#356=CARTESIAN_POINT('',(-8.E0,8.5E0,1.E1));
#357=DIRECTION('',(0.E0,0.E0,1.E0));
#358=DIRECTION('',(1.E0,0.E0,0.E0));
#359=AXIS2_PLACEMENT_3D('',#356,#357,#358);
#361=CURVE_STYLE('',#57,POSITIVE_LENGTH_MEASURE(2.E-2),#16);
#362=PRESENTATION_STYLE_ASSIGNMENT((#361));
#363=STYLED_ITEM('',(#362),#360);
#364=CARTESIAN_POINT('',(8.E0,8.5E0,1.E1));
#365=DIRECTION('',(0.E0,0.E0,1.E0));
#366=DIRECTION('',(-1.E0,0.E0,0.E0));
#367=AXIS2_PLACEMENT_3D('',#364,#365,#366);
#369=CURVE_STYLE('',#57,POSITIVE_LENGTH_MEASURE(2.E-2),#16);
#370=PRESENTATION_STYLE_ASSIGNMENT((#369));
#371=STYLED_ITEM('',(#370),#368);
#372=CARTESIAN_POINT('',(8.E0,8.5E0,1.E1));
#373=DIRECTION('',(0.E0,0.E0,1.E0));
#374=DIRECTION('',(1.E0,0.E0,0.E0));
#375=AXIS2_PLACEMENT_3D('',#372,#373,#374);
#377=CURVE_STYLE('',#57,POSITIVE_LENGTH_MEASURE(2.E-2),#16);
#378=PRESENTATION_STYLE_ASSIGNMENT((#377));
#379=STYLED_ITEM('',(#378),#376);
#380=DIRECTION('',(0.E0,-1.E0,0.E0));
#381=VECTOR('',#380,9.6E0);
#382=CARTESIAN_POINT('',(1.6E1,1.03E1,9.3E0));
#383=LINE('',#382,#381);
#384=CURVE_STYLE('',#57,POSITIVE_LENGTH_MEASURE(2.E-2),#16);
#385=PRESENTATION_STYLE_ASSIGNMENT((#384));
#386=STYLED_ITEM('',(#385),#383);
#387=DIRECTION('',(0.E0,1.E0,0.E0));
#388=VECTOR('',#387,9.6E0);
#389=CARTESIAN_POINT('',(1.53E1,7.E-1,1.E1));
#390=LINE('',#389,#388);
#391=CURVE_STYLE('',#57,POSITIVE_LENGTH_MEASURE(2.E-2),#16);
#392=PRESENTATION_STYLE_ASSIGNMENT((#391));
#393=STYLED_ITEM('',(#392),#390);
#394=CARTESIAN_POINT('',(-7.325735931288E0,8.500000000002E0,9.55E0));
#395=DIRECTION('',(-2.919206976842E-12,1.E0,0.E0));
#396=DIRECTION('',(-9.428090415821E-1,-2.751379371249E-12,3.333333333333E-1));
#397=AXIS2_PLACEMENT_3D('',#394,#395,#396);
#399=CURVE_STYLE('',#57,POSITIVE_LENGTH_MEASURE(2.E-2),#16);
#400=PRESENTATION_STYLE_ASSIGNMENT((#399));
#401=STYLED_ITEM('',(#400),#398);
#402=CARTESIAN_POINT('',(-8.674264068712E0,8.499999999998E0,9.55E0));
#403=DIRECTION('',(2.918318798423E-12,-1.E0,0.E0));
#404=DIRECTION('',(9.428090415821E-1,2.751379371249E-12,3.333333333333E-1));
#405=AXIS2_PLACEMENT_3D('',#402,#403,#404);
#407=CURVE_STYLE('',#57,POSITIVE_LENGTH_MEASURE(2.E-2),#16);
#408=PRESENTATION_STYLE_ASSIGNMENT((#407));
#409=STYLED_ITEM('',(#408),#406);
#410=CARTESIAN_POINT('',(-8.E0,8.5E0,9.7E0));
#411=DIRECTION('',(0.E0,0.E0,-1.E0));
#412=DIRECTION('',(9.999961543447E-1,2.773318554646E-3,0.E0));
#413=AXIS2_PLACEMENT_3D('',#410,#411,#412);
#415=CURVE_STYLE('',#57,POSITIVE_LENGTH_MEASURE(2.E-2),#16);
#416=PRESENTATION_STYLE_ASSIGNMENT((#415));
#417=STYLED_ITEM('',(#416),#414);
#418=CARTESIAN_POINT('',(-8.E0,8.5E0,9.7E0));
#419=DIRECTION('',(0.E0,0.E0,-1.E0));
#420=DIRECTION('',(-9.999961543447E-1,-2.773318554653E-3,0.E0));
#421=AXIS2_PLACEMENT_3D('',#418,#419,#420);
#423=CURVE_STYLE('',#57,POSITIVE_LENGTH_MEASURE(2.E-2),#16);
#424=PRESENTATION_STYLE_ASSIGNMENT((#423));
#425=STYLED_ITEM('',(#424),#422);
#426=CARTESIAN_POINT('',(8.674264068712E0,8.500000000002E0,9.55E0));
#427=DIRECTION('',(-2.917430620003E-12,1.E0,0.E0));
#428=DIRECTION('',(-9.428090415821E-1,-2.751379371249E-12,3.333333333333E-1));
#429=AXIS2_PLACEMENT_3D('',#426,#427,#428);
#431=CURVE_STYLE('',#57,POSITIVE_LENGTH_MEASURE(2.E-2),#16);
#432=PRESENTATION_STYLE_ASSIGNMENT((#431));
#433=STYLED_ITEM('',(#432),#430);
#434=CARTESIAN_POINT('',(7.325735931288E0,8.499999999998E0,9.55E0));
#435=DIRECTION('',(2.918318798423E-12,-1.E0,0.E0));
#436=DIRECTION('',(9.428090415821E-1,2.751379371249E-12,3.333333333333E-1));
#437=AXIS2_PLACEMENT_3D('',#434,#435,#436);
#439=CURVE_STYLE('',#57,POSITIVE_LENGTH_MEASURE(2.E-2),#16);
#440=PRESENTATION_STYLE_ASSIGNMENT((#439));
#441=STYLED_ITEM('',(#440),#438);
#442=CARTESIAN_POINT('',(8.E0,8.5E0,9.7E0));
#443=DIRECTION('',(0.E0,0.E0,-1.E0));
#444=DIRECTION('',(9.999961543447E-1,2.773318554646E-3,0.E0));
#445=AXIS2_PLACEMENT_3D('',#442,#443,#444);
#447=CURVE_STYLE('',#57,POSITIVE_LENGTH_MEASURE(2.E-2),#16);
#448=PRESENTATION_STYLE_ASSIGNMENT((#447));
#449=STYLED_ITEM('',(#448),#446);
#450=CARTESIAN_POINT('',(8.E0,8.5E0,9.7E0));
#451=DIRECTION('',(0.E0,0.E0,-1.E0));
#452=DIRECTION('',(-9.999961543447E-1,-2.773318554653E-3,0.E0));
#453=AXIS2_PLACEMENT_3D('',#450,#451,#452);
#455=CURVE_STYLE('',#57,POSITIVE_LENGTH_MEASURE(2.E-2),#16);
#456=PRESENTATION_STYLE_ASSIGNMENT((#455));
#457=STYLED_ITEM('',(#456),#454);
#458=CARTESIAN_POINT('',(1.53E1,7.E-1,-9.3E0));
#459=DIRECTION('',(0.E0,0.E0,1.E0));
#460=DIRECTION('',(0.E0,-1.E0,0.E0));
#461=AXIS2_PLACEMENT_3D('',#458,#459,#460);
#463=CURVE_STYLE('',#57,POSITIVE_LENGTH_MEASURE(2.E-2),#16);
#464=PRESENTATION_STYLE_ASSIGNMENT((#463));
#465=STYLED_ITEM('',(#464),#462);
#466=CARTESIAN_POINT('',(1.53E1,7.E-1,-9.3E0));
#467=DIRECTION('',(0.E0,1.E0,0.E0));
#468=DIRECTION('',(1.E0,0.E0,0.E0));
#469=AXIS2_PLACEMENT_3D('',#466,#467,#468);
#471=CURVE_STYLE('',#57,POSITIVE_LENGTH_MEASURE(2.E-2),#16);
#472=PRESENTATION_STYLE_ASSIGNMENT((#471));
#473=STYLED_ITEM('',(#472),#470);
#474=CARTESIAN_POINT('',(1.53E1,7.E-1,-9.3E0));
#475=DIRECTION('',(-1.E0,0.E0,0.E0));
#476=DIRECTION('',(0.E0,0.E0,-1.E0));
#477=AXIS2_PLACEMENT_3D('',#474,#475,#476);
#479=CURVE_STYLE('',#57,POSITIVE_LENGTH_MEASURE(2.E-2),#16);
#480=PRESENTATION_STYLE_ASSIGNMENT((#479));
#481=STYLED_ITEM('',(#480),#478);
#482=DIRECTION('',(0.E0,0.E0,-1.E0));
#483=VECTOR('',#482,1.86E1);
#484=CARTESIAN_POINT('',(-1.54E1,1.03E1,9.3E0));
#485=LINE('',#484,#483);
#486=CURVE_STYLE('',#57,POSITIVE_LENGTH_MEASURE(2.E-2),#16);
#487=PRESENTATION_STYLE_ASSIGNMENT((#486));
#488=STYLED_ITEM('',(#487),#485);
#489=DIRECTION('',(0.E0,-1.E0,0.E0));
#490=VECTOR('',#489,9.6E0);
#491=CARTESIAN_POINT('',(-1.53E1,1.03E1,-9.4E0));
#492=LINE('',#491,#490);
#493=CURVE_STYLE('',#57,POSITIVE_LENGTH_MEASURE(2.E-2),#16);
#494=PRESENTATION_STYLE_ASSIGNMENT((#493));
#495=STYLED_ITEM('',(#494),#492);
#496=DIRECTION('',(0.E0,1.E0,0.E0));
#497=VECTOR('',#496,9.6E0);
#498=CARTESIAN_POINT('',(-1.54E1,7.E-1,-9.3E0));
#499=LINE('',#498,#497);
#500=CURVE_STYLE('',#57,POSITIVE_LENGTH_MEASURE(2.E-2),#16);
#501=PRESENTATION_STYLE_ASSIGNMENT((#500));
#502=STYLED_ITEM('',(#501),#499);
#503=DIRECTION('',(1.E0,0.E0,0.E0));
#504=VECTOR('',#503,3.06E1);
#505=CARTESIAN_POINT('',(-1.53E1,1.03E1,-9.4E0));
#506=LINE('',#505,#504);
#507=CURVE_STYLE('',#57,POSITIVE_LENGTH_MEASURE(2.E-2),#16);
#508=PRESENTATION_STYLE_ASSIGNMENT((#507));
#509=STYLED_ITEM('',(#508),#506);
#510=CARTESIAN_POINT('',(-8.499997766012E0,8.499999343600E0,-9.400000023794E0));
#511=CARTESIAN_POINT('',(-8.499996960726E0,8.479428128190E0,-9.400000023794E0));
#512=CARTESIAN_POINT('',(-8.496807397794E0,8.426424162114E0,-9.400000044200E0));
#513=CARTESIAN_POINT('',(-8.477031643759E0,8.338609316417E0,-9.400000033029E0));
#514=CARTESIAN_POINT('',(-8.432779137912E0,8.241986580778E0,-9.400000036405E0));
#515=CARTESIAN_POINT('',(-8.367360008922E0,8.155024335117E0,-9.400000035500E0));
#516=CARTESIAN_POINT('',(-8.284682856004E0,8.084275847871E0,-9.400000035743E0));
#517=CARTESIAN_POINT('',(-8.191007327286E0,8.034042351390E0,-9.400000035678E0));
#518=CARTESIAN_POINT('',(-8.109866273993E0,8.010311897189E0,-9.400000035693E0));
#519=CARTESIAN_POINT('',(-8.046084023620E0,8.001386953575E0,-9.400000035691E0));
#520=CARTESIAN_POINT('',(-7.999999358468E0,7.999307381820E0,-9.400000035692E0));
#521=CARTESIAN_POINT('',(-7.953914698644E0,8.001387071653E0,-9.400000035691E0));
#522=CARTESIAN_POINT('',(-7.890132471142E0,8.010312178827E0,-9.400000035693E0));
#523=CARTESIAN_POINT('',(-7.808991478661E0,8.034042840088E0,-9.400000035678E0));
#524=CARTESIAN_POINT('',(-7.715316078670E0,8.084276580226E0,-9.400000035743E0));
#525=CARTESIAN_POINT('',(-7.632639107052E0,8.155025265957E0,-9.400000035500E0));
#526=CARTESIAN_POINT('',(-7.567220200908E0,8.241987729180E0,-9.400000036405E0));
#527=CARTESIAN_POINT('',(-7.522967942672E0,8.338610391918E0,-9.400000033029E0));
#528=CARTESIAN_POINT('',(-7.503192358960E0,8.426426147563E0,-9.400000044200E0));
#529=CARTESIAN_POINT('',(-7.500002958317E0,8.479429222768E0,-9.400000023794E0));
#530=CARTESIAN_POINT('',(-7.500002233988E0,8.500000656400E0,-9.400000023794E0));
#532=CURVE_STYLE('',#57,POSITIVE_LENGTH_MEASURE(2.E-2),#16);
#533=PRESENTATION_STYLE_ASSIGNMENT((#532));
#534=STYLED_ITEM('',(#533),#531);
#535=CARTESIAN_POINT('',(-7.500002233988E0,8.500000656400E0,-9.400000023794E0));
#536=CARTESIAN_POINT('',(-7.500003039274E0,8.520571871810E0,-9.400000023794E0));
#537=CARTESIAN_POINT('',(-7.503192602206E0,8.573575837886E0,-9.400000044200E0));
#538=CARTESIAN_POINT('',(-7.522968356241E0,8.661390683583E0,-9.400000033029E0));
#539=CARTESIAN_POINT('',(-7.567220862088E0,8.758013419222E0,-9.400000036405E0));
#540=CARTESIAN_POINT('',(-7.632639991078E0,8.844975664883E0,-9.400000035500E0));
#541=CARTESIAN_POINT('',(-7.715317143996E0,8.915724152129E0,-9.400000035743E0));
#542=CARTESIAN_POINT('',(-7.808992672714E0,8.965957648610E0,-9.400000035678E0));
#543=CARTESIAN_POINT('',(-7.890133726007E0,8.989688102811E0,-9.400000035693E0));
#544=CARTESIAN_POINT('',(-7.953915976380E0,8.998613046425E0,-9.400000035691E0));
#545=CARTESIAN_POINT('',(-8.000000641532E0,9.000692618180E0,-9.400000035692E0));
#546=CARTESIAN_POINT('',(-8.046085301356E0,8.998612928347E0,-9.400000035691E0));
#547=CARTESIAN_POINT('',(-8.109867528858E0,8.989687821173E0,-9.400000035693E0));
#548=CARTESIAN_POINT('',(-8.191008521339E0,8.965957159912E0,-9.400000035678E0));
#549=CARTESIAN_POINT('',(-8.284683921330E0,8.915723419774E0,-9.400000035743E0));
#550=CARTESIAN_POINT('',(-8.367360892948E0,8.844974734043E0,-9.400000035500E0));
#551=CARTESIAN_POINT('',(-8.432779799092E0,8.758012270820E0,-9.400000036405E0));
#552=CARTESIAN_POINT('',(-8.477032057329E0,8.661389608082E0,-9.400000033029E0));
#553=CARTESIAN_POINT('',(-8.496807641040E0,8.573573852437E0,-9.400000044200E0));
#554=CARTESIAN_POINT('',(-8.499997041683E0,8.520570777232E0,-9.400000023794E0));
#555=CARTESIAN_POINT('',(-8.499997766012E0,8.499999343600E0,-9.400000023794E0));
#557=CURVE_STYLE('',#57,POSITIVE_LENGTH_MEASURE(2.E-2),#16);
#558=PRESENTATION_STYLE_ASSIGNMENT((#557));
#559=STYLED_ITEM('',(#558),#556);
#560=CARTESIAN_POINT('',(7.500002233988E0,8.499999343600E0,-9.400000023794E0));
#561=CARTESIAN_POINT('',(7.500003039274E0,8.479428128190E0,-9.400000023794E0));
#562=CARTESIAN_POINT('',(7.503192602206E0,8.426424162114E0,-9.400000044201E0));
#563=CARTESIAN_POINT('',(7.522968356241E0,8.338609316417E0,-9.400000033029E0));
#564=CARTESIAN_POINT('',(7.567220862088E0,8.241986580778E0,-9.400000036405E0));
#565=CARTESIAN_POINT('',(7.632639991078E0,8.155024335117E0,-9.400000035500E0));
#566=CARTESIAN_POINT('',(7.715317143996E0,8.084275847871E0,-9.400000035743E0));
#567=CARTESIAN_POINT('',(7.808992672714E0,8.034042351390E0,-9.400000035678E0));
#568=CARTESIAN_POINT('',(7.890133726007E0,8.010311897189E0,-9.400000035693E0));
#569=CARTESIAN_POINT('',(7.953915976380E0,8.001386953575E0,-9.400000035691E0));
#570=CARTESIAN_POINT('',(8.000000641532E0,7.999307381820E0,-9.400000035692E0));
#571=CARTESIAN_POINT('',(8.046085301356E0,8.001387071653E0,-9.400000035691E0));
#572=CARTESIAN_POINT('',(8.109867528858E0,8.010312178827E0,-9.400000035693E0));
#573=CARTESIAN_POINT('',(8.191008521339E0,8.034042840088E0,-9.400000035678E0));
#574=CARTESIAN_POINT('',(8.284683921330E0,8.084276580226E0,-9.400000035743E0));
#575=CARTESIAN_POINT('',(8.367360892948E0,8.155025265957E0,-9.400000035500E0));
#576=CARTESIAN_POINT('',(8.432779799092E0,8.241987729180E0,-9.400000036405E0));
#577=CARTESIAN_POINT('',(8.477032057328E0,8.338610391918E0,-9.400000033029E0));
#578=CARTESIAN_POINT('',(8.496807641040E0,8.426426147563E0,-9.400000044200E0));
#579=CARTESIAN_POINT('',(8.499997041683E0,8.479429222768E0,-9.400000023794E0));
#580=CARTESIAN_POINT('',(8.499997766012E0,8.500000656400E0,-9.400000023794E0));
#582=CURVE_STYLE('',#57,POSITIVE_LENGTH_MEASURE(2.E-2),#16);
#583=PRESENTATION_STYLE_ASSIGNMENT((#582));
#584=STYLED_ITEM('',(#583),#581);
#585=CARTESIAN_POINT('',(8.499997766012E0,8.500000656400E0,-9.400000023794E0));
#586=CARTESIAN_POINT('',(8.499996960726E0,8.520571871810E0,-9.400000023794E0));
#587=CARTESIAN_POINT('',(8.496807397794E0,8.573575837886E0,-9.400000044201E0));
#588=CARTESIAN_POINT('',(8.477031643759E0,8.661390683583E0,-9.400000033029E0));
#589=CARTESIAN_POINT('',(8.432779137912E0,8.758013419222E0,-9.400000036405E0));
#590=CARTESIAN_POINT('',(8.367360008922E0,8.844975664883E0,-9.400000035500E0));
#591=CARTESIAN_POINT('',(8.284682856004E0,8.915724152129E0,-9.400000035743E0));
#592=CARTESIAN_POINT('',(8.191007327286E0,8.965957648610E0,-9.400000035678E0));
#593=CARTESIAN_POINT('',(8.109866273993E0,8.989688102811E0,-9.400000035693E0));
#594=CARTESIAN_POINT('',(8.046084023620E0,8.998613046425E0,-9.400000035691E0));
#595=CARTESIAN_POINT('',(7.999999358468E0,9.000692618180E0,-9.400000035692E0));
#596=CARTESIAN_POINT('',(7.953914698644E0,8.998612928347E0,-9.400000035691E0));
#597=CARTESIAN_POINT('',(7.890132471142E0,8.989687821173E0,-9.400000035693E0));
#598=CARTESIAN_POINT('',(7.808991478661E0,8.965957159912E0,-9.400000035678E0));
#599=CARTESIAN_POINT('',(7.715316078670E0,8.915723419774E0,-9.400000035743E0));
#600=CARTESIAN_POINT('',(7.632639107052E0,8.844974734043E0,-9.400000035500E0));
#601=CARTESIAN_POINT('',(7.567220200908E0,8.758012270820E0,-9.400000036405E0));
#602=CARTESIAN_POINT('',(7.522967942672E0,8.661389608082E0,-9.400000033029E0));
#603=CARTESIAN_POINT('',(7.503192358960E0,8.573573852437E0,-9.400000044200E0));
#604=CARTESIAN_POINT('',(7.500002958317E0,8.520570777232E0,-9.400000023794E0));
#605=CARTESIAN_POINT('',(7.500002233988E0,8.499999343600E0,-9.400000023794E0));
#607=CURVE_STYLE('',#57,POSITIVE_LENGTH_MEASURE(2.E-2),#16);
#608=PRESENTATION_STYLE_ASSIGNMENT((#607));
#609=STYLED_ITEM('',(#608),#606);
#610=DIRECTION('',(0.E0,-1.E0,0.E0));
#611=VECTOR('',#610,9.6E0);
#612=CARTESIAN_POINT('',(1.54E1,1.03E1,-9.3E0));
#613=LINE('',#612,#611);
#614=CURVE_STYLE('',#57,POSITIVE_LENGTH_MEASURE(2.E-2),#16);
#615=PRESENTATION_STYLE_ASSIGNMENT((#614));
#616=STYLED_ITEM('',(#615),#613);
#617=DIRECTION('',(0.E0,1.E0,0.E0));
#618=VECTOR('',#617,9.6E0);
#619=CARTESIAN_POINT('',(1.53E1,7.E-1,-9.4E0));
#620=LINE('',#619,#618);
#621=CURVE_STYLE('',#57,POSITIVE_LENGTH_MEASURE(2.E-2),#16);
#622=PRESENTATION_STYLE_ASSIGNMENT((#621));
#623=STYLED_ITEM('',(#622),#620);
#624=DIRECTION('',(0.E0,0.E0,1.E0));
#625=VECTOR('',#624,1.86E1);
#626=CARTESIAN_POINT('',(1.54E1,1.03E1,-9.3E0));
#627=LINE('',#626,#625);
#628=CURVE_STYLE('',#57,POSITIVE_LENGTH_MEASURE(2.E-2),#16);
#629=PRESENTATION_STYLE_ASSIGNMENT((#628));
#630=STYLED_ITEM('',(#629),#627);
#631=DIRECTION('',(0.E0,-1.E0,0.E0));
#632=VECTOR('',#631,9.6E0);
#633=CARTESIAN_POINT('',(1.53E1,1.03E1,9.4E0));
#634=LINE('',#633,#632);
#635=CURVE_STYLE('',#57,POSITIVE_LENGTH_MEASURE(2.E-2),#16);
#636=PRESENTATION_STYLE_ASSIGNMENT((#635));
#637=STYLED_ITEM('',(#636),#634);
#638=DIRECTION('',(0.E0,1.E0,0.E0));
#639=VECTOR('',#638,9.6E0);
#640=CARTESIAN_POINT('',(1.54E1,7.E-1,9.3E0));
#641=LINE('',#640,#639);
#642=CURVE_STYLE('',#57,POSITIVE_LENGTH_MEASURE(2.E-2),#16);
#643=PRESENTATION_STYLE_ASSIGNMENT((#642));
#644=STYLED_ITEM('',(#643),#641);
#645=DIRECTION('',(-1.E0,0.E0,0.E0));
#646=VECTOR('',#645,3.06E1);
#647=CARTESIAN_POINT('',(1.53E1,1.03E1,9.4E0));
#648=LINE('',#647,#646);
#649=CURVE_STYLE('',#57,POSITIVE_LENGTH_MEASURE(2.E-2),#16);
#650=PRESENTATION_STYLE_ASSIGNMENT((#649));
#651=STYLED_ITEM('',(#650),#648);
#652=CARTESIAN_POINT('',(-7.500002224872E0,8.499999345230E0,9.400000040755E0));
#653=CARTESIAN_POINT('',(-7.500003030058E0,8.479428128926E0,9.400000040755E0));
#654=CARTESIAN_POINT('',(-7.503192592365E0,8.426424163238E0,9.400000075707E0));
#655=CARTESIAN_POINT('',(-7.522968346617E0,8.338609315717E0,9.400000056572E0));
#656=CARTESIAN_POINT('',(-7.567220851659E0,8.241986580074E0,9.400000062354E0));
#657=CARTESIAN_POINT('',(-7.632639979561E0,8.155024333756E0,9.400000060805E0));
#658=CARTESIAN_POINT('',(-7.715317131197E0,8.084275845333E0,9.400000061220E0));
#659=CARTESIAN_POINT('',(-7.808992658820E0,8.034042346986E0,9.400000061108E0));
#660=CARTESIAN_POINT('',(-7.890133711622E0,8.010311890800E0,9.400000061135E0));
#661=CARTESIAN_POINT('',(-7.953915961940E0,8.001386945468E0,9.400000061132E0));
#662=CARTESIAN_POINT('',(-8.000000627239E0,7.999307372416E0,9.400000061132E0));
#663=CARTESIAN_POINT('',(-8.046085287329E0,8.001387060916E0,9.400000061132E0));
#664=CARTESIAN_POINT('',(-8.109867515285E0,8.010312166166E0,9.400000061135E0));
#665=CARTESIAN_POINT('',(-8.191008508630E0,8.034042824781E0,9.400000061108E0));
#666=CARTESIAN_POINT('',(-8.284683910394E0,8.084276561428E0,9.400000061220E0));
#667=CARTESIAN_POINT('',(-8.367360884770E0,8.155025243649E0,9.400000060805E0));
#668=CARTESIAN_POINT('',(-8.432779794790E0,8.241987703669E0,9.400000062354E0));
#669=CARTESIAN_POINT('',(-8.477032057737E0,8.338610364350E0,9.400000056571E0));
#670=CARTESIAN_POINT('',(-8.496807648563E0,8.426426127505E0,9.400000075706E0));
#671=CARTESIAN_POINT('',(-8.499997050696E0,8.479429212741E0,9.400000040755E0));
#672=CARTESIAN_POINT('',(-8.499997775128E0,8.500000654770E0,9.400000040755E0));
#674=CURVE_STYLE('',#57,POSITIVE_LENGTH_MEASURE(2.E-2),#16);
#675=PRESENTATION_STYLE_ASSIGNMENT((#674));
#676=STYLED_ITEM('',(#675),#673);
#677=CARTESIAN_POINT('',(-8.499997775128E0,8.500000654770E0,9.400000040755E0));
#678=CARTESIAN_POINT('',(-8.499996969942E0,8.520571871074E0,9.400000040755E0));
#679=CARTESIAN_POINT('',(-8.496807407635E0,8.573575836763E0,9.400000075706E0));
#680=CARTESIAN_POINT('',(-8.477031653383E0,8.661390684283E0,9.400000056571E0));
#681=CARTESIAN_POINT('',(-8.432779148341E0,8.758013419927E0,9.400000062354E0));
#682=CARTESIAN_POINT('',(-8.367360020439E0,8.844975666244E0,9.400000060805E0));
#683=CARTESIAN_POINT('',(-8.284682868803E0,8.915724154667E0,9.400000061220E0));
#684=CARTESIAN_POINT('',(-8.191007341180E0,8.965957653014E0,9.400000061108E0));
#685=CARTESIAN_POINT('',(-8.109866288378E0,8.989688109200E0,9.400000061135E0));
#686=CARTESIAN_POINT('',(-8.046084038060E0,8.998613054532E0,9.400000061132E0));
#687=CARTESIAN_POINT('',(-7.999999372761E0,9.000692627584E0,9.400000061133E0));
#688=CARTESIAN_POINT('',(-7.953914712671E0,8.998612939084E0,9.400000061132E0));
#689=CARTESIAN_POINT('',(-7.890132484715E0,8.989687833834E0,9.400000061135E0));
#690=CARTESIAN_POINT('',(-7.808991491370E0,8.965957175219E0,9.400000061108E0));
#691=CARTESIAN_POINT('',(-7.715316089606E0,8.915723438572E0,9.400000061220E0));
#692=CARTESIAN_POINT('',(-7.632639115230E0,8.844974756351E0,9.400000060805E0));
#693=CARTESIAN_POINT('',(-7.567220205210E0,8.758012296331E0,9.400000062354E0));
#694=CARTESIAN_POINT('',(-7.522967942263E0,8.661389635650E0,9.400000056571E0));
#695=CARTESIAN_POINT('',(-7.503192351437E0,8.573573872495E0,9.400000075706E0));
#696=CARTESIAN_POINT('',(-7.500002949304E0,8.520570787259E0,9.400000040755E0));
#697=CARTESIAN_POINT('',(-7.500002224872E0,8.499999345230E0,9.400000040755E0));
#699=CURVE_STYLE('',#57,POSITIVE_LENGTH_MEASURE(2.E-2),#16);
#700=PRESENTATION_STYLE_ASSIGNMENT((#699));
#701=STYLED_ITEM('',(#700),#698);
#702=CARTESIAN_POINT('',(8.499997775128E0,8.499999345230E0,9.400000040755E0));
#703=CARTESIAN_POINT('',(8.499996969942E0,8.479428128925E0,9.400000040755E0));
#704=CARTESIAN_POINT('',(8.496807407635E0,8.426424163237E0,9.400000075706E0));
#705=CARTESIAN_POINT('',(8.477031653383E0,8.338609315717E0,9.400000056571E0));
#706=CARTESIAN_POINT('',(8.432779148341E0,8.241986580074E0,9.400000062354E0));
#707=CARTESIAN_POINT('',(8.367360020439E0,8.155024333756E0,9.400000060805E0));
#708=CARTESIAN_POINT('',(8.284682868803E0,8.084275845333E0,9.400000061220E0));
#709=CARTESIAN_POINT('',(8.191007341180E0,8.034042346986E0,9.400000061108E0));
#710=CARTESIAN_POINT('',(8.109866288378E0,8.010311890800E0,9.400000061135E0));
#711=CARTESIAN_POINT('',(8.046084038060E0,8.001386945468E0,9.400000061132E0));
#712=CARTESIAN_POINT('',(7.999999372761E0,7.999307372416E0,9.400000061133E0));
#713=CARTESIAN_POINT('',(7.953914712671E0,8.001387060916E0,9.400000061132E0));
#714=CARTESIAN_POINT('',(7.890132484715E0,8.010312166166E0,9.400000061135E0));
#715=CARTESIAN_POINT('',(7.808991491369E0,8.034042824781E0,9.400000061108E0));
#716=CARTESIAN_POINT('',(7.715316089606E0,8.084276561428E0,9.400000061220E0));
#717=CARTESIAN_POINT('',(7.632639115230E0,8.155025243649E0,9.400000060805E0));
#718=CARTESIAN_POINT('',(7.567220205210E0,8.241987703669E0,9.400000062354E0));
#719=CARTESIAN_POINT('',(7.522967942263E0,8.338610364350E0,9.400000056571E0));
#720=CARTESIAN_POINT('',(7.503192351437E0,8.426426127505E0,9.400000075706E0));
#721=CARTESIAN_POINT('',(7.500002949304E0,8.479429212741E0,9.400000040755E0));
#722=CARTESIAN_POINT('',(7.500002224872E0,8.500000654770E0,9.400000040755E0));
#724=CURVE_STYLE('',#57,POSITIVE_LENGTH_MEASURE(2.E-2),#16);
#725=PRESENTATION_STYLE_ASSIGNMENT((#724));
#726=STYLED_ITEM('',(#725),#723);
#727=CARTESIAN_POINT('',(7.500002224872E0,8.500000654770E0,9.400000040755E0));
#728=CARTESIAN_POINT('',(7.500003030058E0,8.520571871075E0,9.400000040755E0));
#729=CARTESIAN_POINT('',(7.503192592364E0,8.573575836763E0,9.400000075706E0));
#730=CARTESIAN_POINT('',(7.522968346617E0,8.661390684283E0,9.400000056571E0));
#731=CARTESIAN_POINT('',(7.567220851659E0,8.758013419926E0,9.400000062354E0));
#732=CARTESIAN_POINT('',(7.632639979561E0,8.844975666244E0,9.400000060805E0));
#733=CARTESIAN_POINT('',(7.715317131197E0,8.915724154667E0,9.400000061220E0));
#734=CARTESIAN_POINT('',(7.808992658820E0,8.965957653014E0,9.400000061108E0));
#735=CARTESIAN_POINT('',(7.890133711622E0,8.989688109200E0,9.400000061135E0));
#736=CARTESIAN_POINT('',(7.953915961940E0,8.998613054532E0,9.400000061132E0));
#737=CARTESIAN_POINT('',(8.000000627239E0,9.000692627584E0,9.400000061133E0));
#738=CARTESIAN_POINT('',(8.046085287329E0,8.998612939084E0,9.400000061132E0));
#739=CARTESIAN_POINT('',(8.109867515285E0,8.989687833834E0,9.400000061135E0));
#740=CARTESIAN_POINT('',(8.191008508631E0,8.965957175219E0,9.400000061108E0));
#741=CARTESIAN_POINT('',(8.284683910394E0,8.915723438572E0,9.400000061220E0));
#742=CARTESIAN_POINT('',(8.367360884770E0,8.844974756351E0,9.400000060805E0));
#743=CARTESIAN_POINT('',(8.432779794790E0,8.758012296331E0,9.400000062354E0));
#744=CARTESIAN_POINT('',(8.477032057737E0,8.661389635650E0,9.400000056571E0));
#745=CARTESIAN_POINT('',(8.496807648563E0,8.573573872495E0,9.400000075706E0));
#746=CARTESIAN_POINT('',(8.499997050696E0,8.520570787259E0,9.400000040755E0));
#747=CARTESIAN_POINT('',(8.499997775128E0,8.499999345230E0,9.400000040755E0));
#749=CURVE_STYLE('',#57,POSITIVE_LENGTH_MEASURE(2.E-2),#16);
#750=PRESENTATION_STYLE_ASSIGNMENT((#749));
#751=STYLED_ITEM('',(#750),#748);
#752=DIRECTION('',(0.E0,-1.E0,0.E0));
#753=VECTOR('',#752,9.6E0);
#754=CARTESIAN_POINT('',(-1.54E1,1.03E1,9.3E0));
#755=LINE('',#754,#753);
#756=CURVE_STYLE('',#57,POSITIVE_LENGTH_MEASURE(2.E-2),#16);
#757=PRESENTATION_STYLE_ASSIGNMENT((#756));
#758=STYLED_ITEM('',(#757),#755);
#759=DIRECTION('',(0.E0,1.E0,0.E0));
#760=VECTOR('',#759,9.6E0);
#761=CARTESIAN_POINT('',(-1.53E1,7.E-1,9.4E0));
#762=LINE('',#761,#760);
#763=CURVE_STYLE('',#57,POSITIVE_LENGTH_MEASURE(2.E-2),#16);
#764=PRESENTATION_STYLE_ASSIGNMENT((#763));
#765=STYLED_ITEM('',(#764),#762);
#766=CARTESIAN_POINT('',(-1.53E1,7.E-1,9.3E0));
#767=DIRECTION('',(-1.E0,0.E0,0.E0));
#768=DIRECTION('',(0.E0,-1.E0,0.E0));
#769=AXIS2_PLACEMENT_3D('',#766,#767,#768);
#771=CURVE_STYLE('',#57,POSITIVE_LENGTH_MEASURE(2.E-2),#16);
#772=PRESENTATION_STYLE_ASSIGNMENT((#771));
#773=STYLED_ITEM('',(#772),#770);
#774=CARTESIAN_POINT('',(-1.53E1,7.E-1,9.3E0));
#775=DIRECTION('',(0.E0,-1.E0,0.E0));
#776=DIRECTION('',(0.E0,0.E0,1.E0));
#777=AXIS2_PLACEMENT_3D('',#774,#775,#776);
#779=CURVE_STYLE('',#57,POSITIVE_LENGTH_MEASURE(2.E-2),#16);
#780=PRESENTATION_STYLE_ASSIGNMENT((#779));
#781=STYLED_ITEM('',(#780),#778);
#782=CARTESIAN_POINT('',(-1.53E1,7.E-1,9.3E0));
#783=DIRECTION('',(0.E0,0.E0,1.E0));
#784=DIRECTION('',(-1.E0,0.E0,0.E0));
#785=AXIS2_PLACEMENT_3D('',#782,#783,#784);
#787=CURVE_STYLE('',#57,POSITIVE_LENGTH_MEASURE(2.E-2),#16);
#788=PRESENTATION_STYLE_ASSIGNMENT((#787));
#789=STYLED_ITEM('',(#788),#786);
#790=DIRECTION('',(1.E0,0.E0,0.E0));
#791=VECTOR('',#790,3.06E1);
#792=CARTESIAN_POINT('',(-1.53E1,6.E-1,9.3E0));
#793=LINE('',#792,#791);
#794=CURVE_STYLE('',#57,POSITIVE_LENGTH_MEASURE(2.E-2),#16);
#795=PRESENTATION_STYLE_ASSIGNMENT((#794));
#796=STYLED_ITEM('',(#795),#793);
#797=DIRECTION('',(-1.E0,0.E0,0.E0));
#798=VECTOR('',#797,3.06E1);
#799=CARTESIAN_POINT('',(1.53E1,7.E-1,9.4E0));
#800=LINE('',#799,#798);
#801=CURVE_STYLE('',#57,POSITIVE_LENGTH_MEASURE(2.E-2),#16);
#802=PRESENTATION_STYLE_ASSIGNMENT((#801));
#803=STYLED_ITEM('',(#802),#800);
#804=DIRECTION('',(1.E0,0.E0,0.E0));
#805=VECTOR('',#804,3.06E1);
#806=CARTESIAN_POINT('',(-1.53E1,7.E-1,-9.4E0));
#807=LINE('',#806,#805);
#808=CURVE_STYLE('',#57,POSITIVE_LENGTH_MEASURE(2.E-2),#16);
#809=PRESENTATION_STYLE_ASSIGNMENT((#808));
#810=STYLED_ITEM('',(#809),#807);
#811=DIRECTION('',(-1.E0,0.E0,0.E0));
#812=VECTOR('',#811,3.06E1);
#813=CARTESIAN_POINT('',(1.53E1,6.E-1,-9.3E0));
#814=LINE('',#813,#812);
#815=CURVE_STYLE('',#57,POSITIVE_LENGTH_MEASURE(2.E-2),#16);
#816=PRESENTATION_STYLE_ASSIGNMENT((#815));
#817=STYLED_ITEM('',(#816),#814);
#818=CARTESIAN_POINT('',(1.53E1,7.E-1,-9.3E0));
#819=DIRECTION('',(0.E0,0.E0,-1.E0));
#820=DIRECTION('',(1.E0,0.E0,0.E0));
#821=AXIS2_PLACEMENT_3D('',#818,#819,#820);
#823=CURVE_STYLE('',#57,POSITIVE_LENGTH_MEASURE(2.E-2),#16);
#824=PRESENTATION_STYLE_ASSIGNMENT((#823));
#825=STYLED_ITEM('',(#824),#822);
#826=CARTESIAN_POINT('',(1.53E1,7.E-1,-9.3E0));
#827=DIRECTION('',(1.E0,0.E0,0.E0));
#828=DIRECTION('',(0.E0,-1.E0,0.E0));
#829=AXIS2_PLACEMENT_3D('',#826,#827,#828);
#831=CURVE_STYLE('',#57,POSITIVE_LENGTH_MEASURE(2.E-2),#16);
#832=PRESENTATION_STYLE_ASSIGNMENT((#831));
#833=STYLED_ITEM('',(#832),#830);
#834=CARTESIAN_POINT('',(1.53E1,7.E-1,-9.3E0));
#835=DIRECTION('',(0.E0,-1.E0,0.E0));
#836=DIRECTION('',(0.E0,0.E0,-1.E0));
#837=AXIS2_PLACEMENT_3D('',#834,#835,#836);
#839=CURVE_STYLE('',#57,POSITIVE_LENGTH_MEASURE(2.E-2),#16);
#840=PRESENTATION_STYLE_ASSIGNMENT((#839));
#841=STYLED_ITEM('',(#840),#838);
#842=DIRECTION('',(0.E0,0.E0,-1.E0));
#843=VECTOR('',#842,1.86E1);
#844=CARTESIAN_POINT('',(1.53E1,6.E-1,9.3E0));
#845=LINE('',#844,#843);
#846=CURVE_STYLE('',#57,POSITIVE_LENGTH_MEASURE(2.E-2),#16);
#847=PRESENTATION_STYLE_ASSIGNMENT((#846));
#848=STYLED_ITEM('',(#847),#845);
#849=DIRECTION('',(0.E0,0.E0,1.E0));
#850=VECTOR('',#849,1.86E1);
#851=CARTESIAN_POINT('',(1.54E1,7.E-1,-9.3E0));
#852=LINE('',#851,#850);
#853=CURVE_STYLE('',#57,POSITIVE_LENGTH_MEASURE(2.E-2),#16);
#854=PRESENTATION_STYLE_ASSIGNMENT((#853));
#855=STYLED_ITEM('',(#854),#852);
#856=CARTESIAN_POINT('',(1.53E1,7.E-1,9.3E0));
#857=DIRECTION('',(0.E0,0.E0,1.E0));
#858=DIRECTION('',(0.E0,-1.E0,0.E0));
#859=AXIS2_PLACEMENT_3D('',#856,#857,#858);
#861=CURVE_STYLE('',#57,POSITIVE_LENGTH_MEASURE(2.E-2),#16);
#862=PRESENTATION_STYLE_ASSIGNMENT((#861));
#863=STYLED_ITEM('',(#862),#860);
#864=CARTESIAN_POINT('',(1.53E1,7.E-1,9.3E0));
#865=DIRECTION('',(0.E0,-1.E0,0.E0));
#866=DIRECTION('',(1.E0,0.E0,0.E0));
#867=AXIS2_PLACEMENT_3D('',#864,#865,#866);
#869=CURVE_STYLE('',#57,POSITIVE_LENGTH_MEASURE(2.E-2),#16);
#870=PRESENTATION_STYLE_ASSIGNMENT((#869));
#871=STYLED_ITEM('',(#870),#868);
#872=CARTESIAN_POINT('',(1.53E1,7.E-1,9.3E0));
#873=DIRECTION('',(1.E0,-3.136952163439E-14,0.E0));
#874=DIRECTION('',(0.E0,0.E0,1.E0));
#875=AXIS2_PLACEMENT_3D('',#872,#873,#874);
#877=CURVE_STYLE('',#57,POSITIVE_LENGTH_MEASURE(2.E-2),#16);
#878=PRESENTATION_STYLE_ASSIGNMENT((#877));
#879=STYLED_ITEM('',(#878),#876);
#880=CARTESIAN_POINT('',(-1.53E1,7.E-1,-9.3E0));
#881=DIRECTION('',(0.E0,0.E0,-1.E0));
#882=DIRECTION('',(0.E0,-1.E0,0.E0));
#883=AXIS2_PLACEMENT_3D('',#880,#881,#882);
#885=CURVE_STYLE('',#57,POSITIVE_LENGTH_MEASURE(2.E-2),#16);
#886=PRESENTATION_STYLE_ASSIGNMENT((#885));
#887=STYLED_ITEM('',(#886),#884);
#888=CARTESIAN_POINT('',(-1.53E1,7.E-1,-9.3E0));
#889=DIRECTION('',(0.E0,-1.E0,0.E0));
#890=DIRECTION('',(-1.E0,0.E0,0.E0));
#891=AXIS2_PLACEMENT_3D('',#888,#889,#890);
#893=CURVE_STYLE('',#57,POSITIVE_LENGTH_MEASURE(2.E-2),#16);
#894=PRESENTATION_STYLE_ASSIGNMENT((#893));
#895=STYLED_ITEM('',(#894),#892);
#896=CARTESIAN_POINT('',(-1.53E1,7.E-1,-9.3E0));
#897=DIRECTION('',(-1.E0,0.E0,0.E0));
#898=DIRECTION('',(0.E0,0.E0,-1.E0));
#899=AXIS2_PLACEMENT_3D('',#896,#897,#898);
#901=CURVE_STYLE('',#57,POSITIVE_LENGTH_MEASURE(2.E-2),#16);
#902=PRESENTATION_STYLE_ASSIGNMENT((#901));
#903=STYLED_ITEM('',(#902),#900);
#904=DIRECTION('',(0.E0,0.E0,-1.E0));
#905=VECTOR('',#904,1.86E1);
#906=CARTESIAN_POINT('',(-1.54E1,7.E-1,9.3E0));
#907=LINE('',#906,#905);
#908=CURVE_STYLE('',#57,POSITIVE_LENGTH_MEASURE(2.E-2),#16);
#909=PRESENTATION_STYLE_ASSIGNMENT((#908));
#910=STYLED_ITEM('',(#909),#907);
#911=DIRECTION('',(0.E0,0.E0,1.E0));
#912=VECTOR('',#911,1.86E1);
#913=CARTESIAN_POINT('',(-1.53E1,6.E-1,-9.3E0));
#914=LINE('',#913,#912);
#915=CURVE_STYLE('',#57,POSITIVE_LENGTH_MEASURE(2.E-2),#16);
#916=PRESENTATION_STYLE_ASSIGNMENT((#915));
#917=STYLED_ITEM('',(#916),#914);
#918=CARTESIAN_POINT('',(-7.500002224872E0,8.499999345230E0,9.400000040755E0));
#919=CARTESIAN_POINT('',(-7.504128771232E0,8.499999368812E0,9.377923521874E0));
#920=CARTESIAN_POINT('',(-7.516786578579E0,8.499995999925E0,9.328724250739E0));
#921=CARTESIAN_POINT('',(-7.549577684522E0,8.499997783861E0,9.253303907015E0));
#922=CARTESIAN_POINT('',(-7.599828635329E0,8.499997615666E0,9.178445787921E0));
#923=CARTESIAN_POINT('',(-7.664165707082E0,8.499998113196E0,9.113026732812E0));
#924=CARTESIAN_POINT('',(-7.739571270943E0,8.499998479967E0,9.060749568891E0));
#925=CARTESIAN_POINT('',(-7.821883344473E0,8.499999077020E0,9.023958397763E0));
#926=CARTESIAN_POINT('',(-7.904151704432E0,8.499999117033E0,9.003890111080E0));
#927=CARTESIAN_POINT('',(-7.957059539525E0,8.500000412591E0,9.000001315812E0));
#928=CARTESIAN_POINT('',(-7.981663572086E0,8.500000553192E0,9.000000121395E0));
#930=CURVE_STYLE('',#57,POSITIVE_LENGTH_MEASURE(2.E-2),#16);
#931=PRESENTATION_STYLE_ASSIGNMENT((#930));
#932=STYLED_ITEM('',(#931),#929);
#933=CARTESIAN_POINT('',(-8.018336427914E0,8.499999446808E0,9.000000121395E0));
#934=CARTESIAN_POINT('',(-8.018336377166E0,8.499245216402E0,9.000000121395E0));
#935=CARTESIAN_POINT('',(-8.018219406679E0,8.497301605932E0,9.000000225515E0));
#936=CARTESIAN_POINT('',(-8.017494213076E0,8.494081354263E0,9.000000168503E0));
#937=CARTESIAN_POINT('',(-8.015871350953E0,8.490537904239E0,9.000000185734E0));
#938=CARTESIAN_POINT('',(-8.013472239943E0,8.487348727453E0,9.000000181117E0));
#939=CARTESIAN_POINT('',(-8.010440224231E0,8.484754158016E0,9.000000182355E0));
#940=CARTESIAN_POINT('',(-8.007004862501E0,8.482911934292E0,9.000000182021E0));
#941=CARTESIAN_POINT('',(-8.004029175690E0,8.482041658904E0,9.000000182102E0));
#942=CARTESIAN_POINT('',(-8.001690087546E0,8.481714348172E0,9.000000182091E0));
#943=CARTESIAN_POINT('',(-8.000000023003E0,8.481638079673E0,9.000000182094E0));
#944=CARTESIAN_POINT('',(-7.998309958269E0,8.481714343937E0,9.000000182091E0));
#945=CARTESIAN_POINT('',(-7.995970869305E0,8.482041648809E0,9.000000182102E0));
#946=CARTESIAN_POINT('',(-7.992995180314E0,8.482911916741E0,9.000000182021E0));
#947=CARTESIAN_POINT('',(-7.989559813968E0,8.484754131858E0,9.000000182355E0));
#948=CARTESIAN_POINT('',(-7.986527791756E0,8.487348693698E0,9.000000181118E0));
#949=CARTESIAN_POINT('',(-7.984128672752E0,8.490537864474E0,9.000000185732E0));
#950=CARTESIAN_POINT('',(-7.982505801761E0,8.494081310433E0,9.000000168512E0));
#951=CARTESIAN_POINT('',(-7.981780508457E0,8.497301967025E0,9.000000225492E0));
#952=CARTESIAN_POINT('',(-7.981663577422E0,8.499245957283E0,9.000000121395E0));
#953=CARTESIAN_POINT('',(-7.981663572086E0,8.500000553192E0,9.000000121395E0));
#955=CURVE_STYLE('',#57,POSITIVE_LENGTH_MEASURE(2.E-2),#16);
#956=PRESENTATION_STYLE_ASSIGNMENT((#955));
#957=STYLED_ITEM('',(#956),#954);
#958=CARTESIAN_POINT('',(-7.981663572086E0,8.500000553192E0,9.000000121395E0));
#959=CARTESIAN_POINT('',(-7.981663622834E0,8.500754783598E0,9.000000121395E0));
#960=CARTESIAN_POINT('',(-7.981780593321E0,8.502698394069E0,9.000000225515E0));
#961=CARTESIAN_POINT('',(-7.982505786924E0,8.505918645737E0,9.000000168503E0));
#962=CARTESIAN_POINT('',(-7.984128649047E0,8.509462095762E0,9.000000185734E0));
#963=CARTESIAN_POINT('',(-7.986527760057E0,8.512651272547E0,9.000000181117E0));
#964=CARTESIAN_POINT('',(-7.989559775770E0,8.515245841984E0,9.000000182355E0));
#965=CARTESIAN_POINT('',(-7.992995137499E0,8.517088065708E0,9.000000182021E0));
#966=CARTESIAN_POINT('',(-7.995970824310E0,8.517958341096E0,9.000000182102E0));
#967=CARTESIAN_POINT('',(-7.998309912454E0,8.518285651828E0,9.000000182091E0));
#968=CARTESIAN_POINT('',(-7.999999976997E0,8.518361920327E0,9.000000182094E0));
#969=CARTESIAN_POINT('',(-8.001690041731E0,8.518285656063E0,9.000000182091E0));
#970=CARTESIAN_POINT('',(-8.004029130695E0,8.517958351191E0,9.000000182102E0));
#971=CARTESIAN_POINT('',(-8.007004819686E0,8.517088083259E0,9.000000182021E0));
#972=CARTESIAN_POINT('',(-8.010440186032E0,8.515245868142E0,9.000000182355E0));
#973=CARTESIAN_POINT('',(-8.013472208244E0,8.512651306302E0,9.000000181118E0));
#974=CARTESIAN_POINT('',(-8.015871327248E0,8.509462135526E0,9.000000185732E0));
#975=CARTESIAN_POINT('',(-8.017494198239E0,8.505918689567E0,9.000000168512E0));
#976=CARTESIAN_POINT('',(-8.018219491542E0,8.502698032975E0,9.000000225492E0));
#977=CARTESIAN_POINT('',(-8.018336422578E0,8.500754042717E0,9.000000121395E0));
#978=CARTESIAN_POINT('',(-8.018336427914E0,8.499999446808E0,9.000000121395E0));
#980=CURVE_STYLE('',#57,POSITIVE_LENGTH_MEASURE(2.E-2),#16);
#981=PRESENTATION_STYLE_ASSIGNMENT((#980));
#982=STYLED_ITEM('',(#981),#979);
#983=CARTESIAN_POINT('',(-8.499997775128E0,8.500000654770E0,9.400000040755E0));
#984=CARTESIAN_POINT('',(-8.495871228768E0,8.500000631188E0,9.377923521874E0));
#985=CARTESIAN_POINT('',(-8.483213421421E0,8.500004000075E0,9.328724250739E0));
#986=CARTESIAN_POINT('',(-8.450422315478E0,8.500002216139E0,9.253303907015E0));
#987=CARTESIAN_POINT('',(-8.400171364671E0,8.500002384334E0,9.178445787921E0));
#988=CARTESIAN_POINT('',(-8.335834292918E0,8.500001886804E0,9.113026732812E0));
#989=CARTESIAN_POINT('',(-8.260428729057E0,8.500001520033E0,9.060749568891E0));
#990=CARTESIAN_POINT('',(-8.178116655527E0,8.500000922980E0,9.023958397763E0));
#991=CARTESIAN_POINT('',(-8.095848295569E0,8.500000882966E0,9.003890111080E0));
#992=CARTESIAN_POINT('',(-8.042940460476E0,8.499999587409E0,9.000001315812E0));
#993=CARTESIAN_POINT('',(-8.018336427914E0,8.499999446808E0,9.000000121395E0));
#995=CURVE_STYLE('',#57,POSITIVE_LENGTH_MEASURE(2.E-2),#16);
#996=PRESENTATION_STYLE_ASSIGNMENT((#995));
#997=STYLED_ITEM('',(#996),#994);
#998=CARTESIAN_POINT('',(8.499997775128E0,8.499999345230E0,9.400000040755E0));
#999=CARTESIAN_POINT('',(8.495871228768E0,8.499999368812E0,9.377923521874E0));
#1000=CARTESIAN_POINT('',(8.483213421421E0,8.499995999925E0,9.328724250739E0));
#1001=CARTESIAN_POINT('',(8.450422315478E0,8.499997783861E0,9.253303907015E0));
#1002=CARTESIAN_POINT('',(8.400171364671E0,8.499997615666E0,9.178445787921E0));
#1003=CARTESIAN_POINT('',(8.335834292918E0,8.499998113196E0,9.113026732812E0));
#1004=CARTESIAN_POINT('',(8.260428729057E0,8.499998479967E0,9.060749568891E0));
#1005=CARTESIAN_POINT('',(8.178116655527E0,8.499999077020E0,9.023958397763E0));
#1006=CARTESIAN_POINT('',(8.095848295569E0,8.499999117033E0,9.003890111080E0));
#1007=CARTESIAN_POINT('',(8.042940460475E0,8.500000412591E0,9.000001315812E0));
#1008=CARTESIAN_POINT('',(8.018336427914E0,8.500000553192E0,9.000000121395E0));
#1010=CURVE_STYLE('',#57,POSITIVE_LENGTH_MEASURE(2.E-2),#16);
#1011=PRESENTATION_STYLE_ASSIGNMENT((#1010));
#1012=STYLED_ITEM('',(#1011),#1009);
#1013=CARTESIAN_POINT('',(7.981663572086E0,8.499999446808E0,9.000000121395E0));
#1014=CARTESIAN_POINT('',(7.981663622834E0,8.499245216402E0,9.000000121395E0));
#1015=CARTESIAN_POINT('',(7.981780593321E0,8.497301605931E0,9.000000225515E0));
#1016=CARTESIAN_POINT('',(7.982505786924E0,8.494081354263E0,9.000000168503E0));
#1017=CARTESIAN_POINT('',(7.984128649047E0,8.490537904238E0,9.000000185734E0));
#1018=CARTESIAN_POINT('',(7.986527760057E0,8.487348727453E0,9.000000181117E0));
#1019=CARTESIAN_POINT('',(7.989559775770E0,8.484754158016E0,9.000000182355E0));
#1020=CARTESIAN_POINT('',(7.992995137499E0,8.482911934292E0,9.000000182021E0));
#1021=CARTESIAN_POINT('',(7.995970824310E0,8.482041658904E0,9.000000182102E0));
#1022=CARTESIAN_POINT('',(7.998309912454E0,8.481714348172E0,9.000000182091E0));
#1023=CARTESIAN_POINT('',(7.999999976997E0,8.481638079673E0,9.000000182094E0));
#1024=CARTESIAN_POINT('',(8.001690041731E0,8.481714343937E0,9.000000182091E0));
#1025=CARTESIAN_POINT('',(8.004029130695E0,8.482041648809E0,9.000000182102E0));
#1026=CARTESIAN_POINT('',(8.007004819686E0,8.482911916741E0,9.000000182021E0));
#1027=CARTESIAN_POINT('',(8.010440186032E0,8.484754131858E0,9.000000182355E0));
#1028=CARTESIAN_POINT('',(8.013472208244E0,8.487348693698E0,9.000000181118E0));
#1029=CARTESIAN_POINT('',(8.015871327248E0,8.490537864474E0,9.000000185732E0));
#1030=CARTESIAN_POINT('',(8.017494198239E0,8.494081310433E0,9.000000168512E0));
#1031=CARTESIAN_POINT('',(8.018219491542E0,8.497301967025E0,9.000000225492E0));
#1032=CARTESIAN_POINT('',(8.018336422578E0,8.499245957283E0,9.000000121395E0));
#1033=CARTESIAN_POINT('',(8.018336427914E0,8.500000553192E0,9.000000121395E0));
#1035=CURVE_STYLE('',#57,POSITIVE_LENGTH_MEASURE(2.E-2),#16);
#1036=PRESENTATION_STYLE_ASSIGNMENT((#1035));
#1037=STYLED_ITEM('',(#1036),#1034);
#1038=CARTESIAN_POINT('',(8.018336427914E0,8.500000553192E0,9.000000121395E0));
#1039=CARTESIAN_POINT('',(8.018336377165E0,8.500754783598E0,9.000000121395E0));
#1040=CARTESIAN_POINT('',(8.018219406679E0,8.502698394069E0,9.000000225515E0));
#1041=CARTESIAN_POINT('',(8.017494213077E0,8.505918645737E0,9.000000168503E0));
#1042=CARTESIAN_POINT('',(8.015871350953E0,8.509462095762E0,9.000000185734E0));
#1043=CARTESIAN_POINT('',(8.013472239943E0,8.512651272548E0,9.000000181117E0));
#1044=CARTESIAN_POINT('',(8.010440224231E0,8.515245841984E0,9.000000182355E0));
#1045=CARTESIAN_POINT('',(8.007004862501E0,8.517088065709E0,9.000000182021E0));
#1046=CARTESIAN_POINT('',(8.004029175690E0,8.517958341096E0,9.000000182102E0));
#1047=CARTESIAN_POINT('',(8.001690087546E0,8.518285651828E0,9.000000182091E0));
#1048=CARTESIAN_POINT('',(8.000000023003E0,8.518361920327E0,9.000000182094E0));
#1049=CARTESIAN_POINT('',(7.998309958269E0,8.518285656063E0,9.000000182091E0));
#1050=CARTESIAN_POINT('',(7.995970869305E0,8.517958351191E0,9.000000182102E0));
#1051=CARTESIAN_POINT('',(7.992995180314E0,8.517088083259E0,9.000000182021E0));
#1052=CARTESIAN_POINT('',(7.989559813968E0,8.515245868142E0,9.000000182355E0));
#1053=CARTESIAN_POINT('',(7.986527791756E0,8.512651306303E0,9.000000181118E0));
#1054=CARTESIAN_POINT('',(7.984128672752E0,8.509462135526E0,9.000000185732E0));
#1055=CARTESIAN_POINT('',(7.982505801761E0,8.505918689567E0,9.000000168512E0));
#1056=CARTESIAN_POINT('',(7.981780508457E0,8.502698032975E0,9.000000225492E0));
#1057=CARTESIAN_POINT('',(7.981663577422E0,8.500754042717E0,9.000000121395E0));
#1058=CARTESIAN_POINT('',(7.981663572086E0,8.499999446808E0,9.000000121395E0));
#1060=CURVE_STYLE('',#57,POSITIVE_LENGTH_MEASURE(2.E-2),#16);
#1061=PRESENTATION_STYLE_ASSIGNMENT((#1060));
#1062=STYLED_ITEM('',(#1061),#1059);
#1063=CARTESIAN_POINT('',(7.500002224872E0,8.500000654770E0,9.400000040755E0));
#1064=CARTESIAN_POINT('',(7.504128771232E0,8.500000631188E0,9.377923521874E0));
#1065=CARTESIAN_POINT('',(7.516786578579E0,8.500004000075E0,9.328724250738E0));
#1066=CARTESIAN_POINT('',(7.549577684522E0,8.500002216139E0,9.253303907015E0));
#1067=CARTESIAN_POINT('',(7.599828635329E0,8.500002384334E0,9.178445787921E0));
#1068=CARTESIAN_POINT('',(7.664165707082E0,8.500001886804E0,9.113026732812E0));
#1069=CARTESIAN_POINT('',(7.739571270943E0,8.500001520033E0,9.060749568891E0));
#1070=CARTESIAN_POINT('',(7.821883344473E0,8.500000922980E0,9.023958397763E0));
#1071=CARTESIAN_POINT('',(7.904151704431E0,8.500000882966E0,9.003890111080E0));
#1072=CARTESIAN_POINT('',(7.957059539525E0,8.499999587409E0,9.000001315812E0));
#1073=CARTESIAN_POINT('',(7.981663572086E0,8.499999446808E0,9.000000121395E0));
#1075=CURVE_STYLE('',#57,POSITIVE_LENGTH_MEASURE(2.E-2),#16);
#1076=PRESENTATION_STYLE_ASSIGNMENT((#1075));
#1077=STYLED_ITEM('',(#1076),#1074);
#1078=CARTESIAN_POINT('',(-8.499997766012E0,8.499999343600E0,
-9.400000023794E0));
#1079=CARTESIAN_POINT('',(-8.495831103317E0,8.499999367574E0,
-9.377708972152E0));
#1080=CARTESIAN_POINT('',(-8.483023925920E0,8.499995974020E0,
-9.328056149512E0));
#1081=CARTESIAN_POINT('',(-8.449737864007E0,8.499997772283E0,
-9.251948207650E0));
#1082=CARTESIAN_POINT('',(-8.398669052401E0,8.499997607818E0,
-9.176520189172E0));
#1083=CARTESIAN_POINT('',(-8.333253469211E0,8.499998115873E0,
-9.110788048149E0));
#1084=CARTESIAN_POINT('',(-8.256624722903E0,8.499998488410E0,
-9.058558399236E0));
#1085=CARTESIAN_POINT('',(-8.173100202787E0,8.499999110794E0,
-9.022212332256E0));
#1086=CARTESIAN_POINT('',(-8.092173756622E0,8.499999105378E0,
-9.003471602982E0));
#1087=CARTESIAN_POINT('',(-8.041013683497E0,8.500000412060E0,
-9.000001935389E0));
#1088=CARTESIAN_POINT('',(-8.018336818334E0,8.500000542538E0,
-9.000000392405E0));
#1090=CURVE_STYLE('',#57,POSITIVE_LENGTH_MEASURE(2.E-2),#16);
#1091=PRESENTATION_STYLE_ASSIGNMENT((#1090));
#1092=STYLED_ITEM('',(#1091),#1089);
#1093=CARTESIAN_POINT('',(-7.981663181666E0,8.499999457462E0,
-9.000000392405E0));
#1094=CARTESIAN_POINT('',(-7.981663231979E0,8.499245195692E0,
-9.000000392405E0));
#1095=CARTESIAN_POINT('',(-7.981779695763E0,8.497301509063E0,
-9.000000729002E0));
#1096=CARTESIAN_POINT('',(-7.982505196775E0,8.494081133070E0,
-9.000000544694E0));
#1097=CARTESIAN_POINT('',(-7.984128035148E0,8.490537549922E0,
-9.000000600400E0));
#1098=CARTESIAN_POINT('',(-7.986527258734E0,8.487348253284E0,
-9.000000585473E0));
#1099=CARTESIAN_POINT('',(-7.989559382110E0,8.484753586306E0,
-9.000000589475E0));
#1100=CARTESIAN_POINT('',(-7.992994874391E0,8.482911293289E0,
-9.000000588396E0));
#1101=CARTESIAN_POINT('',(-7.995970672496E0,8.482040985130E0,
-9.000000588657E0));
#1102=CARTESIAN_POINT('',(-7.998309848494E0,8.481713662038E0,
-9.000000588622E0));
#1103=CARTESIAN_POINT('',(-7.999999976472E0,8.481637390628E0,
-9.000000588631E0));
#1104=CARTESIAN_POINT('',(-8.001690104645E0,8.481713657707E0,
-9.000000588622E0));
#1105=CARTESIAN_POINT('',(-8.004029281483E0,8.482040974804E0,
-9.000000588657E0));
#1106=CARTESIAN_POINT('',(-8.007005081818E0,8.482911275338E0,
-9.000000588396E0));
#1107=CARTESIAN_POINT('',(-8.010440578818E0,8.484753559551E0,
-9.000000589474E0));
#1108=CARTESIAN_POINT('',(-8.013472708848E0,8.487348218759E0,
-9.000000585475E0));
#1109=CARTESIAN_POINT('',(-8.015871940594E0,8.490537509250E0,
-9.000000600392E0));
#1110=CARTESIAN_POINT('',(-8.017494788095E0,8.494081088234E0,
-9.000000544724E0));
#1111=CARTESIAN_POINT('',(-8.018220387227E0,8.497301861981E0,
-9.000000728929E0));
#1112=CARTESIAN_POINT('',(-8.018336812560E0,8.499245921685E0,
-9.000000392405E0));
#1113=CARTESIAN_POINT('',(-8.018336818334E0,8.500000542538E0,
-9.000000392405E0));
#1115=CURVE_STYLE('',#57,POSITIVE_LENGTH_MEASURE(2.E-2),#16);
#1116=PRESENTATION_STYLE_ASSIGNMENT((#1115));
#1117=STYLED_ITEM('',(#1116),#1114);
#1118=CARTESIAN_POINT('',(-8.018336818334E0,8.500000542538E0,
-9.000000392405E0));
#1119=CARTESIAN_POINT('',(-8.018336768021E0,8.500754804308E0,
-9.000000392405E0));
#1120=CARTESIAN_POINT('',(-8.018220304237E0,8.502698490937E0,
-9.000000729002E0));
#1121=CARTESIAN_POINT('',(-8.017494803225E0,8.505918866930E0,
-9.000000544694E0));
#1122=CARTESIAN_POINT('',(-8.015871964852E0,8.509462450078E0,
-9.000000600400E0));
#1123=CARTESIAN_POINT('',(-8.013472741266E0,8.512651746716E0,
-9.000000585473E0));
#1124=CARTESIAN_POINT('',(-8.010440617890E0,8.515246413694E0,
-9.000000589475E0));
#1125=CARTESIAN_POINT('',(-8.007005125609E0,8.517088706711E0,
-9.000000588396E0));
#1126=CARTESIAN_POINT('',(-8.004029327504E0,8.517959014870E0,
-9.000000588657E0));
#1127=CARTESIAN_POINT('',(-8.001690151506E0,8.518286337962E0,
-9.000000588622E0));
#1128=CARTESIAN_POINT('',(-8.000000023528E0,8.518362609372E0,
-9.000000588631E0));
#1129=CARTESIAN_POINT('',(-7.998309895354E0,8.518286342293E0,
-9.000000588622E0));
#1130=CARTESIAN_POINT('',(-7.995970718517E0,8.517959025196E0,
-9.000000588657E0));
#1131=CARTESIAN_POINT('',(-7.992994918182E0,8.517088724662E0,
-9.000000588396E0));
#1132=CARTESIAN_POINT('',(-7.989559421182E0,8.515246440449E0,
-9.000000589474E0));
#1133=CARTESIAN_POINT('',(-7.986527291152E0,8.512651781241E0,
-9.000000585475E0));
#1134=CARTESIAN_POINT('',(-7.984128059406E0,8.509462490750E0,
-9.000000600392E0));
#1135=CARTESIAN_POINT('',(-7.982505211905E0,8.505918911766E0,
-9.000000544724E0));
#1136=CARTESIAN_POINT('',(-7.981779612773E0,8.502698138019E0,
-9.000000728929E0));
#1137=CARTESIAN_POINT('',(-7.981663187440E0,8.500754078315E0,
-9.000000392405E0));
#1138=CARTESIAN_POINT('',(-7.981663181666E0,8.499999457462E0,
-9.000000392405E0));
#1140=CURVE_STYLE('',#57,POSITIVE_LENGTH_MEASURE(2.E-2),#16);
#1141=PRESENTATION_STYLE_ASSIGNMENT((#1140));
#1142=STYLED_ITEM('',(#1141),#1139);
#1143=CARTESIAN_POINT('',(-7.500002233988E0,8.500000656400E0,
-9.400000023794E0));
#1144=CARTESIAN_POINT('',(-7.504168896683E0,8.500000632426E0,
-9.377708972152E0));
#1145=CARTESIAN_POINT('',(-7.516976074080E0,8.500004025981E0,
-9.328056149512E0));
#1146=CARTESIAN_POINT('',(-7.550262135993E0,8.500002227717E0,
-9.251948207650E0));
#1147=CARTESIAN_POINT('',(-7.601330947599E0,8.500002392182E0,
-9.176520189172E0));
#1148=CARTESIAN_POINT('',(-7.666746530789E0,8.500001884127E0,
-9.110788048149E0));
#1149=CARTESIAN_POINT('',(-7.743375277097E0,8.500001511590E0,
-9.058558399236E0));
#1150=CARTESIAN_POINT('',(-7.826899797214E0,8.500000889206E0,
-9.022212332256E0));
#1151=CARTESIAN_POINT('',(-7.907826243378E0,8.500000894622E0,
-9.003471602982E0));
#1152=CARTESIAN_POINT('',(-7.958986316503E0,8.499999587940E0,
-9.000001935389E0));
#1153=CARTESIAN_POINT('',(-7.981663181666E0,8.499999457462E0,
-9.000000392405E0));
#1155=CURVE_STYLE('',#57,POSITIVE_LENGTH_MEASURE(2.E-2),#16);
#1156=PRESENTATION_STYLE_ASSIGNMENT((#1155));
#1157=STYLED_ITEM('',(#1156),#1154);
#1158=CARTESIAN_POINT('',(7.500002233988E0,8.499999343600E0,-9.400000023794E0));
#1159=CARTESIAN_POINT('',(7.504168896683E0,8.499999367574E0,-9.377708972152E0));
#1160=CARTESIAN_POINT('',(7.516976074080E0,8.499995974019E0,-9.328056149512E0));
#1161=CARTESIAN_POINT('',(7.550262135993E0,8.499997772283E0,-9.251948207650E0));
#1162=CARTESIAN_POINT('',(7.601330947599E0,8.499997607818E0,-9.176520189172E0));
#1163=CARTESIAN_POINT('',(7.666746530789E0,8.499998115873E0,-9.110788048149E0));
#1164=CARTESIAN_POINT('',(7.743375277097E0,8.499998488410E0,-9.058558399236E0));
#1165=CARTESIAN_POINT('',(7.826899797213E0,8.499999110794E0,-9.022212332256E0));
#1166=CARTESIAN_POINT('',(7.907826243378E0,8.499999105378E0,-9.003471602982E0));
#1167=CARTESIAN_POINT('',(7.958986316503E0,8.500000412060E0,-9.000001935389E0));
#1168=CARTESIAN_POINT('',(7.981663181666E0,8.500000542538E0,-9.000000392405E0));
#1170=CURVE_STYLE('',#57,POSITIVE_LENGTH_MEASURE(2.E-2),#16);
#1171=PRESENTATION_STYLE_ASSIGNMENT((#1170));
#1172=STYLED_ITEM('',(#1171),#1169);
#1173=CARTESIAN_POINT('',(8.018336818334E0,8.499999457462E0,-9.000000392405E0));
#1174=CARTESIAN_POINT('',(8.018336768021E0,8.499245195692E0,-9.000000392405E0));
#1175=CARTESIAN_POINT('',(8.018220304237E0,8.497301509063E0,-9.000000729002E0));
#1176=CARTESIAN_POINT('',(8.017494803225E0,8.494081133070E0,-9.000000544694E0));
#1177=CARTESIAN_POINT('',(8.015871964852E0,8.490537549922E0,-9.000000600400E0));
#1178=CARTESIAN_POINT('',(8.013472741266E0,8.487348253284E0,-9.000000585473E0));
#1179=CARTESIAN_POINT('',(8.010440617890E0,8.484753586306E0,-9.000000589475E0));
#1180=CARTESIAN_POINT('',(8.007005125609E0,8.482911293289E0,-9.000000588396E0));
#1181=CARTESIAN_POINT('',(8.004029327504E0,8.482040985130E0,-9.000000588657E0));
#1182=CARTESIAN_POINT('',(8.001690151506E0,8.481713662038E0,-9.000000588622E0));
#1183=CARTESIAN_POINT('',(8.000000023528E0,8.481637390628E0,-9.000000588631E0));
#1184=CARTESIAN_POINT('',(7.998309895354E0,8.481713657707E0,-9.000000588622E0));
#1185=CARTESIAN_POINT('',(7.995970718517E0,8.482040974804E0,-9.000000588657E0));
#1186=CARTESIAN_POINT('',(7.992994918182E0,8.482911275338E0,-9.000000588396E0));
#1187=CARTESIAN_POINT('',(7.989559421182E0,8.484753559551E0,-9.000000589474E0));
#1188=CARTESIAN_POINT('',(7.986527291152E0,8.487348218759E0,-9.000000585475E0));
#1189=CARTESIAN_POINT('',(7.984128059406E0,8.490537509250E0,-9.000000600392E0));
#1190=CARTESIAN_POINT('',(7.982505211905E0,8.494081088234E0,-9.000000544724E0));
#1191=CARTESIAN_POINT('',(7.981779612773E0,8.497301861981E0,-9.000000728929E0));
#1192=CARTESIAN_POINT('',(7.981663187440E0,8.499245921685E0,-9.000000392405E0));
#1193=CARTESIAN_POINT('',(7.981663181666E0,8.500000542538E0,-9.000000392405E0));
#1195=CURVE_STYLE('',#57,POSITIVE_LENGTH_MEASURE(2.E-2),#16);
#1196=PRESENTATION_STYLE_ASSIGNMENT((#1195));
#1197=STYLED_ITEM('',(#1196),#1194);
#1198=CARTESIAN_POINT('',(7.981663181666E0,8.500000542538E0,-9.000000392405E0));
#1199=CARTESIAN_POINT('',(7.981663231979E0,8.500754804308E0,-9.000000392405E0));
#1200=CARTESIAN_POINT('',(7.981779695763E0,8.502698490937E0,-9.000000729002E0));
#1201=CARTESIAN_POINT('',(7.982505196775E0,8.505918866930E0,-9.000000544694E0));
#1202=CARTESIAN_POINT('',(7.984128035148E0,8.509462450078E0,-9.000000600400E0));
#1203=CARTESIAN_POINT('',(7.986527258734E0,8.512651746715E0,-9.000000585473E0));
#1204=CARTESIAN_POINT('',(7.989559382110E0,8.515246413694E0,-9.000000589475E0));
#1205=CARTESIAN_POINT('',(7.992994874391E0,8.517088706711E0,-9.000000588396E0));
#1206=CARTESIAN_POINT('',(7.995970672496E0,8.517959014870E0,-9.000000588657E0));
#1207=CARTESIAN_POINT('',(7.998309848494E0,8.518286337962E0,-9.000000588622E0));
#1208=CARTESIAN_POINT('',(7.999999976472E0,8.518362609372E0,-9.000000588631E0));
#1209=CARTESIAN_POINT('',(8.001690104646E0,8.518286342293E0,-9.000000588622E0));
#1210=CARTESIAN_POINT('',(8.004029281483E0,8.517959025196E0,-9.000000588657E0));
#1211=CARTESIAN_POINT('',(8.007005081818E0,8.517088724662E0,-9.000000588396E0));
#1212=CARTESIAN_POINT('',(8.010440578818E0,8.515246440449E0,-9.000000589474E0));
#1213=CARTESIAN_POINT('',(8.013472708848E0,8.512651781241E0,-9.000000585475E0));
#1214=CARTESIAN_POINT('',(8.015871940594E0,8.509462490750E0,-9.000000600392E0));
#1215=CARTESIAN_POINT('',(8.017494788095E0,8.505918911766E0,-9.000000544724E0));
#1216=CARTESIAN_POINT('',(8.018220387227E0,8.502698138019E0,-9.000000728929E0));
#1217=CARTESIAN_POINT('',(8.018336812560E0,8.500754078315E0,-9.000000392405E0));
#1218=CARTESIAN_POINT('',(8.018336818334E0,8.499999457462E0,-9.000000392405E0));
#1220=CURVE_STYLE('',#57,POSITIVE_LENGTH_MEASURE(2.E-2),#16);
#1221=PRESENTATION_STYLE_ASSIGNMENT((#1220));
#1222=STYLED_ITEM('',(#1221),#1219);
#1223=CARTESIAN_POINT('',(8.499997766012E0,8.500000656400E0,-9.400000023794E0));
#1224=CARTESIAN_POINT('',(8.495831103317E0,8.500000632426E0,-9.377708972152E0));
#1225=CARTESIAN_POINT('',(8.483023925920E0,8.500004025981E0,-9.328056149513E0));
#1226=CARTESIAN_POINT('',(8.449737864007E0,8.500002227717E0,-9.251948207650E0));
#1227=CARTESIAN_POINT('',(8.398669052401E0,8.500002392182E0,-9.176520189172E0));
#1228=CARTESIAN_POINT('',(8.333253469211E0,8.500001884127E0,-9.110788048149E0));
#1229=CARTESIAN_POINT('',(8.256624722903E0,8.500001511590E0,-9.058558399236E0));
#1230=CARTESIAN_POINT('',(8.173100202787E0,8.500000889206E0,-9.022212332256E0));
#1231=CARTESIAN_POINT('',(8.092173756622E0,8.500000894622E0,-9.003471602982E0));
#1232=CARTESIAN_POINT('',(8.041013683497E0,8.499999587940E0,-9.000001935389E0));
#1233=CARTESIAN_POINT('',(8.018336818334E0,8.499999457462E0,-9.000000392405E0));
#1235=CURVE_STYLE('',#57,POSITIVE_LENGTH_MEASURE(2.E-2),#16);
#1236=PRESENTATION_STYLE_ASSIGNMENT((#1235));
#1237=STYLED_ITEM('',(#1236),#1234);
#1238=CARTESIAN_POINT('',(-8.674264068712E0,8.500000000002E0,-9.55E0));
#1239=DIRECTION('',(2.877116513783E-12,1.E0,0.E0));
#1240=DIRECTION('',(9.428090415821E-1,-2.711904774818E-12,-3.333333333333E-1));
#1241=AXIS2_PLACEMENT_3D('',#1238,#1239,#1240);
#1243=CURVE_STYLE('',#57,POSITIVE_LENGTH_MEASURE(2.E-2),#16);
#1244=PRESENTATION_STYLE_ASSIGNMENT((#1243));
#1245=STYLED_ITEM('',(#1244),#1242);
#1246=CARTESIAN_POINT('',(-7.325735931288E0,8.499999999998E0,-9.55E0));
#1247=DIRECTION('',(-2.872754117922E-12,-1.E0,0.E0));
#1248=DIRECTION('',(-9.428090415821E-1,2.707957315175E-12,-3.333333333333E-1));
#1249=AXIS2_PLACEMENT_3D('',#1246,#1247,#1248);
#1251=CURVE_STYLE('',#57,POSITIVE_LENGTH_MEASURE(2.E-2),#16);
#1252=PRESENTATION_STYLE_ASSIGNMENT((#1251));
#1253=STYLED_ITEM('',(#1252),#1250);
#1254=CARTESIAN_POINT('',(-8.250005666247E0,8.500236433312E0,-9.7E0));
#1255=CARTESIAN_POINT('',(-8.250005666247E0,8.469754043130E0,-9.7E0));
#1256=CARTESIAN_POINT('',(-8.239888106993E0,8.413617807732E0,-9.7E0));
#1257=CARTESIAN_POINT('',(-8.195377636088E0,8.335943754042E0,-9.7E0));
#1258=CARTESIAN_POINT('',(-8.129054904995E0,8.280101442281E0,-9.7E0));
#1259=CARTESIAN_POINT('',(-8.045926762952E0,8.249008105940E0,-9.7E0));
#1260=CARTESIAN_POINT('',(-7.957517809095E0,8.248442762352E0,-9.7E0));
#1261=CARTESIAN_POINT('',(-7.874125968444E0,8.278206326241E0,-9.7E0));
#1262=CARTESIAN_POINT('',(-7.806352026586E0,8.333785336805E0,-9.7E0));
#1263=CARTESIAN_POINT('',(-7.760708241079E0,8.411508534081E0,-9.7E0));
#1264=CARTESIAN_POINT('',(-7.749994333753E0,8.469185111547E0,-9.7E0));
#1265=CARTESIAN_POINT('',(-7.749994333753E0,8.499763566688E0,-9.7E0));
#1267=CURVE_STYLE('',#57,POSITIVE_LENGTH_MEASURE(2.E-2),#16);
#1268=PRESENTATION_STYLE_ASSIGNMENT((#1267));
#1269=STYLED_ITEM('',(#1268),#1266);
#1270=CARTESIAN_POINT('',(-7.749994333753E0,8.499763566688E0,-9.7E0));
#1271=CARTESIAN_POINT('',(-7.749994333753E0,8.530245956870E0,-9.7E0));
#1272=CARTESIAN_POINT('',(-7.760111893007E0,8.586382192268E0,-9.7E0));
#1273=CARTESIAN_POINT('',(-7.804622363912E0,8.664056245958E0,-9.7E0));
#1274=CARTESIAN_POINT('',(-7.870945095005E0,8.719898557719E0,-9.7E0));
#1275=CARTESIAN_POINT('',(-7.954073237048E0,8.750991894060E0,-9.7E0));
#1276=CARTESIAN_POINT('',(-8.042482190905E0,8.751557237648E0,-9.7E0));
#1277=CARTESIAN_POINT('',(-8.125874031556E0,8.721793673759E0,-9.7E0));
#1278=CARTESIAN_POINT('',(-8.193647973414E0,8.666214663195E0,-9.7E0));
#1279=CARTESIAN_POINT('',(-8.239291758921E0,8.588491465919E0,-9.7E0));
#1280=CARTESIAN_POINT('',(-8.250005666247E0,8.530814888453E0,-9.7E0));
#1281=CARTESIAN_POINT('',(-8.250005666247E0,8.500236433312E0,-9.7E0));
#1283=CURVE_STYLE('',#57,POSITIVE_LENGTH_MEASURE(2.E-2),#16);
#1284=PRESENTATION_STYLE_ASSIGNMENT((#1283));
#1285=STYLED_ITEM('',(#1284),#1282);
#1286=CARTESIAN_POINT('',(7.325735931288E0,8.500000000002E0,-9.55E0));
#1287=DIRECTION('',(2.872784909264E-12,1.E0,0.E0));
#1288=DIRECTION('',(9.428090415821E-1,-2.707957315175E-12,-3.333333333333E-1));
#1289=AXIS2_PLACEMENT_3D('',#1286,#1287,#1288);
#1291=CURVE_STYLE('',#57,POSITIVE_LENGTH_MEASURE(2.E-2),#16);
#1292=PRESENTATION_STYLE_ASSIGNMENT((#1291));
#1293=STYLED_ITEM('',(#1292),#1290);
#1294=CARTESIAN_POINT('',(8.674264068712E0,8.499999999998E0,-9.55E0));
#1295=DIRECTION('',(-2.876824212877E-12,-1.E0,0.E0));
#1296=DIRECTION('',(-9.428090415821E-1,2.711904774818E-12,-3.333333333333E-1));
#1297=AXIS2_PLACEMENT_3D('',#1294,#1295,#1296);
#1299=CURVE_STYLE('',#57,POSITIVE_LENGTH_MEASURE(2.E-2),#16);
#1300=PRESENTATION_STYLE_ASSIGNMENT((#1299));
#1301=STYLED_ITEM('',(#1300),#1298);
#1302=CARTESIAN_POINT('',(7.749994333753E0,8.500236433312E0,-9.7E0));
#1303=CARTESIAN_POINT('',(7.749994333753E0,8.469754043130E0,-9.7E0));
#1304=CARTESIAN_POINT('',(7.760111893007E0,8.413617807732E0,-9.7E0));
#1305=CARTESIAN_POINT('',(7.804622363912E0,8.335943754042E0,-9.7E0));
#1306=CARTESIAN_POINT('',(7.870945095005E0,8.280101442281E0,-9.7E0));
#1307=CARTESIAN_POINT('',(7.954073237048E0,8.249008105940E0,-9.7E0));
#1308=CARTESIAN_POINT('',(8.042482190905E0,8.248442762352E0,-9.7E0));
#1309=CARTESIAN_POINT('',(8.125874031556E0,8.278206326241E0,-9.7E0));
#1310=CARTESIAN_POINT('',(8.193647973414E0,8.333785336805E0,-9.7E0));
#1311=CARTESIAN_POINT('',(8.239291758921E0,8.411508534081E0,-9.7E0));
#1312=CARTESIAN_POINT('',(8.250005666247E0,8.469185111547E0,-9.7E0));
#1313=CARTESIAN_POINT('',(8.250005666247E0,8.499763566688E0,-9.7E0));
#1315=CURVE_STYLE('',#57,POSITIVE_LENGTH_MEASURE(2.E-2),#16);
#1316=PRESENTATION_STYLE_ASSIGNMENT((#1315));
#1317=STYLED_ITEM('',(#1316),#1314);
#1318=CARTESIAN_POINT('',(8.250005666247E0,8.499763566688E0,-9.7E0));
#1319=CARTESIAN_POINT('',(8.250005666247E0,8.530245956870E0,-9.7E0));
#1320=CARTESIAN_POINT('',(8.239888106993E0,8.586382192268E0,-9.7E0));
#1321=CARTESIAN_POINT('',(8.195377636088E0,8.664056245958E0,-9.7E0));
#1322=CARTESIAN_POINT('',(8.129054904995E0,8.719898557719E0,-9.7E0));
#1323=CARTESIAN_POINT('',(8.045926762952E0,8.750991894060E0,-9.7E0));
#1324=CARTESIAN_POINT('',(7.957517809095E0,8.751557237648E0,-9.7E0));
#1325=CARTESIAN_POINT('',(7.874125968444E0,8.721793673759E0,-9.7E0));
#1326=CARTESIAN_POINT('',(7.806352026586E0,8.666214663195E0,-9.7E0));
#1327=CARTESIAN_POINT('',(7.760708241079E0,8.588491465919E0,-9.7E0));
#1328=CARTESIAN_POINT('',(7.749994333753E0,8.530814888453E0,-9.7E0));
#1329=CARTESIAN_POINT('',(7.749994333753E0,8.500236433312E0,-9.7E0));
#1331=CURVE_STYLE('',#57,POSITIVE_LENGTH_MEASURE(2.E-2),#16);
#1332=PRESENTATION_STYLE_ASSIGNMENT((#1331));
#1333=STYLED_ITEM('',(#1332),#1330);
#1334=CARTESIAN_POINT('',(-1.53E1,0.E0,-9.3E0));
#1335=CARTESIAN_POINT('',(1.53E1,0.E0,-9.3E0));
#1336=VERTEX_POINT('',#1334);
#1337=VERTEX_POINT('',#1335);
#1338=CARTESIAN_POINT('',(-1.53E1,0.E0,9.3E0));
#1339=VERTEX_POINT('',#1338);
#1340=CARTESIAN_POINT('',(1.53E1,0.E0,9.3E0));
#1341=VERTEX_POINT('',#1340);
#1342=CARTESIAN_POINT('',(1.53E1,7.E-1,-1.E1));
#1343=CARTESIAN_POINT('',(-1.53E1,7.E-1,-1.E1));
#1344=VERTEX_POINT('',#1342);
#1345=VERTEX_POINT('',#1343);
#1346=CARTESIAN_POINT('',(-7.325736816705E0,8.498907292650E0,-1.E1));
#1347=CARTESIAN_POINT('',(-8.674263183295E0,8.501092707350E0,-1.E1));
#1348=VERTEX_POINT('',#1346);
#1349=VERTEX_POINT('',#1347);
#1350=CARTESIAN_POINT('',(8.674263183295E0,8.498907292650E0,-1.E1));
#1351=CARTESIAN_POINT('',(7.325736816705E0,8.501092707350E0,-1.E1));
#1352=VERTEX_POINT('',#1350);
#1353=VERTEX_POINT('',#1351);
#1354=CARTESIAN_POINT('',(1.6E1,7.E-1,-9.3E0));
#1355=VERTEX_POINT('',#1354);
#1356=CARTESIAN_POINT('',(1.6E1,7.E-1,9.3E0));
#1357=VERTEX_POINT('',#1356);
#1358=CARTESIAN_POINT('',(1.53E1,7.E-1,1.E1));
#1359=VERTEX_POINT('',#1358);
#1360=CARTESIAN_POINT('',(-1.53E1,7.E-1,1.E1));
#1361=VERTEX_POINT('',#1360);
#1362=CARTESIAN_POINT('',(-1.6E1,7.E-1,9.3E0));
#1363=VERTEX_POINT('',#1362);
#1364=CARTESIAN_POINT('',(-1.6E1,7.E-1,-9.3E0));
#1365=VERTEX_POINT('',#1364);
#1366=CARTESIAN_POINT('',(-8.674264068712E0,8.5E0,1.E1));
#1367=CARTESIAN_POINT('',(-7.325735931288E0,8.5E0,1.E1));
#1368=VERTEX_POINT('',#1366);
#1369=VERTEX_POINT('',#1367);
#1370=CARTESIAN_POINT('',(7.325735931288E0,8.5E0,1.E1));
#1371=CARTESIAN_POINT('',(8.674264068712E0,8.5E0,1.E1));
#1372=VERTEX_POINT('',#1370);
#1373=VERTEX_POINT('',#1371);
#1374=CARTESIAN_POINT('',(-8.25E0,8.499999999999E0,9.7E0));
#1375=VERTEX_POINT('',#1374);
#1376=CARTESIAN_POINT('',(-7.750000961414E0,8.500693329639E0,9.7E0));
#1377=VERTEX_POINT('',#1376);
#1378=CARTESIAN_POINT('',(7.75E0,8.499999999999E0,9.7E0));
#1379=VERTEX_POINT('',#1378);
#1380=CARTESIAN_POINT('',(8.249999038586E0,8.500693329639E0,9.7E0));
#1381=VERTEX_POINT('',#1380);
#1382=CARTESIAN_POINT('',(-1.54E1,7.E-1,9.3E0));
#1383=CARTESIAN_POINT('',(-1.54E1,7.E-1,-9.3E0));
#1384=VERTEX_POINT('',#1382);
#1385=VERTEX_POINT('',#1383);
#1386=CARTESIAN_POINT('',(-1.53E1,7.E-1,-9.4E0));
#1387=VERTEX_POINT('',#1386);
#1388=CARTESIAN_POINT('',(1.53E1,7.E-1,-9.4E0));
#1389=VERTEX_POINT('',#1388);
#1390=VERTEX_POINT('',#510);
#1391=VERTEX_POINT('',#530);
#1392=VERTEX_POINT('',#560);
#1393=VERTEX_POINT('',#580);
#1394=CARTESIAN_POINT('',(1.54E1,7.E-1,-9.3E0));
#1395=VERTEX_POINT('',#1394);
#1396=CARTESIAN_POINT('',(1.54E1,7.E-1,9.3E0));
#1397=VERTEX_POINT('',#1396);
#1398=CARTESIAN_POINT('',(1.53E1,7.E-1,9.4E0));
#1399=VERTEX_POINT('',#1398);
#1400=CARTESIAN_POINT('',(-1.53E1,7.E-1,9.4E0));
#1401=VERTEX_POINT('',#1400);
#1402=VERTEX_POINT('',#652);
#1403=VERTEX_POINT('',#672);
#1404=VERTEX_POINT('',#702);
#1405=VERTEX_POINT('',#722);
#1406=CARTESIAN_POINT('',(-1.53E1,6.E-1,9.3E0));
#1407=VERTEX_POINT('',#1406);
#1408=CARTESIAN_POINT('',(1.53E1,6.E-1,9.3E0));
#1409=VERTEX_POINT('',#1408);
#1410=CARTESIAN_POINT('',(1.53E1,6.E-1,-9.3E0));
#1411=CARTESIAN_POINT('',(-1.53E1,6.E-1,-9.3E0));
#1412=VERTEX_POINT('',#1410);
#1413=VERTEX_POINT('',#1411);
#1414=VERTEX_POINT('',#933);
#1415=VERTEX_POINT('',#953);
#1416=VERTEX_POINT('',#1013);
#1417=VERTEX_POINT('',#1033);
#1418=VERTEX_POINT('',#1093);
#1419=VERTEX_POINT('',#1113);
#1420=VERTEX_POINT('',#1173);
#1421=VERTEX_POINT('',#1193);
#1422=CARTESIAN_POINT('',(-7.75E0,8.499999999999E0,-9.7E0));
#1423=VERTEX_POINT('',#1422);
#1424=VERTEX_POINT('',#1254);
#1425=CARTESIAN_POINT('',(8.25E0,8.499999999999E0,-9.7E0));
#1426=VERTEX_POINT('',#1425);
#1427=VERTEX_POINT('',#1302);
#1428=CARTESIAN_POINT('',(1.53E1,1.03E1,-1.E1));
#1429=VERTEX_POINT('',#1428);
#1430=CARTESIAN_POINT('',(-1.53E1,1.03E1,-1.E1));
#1431=VERTEX_POINT('',#1430);
#1432=CARTESIAN_POINT('',(1.6E1,1.03E1,-9.3E0));
#1433=VERTEX_POINT('',#1432);
#1434=CARTESIAN_POINT('',(1.6E1,1.03E1,9.3E0));
#1435=VERTEX_POINT('',#1434);
#1436=CARTESIAN_POINT('',(1.53E1,1.03E1,1.E1));
#1437=VERTEX_POINT('',#1436);
#1438=CARTESIAN_POINT('',(-1.53E1,1.03E1,1.E1));
#1439=VERTEX_POINT('',#1438);
#1440=CARTESIAN_POINT('',(-1.6E1,1.03E1,9.3E0));
#1441=VERTEX_POINT('',#1440);
#1442=CARTESIAN_POINT('',(-1.6E1,1.03E1,-9.3E0));
#1443=VERTEX_POINT('',#1442);
#1444=CARTESIAN_POINT('',(-1.54E1,1.03E1,9.3E0));
#1445=CARTESIAN_POINT('',(-1.54E1,1.03E1,-9.3E0));
#1446=VERTEX_POINT('',#1444);
#1447=VERTEX_POINT('',#1445);
#1448=CARTESIAN_POINT('',(-1.53E1,1.03E1,9.4E0));
#1449=VERTEX_POINT('',#1448);
#1450=CARTESIAN_POINT('',(1.53E1,1.03E1,9.4E0));
#1451=VERTEX_POINT('',#1450);
#1452=CARTESIAN_POINT('',(1.54E1,1.03E1,9.3E0));
#1453=VERTEX_POINT('',#1452);
#1454=CARTESIAN_POINT('',(1.54E1,1.03E1,-9.3E0));
#1455=VERTEX_POINT('',#1454);
#1456=CARTESIAN_POINT('',(1.53E1,1.03E1,-9.4E0));
#1457=VERTEX_POINT('',#1456);
#1458=CARTESIAN_POINT('',(-1.53E1,1.03E1,-9.4E0));
#1459=VERTEX_POINT('',#1458);
#1460=CARTESIAN_POINT('',(0.E0,0.E0,0.E0));
#1461=DIRECTION('',(0.E0,1.E0,0.E0));
#1462=DIRECTION('',(1.E0,0.E0,0.E0));
#1463=AXIS2_PLACEMENT_3D('',#1460,#1461,#1462);
#1464=PLANE('',#1463);
#1466=ORIENTED_EDGE('',*,*,#1465,.F.);
#1468=ORIENTED_EDGE('',*,*,#1467,.F.);
#1470=ORIENTED_EDGE('',*,*,#1469,.F.);
#1472=ORIENTED_EDGE('',*,*,#1471,.F.);
#1473=EDGE_LOOP('',(#1466,#1468,#1470,#1472));
#1474=FACE_OUTER_BOUND('',#1473,.F.);
#1476=CARTESIAN_POINT('',(-5.77152E1,7.E-1,-9.3E0));
#1477=DIRECTION('',(1.E0,0.E0,0.E0));
#1478=DIRECTION('',(0.E0,-1.E0,0.E0));
#1479=AXIS2_PLACEMENT_3D('',#1476,#1477,#1478);
#1480=CYLINDRICAL_SURFACE('',#1479,7.E-1);
#1482=ORIENTED_EDGE('',*,*,#1481,.T.);
#1484=ORIENTED_EDGE('',*,*,#1483,.F.);
#1485=ORIENTED_EDGE('',*,*,#1465,.T.);
#1487=ORIENTED_EDGE('',*,*,#1486,.F.);
#1488=EDGE_LOOP('',(#1482,#1484,#1485,#1487));
#1489=FACE_OUTER_BOUND('',#1488,.F.);
#1491=CARTESIAN_POINT('',(1.6E1,0.E0,-1.E1));
#1492=DIRECTION('',(0.E0,0.E0,-1.E0));
#1493=DIRECTION('',(-1.E0,0.E0,0.E0));
#1494=AXIS2_PLACEMENT_3D('',#1491,#1492,#1493);
#1495=PLANE('',#1494);
#1497=ORIENTED_EDGE('',*,*,#1496,.F.);
#1499=ORIENTED_EDGE('',*,*,#1498,.F.);
#1501=ORIENTED_EDGE('',*,*,#1500,.F.);
#1502=ORIENTED_EDGE('',*,*,#1481,.F.);
#1503=EDGE_LOOP('',(#1497,#1499,#1501,#1502));
#1504=FACE_OUTER_BOUND('',#1503,.F.);
#1506=ORIENTED_EDGE('',*,*,#1505,.T.);
#1508=ORIENTED_EDGE('',*,*,#1507,.T.);
#1509=EDGE_LOOP('',(#1506,#1508));
#1510=FACE_BOUND('',#1509,.F.);
#1512=ORIENTED_EDGE('',*,*,#1511,.T.);
#1514=ORIENTED_EDGE('',*,*,#1513,.T.);
#1515=EDGE_LOOP('',(#1512,#1514));
#1516=FACE_BOUND('',#1515,.F.);
#1518=CARTESIAN_POINT('',(1.53E1,2.3036E1,-9.3E0));
#1519=DIRECTION('',(0.E0,-1.E0,0.E0));
#1520=DIRECTION('',(0.E0,0.E0,-1.E0));
#1521=AXIS2_PLACEMENT_3D('',#1518,#1519,#1520);
#1522=CYLINDRICAL_SURFACE('',#1521,7.E-1);
#1524=ORIENTED_EDGE('',*,*,#1523,.F.);
#1525=ORIENTED_EDGE('',*,*,#1496,.T.);
#1527=ORIENTED_EDGE('',*,*,#1526,.F.);
#1529=ORIENTED_EDGE('',*,*,#1528,.T.);
#1530=EDGE_LOOP('',(#1524,#1525,#1527,#1529));
#1531=FACE_OUTER_BOUND('',#1530,.F.);
#1533=CARTESIAN_POINT('',(0.E0,1.03E1,0.E0));
#1534=DIRECTION('',(0.E0,1.E0,0.E0));
#1535=DIRECTION('',(1.E0,0.E0,0.E0));
#1536=AXIS2_PLACEMENT_3D('',#1533,#1534,#1535);
#1537=PLANE('',#1536);
#1538=ORIENTED_EDGE('',*,*,#1523,.T.);
#1540=ORIENTED_EDGE('',*,*,#1539,.T.);
#1542=ORIENTED_EDGE('',*,*,#1541,.T.);
#1544=ORIENTED_EDGE('',*,*,#1543,.T.);
#1546=ORIENTED_EDGE('',*,*,#1545,.T.);
#1548=ORIENTED_EDGE('',*,*,#1547,.T.);
#1550=ORIENTED_EDGE('',*,*,#1549,.T.);
#1551=ORIENTED_EDGE('',*,*,#1498,.T.);
#1552=EDGE_LOOP('',(#1538,#1540,#1542,#1544,#1546,#1548,#1550,#1551));
#1553=FACE_OUTER_BOUND('',#1552,.F.);
#1555=ORIENTED_EDGE('',*,*,#1554,.F.);
#1557=ORIENTED_EDGE('',*,*,#1556,.T.);
#1559=ORIENTED_EDGE('',*,*,#1558,.F.);
#1561=ORIENTED_EDGE('',*,*,#1560,.T.);
#1563=ORIENTED_EDGE('',*,*,#1562,.F.);
#1565=ORIENTED_EDGE('',*,*,#1564,.T.);
#1567=ORIENTED_EDGE('',*,*,#1566,.F.);
#1569=ORIENTED_EDGE('',*,*,#1568,.T.);
#1570=EDGE_LOOP('',(#1555,#1557,#1559,#1561,#1563,#1565,#1567,#1569));
#1571=FACE_BOUND('',#1570,.F.);
#1573=CARTESIAN_POINT('',(1.6E1,0.E0,1.E1));
#1574=DIRECTION('',(1.E0,0.E0,0.E0));
#1575=DIRECTION('',(0.E0,0.E0,-1.E0));
#1576=AXIS2_PLACEMENT_3D('',#1573,#1574,#1575);
#1577=PLANE('',#1576);
#1578=ORIENTED_EDGE('',*,*,#1528,.F.);
#1580=ORIENTED_EDGE('',*,*,#1579,.F.);
#1582=ORIENTED_EDGE('',*,*,#1581,.F.);
#1583=ORIENTED_EDGE('',*,*,#1539,.F.);
#1584=EDGE_LOOP('',(#1578,#1580,#1582,#1583));
#1585=FACE_OUTER_BOUND('',#1584,.F.);
#1587=CARTESIAN_POINT('',(1.53E1,7.E-1,-3.6072E1));
#1588=DIRECTION('',(0.E0,0.E0,1.E0));
#1589=DIRECTION('',(0.E0,-1.E0,0.E0));
#1590=AXIS2_PLACEMENT_3D('',#1587,#1588,#1589);
#1591=CYLINDRICAL_SURFACE('',#1590,7.E-1);
#1592=ORIENTED_EDGE('',*,*,#1471,.T.);
#1594=ORIENTED_EDGE('',*,*,#1593,.F.);
#1595=ORIENTED_EDGE('',*,*,#1579,.T.);
#1597=ORIENTED_EDGE('',*,*,#1596,.F.);
#1598=EDGE_LOOP('',(#1592,#1594,#1595,#1597));
#1599=FACE_OUTER_BOUND('',#1598,.F.);
#1601=CARTESIAN_POINT('',(1.53E1,7.E-1,9.3E0));
#1602=DIRECTION('',(0.E0,0.E0,1.E0));
#1603=DIRECTION('',(-1.E0,0.E0,0.E0));
#1604=AXIS2_PLACEMENT_3D('',#1601,#1602,#1603);
#1605=SPHERICAL_SURFACE('',#1604,7.E-1);
#1606=ORIENTED_EDGE('',*,*,#1593,.T.);
#1608=ORIENTED_EDGE('',*,*,#1607,.T.);
#1610=ORIENTED_EDGE('',*,*,#1609,.T.);
#1611=EDGE_LOOP('',(#1606,#1608,#1610));
#1612=FACE_OUTER_BOUND('',#1611,.F.);
#1614=CARTESIAN_POINT('',(5.77152E1,7.E-1,9.3E0));
#1615=DIRECTION('',(-1.E0,0.E0,0.E0));
#1616=DIRECTION('',(0.E0,-1.E0,0.E0));
#1617=AXIS2_PLACEMENT_3D('',#1614,#1615,#1616);
#1618=CYLINDRICAL_SURFACE('',#1617,7.E-1);
#1619=ORIENTED_EDGE('',*,*,#1469,.T.);
#1621=ORIENTED_EDGE('',*,*,#1620,.F.);
#1623=ORIENTED_EDGE('',*,*,#1622,.T.);
#1624=ORIENTED_EDGE('',*,*,#1607,.F.);
#1625=EDGE_LOOP('',(#1619,#1621,#1623,#1624));
#1626=FACE_OUTER_BOUND('',#1625,.F.);
#1628=CARTESIAN_POINT('',(-1.53E1,7.E-1,9.3E0));
#1629=DIRECTION('',(-1.E0,0.E0,0.E0));
#1630=DIRECTION('',(0.E0,0.E0,-1.E0));
#1631=AXIS2_PLACEMENT_3D('',#1628,#1629,#1630);
#1632=SPHERICAL_SURFACE('',#1631,7.E-1);
#1633=ORIENTED_EDGE('',*,*,#1620,.T.);
#1635=ORIENTED_EDGE('',*,*,#1634,.T.);
#1637=ORIENTED_EDGE('',*,*,#1636,.T.);
#1638=EDGE_LOOP('',(#1633,#1635,#1637));
#1639=FACE_OUTER_BOUND('',#1638,.F.);
#1641=CARTESIAN_POINT('',(-1.53E1,7.E-1,3.6072E1));
#1642=DIRECTION('',(0.E0,0.E0,-1.E0));
#1643=DIRECTION('',(0.E0,-1.E0,0.E0));
#1644=AXIS2_PLACEMENT_3D('',#1641,#1642,#1643);
#1645=CYLINDRICAL_SURFACE('',#1644,7.E-1);
#1647=ORIENTED_EDGE('',*,*,#1646,.T.);
#1648=ORIENTED_EDGE('',*,*,#1634,.F.);
#1649=ORIENTED_EDGE('',*,*,#1467,.T.);
#1651=ORIENTED_EDGE('',*,*,#1650,.F.);
#1652=EDGE_LOOP('',(#1647,#1648,#1649,#1651));
#1653=FACE_OUTER_BOUND('',#1652,.F.);
#1655=CARTESIAN_POINT('',(-1.6E1,0.E0,-1.E1));
#1656=DIRECTION('',(-1.E0,0.E0,0.E0));
#1657=DIRECTION('',(0.E0,0.E0,1.E0));
#1658=AXIS2_PLACEMENT_3D('',#1655,#1656,#1657);
#1659=PLANE('',#1658);
#1661=ORIENTED_EDGE('',*,*,#1660,.F.);
#1662=ORIENTED_EDGE('',*,*,#1547,.F.);
#1664=ORIENTED_EDGE('',*,*,#1663,.F.);
#1665=ORIENTED_EDGE('',*,*,#1646,.F.);
#1666=EDGE_LOOP('',(#1661,#1662,#1664,#1665));
#1667=FACE_OUTER_BOUND('',#1666,.F.);
#1669=CARTESIAN_POINT('',(-1.53E1,2.3036E1,-9.3E0));
#1670=DIRECTION('',(0.E0,-1.E0,0.E0));
#1671=DIRECTION('',(-1.E0,0.E0,0.E0));
#1672=AXIS2_PLACEMENT_3D('',#1669,#1670,#1671);
#1673=CYLINDRICAL_SURFACE('',#1672,7.E-1);
#1674=ORIENTED_EDGE('',*,*,#1549,.F.);
#1675=ORIENTED_EDGE('',*,*,#1660,.T.);
#1677=ORIENTED_EDGE('',*,*,#1676,.F.);
#1678=ORIENTED_EDGE('',*,*,#1500,.T.);
#1679=EDGE_LOOP('',(#1674,#1675,#1677,#1678));
#1680=FACE_OUTER_BOUND('',#1679,.F.);
#1682=CARTESIAN_POINT('',(-1.53E1,7.E-1,-9.3E0));
#1683=DIRECTION('',(0.E0,-1.E0,0.E0));
#1684=DIRECTION('',(0.E0,0.E0,1.E0));
#1685=AXIS2_PLACEMENT_3D('',#1682,#1683,#1684);
#1686=SPHERICAL_SURFACE('',#1685,7.E-1);
#1687=ORIENTED_EDGE('',*,*,#1650,.T.);
#1688=ORIENTED_EDGE('',*,*,#1483,.T.);
#1689=ORIENTED_EDGE('',*,*,#1676,.T.);
#1690=EDGE_LOOP('',(#1687,#1688,#1689));
#1691=FACE_OUTER_BOUND('',#1690,.F.);
#1693=CARTESIAN_POINT('',(-1.53E1,2.3036E1,9.3E0));
#1694=DIRECTION('',(0.E0,-1.E0,0.E0));
#1695=DIRECTION('',(0.E0,0.E0,1.E0));
#1696=AXIS2_PLACEMENT_3D('',#1693,#1694,#1695);
#1697=CYLINDRICAL_SURFACE('',#1696,7.E-1);
#1698=ORIENTED_EDGE('',*,*,#1545,.F.);
#1700=ORIENTED_EDGE('',*,*,#1699,.T.);
#1701=ORIENTED_EDGE('',*,*,#1636,.F.);
#1702=ORIENTED_EDGE('',*,*,#1663,.T.);
#1703=EDGE_LOOP('',(#1698,#1700,#1701,#1702));
#1704=FACE_OUTER_BOUND('',#1703,.F.);
#1706=CARTESIAN_POINT('',(-1.6E1,0.E0,1.E1));
#1707=DIRECTION('',(0.E0,0.E0,1.E0));
#1708=DIRECTION('',(1.E0,0.E0,0.E0));
#1709=AXIS2_PLACEMENT_3D('',#1706,#1707,#1708);
#1710=PLANE('',#1709);
#1711=ORIENTED_EDGE('',*,*,#1699,.F.);
#1712=ORIENTED_EDGE('',*,*,#1543,.F.);
#1714=ORIENTED_EDGE('',*,*,#1713,.F.);
#1715=ORIENTED_EDGE('',*,*,#1622,.F.);
#1716=EDGE_LOOP('',(#1711,#1712,#1714,#1715));
#1717=FACE_OUTER_BOUND('',#1716,.F.);
#1719=ORIENTED_EDGE('',*,*,#1718,.T.);
#1721=ORIENTED_EDGE('',*,*,#1720,.T.);
#1722=EDGE_LOOP('',(#1719,#1721));
#1723=FACE_BOUND('',#1722,.F.);
#1725=ORIENTED_EDGE('',*,*,#1724,.T.);
#1727=ORIENTED_EDGE('',*,*,#1726,.T.);
#1728=EDGE_LOOP('',(#1725,#1727));
#1729=FACE_BOUND('',#1728,.F.);
#1731=CARTESIAN_POINT('',(1.53E1,2.3036E1,9.3E0));
#1732=DIRECTION('',(0.E0,-1.E0,0.E0));
#1733=DIRECTION('',(1.E0,0.E0,0.E0));
#1734=AXIS2_PLACEMENT_3D('',#1731,#1732,#1733);
#1735=CYLINDRICAL_SURFACE('',#1734,7.E-1);
#1736=ORIENTED_EDGE('',*,*,#1541,.F.);
#1737=ORIENTED_EDGE('',*,*,#1581,.T.);
#1738=ORIENTED_EDGE('',*,*,#1609,.F.);
#1739=ORIENTED_EDGE('',*,*,#1713,.T.);
#1740=EDGE_LOOP('',(#1736,#1737,#1738,#1739));
#1741=FACE_OUTER_BOUND('',#1740,.F.);
#1743=CARTESIAN_POINT('',(-8.E0,8.5E0,9.55E0));
#1744=DIRECTION('',(0.E0,0.E0,1.E0));
#1745=DIRECTION('',(9.999949807969E-1,3.168340403677E-3,0.E0));
#1746=AXIS2_PLACEMENT_3D('',#1743,#1744,#1745);
#1747=TOROIDAL_SURFACE('',#1746,6.742640687119E-1,4.5E-1);
#1748=ORIENTED_EDGE('',*,*,#1718,.F.);
#1750=ORIENTED_EDGE('',*,*,#1749,.F.);
#1752=ORIENTED_EDGE('',*,*,#1751,.F.);
#1754=ORIENTED_EDGE('',*,*,#1753,.T.);
#1755=EDGE_LOOP('',(#1748,#1750,#1752,#1754));
#1756=FACE_OUTER_BOUND('',#1755,.F.);
#1758=CARTESIAN_POINT('',(-8.E0,8.5E0,9.55E0));
#1759=DIRECTION('',(0.E0,0.E0,1.E0));
#1760=DIRECTION('',(-9.999949807969E-1,-3.168340403677E-3,0.E0));
#1761=AXIS2_PLACEMENT_3D('',#1758,#1759,#1760);
#1762=TOROIDAL_SURFACE('',#1761,6.742640687119E-1,4.5E-1);
#1763=ORIENTED_EDGE('',*,*,#1720,.F.);
#1764=ORIENTED_EDGE('',*,*,#1753,.F.);
#1766=ORIENTED_EDGE('',*,*,#1765,.F.);
#1767=ORIENTED_EDGE('',*,*,#1749,.T.);
#1768=EDGE_LOOP('',(#1763,#1764,#1766,#1767));
#1769=FACE_OUTER_BOUND('',#1768,.F.);
#1771=CARTESIAN_POINT('',(0.E0,0.E0,9.7E0));
#1772=DIRECTION('',(0.E0,0.E0,1.E0));
#1773=DIRECTION('',(1.E0,0.E0,0.E0));
#1774=AXIS2_PLACEMENT_3D('',#1771,#1772,#1773);
#1775=PLANE('',#1774);
#1776=ORIENTED_EDGE('',*,*,#1751,.T.);
#1777=ORIENTED_EDGE('',*,*,#1765,.T.);
#1778=EDGE_LOOP('',(#1776,#1777));
#1779=FACE_OUTER_BOUND('',#1778,.F.);
#1781=CARTESIAN_POINT('',(8.E0,8.5E0,9.55E0));
#1782=DIRECTION('',(0.E0,0.E0,1.E0));
#1783=DIRECTION('',(9.999949807969E-1,3.168340403677E-3,0.E0));
#1784=AXIS2_PLACEMENT_3D('',#1781,#1782,#1783);
#1785=TOROIDAL_SURFACE('',#1784,6.742640687119E-1,4.5E-1);
#1786=ORIENTED_EDGE('',*,*,#1724,.F.);
#1788=ORIENTED_EDGE('',*,*,#1787,.F.);
#1790=ORIENTED_EDGE('',*,*,#1789,.F.);
#1792=ORIENTED_EDGE('',*,*,#1791,.T.);
#1793=EDGE_LOOP('',(#1786,#1788,#1790,#1792));
#1794=FACE_OUTER_BOUND('',#1793,.F.);
#1796=CARTESIAN_POINT('',(8.E0,8.5E0,9.55E0));
#1797=DIRECTION('',(0.E0,0.E0,1.E0));
#1798=DIRECTION('',(-9.999949807969E-1,-3.168340403677E-3,0.E0));
#1799=AXIS2_PLACEMENT_3D('',#1796,#1797,#1798);
#1800=TOROIDAL_SURFACE('',#1799,6.742640687119E-1,4.5E-1);
#1801=ORIENTED_EDGE('',*,*,#1726,.F.);
#1802=ORIENTED_EDGE('',*,*,#1791,.F.);
#1804=ORIENTED_EDGE('',*,*,#1803,.F.);
#1805=ORIENTED_EDGE('',*,*,#1787,.T.);
#1806=EDGE_LOOP('',(#1801,#1802,#1804,#1805));
#1807=FACE_OUTER_BOUND('',#1806,.F.);
#1809=CARTESIAN_POINT('',(0.E0,0.E0,9.7E0));
#1810=DIRECTION('',(0.E0,0.E0,1.E0));
#1811=DIRECTION('',(1.E0,0.E0,0.E0));
#1812=AXIS2_PLACEMENT_3D('',#1809,#1810,#1811);
#1813=PLANE('',#1812);
#1814=ORIENTED_EDGE('',*,*,#1789,.T.);
#1815=ORIENTED_EDGE('',*,*,#1803,.T.);
#1816=EDGE_LOOP('',(#1814,#1815));
#1817=FACE_OUTER_BOUND('',#1816,.F.);
#1819=CARTESIAN_POINT('',(1.53E1,7.E-1,-9.3E0));
#1820=DIRECTION('',(1.E0,0.E0,0.E0));
#1821=DIRECTION('',(0.E0,0.E0,1.E0));
#1822=AXIS2_PLACEMENT_3D('',#1819,#1820,#1821);
#1823=SPHERICAL_SURFACE('',#1822,7.E-1);
#1824=ORIENTED_EDGE('',*,*,#1596,.T.);
#1825=ORIENTED_EDGE('',*,*,#1526,.T.);
#1826=ORIENTED_EDGE('',*,*,#1486,.T.);
#1827=EDGE_LOOP('',(#1824,#1825,#1826));
#1828=FACE_OUTER_BOUND('',#1827,.F.);
#1830=CARTESIAN_POINT('',(-1.54E1,0.E0,-1.E1));
#1831=DIRECTION('',(-1.E0,0.E0,0.E0));
#1832=DIRECTION('',(0.E0,0.E0,1.E0));
#1833=AXIS2_PLACEMENT_3D('',#1830,#1831,#1832);
#1834=PLANE('',#1833);
#1835=ORIENTED_EDGE('',*,*,#1554,.T.);
#1837=ORIENTED_EDGE('',*,*,#1836,.F.);
#1839=ORIENTED_EDGE('',*,*,#1838,.F.);
#1841=ORIENTED_EDGE('',*,*,#1840,.F.);
#1842=EDGE_LOOP('',(#1835,#1837,#1839,#1841));
#1843=FACE_OUTER_BOUND('',#1842,.F.);
#1845=CARTESIAN_POINT('',(-1.53E1,2.3036E1,-9.3E0));
#1846=DIRECTION('',(0.E0,-1.E0,0.E0));
#1847=DIRECTION('',(-1.E0,0.E0,0.E0));
#1848=AXIS2_PLACEMENT_3D('',#1845,#1846,#1847);
#1849=CYLINDRICAL_SURFACE('',#1848,1.E-1);
#1850=ORIENTED_EDGE('',*,*,#1568,.F.);
#1852=ORIENTED_EDGE('',*,*,#1851,.T.);
#1854=ORIENTED_EDGE('',*,*,#1853,.F.);
#1855=ORIENTED_EDGE('',*,*,#1836,.T.);
#1856=EDGE_LOOP('',(#1850,#1852,#1854,#1855));
#1857=FACE_OUTER_BOUND('',#1856,.F.);
#1859=CARTESIAN_POINT('',(1.6E1,0.E0,-9.4E0));
#1860=DIRECTION('',(0.E0,0.E0,-1.E0));
#1861=DIRECTION('',(-1.E0,0.E0,0.E0));
#1862=AXIS2_PLACEMENT_3D('',#1859,#1860,#1861);
#1863=PLANE('',#1862);
#1864=ORIENTED_EDGE('',*,*,#1566,.T.);
#1866=ORIENTED_EDGE('',*,*,#1865,.F.);
#1868=ORIENTED_EDGE('',*,*,#1867,.F.);
#1869=ORIENTED_EDGE('',*,*,#1851,.F.);
#1870=EDGE_LOOP('',(#1864,#1866,#1868,#1869));
#1871=FACE_OUTER_BOUND('',#1870,.F.);
#1873=ORIENTED_EDGE('',*,*,#1872,.T.);
#1875=ORIENTED_EDGE('',*,*,#1874,.T.);
#1876=EDGE_LOOP('',(#1873,#1875));
#1877=FACE_BOUND('',#1876,.F.);
#1879=ORIENTED_EDGE('',*,*,#1878,.T.);
#1881=ORIENTED_EDGE('',*,*,#1880,.T.);
#1882=EDGE_LOOP('',(#1879,#1881));
#1883=FACE_BOUND('',#1882,.F.);
#1885=CARTESIAN_POINT('',(1.53E1,2.3036E1,-9.3E0));
#1886=DIRECTION('',(0.E0,-1.E0,0.E0));
#1887=DIRECTION('',(0.E0,0.E0,-1.E0));
#1888=AXIS2_PLACEMENT_3D('',#1885,#1886,#1887);
#1889=CYLINDRICAL_SURFACE('',#1888,1.E-1);
#1890=ORIENTED_EDGE('',*,*,#1564,.F.);
#1892=ORIENTED_EDGE('',*,*,#1891,.T.);
#1894=ORIENTED_EDGE('',*,*,#1893,.F.);
#1895=ORIENTED_EDGE('',*,*,#1865,.T.);
#1896=EDGE_LOOP('',(#1890,#1892,#1894,#1895));
#1897=FACE_OUTER_BOUND('',#1896,.F.);
#1899=CARTESIAN_POINT('',(1.54E1,0.E0,1.E1));
#1900=DIRECTION('',(1.E0,0.E0,0.E0));
#1901=DIRECTION('',(0.E0,0.E0,-1.E0));
#1902=AXIS2_PLACEMENT_3D('',#1899,#1900,#1901);
#1903=PLANE('',#1902);
#1904=ORIENTED_EDGE('',*,*,#1562,.T.);
#1906=ORIENTED_EDGE('',*,*,#1905,.F.);
#1908=ORIENTED_EDGE('',*,*,#1907,.F.);
#1909=ORIENTED_EDGE('',*,*,#1891,.F.);
#1910=EDGE_LOOP('',(#1904,#1906,#1908,#1909));
#1911=FACE_OUTER_BOUND('',#1910,.F.);
#1913=CARTESIAN_POINT('',(1.53E1,2.3036E1,9.3E0));
#1914=DIRECTION('',(0.E0,-1.E0,0.E0));
#1915=DIRECTION('',(1.E0,0.E0,0.E0));
#1916=AXIS2_PLACEMENT_3D('',#1913,#1914,#1915);
#1917=CYLINDRICAL_SURFACE('',#1916,1.E-1);
#1918=ORIENTED_EDGE('',*,*,#1560,.F.);
#1920=ORIENTED_EDGE('',*,*,#1919,.T.);
#1922=ORIENTED_EDGE('',*,*,#1921,.F.);
#1923=ORIENTED_EDGE('',*,*,#1905,.T.);
#1924=EDGE_LOOP('',(#1918,#1920,#1922,#1923));
#1925=FACE_OUTER_BOUND('',#1924,.F.);
#1927=CARTESIAN_POINT('',(-1.6E1,0.E0,9.4E0));
#1928=DIRECTION('',(0.E0,0.E0,1.E0));
#1929=DIRECTION('',(1.E0,0.E0,0.E0));
#1930=AXIS2_PLACEMENT_3D('',#1927,#1928,#1929);
#1931=PLANE('',#1930);
#1932=ORIENTED_EDGE('',*,*,#1558,.T.);
#1934=ORIENTED_EDGE('',*,*,#1933,.F.);
#1936=ORIENTED_EDGE('',*,*,#1935,.F.);
#1937=ORIENTED_EDGE('',*,*,#1919,.F.);
#1938=EDGE_LOOP('',(#1932,#1934,#1936,#1937));
#1939=FACE_OUTER_BOUND('',#1938,.F.);
#1941=ORIENTED_EDGE('',*,*,#1940,.T.);
#1943=ORIENTED_EDGE('',*,*,#1942,.T.);
#1944=EDGE_LOOP('',(#1941,#1943));
#1945=FACE_BOUND('',#1944,.F.);
#1947=ORIENTED_EDGE('',*,*,#1946,.T.);
#1949=ORIENTED_EDGE('',*,*,#1948,.T.);
#1950=EDGE_LOOP('',(#1947,#1949));
#1951=FACE_BOUND('',#1950,.F.);
#1953=CARTESIAN_POINT('',(-1.53E1,2.3036E1,9.3E0));
#1954=DIRECTION('',(0.E0,-1.E0,0.E0));
#1955=DIRECTION('',(0.E0,0.E0,1.E0));
#1956=AXIS2_PLACEMENT_3D('',#1953,#1954,#1955);
#1957=CYLINDRICAL_SURFACE('',#1956,1.E-1);
#1958=ORIENTED_EDGE('',*,*,#1556,.F.);
#1959=ORIENTED_EDGE('',*,*,#1840,.T.);
#1961=ORIENTED_EDGE('',*,*,#1960,.F.);
#1962=ORIENTED_EDGE('',*,*,#1933,.T.);
#1963=EDGE_LOOP('',(#1958,#1959,#1961,#1962));
#1964=FACE_OUTER_BOUND('',#1963,.F.);
#1966=CARTESIAN_POINT('',(-1.53E1,7.E-1,9.3E0));
#1967=DIRECTION('',(-1.E0,0.E0,0.E0));
#1968=DIRECTION('',(0.E0,0.E0,-1.E0));
#1969=AXIS2_PLACEMENT_3D('',#1966,#1967,#1968);
#1970=SPHERICAL_SURFACE('',#1969,1.E-1);
#1972=ORIENTED_EDGE('',*,*,#1971,.T.);
#1973=ORIENTED_EDGE('',*,*,#1960,.T.);
#1975=ORIENTED_EDGE('',*,*,#1974,.T.);
#1976=EDGE_LOOP('',(#1972,#1973,#1975));
#1977=FACE_OUTER_BOUND('',#1976,.F.);
#1979=CARTESIAN_POINT('',(5.77152E1,7.E-1,9.3E0));
#1980=DIRECTION('',(-1.E0,0.E0,0.E0));
#1981=DIRECTION('',(0.E0,-1.E0,0.E0));
#1982=AXIS2_PLACEMENT_3D('',#1979,#1980,#1981);
#1983=CYLINDRICAL_SURFACE('',#1982,1.E-1);
#1985=ORIENTED_EDGE('',*,*,#1984,.T.);
#1987=ORIENTED_EDGE('',*,*,#1986,.F.);
#1988=ORIENTED_EDGE('',*,*,#1935,.T.);
#1989=ORIENTED_EDGE('',*,*,#1971,.F.);
#1990=EDGE_LOOP('',(#1985,#1987,#1988,#1989));
#1991=FACE_OUTER_BOUND('',#1990,.F.);
#1993=CARTESIAN_POINT('',(0.E0,6.E-1,0.E0));
#1994=DIRECTION('',(0.E0,1.E0,0.E0));
#1995=DIRECTION('',(1.E0,0.E0,0.E0));
#1996=AXIS2_PLACEMENT_3D('',#1993,#1994,#1995);
#1997=PLANE('',#1996);
#1999=ORIENTED_EDGE('',*,*,#1998,.F.);
#2001=ORIENTED_EDGE('',*,*,#2000,.F.);
#2002=ORIENTED_EDGE('',*,*,#1984,.F.);
#2004=ORIENTED_EDGE('',*,*,#2003,.F.);
#2005=EDGE_LOOP('',(#1999,#2001,#2002,#2004));
#2006=FACE_OUTER_BOUND('',#2005,.F.);
#2008=CARTESIAN_POINT('',(-5.77152E1,7.E-1,-9.3E0));
#2009=DIRECTION('',(1.E0,0.E0,0.E0));
#2010=DIRECTION('',(0.E0,-1.E0,0.E0));
#2011=AXIS2_PLACEMENT_3D('',#2008,#2009,#2010);
#2012=CYLINDRICAL_SURFACE('',#2011,1.E-1);
#2013=ORIENTED_EDGE('',*,*,#1867,.T.);
#2015=ORIENTED_EDGE('',*,*,#2014,.F.);
#2016=ORIENTED_EDGE('',*,*,#1998,.T.);
#2018=ORIENTED_EDGE('',*,*,#2017,.F.);
#2019=EDGE_LOOP('',(#2013,#2015,#2016,#2018));
#2020=FACE_OUTER_BOUND('',#2019,.F.);
#2022=CARTESIAN_POINT('',(1.53E1,7.E-1,-9.3E0));
#2023=DIRECTION('',(1.E0,0.E0,0.E0));
#2024=DIRECTION('',(0.E0,0.E0,1.E0));
#2025=AXIS2_PLACEMENT_3D('',#2022,#2023,#2024);
#2026=SPHERICAL_SURFACE('',#2025,1.E-1);
#2028=ORIENTED_EDGE('',*,*,#2027,.T.);
#2029=ORIENTED_EDGE('',*,*,#2014,.T.);
#2030=ORIENTED_EDGE('',*,*,#1893,.T.);
#2031=EDGE_LOOP('',(#2028,#2029,#2030));
#2032=FACE_OUTER_BOUND('',#2031,.F.);
#2034=CARTESIAN_POINT('',(1.53E1,7.E-1,-3.6072E1));
#2035=DIRECTION('',(0.E0,0.E0,1.E0));
#2036=DIRECTION('',(0.E0,-1.E0,0.E0));
#2037=AXIS2_PLACEMENT_3D('',#2034,#2035,#2036);
#2038=CYLINDRICAL_SURFACE('',#2037,1.E-1);
#2039=ORIENTED_EDGE('',*,*,#2000,.T.);
#2040=ORIENTED_EDGE('',*,*,#2027,.F.);
#2041=ORIENTED_EDGE('',*,*,#1907,.T.);
#2043=ORIENTED_EDGE('',*,*,#2042,.F.);
#2044=EDGE_LOOP('',(#2039,#2040,#2041,#2043));
#2045=FACE_OUTER_BOUND('',#2044,.F.);
#2047=CARTESIAN_POINT('',(1.53E1,7.E-1,9.3E0));
#2048=DIRECTION('',(0.E0,0.E0,1.E0));
#2049=DIRECTION('',(-1.E0,0.E0,0.E0));
#2050=AXIS2_PLACEMENT_3D('',#2047,#2048,#2049);
#2051=SPHERICAL_SURFACE('',#2050,1.E-1);
#2052=ORIENTED_EDGE('',*,*,#2042,.T.);
#2053=ORIENTED_EDGE('',*,*,#1921,.T.);
#2054=ORIENTED_EDGE('',*,*,#1986,.T.);
#2055=EDGE_LOOP('',(#2052,#2053,#2054));
#2056=FACE_OUTER_BOUND('',#2055,.F.);
#2058=CARTESIAN_POINT('',(-1.53E1,7.E-1,-9.3E0));
#2059=DIRECTION('',(0.E0,-1.E0,0.E0));
#2060=DIRECTION('',(0.E0,0.E0,1.E0));
#2061=AXIS2_PLACEMENT_3D('',#2058,#2059,#2060);
#2062=SPHERICAL_SURFACE('',#2061,1.E-1);
#2064=ORIENTED_EDGE('',*,*,#2063,.T.);
#2065=ORIENTED_EDGE('',*,*,#1853,.T.);
#2066=ORIENTED_EDGE('',*,*,#2017,.T.);
#2067=EDGE_LOOP('',(#2064,#2065,#2066));
#2068=FACE_OUTER_BOUND('',#2067,.F.);
#2070=CARTESIAN_POINT('',(-1.53E1,7.E-1,3.6072E1));
#2071=DIRECTION('',(0.E0,0.E0,-1.E0));
#2072=DIRECTION('',(0.E0,-1.E0,0.E0));
#2073=AXIS2_PLACEMENT_3D('',#2070,#2071,#2072);
#2074=CYLINDRICAL_SURFACE('',#2073,1.E-1);
#2075=ORIENTED_EDGE('',*,*,#1838,.T.);
#2076=ORIENTED_EDGE('',*,*,#2063,.F.);
#2077=ORIENTED_EDGE('',*,*,#2003,.T.);
#2078=ORIENTED_EDGE('',*,*,#1974,.F.);
#2079=EDGE_LOOP('',(#2075,#2076,#2077,#2078));
#2080=FACE_OUTER_BOUND('',#2079,.F.);
#2082=CARTESIAN_POINT('',(-8.006638238821E0,8.504891014106E0,9.000095400110E0));
#2083=CARTESIAN_POINT('',(-8.027791585182E0,8.520476671405E0,8.999549419156E0));
#2084=CARTESIAN_POINT('',(-8.070788919986E0,8.552156846894E0,9.003061658295E0));
#2085=CARTESIAN_POINT('',(-8.136380521503E0,8.600484341094E0,9.023958406361E0));
#2086=CARTESIAN_POINT('',(-8.199405302914E0,8.646920617778E0,9.060749566528E0));
#2087=CARTESIAN_POINT('',(-8.257141902384E0,8.689460594106E0,9.113026733665E0));
#2088=CARTESIAN_POINT('',(-8.306403571499E0,8.725756293128E0,9.178445786870E0));
#2089=CARTESIAN_POINT('',(-8.344879755928E0,8.754105312474E0,9.253303910366E0));
#2090=CARTESIAN_POINT('',(-8.372789552554E0,8.774669081324E0,9.337141867456E0));
#2091=CARTESIAN_POINT('',(-8.382828709450E0,8.782065871266E0,9.394914388690E0));
#2092=CARTESIAN_POINT('',(-8.385909692302E0,8.784335920739E0,9.425039565978E0));
#2093=CARTESIAN_POINT('',(-8.007834664838E0,8.504327155105E0,9.000095400110E0));
#2094=CARTESIAN_POINT('',(-8.032800530597E0,8.518116024916E0,8.999549419156E0));
#2095=CARTESIAN_POINT('',(-8.083547380295E0,8.546143961577E0,9.003061658295E0));
#2096=CARTESIAN_POINT('',(-8.160960716740E0,8.588900036146E0,9.023958406361E0));
#2097=CARTESIAN_POINT('',(-8.235344608770E0,8.629982921617E0,9.060749566528E0));
#2098=CARTESIAN_POINT('',(-8.303487216919E0,8.667618690455E0,9.113026733665E0));
#2099=CARTESIAN_POINT('',(-8.361627437222E0,8.699730051482E0,9.178445786870E0));
#2100=CARTESIAN_POINT('',(-8.407038278570E0,8.724810863241E0,9.253303910366E0));
#2101=CARTESIAN_POINT('',(-8.439978326144E0,8.743003944636E0,9.337141867455E0));
#2102=CARTESIAN_POINT('',(-8.451826864888E0,8.749547998012E0,9.394914388690E0));
#2103=CARTESIAN_POINT('',(-8.455463140811E0,8.751556345557E0,9.425039565976E0));
#2104=CARTESIAN_POINT('',(-8.009185483989E0,8.501260181090E0,9.000095400110E0));
#2105=CARTESIAN_POINT('',(-8.038455856728E0,8.505275861735E0,8.999549419156E0));
#2106=CARTESIAN_POINT('',(-8.097952259566E0,8.513438332209E0,9.003061658295E0));
#2107=CARTESIAN_POINT('',(-8.188712869866E0,8.525890022839E0,9.023958406361E0));
#2108=CARTESIAN_POINT('',(-8.275921712011E0,8.537854436908E0,9.060749566528E0));
#2109=CARTESIAN_POINT('',(-8.355813174996E0,8.548814960178E0,9.113026733665E0));
#2110=CARTESIAN_POINT('',(-8.423977681533E0,8.558166630960E0,9.178445786870E0));
#2111=CARTESIAN_POINT('',(-8.477218064447E0,8.565470821344E0,9.253303910366E0));
#2112=CARTESIAN_POINT('',(-8.515837493076E0,8.570769123944E0,9.337141867456E0));
#2113=CARTESIAN_POINT('',(-8.529728905802E0,8.572674923973E0,9.394914388690E0));
#2114=CARTESIAN_POINT('',(-8.533992132747E0,8.573259807469E0,9.425039565978E0));
#2115=CARTESIAN_POINT('',(-8.008271506022E0,8.497201582682E0,9.000095400110E0));
#2116=CARTESIAN_POINT('',(-8.034629405587E0,8.488284173639E0,8.999549419156E0));
#2117=CARTESIAN_POINT('',(-8.088205771843E0,8.470158208336E0,9.003061658295E0));
#2118=CARTESIAN_POINT('',(-8.169935480990E0,8.442507399299E0,9.023958406361E0));
#2119=CARTESIAN_POINT('',(-8.248466831538E0,8.415938659486E0,9.060749566528E0));
#2120=CARTESIAN_POINT('',(-8.320408899925E0,8.391599206729E0,9.113026733665E0));
#2121=CARTESIAN_POINT('',(-8.381790872510E0,8.370832447371E0,9.178445786870E0));
#2122=CARTESIAN_POINT('',(-8.429733708021E0,8.354612419143E0,9.253303910366E0));
#2123=CARTESIAN_POINT('',(-8.464510409705E0,8.342846759542E0,9.337141867454E0));
#2124=CARTESIAN_POINT('',(-8.477019593128E0,8.338614650488E0,9.394914388690E0));
#2125=CARTESIAN_POINT('',(-8.480858618640E0,8.337315830726E0,9.425039565976E0));
#2126=CARTESIAN_POINT('',(-8.007504193357E0,8.495526190649E0,9.000095400110E0));
#2127=CARTESIAN_POINT('',(-8.031416981946E0,8.481269993867E0,8.999549419156E0));
#2128=CARTESIAN_POINT('',(-8.080023295074E0,8.452292145372E0,9.003061658295E0));
#2129=CARTESIAN_POINT('',(-8.154171284427E0,8.408086998687E0,9.023958406361E0));
#2130=CARTESIAN_POINT('',(-8.225417613394E0,8.365611748174E0,9.060749566528E0));
#2131=CARTESIAN_POINT('',(-8.290685920065E0,8.326700442616E0,9.113026733665E0));
#2132=CARTESIAN_POINT('',(-8.346373746404E0,8.293500775930E0,9.178445786870E0));
#2133=CARTESIAN_POINT('',(-8.389869127631E0,8.267569935134E0,9.253303910366E0));
#2134=CARTESIAN_POINT('',(-8.421419741639E0,8.248760260962E0,9.337141867454E0));
#2135=CARTESIAN_POINT('',(-8.432768500969E0,8.241994419093E0,9.394914388690E0));
#2136=CARTESIAN_POINT('',(-8.436251396304E0,8.239918005416E0,9.425039565976E0));
#2137=CARTESIAN_POINT('',(-8.006369860878E0,8.494018303889E0,9.000095400110E0));
#2138=CARTESIAN_POINT('',(-8.026667996768E0,8.474957090016E0,8.999549419156E0));
#2139=CARTESIAN_POINT('',(-8.067926988596E0,8.436212326866E0,9.003061658295E0));
#2140=CARTESIAN_POINT('',(-8.130866781596E0,8.377107941026E0,9.023958406361E0));
#2141=CARTESIAN_POINT('',(-8.191343528657E0,8.320316508733E0,9.060749566528E0));
#2142=CARTESIAN_POINT('',(-8.246745890167E0,8.268290240532E0,9.113026733665E0));
#2143=CARTESIAN_POINT('',(-8.294015954980E0,8.223900705451E0,9.178445786870E0));
#2144=CARTESIAN_POINT('',(-8.330936582428E0,8.189229936671E0,9.253303910366E0));
#2145=CARTESIAN_POINT('',(-8.357718011459E0,8.164080506725E0,9.337141867454E0));
#2146=CARTESIAN_POINT('',(-8.367351294429E0,8.155034254006E0,9.394914388690E0));
#2147=CARTESIAN_POINT('',(-8.370307715949E0,8.152257990058E0,9.425039565976E0));
#2148=CARTESIAN_POINT('',(-8.004936281963E0,8.492791555682E0,9.000095400110E0));
#2149=CARTESIAN_POINT('',(-8.020666189411E0,8.469821198064E0,8.999549419156E0));
#2150=CARTESIAN_POINT('',(-8.052639574869E0,8.423130516596E0,9.003061658295E0));
#2151=CARTESIAN_POINT('',(-8.101414355178E0,8.351904786242E0,9.023958406361E0));
#2152=CARTESIAN_POINT('',(-8.148280414170E0,8.283466358445E0,9.060749566528E0));
#2153=CARTESIAN_POINT('',(-8.191214111319E0,8.220770352091E0,9.113026733665E0));
#2154=CARTESIAN_POINT('',(-8.227845738411E0,8.167277248132E0,9.178445786870E0));
#2155=CARTESIAN_POINT('',(-8.256457136809E0,8.125496070761E0,9.253303910366E0));
#2156=CARTESIAN_POINT('',(-8.277211229811E0,8.095188903359E0,9.337141867454E0));
#2157=CARTESIAN_POINT('',(-8.284676479346E0,8.084287411910E0,9.394914388690E0));
#2158=CARTESIAN_POINT('',(-8.286967538838E0,8.080941781555E0,9.425039565976E0));
#2159=CARTESIAN_POINT('',(-8.003311995587E0,8.491920526901E0,9.000095400110E0));
#2160=CARTESIAN_POINT('',(-8.013865968078E0,8.466174557561E0,8.999549419156E0));
#2161=CARTESIAN_POINT('',(-8.035318492938E0,8.413842030848E0,9.003061658295E0));
#2162=CARTESIAN_POINT('',(-8.068043904156E0,8.334009774836E0,9.023958406361E0));
#2163=CARTESIAN_POINT('',(-8.099488659887E0,8.257301623697E0,9.060749566528E0));
#2164=CARTESIAN_POINT('',(-8.128294999667E0,8.187029776637E0,9.113026733665E0));
#2165=CARTESIAN_POINT('',(-8.152872969112E0,8.127072860100E0,9.178445786870E0));
#2166=CARTESIAN_POINT('',(-8.172069770660E0,8.080243074966E0,9.253303910366E0));
#2167=CARTESIAN_POINT('',(-8.185994717601E0,8.046273756084E0,9.337141867454E0));
#2168=CARTESIAN_POINT('',(-8.191003522549E0,8.034054988344E0,9.394914388690E0));
#2169=CARTESIAN_POINT('',(-8.192540707616E0,8.030305090411E0,9.425039565977E0));
#2170=CARTESIAN_POINT('',(-8.001905049826E0,8.491509048698E0,9.000095400110E0));
#2171=CARTESIAN_POINT('',(-8.007975662819E0,8.464451866968E0,8.999549419156E0));
#2172=CARTESIAN_POINT('',(-8.020315090109E0,8.409454105302E0,9.003061658295E0));
#2173=CARTESIAN_POINT('',(-8.039138647470E0,8.325556084987E0,9.023958406361E0));
#2174=CARTESIAN_POINT('',(-8.057225575676E0,8.244941276585E0,9.060749566528E0));
#2175=CARTESIAN_POINT('',(-8.073794895022E0,8.171090565772E0,9.113026733665E0));
#2176=CARTESIAN_POINT('',(-8.087932068566E0,8.108080112943E0,9.178445786870E0));
#2177=CARTESIAN_POINT('',(-8.098974010642E0,8.058865341110E0,9.253303910366E0));
#2178=CARTESIAN_POINT('',(-8.106983597924E0,8.023166004175E0,9.337141867454E0));
#2179=CARTESIAN_POINT('',(-8.109864647352E0,8.010324948751E0,9.394914388690E0));
#2180=CARTESIAN_POINT('',(-8.110748831544E0,8.006384072861E0,9.425039565976E0));
#2181=CARTESIAN_POINT('',(-8.000799096697E0,8.491354291671E0,9.000095400110E0));
#2182=CARTESIAN_POINT('',(-8.003345490354E0,8.463803962721E0,8.999549419156E0));
#2183=CARTESIAN_POINT('',(-8.008521415655E0,8.407803805705E0,9.003061658295E0));
#2184=CARTESIAN_POINT('',(-8.016417189462E0,8.322376650694E0,9.023958406361E0));
#2185=CARTESIAN_POINT('',(-8.024003975065E0,8.240292547784E0,9.060749566528E0));
#2186=CARTESIAN_POINT('',(-8.030954180872E0,8.165095825661E0,9.113026733665E0));
#2187=CARTESIAN_POINT('',(-8.036884193061E0,8.100936937275E0,9.178445786870E0));
#2188=CARTESIAN_POINT('',(-8.041515872150E0,8.050825171510E0,9.253303910366E0));
#2189=CARTESIAN_POINT('',(-8.044875592540E0,8.014475174469E0,9.337141867454E0));
#2190=CARTESIAN_POINT('',(-8.046084084334E0,8.001400076535E0,9.394914388690E0));
#2191=CARTESIAN_POINT('',(-8.046454966323E0,7.997387373800E0,9.425039565977E0));
#2192=CARTESIAN_POINT('',(-8.000000010876E0,8.491318230872E0,9.000095400110E0));
#2193=CARTESIAN_POINT('',(-8.000000045533E0,8.463652990942E0,8.999549419156E0));
#2194=CARTESIAN_POINT('',(-8.000000115980E0,8.407419260198E0,9.003061658295E0));
#2195=CARTESIAN_POINT('',(-8.000000223445E0,8.321635792988E0,9.023958406361E0));
#2196=CARTESIAN_POINT('',(-8.000000326704E0,8.239209321575E0,9.060749566528E0));
#2197=CARTESIAN_POINT('',(-8.000000421299E0,8.163698957855E0,9.113026733665E0));
#2198=CARTESIAN_POINT('',(-8.000000502009E0,8.099272466099E0,9.178445786870E0));
#2199=CARTESIAN_POINT('',(-8.000000565048E0,8.048951686778E0,9.253303910366E0));
#2200=CARTESIAN_POINT('',(-8.000000610775E0,8.012450075800E0,9.337141867454E0));
#2201=CARTESIAN_POINT('',(-8.000000627223E0,7.999320442315E0,9.394914388690E0));
#2202=CARTESIAN_POINT('',(-8.000000632271E0,7.995291002806E0,9.425039565976E0));
#2203=CARTESIAN_POINT('',(-7.999200924966E0,8.491354289667E0,9.000095400110E0));
#2204=CARTESIAN_POINT('',(-7.996654600335E0,8.463803954340E0,8.999549419156E0));
#2205=CARTESIAN_POINT('',(-7.991478815342E0,8.407803784356E0,9.003061658295E0));
#2206=CARTESIAN_POINT('',(-7.983583255571E0,8.322376609562E0,9.023958406361E0));
#2207=CARTESIAN_POINT('',(-7.975996675629E0,8.240292487643E0,9.060749566528E0));
#2208=CARTESIAN_POINT('',(-7.969046658225E0,8.165095748107E0,9.113026733665E0));
#2209=CARTESIAN_POINT('',(-7.963116806786E0,8.100936844864E0,9.178445786870E0));
#2210=CARTESIAN_POINT('',(-7.958485253251E0,8.050825067494E0,9.253303910366E0));
#2211=CARTESIAN_POINT('',(-7.955125623936E0,8.014475062036E0,9.337141867454E0));
#2212=CARTESIAN_POINT('',(-7.953917164902E0,8.001399961073E0,9.394914388690E0));
#2213=CARTESIAN_POINT('',(-7.953546292967E0,7.997387257409E0,9.425039565977E0));
#2214=CARTESIAN_POINT('',(-7.998094971450E0,8.491509043925E0,9.000095400110E0));
#2215=CARTESIAN_POINT('',(-7.992024426246E0,8.464451846984E0,8.999549419156E0));
#2216=CARTESIAN_POINT('',(-7.979685136753E0,8.409454054404E0,9.003061658295E0));
#2217=CARTESIAN_POINT('',(-7.960861789598E0,8.325555986926E0,9.023958406361E0));
#2218=CARTESIAN_POINT('',(-7.942775063371E0,8.244941133208E0,9.060749566528E0));
#2219=CARTESIAN_POINT('',(-7.926205929056E0,8.171090380881E0,9.113026733665E0));
#2220=CARTESIAN_POINT('',(-7.912068913384E0,8.108079892631E0,9.178445786870E0));
#2221=CARTESIAN_POINT('',(-7.901027094615E0,8.058865093133E0,9.253303910366E0));
#2222=CARTESIAN_POINT('',(-7.893017596777E0,8.023165736131E0,9.337141867454E0));
#2223=CARTESIAN_POINT('',(-7.890136579524E0,8.010324673488E0,9.394914388690E0));
#2224=CARTESIAN_POINT('',(-7.889252405205E0,8.006383795382E0,9.425039565976E0));
#2225=CARTESIAN_POINT('',(-7.996688024657E0,8.491920518603E0,9.000095400110E0));
#2226=CARTESIAN_POINT('',(-7.986134116671E0,8.466174522819E0,8.999549419156E0));
#2227=CARTESIAN_POINT('',(-7.964681722929E0,8.413841942358E0,9.003061658295E0));
#2228=CARTESIAN_POINT('',(-7.931956511731E0,8.334009604354E0,9.023958406361E0));
#2229=CARTESIAN_POINT('',(-7.900511948191E0,8.257301374430E0,9.060749566528E0));
#2230=CARTESIAN_POINT('',(-7.871705784476E0,8.187029455196E0,9.113026733665E0));
#2231=CARTESIAN_POINT('',(-7.847127965252E0,8.127072477080E0,9.178445786870E0));
#2232=CARTESIAN_POINT('',(-7.827931281036E0,8.080242643849E0,9.253303910366E0));
#2233=CARTESIAN_POINT('',(-7.814006419204E0,8.046273290078E0,9.337141867454E0));
#2234=CARTESIAN_POINT('',(-7.808997644871E0,8.034054509789E0,9.394914388690E0));
#2235=CARTESIAN_POINT('',(-7.807460469199E0,8.030304608005E0,9.425039565977E0));
#2236=CARTESIAN_POINT('',(-7.995063736098E0,8.492791543313E0,9.000095400110E0));
#2237=CARTESIAN_POINT('',(-7.979333886202E0,8.469821146285E0,8.999549419156E0));
#2238=CARTESIAN_POINT('',(-7.947360617728E0,8.423130384708E0,9.003061658295E0));
#2239=CARTESIAN_POINT('',(-7.898586015873E0,8.351904532151E0,9.023958406361E0));
#2240=CARTESIAN_POINT('',(-7.851720128352E0,8.283465986931E0,9.060749566528E0));
#2241=CARTESIAN_POINT('',(-7.808786588288E0,8.220769873008E0,9.113026733665E0));
#2242=CARTESIAN_POINT('',(-7.772155095222E0,8.167276677269E0,9.178445786870E0));
#2243=CARTESIAN_POINT('',(-7.743543801506E0,8.125495428212E0,9.253303910366E0));
#2244=CARTESIAN_POINT('',(-7.722789784439E0,8.095188208811E0,9.337141867454E0));
#2245=CARTESIAN_POINT('',(-7.715324562217E0,8.084286698658E0,9.394914388690E0));
#2246=CARTESIAN_POINT('',(-7.713033511108E0,8.080941062562E0,9.425039565976E0));
#2247=CARTESIAN_POINT('',(-7.993630154110E0,8.494018287928E0,9.000095400110E0));
#2248=CARTESIAN_POINT('',(-7.973332065978E0,8.474957023199E0,8.999549419156E0));
#2249=CARTESIAN_POINT('',(-7.932073171224E0,8.436212156676E0,9.003061658295E0));
#2250=CARTESIAN_POINT('',(-7.869133526308E0,8.377107613141E0,9.023958406361E0));
#2251=CARTESIAN_POINT('',(-7.808656921538E0,8.320316029325E0,9.060749566528E0));
#2252=CARTESIAN_POINT('',(-7.753254690379E0,8.268289622314E0,9.113026733665E0));
#2253=CARTESIAN_POINT('',(-7.705984736784E0,8.223899968799E0,9.178445786870E0));
#2254=CARTESIAN_POINT('',(-7.669064196203E0,8.189229107515E0,9.253303910366E0));
#2255=CARTESIAN_POINT('',(-7.642282830184E0,8.164079610468E0,9.337141867454E0));
#2256=CARTESIAN_POINT('',(-7.632649569880E0,8.155033333614E0,9.394914388690E0));
#2257=CARTESIAN_POINT('',(-7.629693155314E0,8.152257062258E0,9.425039565976E0));
#2258=CARTESIAN_POINT('',(-7.992495817852E0,8.495526171848E0,9.000095400110E0));
#2259=CARTESIAN_POINT('',(-7.968583064982E0,8.481269915153E0,8.999549419156E0));
#2260=CARTESIAN_POINT('',(-7.919976824458E0,8.452291944875E0,9.003061658295E0));
#2261=CARTESIAN_POINT('',(-7.845828945860E0,8.408086612413E0,9.023958406361E0));
#2262=CARTESIAN_POINT('',(-7.774582723315E0,8.365611183394E0,9.060749566528E0));
#2263=CARTESIAN_POINT('',(-7.709314514136E0,8.326699714306E0,9.113026733665E0));
#2264=CARTESIAN_POINT('',(-7.653626770978E0,8.293499908096E0,9.178445786870E0));
#2265=CARTESIAN_POINT('',(-7.610131454720E0,8.267568958323E0,9.253303910366E0));
#2266=CARTESIAN_POINT('',(-7.578580887840E0,8.248759205101E0,9.337141867454E0));
#2267=CARTESIAN_POINT('',(-7.567232145462E0,8.241993334798E0,9.394914388690E0));
#2268=CARTESIAN_POINT('',(-7.563749255329E0,8.239916912395E0,9.425039565976E0));
#2269=CARTESIAN_POINT('',(-7.991728500989E0,8.497201561959E0,9.000095400110E0));
#2270=CARTESIAN_POINT('',(-7.965370623768E0,8.488284086876E0,8.999549419156E0));
#2271=CARTESIAN_POINT('',(-7.911794302925E0,8.470157987337E0,9.003061658295E0));
#2272=CARTESIAN_POINT('',(-7.830064663057E0,8.442506973528E0,9.023958406361E0));
#2273=CARTESIAN_POINT('',(-7.751533379078E0,8.415938036956E0,9.060749566528E0));
#2274=CARTESIAN_POINT('',(-7.679591371673E0,8.391598403948E0,9.113026733665E0));
#2275=CARTESIAN_POINT('',(-7.618209451118E0,8.370831490799E0,9.178445786870E0));
#2276=CARTESIAN_POINT('',(-7.570266656247E0,8.354611342452E0,9.253303910366E0));
#2277=CARTESIAN_POINT('',(-7.535489984040E0,8.342845595717E0,9.337141867454E0));
#2278=CARTESIAN_POINT('',(-7.522980811222E0,8.338613455322E0,9.394914388690E0));
#2279=CARTESIAN_POINT('',(-7.519141788965E0,8.337314625941E0,9.425039565977E0));
#2280=CARTESIAN_POINT('',(-7.990796976027E0,8.501338030973E0,9.000095400110E0));
#2281=CARTESIAN_POINT('',(-7.961470710542E0,8.505601787282E0,8.999549419156E0));
#2282=CARTESIAN_POINT('',(-7.901860697357E0,8.514268508584E0,9.003061658295E0));
#2283=CARTESIAN_POINT('',(-7.810926776667E0,8.527489424086E0,9.023958406361E0));
#2284=CARTESIAN_POINT('',(-7.723551406356E0,8.540192960666E0,9.060749566528E0));
#2285=CARTESIAN_POINT('',(-7.643507387981E0,8.551830589348E0,9.113026733665E0));
#2286=CARTESIAN_POINT('',(-7.575212719065E0,8.561759975875E0,9.178445786870E0));
#2287=CARTESIAN_POINT('',(-7.521870671879E0,8.569515395341E0,9.253303910366E0));
#2288=CARTESIAN_POINT('',(-7.483177498175E0,8.575141009812E0,9.337141867456E0));
#2289=CARTESIAN_POINT('',(-7.469259559335E0,8.577164543956E0,9.394914388690E0));
#2290=CARTESIAN_POINT('',(-7.464988191617E0,8.577785559647E0,9.425039565977E0));
#2291=CARTESIAN_POINT('',(-7.992226738984E0,8.504463946699E0,9.000095400110E0));
#2292=CARTESIAN_POINT('',(-7.967456542040E0,8.518688715247E0,8.999549419156E0));
#2293=CARTESIAN_POINT('',(-7.917107418425E0,8.547602681162E0,9.003061658295E0));
#2294=CARTESIAN_POINT('',(-7.840300805427E0,8.591710376216E0,9.023958406361E0));
#2295=CARTESIAN_POINT('',(-7.766499893699E0,8.634091988709E0,9.060749566528E0));
#2296=CARTESIAN_POINT('',(-7.698891350091E0,8.672917513074E0,9.113026733665E0));
#2297=CARTESIAN_POINT('',(-7.641206801071E0,8.706043990053E0,9.178445786870E0));
#2298=CARTESIAN_POINT('',(-7.596151865092E0,8.731917665497E0,9.253303910366E0));
#2299=CARTESIAN_POINT('',(-7.563469983610E0,8.750685873150E0,9.337141867454E0));
#2300=CARTESIAN_POINT('',(-7.551714307246E0,8.757436799507E0,9.394914388690E0));
#2301=CARTESIAN_POINT('',(-7.548106530469E0,8.759508635664E0,9.425039565977E0));
#2302=CARTESIAN_POINT('',(-7.993457796992E0,8.504931891133E0,9.000095400110E0));
#2303=CARTESIAN_POINT('',(-7.972610477429E0,8.520647806782E0,8.999549419156E0));
#2304=CARTESIAN_POINT('',(-7.930235187706E0,8.552592751879E0,9.003061658295E0));
#2305=CARTESIAN_POINT('',(-7.865592503884E0,8.601324146914E0,9.023958406361E0));
#2306=CARTESIAN_POINT('',(-7.803479505921E0,8.648148518451E0,9.060749566528E0));
#2307=CARTESIAN_POINT('',(-7.746578185349E0,8.691044025972E0,9.113026733665E0));
#2308=CARTESIAN_POINT('',(-7.698029187858E0,8.727643069176E0,9.178445786870E0));
#2309=CARTESIAN_POINT('',(-7.660109640765E0,8.756229017662E0,9.253303910366E0));
#2310=CARTESIAN_POINT('',(-7.632603616912E0,8.776964649862E0,9.337141867457E0));
#2311=CARTESIAN_POINT('',(-7.622709697088E0,8.784423259046E0,9.394914388690E0));
#2312=CARTESIAN_POINT('',(-7.619673287020E0,8.786712280636E0,9.425039565977E0));
#2313=B_SPLINE_SURFACE_WITH_KNOTS('',3,3,((#2082,#2083,#2084,#2085,#2086,#2087,
#2088,#2089,#2090,#2091,#2092),(#2093,#2094,#2095,#2096,#2097,#2098,#2099,#2100,
#2101,#2102,#2103),(#2104,#2105,#2106,#2107,#2108,#2109,#2110,#2111,#2112,#2113,
#2114),(#2115,#2116,#2117,#2118,#2119,#2120,#2121,#2122,#2123,#2124,#2125),(
#2126,#2127,#2128,#2129,#2130,#2131,#2132,#2133,#2134,#2135,#2136),(#2137,#2138,
#2139,#2140,#2141,#2142,#2143,#2144,#2145,#2146,#2147),(#2148,#2149,#2150,#2151,
#2152,#2153,#2154,#2155,#2156,#2157,#2158),(#2159,#2160,#2161,#2162,#2163,#2164,
#2165,#2166,#2167,#2168,#2169),(#2170,#2171,#2172,#2173,#2174,#2175,#2176,#2177,
#2178,#2179,#2180),(#2181,#2182,#2183,#2184,#2185,#2186,#2187,#2188,#2189,#2190,
#2191),(#2192,#2193,#2194,#2195,#2196,#2197,#2198,#2199,#2200,#2201,#2202),(
#2203,#2204,#2205,#2206,#2207,#2208,#2209,#2210,#2211,#2212,#2213),(#2214,#2215,
#2216,#2217,#2218,#2219,#2220,#2221,#2222,#2223,#2224),(#2225,#2226,#2227,#2228,
#2229,#2230,#2231,#2232,#2233,#2234,#2235),(#2236,#2237,#2238,#2239,#2240,#2241,
#2242,#2243,#2244,#2245,#2246),(#2247,#2248,#2249,#2250,#2251,#2252,#2253,#2254,
#2255,#2256,#2257),(#2258,#2259,#2260,#2261,#2262,#2263,#2264,#2265,#2266,#2267,
#2268),(#2269,#2270,#2271,#2272,#2273,#2274,#2275,#2276,#2277,#2278,#2279),(
#2280,#2281,#2282,#2283,#2284,#2285,#2286,#2287,#2288,#2289,#2290),(#2291,#2292,
#2293,#2294,#2295,#2296,#2297,#2298,#2299,#2300,#2301),(#2302,#2303,#2304,#2305,
#2306,#2307,#2308,#2309,#2310,#2311,#2312)),.UNSPECIFIED.,.F.,.F.,.F.,(4,1,1,1,
1,1,1,1,1,1,1,1,1,1,1,1,1,1,4),(4,1,1,1,1,1,1,1,4),(-5.111863825605E-1,1.25E-1,
2.5E-1,3.75E-1,5.E-1,6.25E-1,7.5E-1,8.75E-1,9.375E-1,1.E0,1.0625E0,1.125E0,
1.25E0,1.375E0,1.5E0,1.625E0,1.75E0,1.875E0,2.528189774250E0),(
-4.486262472135E-3,1.25E-1,2.5E-1,3.75E-1,5.E-1,6.25E-1,7.5E-1,8.75E-1,
1.018441734150E0),.UNSPECIFIED.);
#2315=ORIENTED_EDGE('',*,*,#2314,.F.);
#2317=ORIENTED_EDGE('',*,*,#2316,.F.);
#2318=ORIENTED_EDGE('',*,*,#1940,.F.);
#2320=ORIENTED_EDGE('',*,*,#2319,.T.);
#2321=EDGE_LOOP('',(#2315,#2317,#2318,#2320));
#2322=FACE_OUTER_BOUND('',#2321,.F.);
#2324=CARTESIAN_POINT('',(0.E0,0.E0,9.E0));
#2325=DIRECTION('',(0.E0,0.E0,1.E0));
#2326=DIRECTION('',(1.E0,0.E0,0.E0));
#2327=AXIS2_PLACEMENT_3D('',#2324,#2325,#2326);
#2328=PLANE('',#2327);
#2329=ORIENTED_EDGE('',*,*,#2314,.T.);
#2331=ORIENTED_EDGE('',*,*,#2330,.T.);
#2332=EDGE_LOOP('',(#2329,#2331));
#2333=FACE_OUTER_BOUND('',#2332,.F.);
#2335=CARTESIAN_POINT('',(-7.993361761179E0,8.495108985893E0,9.000095400110E0));
#2336=CARTESIAN_POINT('',(-7.972208414820E0,8.479523328602E0,8.999549419156E0));
#2337=CARTESIAN_POINT('',(-7.929211080020E0,8.447843153104E0,9.003061658295E0));
#2338=CARTESIAN_POINT('',(-7.863619478508E0,8.399515658883E0,9.023958406361E0));
#2339=CARTESIAN_POINT('',(-7.800594697103E0,8.353079382213E0,9.060749566528E0));
#2340=CARTESIAN_POINT('',(-7.742858097637E0,8.310539405868E0,9.113026733665E0));
#2341=CARTESIAN_POINT('',(-7.693596428543E0,8.274243706854E0,9.178445786870E0));
#2342=CARTESIAN_POINT('',(-7.655120244117E0,8.245894687521E0,9.253303910366E0));
#2343=CARTESIAN_POINT('',(-7.627210447501E0,8.225330918653E0,9.337141867455E0));
#2344=CARTESIAN_POINT('',(-7.617171290574E0,8.217934128727E0,9.394914388690E0));
#2345=CARTESIAN_POINT('',(-7.614090307737E0,8.215664079237E0,9.425039565976E0));
#2346=CARTESIAN_POINT('',(-7.992165335162E0,8.495672844895E0,9.000095400110E0));
#2347=CARTESIAN_POINT('',(-7.967199469405E0,8.481883975076E0,8.999549419156E0));
#2348=CARTESIAN_POINT('',(-7.916452619709E0,8.453856038414E0,9.003061658295E0));
#2349=CARTESIAN_POINT('',(-7.839039283268E0,8.411099963836E0,9.023958406361E0));
#2350=CARTESIAN_POINT('',(-7.764655391241E0,8.370017078357E0,9.060749566528E0));
#2351=CARTESIAN_POINT('',(-7.696512783095E0,8.332381309514E0,9.113026733665E0));
#2352=CARTESIAN_POINT('',(-7.638372562794E0,8.300269948475E0,9.178445786870E0));
#2353=CARTESIAN_POINT('',(-7.592961721449E0,8.275189136712E0,9.253303910366E0));
#2354=CARTESIAN_POINT('',(-7.560021673872E0,8.256996055313E0,9.337141867455E0));
#2355=CARTESIAN_POINT('',(-7.548173135138E0,8.250452001936E0,9.394914388690E0));
#2356=CARTESIAN_POINT('',(-7.544536859215E0,8.248443654391E0,9.425039565976E0));
#2357=CARTESIAN_POINT('',(-7.990814516011E0,8.498739818909E0,9.000095400110E0));
#2358=CARTESIAN_POINT('',(-7.961544143271E0,8.494724138263E0,8.999549419156E0));
#2359=CARTESIAN_POINT('',(-7.902047740432E0,8.486561667786E0,9.003061658295E0));
#2360=CARTESIAN_POINT('',(-7.811287130132E0,8.474109977149E0,9.023958406361E0));
#2361=CARTESIAN_POINT('',(-7.724078287986E0,8.462145563076E0,9.060749566528E0));
#2362=CARTESIAN_POINT('',(-7.644186825E0,8.451185039803E0,9.113026733665E0));
#2363=CARTESIAN_POINT('',(-7.576022318462E0,8.441833369018E0,9.178445786870E0));
#2364=CARTESIAN_POINT('',(-7.522781935548E0,8.434529178629E0,9.253303910366E0));
#2365=CARTESIAN_POINT('',(-7.484162506918E0,8.429230876028E0,9.337141867455E0));
#2366=CARTESIAN_POINT('',(-7.470271094192E0,8.427325075997E0,9.394914388690E0));
#2367=CARTESIAN_POINT('',(-7.466007867245E0,8.426740192501E0,9.425039565976E0));
#2368=CARTESIAN_POINT('',(-7.991728493978E0,8.502798417318E0,9.000095400110E0));
#2369=CARTESIAN_POINT('',(-7.965370594413E0,8.511715826361E0,8.999549419156E0));
#2370=CARTESIAN_POINT('',(-7.911794228157E0,8.529841791664E0,9.003061658295E0));
#2371=CARTESIAN_POINT('',(-7.830064519010E0,8.557492600701E0,9.023958406361E0));
#2372=CARTESIAN_POINT('',(-7.751533168462E0,8.584061340514E0,9.060749566528E0));
#2373=CARTESIAN_POINT('',(-7.679591100075E0,8.608400793272E0,9.113026733665E0));
#2374=CARTESIAN_POINT('',(-7.618209127490E0,8.629167552629E0,9.178445786870E0));
#2375=CARTESIAN_POINT('',(-7.570266291979E0,8.645387580857E0,9.253303910366E0));
#2376=CARTESIAN_POINT('',(-7.535489590295E0,8.657153240458E0,9.337141867455E0));
#2377=CARTESIAN_POINT('',(-7.522980406872E0,8.661385349512E0,9.394914388690E0));
#2378=CARTESIAN_POINT('',(-7.519141381360E0,8.662684169274E0,9.425039565976E0));
#2379=CARTESIAN_POINT('',(-7.992495806643E0,8.504473809352E0,9.000095400110E0));
#2380=CARTESIAN_POINT('',(-7.968583018054E0,8.518730006133E0,8.999549419156E0));
#2381=CARTESIAN_POINT('',(-7.919976704926E0,8.547707854628E0,9.003061658295E0));
#2382=CARTESIAN_POINT('',(-7.845828715573E0,8.591913001313E0,9.023958406361E0));
#2383=CARTESIAN_POINT('',(-7.774582386606E0,8.634388251826E0,9.060749566528E0));
#2384=CARTESIAN_POINT('',(-7.709314079935E0,8.673299557384E0,9.113026733665E0));
#2385=CARTESIAN_POINT('',(-7.653626253596E0,8.706499224070E0,9.178445786870E0));
#2386=CARTESIAN_POINT('',(-7.610130872369E0,8.732430064866E0,9.253303910366E0));
#2387=CARTESIAN_POINT('',(-7.578580258361E0,8.751239739038E0,9.337141867455E0));
#2388=CARTESIAN_POINT('',(-7.567231499031E0,8.758005580907E0,9.394914388690E0));
#2389=CARTESIAN_POINT('',(-7.563748603696E0,8.760081994584E0,9.425039565976E0));
#2390=CARTESIAN_POINT('',(-7.993630139122E0,8.505981696112E0,9.000095400110E0));
#2391=CARTESIAN_POINT('',(-7.973332003232E0,8.525042909984E0,8.999549419156E0));
#2392=CARTESIAN_POINT('',(-7.932073011404E0,8.563787673134E0,9.003061658295E0));
#2393=CARTESIAN_POINT('',(-7.869133218404E0,8.622892058974E0,9.023958406361E0));
#2394=CARTESIAN_POINT('',(-7.808656471343E0,8.679683491267E0,9.060749566528E0));
#2395=CARTESIAN_POINT('',(-7.753254109833E0,8.731709759468E0,9.113026733665E0));
#2396=CARTESIAN_POINT('',(-7.705984045020E0,8.776099294549E0,9.178445786870E0));
#2397=CARTESIAN_POINT('',(-7.669063417572E0,8.810770063329E0,9.253303910366E0));
#2398=CARTESIAN_POINT('',(-7.642281988541E0,8.835919493274E0,9.337141867455E0));
#2399=CARTESIAN_POINT('',(-7.632648705571E0,8.844965745994E0,9.394914388690E0));
#2400=CARTESIAN_POINT('',(-7.629692284051E0,8.847742009942E0,9.425039565976E0));
#2401=CARTESIAN_POINT('',(-7.995063718037E0,8.507208444318E0,9.000095400110E0));
#2402=CARTESIAN_POINT('',(-7.979333810589E0,8.530178801936E0,8.999549419156E0));
#2403=CARTESIAN_POINT('',(-7.947360425131E0,8.576869483404E0,9.003061658295E0));
#2404=CARTESIAN_POINT('',(-7.898585644822E0,8.648095213758E0,9.023958406361E0));
#2405=CARTESIAN_POINT('',(-7.851719585830E0,8.716533641555E0,9.060749566528E0));
#2406=CARTESIAN_POINT('',(-7.808785888681E0,8.779229647909E0,9.113026733665E0));
#2407=CARTESIAN_POINT('',(-7.772154261589E0,8.832722751868E0,9.178445786870E0));
#2408=CARTESIAN_POINT('',(-7.743542863191E0,8.874503929239E0,9.253303910366E0));
#2409=CARTESIAN_POINT('',(-7.722788770189E0,8.904811096641E0,9.337141867455E0));
#2410=CARTESIAN_POINT('',(-7.715323520654E0,8.915712588090E0,9.394914388690E0));
#2411=CARTESIAN_POINT('',(-7.713032461162E0,8.919058218445E0,9.425039565976E0));
#2412=CARTESIAN_POINT('',(-7.996688004413E0,8.508079473099E0,9.000095400110E0));
#2413=CARTESIAN_POINT('',(-7.986134031922E0,8.533825442439E0,8.999549419156E0));
#2414=CARTESIAN_POINT('',(-7.964681507062E0,8.586157969152E0,9.003061658295E0));
#2415=CARTESIAN_POINT('',(-7.931956095844E0,8.665990225164E0,9.023958406361E0));
#2416=CARTESIAN_POINT('',(-7.900511340113E0,8.742698376303E0,9.060749566528E0));
#2417=CARTESIAN_POINT('',(-7.871705000333E0,8.812970223363E0,9.113026733665E0));
#2418=CARTESIAN_POINT('',(-7.847127030888E0,8.872927139900E0,9.178445786870E0));
#2419=CARTESIAN_POINT('',(-7.827930229340E0,8.919756925034E0,9.253303910366E0));
#2420=CARTESIAN_POINT('',(-7.814005282399E0,8.953726243916E0,9.337141867455E0));
#2421=CARTESIAN_POINT('',(-7.808996477451E0,8.965945011655E0,9.394914388690E0));
#2422=CARTESIAN_POINT('',(-7.807459292384E0,8.969694909589E0,9.425039565976E0));
#2423=CARTESIAN_POINT('',(-7.998094950174E0,8.508490951302E0,9.000095400110E0));
#2424=CARTESIAN_POINT('',(-7.992024337181E0,8.535548133032E0,8.999549419156E0));
#2425=CARTESIAN_POINT('',(-7.979684909891E0,8.590545894698E0,9.003061658295E0));
#2426=CARTESIAN_POINT('',(-7.960861352530E0,8.674443915013E0,9.023958406361E0));
#2427=CARTESIAN_POINT('',(-7.942774424324E0,8.755058723415E0,9.060749566528E0));
#2428=CARTESIAN_POINT('',(-7.926205104978E0,8.828909434228E0,9.113026733665E0));
#2429=CARTESIAN_POINT('',(-7.912067931434E0,8.891919887057E0,9.178445786870E0));
#2430=CARTESIAN_POINT('',(-7.901025989358E0,8.941134658890E0,9.253303910366E0));
#2431=CARTESIAN_POINT('',(-7.893016402076E0,8.976833995825E0,9.337141867455E0));
#2432=CARTESIAN_POINT('',(-7.890135352648E0,8.989675051249E0,9.394914388690E0));
#2433=CARTESIAN_POINT('',(-7.889251168456E0,8.993615927139E0,9.425039565976E0));
#2434=CARTESIAN_POINT('',(-7.999200903303E0,8.508645708329E0,9.000095400110E0));
#2435=CARTESIAN_POINT('',(-7.996654509646E0,8.536196037279E0,8.999549419156E0));
#2436=CARTESIAN_POINT('',(-7.991478584345E0,8.592196194295E0,9.003061658295E0));
#2437=CARTESIAN_POINT('',(-7.983582810538E0,8.677623349306E0,9.023958406361E0));
#2438=CARTESIAN_POINT('',(-7.975996024935E0,8.759707452216E0,9.060749566528E0));
#2439=CARTESIAN_POINT('',(-7.969045819128E0,8.834904174339E0,9.113026733665E0));
#2440=CARTESIAN_POINT('',(-7.963115806939E0,8.899063062725E0,9.178445786870E0));
#2441=CARTESIAN_POINT('',(-7.958484127850E0,8.949174828490E0,9.253303910366E0));
#2442=CARTESIAN_POINT('',(-7.955124407460E0,8.985524825531E0,9.337141867455E0));
#2443=CARTESIAN_POINT('',(-7.953915915666E0,8.998599923465E0,9.394914388690E0));
#2444=CARTESIAN_POINT('',(-7.953545033677E0,9.002612626200E0,9.425039565976E0));
#2445=CARTESIAN_POINT('',(-7.999999989124E0,8.508681769128E0,9.000095400110E0));
#2446=CARTESIAN_POINT('',(-7.999999954467E0,8.536347009058E0,8.999549419156E0));
#2447=CARTESIAN_POINT('',(-7.999999884020E0,8.592580739802E0,9.003061658295E0));
#2448=CARTESIAN_POINT('',(-7.999999776555E0,8.678364207012E0,9.023958406361E0));
#2449=CARTESIAN_POINT('',(-7.999999673296E0,8.760790678425E0,9.060749566528E0));
#2450=CARTESIAN_POINT('',(-7.999999578701E0,8.836301042145E0,9.113026733665E0));
#2451=CARTESIAN_POINT('',(-7.999999497991E0,8.900727533901E0,9.178445786870E0));
#2452=CARTESIAN_POINT('',(-7.999999434952E0,8.951048313222E0,9.253303910366E0));
#2453=CARTESIAN_POINT('',(-7.999999389225E0,8.987549924200E0,9.337141867455E0));
#2454=CARTESIAN_POINT('',(-7.999999372777E0,9.000679557685E0,9.394914388690E0));
#2455=CARTESIAN_POINT('',(-7.999999367729E0,9.004708997194E0,9.425039565976E0));
#2456=CARTESIAN_POINT('',(-8.000799075034E0,8.508645710333E0,9.000095400110E0));
#2457=CARTESIAN_POINT('',(-8.003345399665E0,8.536196045660E0,8.999549419156E0));
#2458=CARTESIAN_POINT('',(-8.008521184658E0,8.592196215644E0,9.003061658295E0));
#2459=CARTESIAN_POINT('',(-8.016416744429E0,8.677623390438E0,9.023958406361E0));
#2460=CARTESIAN_POINT('',(-8.024003324371E0,8.759707512357E0,9.060749566528E0));
#2461=CARTESIAN_POINT('',(-8.030953341775E0,8.834904251893E0,9.113026733665E0));
#2462=CARTESIAN_POINT('',(-8.036883193214E0,8.899063155136E0,9.178445786870E0));
#2463=CARTESIAN_POINT('',(-8.041514746749E0,8.949174932506E0,9.253303910366E0));
#2464=CARTESIAN_POINT('',(-8.044874376064E0,8.985524937964E0,9.337141867455E0));
#2465=CARTESIAN_POINT('',(-8.046082835098E0,8.998600038927E0,9.394914388690E0));
#2466=CARTESIAN_POINT('',(-8.046453707033E0,9.002612742591E0,9.425039565976E0));
#2467=CARTESIAN_POINT('',(-8.001905028550E0,8.508490956075E0,9.000095400110E0));
#2468=CARTESIAN_POINT('',(-8.007975573754E0,8.535548153015E0,8.999549419156E0));
#2469=CARTESIAN_POINT('',(-8.020314863247E0,8.590545945596E0,9.003061658295E0));
#2470=CARTESIAN_POINT('',(-8.039138210402E0,8.674444013074E0,9.023958406361E0));
#2471=CARTESIAN_POINT('',(-8.057224936629E0,8.755058866792E0,9.060749566528E0));
#2472=CARTESIAN_POINT('',(-8.073794070944E0,8.828909619119E0,9.113026733665E0));
#2473=CARTESIAN_POINT('',(-8.087931086616E0,8.891920107369E0,9.178445786870E0));
#2474=CARTESIAN_POINT('',(-8.098972905385E0,8.941134906867E0,9.253303910366E0));
#2475=CARTESIAN_POINT('',(-8.106982403223E0,8.976834263870E0,9.337141867455E0));
#2476=CARTESIAN_POINT('',(-8.109863420476E0,8.989675326512E0,9.394914388690E0));
#2477=CARTESIAN_POINT('',(-8.110747594795E0,8.993616204618E0,9.425039565976E0));
#2478=CARTESIAN_POINT('',(-8.003311975343E0,8.508079481397E0,9.000095400110E0));
#2479=CARTESIAN_POINT('',(-8.013865883329E0,8.533825477181E0,8.999549419156E0));
#2480=CARTESIAN_POINT('',(-8.035318277071E0,8.586158057642E0,9.003061658295E0));
#2481=CARTESIAN_POINT('',(-8.068043488269E0,8.665990395646E0,9.023958406361E0));
#2482=CARTESIAN_POINT('',(-8.099488051809E0,8.742698625570E0,9.060749566528E0));
#2483=CARTESIAN_POINT('',(-8.128294215524E0,8.812970544804E0,9.113026733665E0));
#2484=CARTESIAN_POINT('',(-8.152872034748E0,8.872927522921E0,9.178445786870E0));
#2485=CARTESIAN_POINT('',(-8.172068718964E0,8.919757356151E0,9.253303910366E0));
#2486=CARTESIAN_POINT('',(-8.185993580796E0,8.953726709922E0,9.337141867455E0));
#2487=CARTESIAN_POINT('',(-8.191002355129E0,8.965945490211E0,9.394914388690E0));
#2488=CARTESIAN_POINT('',(-8.192539530801E0,8.969695391996E0,9.425039565976E0));
#2489=CARTESIAN_POINT('',(-8.004936263902E0,8.507208456687E0,9.000095400110E0));
#2490=CARTESIAN_POINT('',(-8.020666113798E0,8.530178853715E0,8.999549419156E0));
#2491=CARTESIAN_POINT('',(-8.052639382272E0,8.576869615292E0,9.003061658295E0));
#2492=CARTESIAN_POINT('',(-8.101413984127E0,8.648095467849E0,9.023958406361E0));
#2493=CARTESIAN_POINT('',(-8.148279871648E0,8.716534013069E0,9.060749566528E0));
#2494=CARTESIAN_POINT('',(-8.191213411712E0,8.779230126992E0,9.113026733665E0));
#2495=CARTESIAN_POINT('',(-8.227844904778E0,8.832723322731E0,9.178445786870E0));
#2496=CARTESIAN_POINT('',(-8.256456198494E0,8.874504571788E0,9.253303910366E0));
#2497=CARTESIAN_POINT('',(-8.277210215561E0,8.904811791189E0,9.337141867455E0));
#2498=CARTESIAN_POINT('',(-8.284675437783E0,8.915713301343E0,9.394914388690E0));
#2499=CARTESIAN_POINT('',(-8.286966488892E0,8.919058937438E0,9.425039565976E0));
#2500=CARTESIAN_POINT('',(-8.006369845890E0,8.505981712072E0,9.000095400110E0));
#2501=CARTESIAN_POINT('',(-8.026667934022E0,8.525042976801E0,8.999549419156E0));
#2502=CARTESIAN_POINT('',(-8.067926828776E0,8.563787843324E0,9.003061658295E0));
#2503=CARTESIAN_POINT('',(-8.130866473692E0,8.622892386859E0,9.023958406361E0));
#2504=CARTESIAN_POINT('',(-8.191343078462E0,8.679683970675E0,9.060749566528E0));
#2505=CARTESIAN_POINT('',(-8.246745309621E0,8.731710377686E0,9.113026733665E0));
#2506=CARTESIAN_POINT('',(-8.294015263216E0,8.776100031202E0,9.178445786870E0));
#2507=CARTESIAN_POINT('',(-8.330935803797E0,8.810770892486E0,9.253303910366E0));
#2508=CARTESIAN_POINT('',(-8.357717169816E0,8.835920389532E0,9.337141867455E0));
#2509=CARTESIAN_POINT('',(-8.367350430120E0,8.844966666386E0,9.394914388690E0));
#2510=CARTESIAN_POINT('',(-8.370306844686E0,8.847742937742E0,9.425039565976E0));
#2511=CARTESIAN_POINT('',(-8.007504182148E0,8.504473828152E0,9.000095400110E0));
#2512=CARTESIAN_POINT('',(-8.031416935018E0,8.518730084848E0,8.999549419156E0));
#2513=CARTESIAN_POINT('',(-8.080023175542E0,8.547708055125E0,9.003061658295E0));
#2514=CARTESIAN_POINT('',(-8.154171054140E0,8.591913387587E0,9.023958406361E0));
#2515=CARTESIAN_POINT('',(-8.225417276685E0,8.634388816606E0,9.060749566528E0));
#2516=CARTESIAN_POINT('',(-8.290685485864E0,8.673300285694E0,9.113026733665E0));
#2517=CARTESIAN_POINT('',(-8.346373229022E0,8.706500091904E0,9.178445786870E0));
#2518=CARTESIAN_POINT('',(-8.389868545280E0,8.732431041678E0,9.253303910366E0));
#2519=CARTESIAN_POINT('',(-8.421419112160E0,8.751240794900E0,9.337141867455E0));
#2520=CARTESIAN_POINT('',(-8.432767854538E0,8.758006665203E0,9.394914388690E0));
#2521=CARTESIAN_POINT('',(-8.436250744671E0,8.760083087606E0,9.425039565976E0));
#2522=CARTESIAN_POINT('',(-8.008271499011E0,8.502798438041E0,9.000095400110E0));
#2523=CARTESIAN_POINT('',(-8.034629376232E0,8.511715913124E0,8.999549419156E0));
#2524=CARTESIAN_POINT('',(-8.088205697075E0,8.529842012663E0,9.003061658295E0));
#2525=CARTESIAN_POINT('',(-8.169935336943E0,8.557493026472E0,9.023958406361E0));
#2526=CARTESIAN_POINT('',(-8.248466620922E0,8.584061963044E0,9.060749566528E0));
#2527=CARTESIAN_POINT('',(-8.320408628327E0,8.608401596052E0,9.113026733665E0));
#2528=CARTESIAN_POINT('',(-8.381790548882E0,8.629168509201E0,9.178445786870E0));
#2529=CARTESIAN_POINT('',(-8.429733343753E0,8.645388657549E0,9.253303910366E0));
#2530=CARTESIAN_POINT('',(-8.464510015960E0,8.657154404283E0,9.337141867455E0));
#2531=CARTESIAN_POINT('',(-8.477019188778E0,8.661386544678E0,9.394914388690E0));
#2532=CARTESIAN_POINT('',(-8.480858211035E0,8.662685374059E0,9.425039565976E0));
#2533=CARTESIAN_POINT('',(-8.009203023973E0,8.498661969027E0,9.000095400110E0));
#2534=CARTESIAN_POINT('',(-8.038529289458E0,8.494398212718E0,8.999549419156E0));
#2535=CARTESIAN_POINT('',(-8.098139302645E0,8.485731491416E0,9.003061658295E0));
#2536=CARTESIAN_POINT('',(-8.189073223333E0,8.472510575914E0,9.023958406361E0));
#2537=CARTESIAN_POINT('',(-8.276448593644E0,8.459807039333E0,9.060749566528E0));
#2538=CARTESIAN_POINT('',(-8.356492612019E0,8.448169410652E0,9.113026733665E0));
#2539=CARTESIAN_POINT('',(-8.424787280935E0,8.438240024123E0,9.178445786870E0));
#2540=CARTESIAN_POINT('',(-8.478129328121E0,8.430484604658E0,9.253303910366E0));
#2541=CARTESIAN_POINT('',(-8.516822501827E0,8.424858990186E0,9.337141867455E0));
#2542=CARTESIAN_POINT('',(-8.530740440665E0,8.422835456042E0,9.394914388690E0));
#2543=CARTESIAN_POINT('',(-8.535011808385E0,8.422214440350E0,9.425039565976E0));
#2544=CARTESIAN_POINT('',(-8.007773261016E0,8.495536053301E0,9.000095400110E0));
#2545=CARTESIAN_POINT('',(-8.032543457960E0,8.481311284753E0,8.999549419156E0));
#2546=CARTESIAN_POINT('',(-8.082892581570E0,8.452397318833E0,9.003061658295E0));
#2547=CARTESIAN_POINT('',(-8.159699194572E0,8.408289623779E0,9.023958406361E0));
#2548=CARTESIAN_POINT('',(-8.233500106300E0,8.365908011286E0,9.060749566528E0));
#2549=CARTESIAN_POINT('',(-8.301108649909E0,8.327082486921E0,9.113026733665E0));
#2550=CARTESIAN_POINT('',(-8.358793198929E0,8.293956009947E0,9.178445786870E0));
#2551=CARTESIAN_POINT('',(-8.403848134908E0,8.268082334499E0,9.253303910366E0));
#2552=CARTESIAN_POINT('',(-8.436530016385E0,8.249314126850E0,9.337141867455E0));
#2553=CARTESIAN_POINT('',(-8.448285692753E0,8.242563200488E0,9.394914388690E0));
#2554=CARTESIAN_POINT('',(-8.451893469526E0,8.240491364331E0,9.425039565976E0));
#2555=CARTESIAN_POINT('',(-8.006542202982E0,8.495068108893E0,9.000095400110E0));
#2556=CARTESIAN_POINT('',(-8.027389522571E0,8.479352193218E0,8.999549419156E0));
#2557=CARTESIAN_POINT('',(-8.069764812312E0,8.447407248137E0,9.003061658295E0));
#2558=CARTESIAN_POINT('',(-8.134407496117E0,8.398675853102E0,9.023958406361E0));
#2559=CARTESIAN_POINT('',(-8.196520494080E0,8.351851481591E0,9.060749566528E0));
#2560=CARTESIAN_POINT('',(-8.253421814626E0,8.308955974045E0,9.113026733665E0));
#2561=CARTESIAN_POINT('',(-8.301970812144E0,8.272356930825E0,9.178445786870E0));
#2562=CARTESIAN_POINT('',(-8.339890359237E0,8.243770982354E0,9.253303910366E0));
#2563=CARTESIAN_POINT('',(-8.367396383107E0,8.223035350113E0,9.337141867455E0));
#2564=CARTESIAN_POINT('',(-8.377290302887E0,8.215576740970E0,9.394914388690E0));
#2565=CARTESIAN_POINT('',(-8.380326713001E0,8.213287719352E0,9.425039565976E0));
#2566=B_SPLINE_SURFACE_WITH_KNOTS('',3,3,((#2335,#2336,#2337,#2338,#2339,#2340,
#2341,#2342,#2343,#2344,#2345),(#2346,#2347,#2348,#2349,#2350,#2351,#2352,#2353,
#2354,#2355,#2356),(#2357,#2358,#2359,#2360,#2361,#2362,#2363,#2364,#2365,#2366,
#2367),(#2368,#2369,#2370,#2371,#2372,#2373,#2374,#2375,#2376,#2377,#2378),(
#2379,#2380,#2381,#2382,#2383,#2384,#2385,#2386,#2387,#2388,#2389),(#2390,#2391,
#2392,#2393,#2394,#2395,#2396,#2397,#2398,#2399,#2400),(#2401,#2402,#2403,#2404,
#2405,#2406,#2407,#2408,#2409,#2410,#2411),(#2412,#2413,#2414,#2415,#2416,#2417,
#2418,#2419,#2420,#2421,#2422),(#2423,#2424,#2425,#2426,#2427,#2428,#2429,#2430,
#2431,#2432,#2433),(#2434,#2435,#2436,#2437,#2438,#2439,#2440,#2441,#2442,#2443,
#2444),(#2445,#2446,#2447,#2448,#2449,#2450,#2451,#2452,#2453,#2454,#2455),(
#2456,#2457,#2458,#2459,#2460,#2461,#2462,#2463,#2464,#2465,#2466),(#2467,#2468,
#2469,#2470,#2471,#2472,#2473,#2474,#2475,#2476,#2477),(#2478,#2479,#2480,#2481,
#2482,#2483,#2484,#2485,#2486,#2487,#2488),(#2489,#2490,#2491,#2492,#2493,#2494,
#2495,#2496,#2497,#2498,#2499),(#2500,#2501,#2502,#2503,#2504,#2505,#2506,#2507,
#2508,#2509,#2510),(#2511,#2512,#2513,#2514,#2515,#2516,#2517,#2518,#2519,#2520,
#2521),(#2522,#2523,#2524,#2525,#2526,#2527,#2528,#2529,#2530,#2531,#2532),(
#2533,#2534,#2535,#2536,#2537,#2538,#2539,#2540,#2541,#2542,#2543),(#2544,#2545,
#2546,#2547,#2548,#2549,#2550,#2551,#2552,#2553,#2554),(#2555,#2556,#2557,#2558,
#2559,#2560,#2561,#2562,#2563,#2564,#2565)),.UNSPECIFIED.,.F.,.F.,.F.,(4,1,1,1,
1,1,1,1,1,1,1,1,1,1,1,1,1,1,4),(4,1,1,1,1,1,1,1,4),(-5.111863826720E-1,1.25E-1,
2.5E-1,3.75E-1,5.E-1,6.25E-1,7.5E-1,8.75E-1,9.375E-1,1.E0,1.0625E0,1.125E0,
1.25E0,1.375E0,1.5E0,1.625E0,1.75E0,1.875E0,2.528189774258E0),(
-4.486262471988E-3,1.25E-1,2.5E-1,3.75E-1,5.E-1,6.25E-1,7.5E-1,8.75E-1,
1.018441734149E0),.UNSPECIFIED.);
#2567=ORIENTED_EDGE('',*,*,#2330,.F.);
#2568=ORIENTED_EDGE('',*,*,#2319,.F.);
#2569=ORIENTED_EDGE('',*,*,#1942,.F.);
#2570=ORIENTED_EDGE('',*,*,#2316,.T.);
#2571=EDGE_LOOP('',(#2567,#2568,#2569,#2570));
#2572=FACE_OUTER_BOUND('',#2571,.F.);
#2574=CARTESIAN_POINT('',(7.993361761179E0,8.504891014082E0,9.000095400110E0));
#2575=CARTESIAN_POINT('',(7.972208414817E0,8.520476671397E0,8.999549419156E0));
#2576=CARTESIAN_POINT('',(7.929211080012E0,8.552156846892E0,9.003061658295E0));
#2577=CARTESIAN_POINT('',(7.863619478493E0,8.600484341085E0,9.023958406361E0));
#2578=CARTESIAN_POINT('',(7.800594697080E0,8.646920617776E0,9.060749566528E0));
#2579=CARTESIAN_POINT('',(7.742858097608E0,8.689460594110E0,9.113026733665E0));
#2580=CARTESIAN_POINT('',(7.693596428509E0,8.725756293130E0,9.178445786870E0));
#2581=CARTESIAN_POINT('',(7.655120244078E0,8.754105312461E0,9.253303910366E0));
#2582=CARTESIAN_POINT('',(7.627210447458E0,8.774669081327E0,9.337141867447E0));
#2583=CARTESIAN_POINT('',(7.617171290531E0,8.782065871252E0,9.394914388691E0));
#2584=CARTESIAN_POINT('',(7.614090307693E0,8.784335920717E0,9.425039565976E0));
#2585=CARTESIAN_POINT('',(7.992165335162E0,8.504327155108E0,9.000095400110E0));
#2586=CARTESIAN_POINT('',(7.967199469403E0,8.518116024920E0,8.999549419156E0));
#2587=CARTESIAN_POINT('',(7.916452619704E0,8.546143961574E0,9.003061658295E0));
#2588=CARTESIAN_POINT('',(7.839039283258E0,8.588900036146E0,9.023958406361E0));
#2589=CARTESIAN_POINT('',(7.764655391227E0,8.629982921610E0,9.060749566528E0));
#2590=CARTESIAN_POINT('',(7.696512783077E0,8.667618690449E0,9.113026733665E0));
#2591=CARTESIAN_POINT('',(7.638372562773E0,8.699730051475E0,9.178445786870E0));
#2592=CARTESIAN_POINT('',(7.592961721424E0,8.724810863232E0,9.253303910366E0));
#2593=CARTESIAN_POINT('',(7.560021673846E0,8.743003944626E0,9.337141867459E0));
#2594=CARTESIAN_POINT('',(7.548173135110E0,8.749547998002E0,9.394914388691E0));
#2595=CARTESIAN_POINT('',(7.544536859187E0,8.751556345551E0,9.425039565976E0));
#2596=CARTESIAN_POINT('',(7.990814516011E0,8.501260181090E0,9.000095400110E0));
#2597=CARTESIAN_POINT('',(7.961544143272E0,8.505275861734E0,8.999549419156E0));
#2598=CARTESIAN_POINT('',(7.902047740434E0,8.513438332208E0,9.003061658295E0));
#2599=CARTESIAN_POINT('',(7.811287130134E0,8.525890022838E0,9.023958406361E0));
#2600=CARTESIAN_POINT('',(7.724078287990E0,8.537854436905E0,9.060749566528E0));
#2601=CARTESIAN_POINT('',(7.644186825005E0,8.548814960174E0,9.113026733665E0));
#2602=CARTESIAN_POINT('',(7.576022318469E0,8.558166630954E0,9.178445786870E0));
#2603=CARTESIAN_POINT('',(7.522781935555E0,8.565470821339E0,9.253303910366E0));
#2604=CARTESIAN_POINT('',(7.484162506926E0,8.570769123938E0,9.337141867455E0));
#2605=CARTESIAN_POINT('',(7.470271094199E0,8.572674923967E0,9.394914388691E0));
#2606=CARTESIAN_POINT('',(7.466007867252E0,8.573259807463E0,9.425039565976E0));
#2607=CARTESIAN_POINT('',(7.991728493978E0,8.497201582682E0,9.000095400110E0));
#2608=CARTESIAN_POINT('',(7.965370594413E0,8.488284173639E0,8.999549419156E0));
#2609=CARTESIAN_POINT('',(7.911794228157E0,8.470158208336E0,9.003061658295E0));
#2610=CARTESIAN_POINT('',(7.830064519010E0,8.442507399299E0,9.023958406361E0));
#2611=CARTESIAN_POINT('',(7.751533168462E0,8.415938659486E0,9.060749566528E0));
#2612=CARTESIAN_POINT('',(7.679591100075E0,8.391599206728E0,9.113026733665E0));
#2613=CARTESIAN_POINT('',(7.618209127490E0,8.370832447371E0,9.178445786870E0));
#2614=CARTESIAN_POINT('',(7.570266291979E0,8.354612419143E0,9.253303910366E0));
#2615=CARTESIAN_POINT('',(7.535489590295E0,8.342846759542E0,9.337141867455E0));
#2616=CARTESIAN_POINT('',(7.522980406872E0,8.338614650488E0,9.394914388691E0));
#2617=CARTESIAN_POINT('',(7.519141381360E0,8.337315830726E0,9.425039565976E0));
#2618=CARTESIAN_POINT('',(7.992495806643E0,8.495526190648E0,9.000095400110E0));
#2619=CARTESIAN_POINT('',(7.968583018054E0,8.481269993867E0,8.999549419156E0));
#2620=CARTESIAN_POINT('',(7.919976704926E0,8.452292145372E0,9.003061658295E0));
#2621=CARTESIAN_POINT('',(7.845828715573E0,8.408086998687E0,9.023958406361E0));
#2622=CARTESIAN_POINT('',(7.774582386606E0,8.365611748174E0,9.060749566528E0));
#2623=CARTESIAN_POINT('',(7.709314079935E0,8.326700442616E0,9.113026733665E0));
#2624=CARTESIAN_POINT('',(7.653626253596E0,8.293500775930E0,9.178445786870E0));
#2625=CARTESIAN_POINT('',(7.610130872369E0,8.267569935134E0,9.253303910366E0));
#2626=CARTESIAN_POINT('',(7.578580258361E0,8.248760260962E0,9.337141867455E0));
#2627=CARTESIAN_POINT('',(7.567231499030E0,8.241994419093E0,9.394914388691E0));
#2628=CARTESIAN_POINT('',(7.563748603696E0,8.239918005416E0,9.425039565976E0));
#2629=CARTESIAN_POINT('',(7.993630139122E0,8.494018303888E0,9.000095400110E0));
#2630=CARTESIAN_POINT('',(7.973332003232E0,8.474957090016E0,8.999549419156E0));
#2631=CARTESIAN_POINT('',(7.932073011404E0,8.436212326866E0,9.003061658295E0));
#2632=CARTESIAN_POINT('',(7.869133218404E0,8.377107941026E0,9.023958406361E0));
#2633=CARTESIAN_POINT('',(7.808656471343E0,8.320316508733E0,9.060749566528E0));
#2634=CARTESIAN_POINT('',(7.753254109833E0,8.268290240532E0,9.113026733665E0));
#2635=CARTESIAN_POINT('',(7.705984045020E0,8.223900705451E0,9.178445786870E0));
#2636=CARTESIAN_POINT('',(7.669063417572E0,8.189229936671E0,9.253303910366E0));
#2637=CARTESIAN_POINT('',(7.642281988541E0,8.164080506724E0,9.337141867455E0));
#2638=CARTESIAN_POINT('',(7.632648705571E0,8.155034254006E0,9.394914388691E0));
#2639=CARTESIAN_POINT('',(7.629692284051E0,8.152257990058E0,9.425039565976E0));
#2640=CARTESIAN_POINT('',(7.995063718037E0,8.492791555682E0,9.000095400110E0));
#2641=CARTESIAN_POINT('',(7.979333810589E0,8.469821198064E0,8.999549419156E0));
#2642=CARTESIAN_POINT('',(7.947360425131E0,8.423130516596E0,9.003061658295E0));
#2643=CARTESIAN_POINT('',(7.898585644822E0,8.351904786242E0,9.023958406361E0));
#2644=CARTESIAN_POINT('',(7.851719585830E0,8.283466358445E0,9.060749566528E0));
#2645=CARTESIAN_POINT('',(7.808785888681E0,8.220770352091E0,9.113026733665E0));
#2646=CARTESIAN_POINT('',(7.772154261589E0,8.167277248132E0,9.178445786870E0));
#2647=CARTESIAN_POINT('',(7.743542863190E0,8.125496070761E0,9.253303910366E0));
#2648=CARTESIAN_POINT('',(7.722788770189E0,8.095188903359E0,9.337141867455E0));
#2649=CARTESIAN_POINT('',(7.715323520654E0,8.084287411910E0,9.394914388691E0));
#2650=CARTESIAN_POINT('',(7.713032461162E0,8.080941781555E0,9.425039565976E0));
#2651=CARTESIAN_POINT('',(7.996688004413E0,8.491920526901E0,9.000095400110E0));
#2652=CARTESIAN_POINT('',(7.986134031922E0,8.466174557561E0,8.999549419156E0));
#2653=CARTESIAN_POINT('',(7.964681507062E0,8.413842030848E0,9.003061658295E0));
#2654=CARTESIAN_POINT('',(7.931956095844E0,8.334009774836E0,9.023958406361E0));
#2655=CARTESIAN_POINT('',(7.900511340113E0,8.257301623697E0,9.060749566528E0));
#2656=CARTESIAN_POINT('',(7.871705000333E0,8.187029776637E0,9.113026733665E0));
#2657=CARTESIAN_POINT('',(7.847127030888E0,8.127072860100E0,9.178445786870E0));
#2658=CARTESIAN_POINT('',(7.827930229340E0,8.080243074966E0,9.253303910366E0));
#2659=CARTESIAN_POINT('',(7.814005282399E0,8.046273756084E0,9.337141867455E0));
#2660=CARTESIAN_POINT('',(7.808996477451E0,8.034054988344E0,9.394914388691E0));
#2661=CARTESIAN_POINT('',(7.807459292384E0,8.030305090411E0,9.425039565976E0));
#2662=CARTESIAN_POINT('',(7.998094950174E0,8.491509048698E0,9.000095400110E0));
#2663=CARTESIAN_POINT('',(7.992024337181E0,8.464451866968E0,8.999549419156E0));
#2664=CARTESIAN_POINT('',(7.979684909891E0,8.409454105302E0,9.003061658295E0));
#2665=CARTESIAN_POINT('',(7.960861352530E0,8.325556084987E0,9.023958406361E0));
#2666=CARTESIAN_POINT('',(7.942774424324E0,8.244941276585E0,9.060749566528E0));
#2667=CARTESIAN_POINT('',(7.926205104978E0,8.171090565772E0,9.113026733665E0));
#2668=CARTESIAN_POINT('',(7.912067931434E0,8.108080112943E0,9.178445786870E0));
#2669=CARTESIAN_POINT('',(7.901025989358E0,8.058865341110E0,9.253303910366E0));
#2670=CARTESIAN_POINT('',(7.893016402076E0,8.023166004175E0,9.337141867455E0));
#2671=CARTESIAN_POINT('',(7.890135352648E0,8.010324948751E0,9.394914388691E0));
#2672=CARTESIAN_POINT('',(7.889251168456E0,8.006384072861E0,9.425039565976E0));
#2673=CARTESIAN_POINT('',(7.999200903303E0,8.491354291671E0,9.000095400110E0));
#2674=CARTESIAN_POINT('',(7.996654509646E0,8.463803962721E0,8.999549419156E0));
#2675=CARTESIAN_POINT('',(7.991478584345E0,8.407803805705E0,9.003061658295E0));
#2676=CARTESIAN_POINT('',(7.983582810538E0,8.322376650694E0,9.023958406361E0));
#2677=CARTESIAN_POINT('',(7.975996024935E0,8.240292547784E0,9.060749566528E0));
#2678=CARTESIAN_POINT('',(7.969045819128E0,8.165095825661E0,9.113026733665E0));
#2679=CARTESIAN_POINT('',(7.963115806939E0,8.100936937275E0,9.178445786870E0));
#2680=CARTESIAN_POINT('',(7.958484127850E0,8.050825171510E0,9.253303910366E0));
#2681=CARTESIAN_POINT('',(7.955124407460E0,8.014475174469E0,9.337141867455E0));
#2682=CARTESIAN_POINT('',(7.953915915666E0,8.001400076535E0,9.394914388691E0));
#2683=CARTESIAN_POINT('',(7.953545033677E0,7.997387373800E0,9.425039565976E0));
#2684=CARTESIAN_POINT('',(7.999999989124E0,8.491318230872E0,9.000095400110E0));
#2685=CARTESIAN_POINT('',(7.999999954467E0,8.463652990942E0,8.999549419156E0));
#2686=CARTESIAN_POINT('',(7.999999884020E0,8.407419260198E0,9.003061658295E0));
#2687=CARTESIAN_POINT('',(7.999999776555E0,8.321635792988E0,9.023958406361E0));
#2688=CARTESIAN_POINT('',(7.999999673296E0,8.239209321575E0,9.060749566528E0));
#2689=CARTESIAN_POINT('',(7.999999578701E0,8.163698957855E0,9.113026733665E0));
#2690=CARTESIAN_POINT('',(7.999999497991E0,8.099272466099E0,9.178445786870E0));
#2691=CARTESIAN_POINT('',(7.999999434952E0,8.048951686778E0,9.253303910366E0));
#2692=CARTESIAN_POINT('',(7.999999389225E0,8.012450075799E0,9.337141867455E0));
#2693=CARTESIAN_POINT('',(7.999999372777E0,7.999320442315E0,9.394914388691E0));
#2694=CARTESIAN_POINT('',(7.999999367729E0,7.995291002806E0,9.425039565976E0));
#2695=CARTESIAN_POINT('',(8.000799075034E0,8.491354289667E0,9.000095400110E0));
#2696=CARTESIAN_POINT('',(8.003345399666E0,8.463803954340E0,8.999549419156E0));
#2697=CARTESIAN_POINT('',(8.008521184658E0,8.407803784356E0,9.003061658295E0));
#2698=CARTESIAN_POINT('',(8.016416744429E0,8.322376609562E0,9.023958406361E0));
#2699=CARTESIAN_POINT('',(8.024003324371E0,8.240292487643E0,9.060749566528E0));
#2700=CARTESIAN_POINT('',(8.030953341775E0,8.165095748107E0,9.113026733665E0));
#2701=CARTESIAN_POINT('',(8.036883193214E0,8.100936844864E0,9.178445786870E0));
#2702=CARTESIAN_POINT('',(8.041514746749E0,8.050825067494E0,9.253303910366E0));
#2703=CARTESIAN_POINT('',(8.044874376064E0,8.014475062036E0,9.337141867455E0));
#2704=CARTESIAN_POINT('',(8.046082835098E0,8.001399961073E0,9.394914388691E0));
#2705=CARTESIAN_POINT('',(8.046453707033E0,7.997387257409E0,9.425039565976E0));
#2706=CARTESIAN_POINT('',(8.001905028550E0,8.491509043925E0,9.000095400110E0));
#2707=CARTESIAN_POINT('',(8.007975573754E0,8.464451846984E0,8.999549419156E0));
#2708=CARTESIAN_POINT('',(8.020314863247E0,8.409454054404E0,9.003061658295E0));
#2709=CARTESIAN_POINT('',(8.039138210402E0,8.325555986926E0,9.023958406361E0));
#2710=CARTESIAN_POINT('',(8.057224936629E0,8.244941133208E0,9.060749566528E0));
#2711=CARTESIAN_POINT('',(8.073794070944E0,8.171090380881E0,9.113026733665E0));
#2712=CARTESIAN_POINT('',(8.087931086616E0,8.108079892631E0,9.178445786870E0));
#2713=CARTESIAN_POINT('',(8.098972905385E0,8.058865093133E0,9.253303910366E0));
#2714=CARTESIAN_POINT('',(8.106982403223E0,8.023165736131E0,9.337141867455E0));
#2715=CARTESIAN_POINT('',(8.109863420476E0,8.010324673488E0,9.394914388691E0));
#2716=CARTESIAN_POINT('',(8.110747594795E0,8.006383795382E0,9.425039565976E0));
#2717=CARTESIAN_POINT('',(8.003311975343E0,8.491920518603E0,9.000095400110E0));
#2718=CARTESIAN_POINT('',(8.013865883329E0,8.466174522819E0,8.999549419156E0));
#2719=CARTESIAN_POINT('',(8.035318277071E0,8.413841942358E0,9.003061658295E0));
#2720=CARTESIAN_POINT('',(8.068043488269E0,8.334009604354E0,9.023958406361E0));
#2721=CARTESIAN_POINT('',(8.099488051809E0,8.257301374430E0,9.060749566528E0));
#2722=CARTESIAN_POINT('',(8.128294215524E0,8.187029455196E0,9.113026733665E0));
#2723=CARTESIAN_POINT('',(8.152872034748E0,8.127072477080E0,9.178445786870E0));
#2724=CARTESIAN_POINT('',(8.172068718964E0,8.080242643849E0,9.253303910366E0));
#2725=CARTESIAN_POINT('',(8.185993580796E0,8.046273290078E0,9.337141867455E0));
#2726=CARTESIAN_POINT('',(8.191002355129E0,8.034054509788E0,9.394914388691E0));
#2727=CARTESIAN_POINT('',(8.192539530801E0,8.030304608005E0,9.425039565976E0));
#2728=CARTESIAN_POINT('',(8.004936263902E0,8.492791543313E0,9.000095400110E0));
#2729=CARTESIAN_POINT('',(8.020666113798E0,8.469821146285E0,8.999549419156E0));
#2730=CARTESIAN_POINT('',(8.052639382272E0,8.423130384708E0,9.003061658295E0));
#2731=CARTESIAN_POINT('',(8.101413984127E0,8.351904532151E0,9.023958406361E0));
#2732=CARTESIAN_POINT('',(8.148279871648E0,8.283465986931E0,9.060749566528E0));
#2733=CARTESIAN_POINT('',(8.191213411712E0,8.220769873008E0,9.113026733665E0));
#2734=CARTESIAN_POINT('',(8.227844904778E0,8.167276677269E0,9.178445786870E0));
#2735=CARTESIAN_POINT('',(8.256456198494E0,8.125495428212E0,9.253303910366E0));
#2736=CARTESIAN_POINT('',(8.277210215561E0,8.095188208811E0,9.337141867455E0));
#2737=CARTESIAN_POINT('',(8.284675437783E0,8.084286698658E0,9.394914388691E0));
#2738=CARTESIAN_POINT('',(8.286966488892E0,8.080941062561E0,9.425039565976E0));
#2739=CARTESIAN_POINT('',(8.006369845890E0,8.494018287928E0,9.000095400110E0));
#2740=CARTESIAN_POINT('',(8.026667934022E0,8.474957023199E0,8.999549419156E0));
#2741=CARTESIAN_POINT('',(8.067926828776E0,8.436212156676E0,9.003061658295E0));
#2742=CARTESIAN_POINT('',(8.130866473692E0,8.377107613141E0,9.023958406361E0));
#2743=CARTESIAN_POINT('',(8.191343078462E0,8.320316029325E0,9.060749566528E0));
#2744=CARTESIAN_POINT('',(8.246745309621E0,8.268289622314E0,9.113026733665E0));
#2745=CARTESIAN_POINT('',(8.294015263216E0,8.223899968799E0,9.178445786870E0));
#2746=CARTESIAN_POINT('',(8.330935803797E0,8.189229107515E0,9.253303910366E0));
#2747=CARTESIAN_POINT('',(8.357717169816E0,8.164079610468E0,9.337141867455E0));
#2748=CARTESIAN_POINT('',(8.367350430120E0,8.155033333614E0,9.394914388691E0));
#2749=CARTESIAN_POINT('',(8.370306844686E0,8.152257062258E0,9.425039565976E0));
#2750=CARTESIAN_POINT('',(8.007504182148E0,8.495526171848E0,9.000095400110E0));
#2751=CARTESIAN_POINT('',(8.031416935018E0,8.481269915152E0,8.999549419156E0));
#2752=CARTESIAN_POINT('',(8.080023175542E0,8.452291944875E0,9.003061658295E0));
#2753=CARTESIAN_POINT('',(8.154171054140E0,8.408086612413E0,9.023958406361E0));
#2754=CARTESIAN_POINT('',(8.225417276685E0,8.365611183394E0,9.060749566528E0));
#2755=CARTESIAN_POINT('',(8.290685485864E0,8.326699714306E0,9.113026733665E0));
#2756=CARTESIAN_POINT('',(8.346373229022E0,8.293499908096E0,9.178445786870E0));
#2757=CARTESIAN_POINT('',(8.389868545280E0,8.267568958323E0,9.253303910366E0));
#2758=CARTESIAN_POINT('',(8.421419112160E0,8.248759205101E0,9.337141867455E0));
#2759=CARTESIAN_POINT('',(8.432767854538E0,8.241993334798E0,9.394914388691E0));
#2760=CARTESIAN_POINT('',(8.436250744671E0,8.239916912395E0,9.425039565976E0));
#2761=CARTESIAN_POINT('',(8.008271499011E0,8.497201561959E0,9.000095400110E0));
#2762=CARTESIAN_POINT('',(8.034629376232E0,8.488284086876E0,8.999549419156E0));
#2763=CARTESIAN_POINT('',(8.088205697075E0,8.470157987337E0,9.003061658295E0));
#2764=CARTESIAN_POINT('',(8.169935336943E0,8.442506973528E0,9.023958406361E0));
#2765=CARTESIAN_POINT('',(8.248466620922E0,8.415938036956E0,9.060749566528E0));
#2766=CARTESIAN_POINT('',(8.320408628327E0,8.391598403948E0,9.113026733665E0));
#2767=CARTESIAN_POINT('',(8.381790548882E0,8.370831490799E0,9.178445786870E0));
#2768=CARTESIAN_POINT('',(8.429733343753E0,8.354611342452E0,9.253303910366E0));
#2769=CARTESIAN_POINT('',(8.464510015960E0,8.342845595716E0,9.337141867455E0));
#2770=CARTESIAN_POINT('',(8.477019188778E0,8.338613455321E0,9.394914388691E0));
#2771=CARTESIAN_POINT('',(8.480858211035E0,8.337314625941E0,9.425039565976E0));
#2772=CARTESIAN_POINT('',(8.009203023973E0,8.501338030974E0,9.000095400110E0));
#2773=CARTESIAN_POINT('',(8.038529289459E0,8.505601787283E0,8.999549419156E0));
#2774=CARTESIAN_POINT('',(8.098139302646E0,8.514268508588E0,9.003061658295E0));
#2775=CARTESIAN_POINT('',(8.189073223334E0,8.527489424093E0,9.023958406361E0));
#2776=CARTESIAN_POINT('',(8.276448593646E0,8.540192960678E0,9.060749566528E0));
#2777=CARTESIAN_POINT('',(8.356492612022E0,8.551830589362E0,9.113026733665E0));
#2778=CARTESIAN_POINT('',(8.424787280939E0,8.561759975892E0,9.178445786870E0));
#2779=CARTESIAN_POINT('',(8.478129328126E0,8.569515395360E0,9.253303910366E0));
#2780=CARTESIAN_POINT('',(8.516822501830E0,8.575141009833E0,9.337141867455E0));
#2781=CARTESIAN_POINT('',(8.530740440669E0,8.577164543975E0,9.394914388691E0));
#2782=CARTESIAN_POINT('',(8.535011808388E0,8.577785559669E0,9.425039565976E0));
#2783=CARTESIAN_POINT('',(8.007773261016E0,8.504463946700E0,9.000095400110E0));
#2784=CARTESIAN_POINT('',(8.032543457954E0,8.518688715250E0,8.999549419156E0));
#2785=CARTESIAN_POINT('',(8.082892581566E0,8.547602681169E0,9.003061658295E0));
#2786=CARTESIAN_POINT('',(8.159699194567E0,8.591710376230E0,9.023958406361E0));
#2787=CARTESIAN_POINT('',(8.233500106291E0,8.634091988729E0,9.060749566528E0));
#2788=CARTESIAN_POINT('',(8.301108649897E0,8.672917513100E0,9.113026733665E0));
#2789=CARTESIAN_POINT('',(8.358793198915E0,8.706043990083E0,9.178445786870E0));
#2790=CARTESIAN_POINT('',(8.403848134892E0,8.731917665531E0,9.253303910366E0));
#2791=CARTESIAN_POINT('',(8.436530016374E0,8.750685873187E0,9.337141867460E0));
#2792=CARTESIAN_POINT('',(8.448285692736E0,8.757436799550E0,9.394914388691E0));
#2793=CARTESIAN_POINT('',(8.451893469514E0,8.759508635707E0,9.425039565976E0));
#2794=CARTESIAN_POINT('',(8.006542202982E0,8.504931891133E0,9.000095400110E0));
#2795=CARTESIAN_POINT('',(8.027389522610E0,8.520647806783E0,8.999549419156E0));
#2796=CARTESIAN_POINT('',(8.069764812306E0,8.552592751881E0,9.003061658295E0));
#2797=CARTESIAN_POINT('',(8.134407496106E0,8.601324146918E0,9.023958406361E0));
#2798=CARTESIAN_POINT('',(8.196520494091E0,8.648148518457E0,9.060749566528E0));
#2799=CARTESIAN_POINT('',(8.253421814632E0,8.691044025980E0,9.113026733665E0));
#2800=CARTESIAN_POINT('',(8.301970812120E0,8.727643069185E0,9.178445786870E0));
#2801=CARTESIAN_POINT('',(8.339890359211E0,8.756229017672E0,9.253303910366E0));
#2802=CARTESIAN_POINT('',(8.367396383061E0,8.776964649874E0,9.337141867440E0));
#2803=CARTESIAN_POINT('',(8.377290302885E0,8.784423259040E0,9.394914388691E0));
#2804=CARTESIAN_POINT('',(8.380326712952E0,8.786712280634E0,9.425039566003E0));
#2805=B_SPLINE_SURFACE_WITH_KNOTS('',3,3,((#2574,#2575,#2576,#2577,#2578,#2579,
#2580,#2581,#2582,#2583,#2584),(#2585,#2586,#2587,#2588,#2589,#2590,#2591,#2592,
#2593,#2594,#2595),(#2596,#2597,#2598,#2599,#2600,#2601,#2602,#2603,#2604,#2605,
#2606),(#2607,#2608,#2609,#2610,#2611,#2612,#2613,#2614,#2615,#2616,#2617),(
#2618,#2619,#2620,#2621,#2622,#2623,#2624,#2625,#2626,#2627,#2628),(#2629,#2630,
#2631,#2632,#2633,#2634,#2635,#2636,#2637,#2638,#2639),(#2640,#2641,#2642,#2643,
#2644,#2645,#2646,#2647,#2648,#2649,#2650),(#2651,#2652,#2653,#2654,#2655,#2656,
#2657,#2658,#2659,#2660,#2661),(#2662,#2663,#2664,#2665,#2666,#2667,#2668,#2669,
#2670,#2671,#2672),(#2673,#2674,#2675,#2676,#2677,#2678,#2679,#2680,#2681,#2682,
#2683),(#2684,#2685,#2686,#2687,#2688,#2689,#2690,#2691,#2692,#2693,#2694),(
#2695,#2696,#2697,#2698,#2699,#2700,#2701,#2702,#2703,#2704,#2705),(#2706,#2707,
#2708,#2709,#2710,#2711,#2712,#2713,#2714,#2715,#2716),(#2717,#2718,#2719,#2720,
#2721,#2722,#2723,#2724,#2725,#2726,#2727),(#2728,#2729,#2730,#2731,#2732,#2733,
#2734,#2735,#2736,#2737,#2738),(#2739,#2740,#2741,#2742,#2743,#2744,#2745,#2746,
#2747,#2748,#2749),(#2750,#2751,#2752,#2753,#2754,#2755,#2756,#2757,#2758,#2759,
#2760),(#2761,#2762,#2763,#2764,#2765,#2766,#2767,#2768,#2769,#2770,#2771),(
#2772,#2773,#2774,#2775,#2776,#2777,#2778,#2779,#2780,#2781,#2782),(#2783,#2784,
#2785,#2786,#2787,#2788,#2789,#2790,#2791,#2792,#2793),(#2794,#2795,#2796,#2797,
#2798,#2799,#2800,#2801,#2802,#2803,#2804)),.UNSPECIFIED.,.F.,.F.,.F.,(4,1,1,1,
1,1,1,1,1,1,1,1,1,1,1,1,1,1,4),(4,1,1,1,1,1,1,1,4),(-5.111863825395E-1,1.25E-1,
2.5E-1,3.75E-1,5.E-1,6.25E-1,7.5E-1,8.75E-1,9.375E-1,1.E0,1.0625E0,1.125E0,
1.25E0,1.375E0,1.5E0,1.625E0,1.75E0,1.875E0,2.528189774330E0),(
-4.486262471897E-3,1.25E-1,2.5E-1,3.75E-1,5.E-1,6.25E-1,7.5E-1,8.75E-1,
1.018441734151E0),.UNSPECIFIED.);
#2807=ORIENTED_EDGE('',*,*,#2806,.F.);
#2809=ORIENTED_EDGE('',*,*,#2808,.F.);
#2810=ORIENTED_EDGE('',*,*,#1946,.F.);
#2812=ORIENTED_EDGE('',*,*,#2811,.T.);
#2813=EDGE_LOOP('',(#2807,#2809,#2810,#2812));
#2814=FACE_OUTER_BOUND('',#2813,.F.);
#2816=CARTESIAN_POINT('',(0.E0,0.E0,9.E0));
#2817=DIRECTION('',(0.E0,0.E0,1.E0));
#2818=DIRECTION('',(1.E0,0.E0,0.E0));
#2819=AXIS2_PLACEMENT_3D('',#2816,#2817,#2818);
#2820=PLANE('',#2819);
#2821=ORIENTED_EDGE('',*,*,#2806,.T.);
#2823=ORIENTED_EDGE('',*,*,#2822,.T.);
#2824=EDGE_LOOP('',(#2821,#2823));
#2825=FACE_OUTER_BOUND('',#2824,.F.);
#2827=CARTESIAN_POINT('',(8.006638238821E0,8.495108985894E0,9.000095400110E0));
#2828=CARTESIAN_POINT('',(8.027791585183E0,8.479523328620E0,8.999549419156E0));
#2829=CARTESIAN_POINT('',(8.070788919964E0,8.447843153108E0,9.003061658295E0));
#2830=CARTESIAN_POINT('',(8.136380521508E0,8.399515658907E0,9.023958406361E0));
#2831=CARTESIAN_POINT('',(8.199405302921E0,8.353079382224E0,9.060749566528E0));
#2832=CARTESIAN_POINT('',(8.257141902393E0,8.310539405898E0,9.113026733665E0));
#2833=CARTESIAN_POINT('',(8.306403571493E0,8.274243706862E0,9.178445786870E0));
#2834=CARTESIAN_POINT('',(8.344879755940E0,8.245894687541E0,9.253303910366E0));
#2835=CARTESIAN_POINT('',(8.372789552543E0,8.225330918681E0,9.337141867471E0));
#2836=CARTESIAN_POINT('',(8.382828709471E0,8.217934128749E0,9.394914388690E0));
#2837=CARTESIAN_POINT('',(8.385909692326E0,8.215664079259E0,9.425039565976E0));
#2838=CARTESIAN_POINT('',(8.007834664838E0,8.495672844896E0,9.000095400110E0));
#2839=CARTESIAN_POINT('',(8.032800530597E0,8.481883975081E0,8.999549419156E0));
#2840=CARTESIAN_POINT('',(8.083547380301E0,8.453856038426E0,9.003061658295E0));
#2841=CARTESIAN_POINT('',(8.160960716743E0,8.411099963860E0,9.023958406361E0));
#2842=CARTESIAN_POINT('',(8.235344608774E0,8.370017078392E0,9.060749566528E0));
#2843=CARTESIAN_POINT('',(8.303487216925E0,8.332381309558E0,9.113026733665E0));
#2844=CARTESIAN_POINT('',(8.361627437229E0,8.300269948532E0,9.178445786870E0));
#2845=CARTESIAN_POINT('',(8.407038278577E0,8.275189136772E0,9.253303910366E0));
#2846=CARTESIAN_POINT('',(8.439978326156E0,8.256996055382E0,9.337141867454E0));
#2847=CARTESIAN_POINT('',(8.451826864891E0,8.250452002002E0,9.394914388691E0));
#2848=CARTESIAN_POINT('',(8.455463140815E0,8.248443654457E0,9.425039565976E0));
#2849=CARTESIAN_POINT('',(8.009185483989E0,8.498739818910E0,9.000095400110E0));
#2850=CARTESIAN_POINT('',(8.038455856728E0,8.494724138266E0,8.999549419156E0));
#2851=CARTESIAN_POINT('',(8.097952259566E0,8.486561667793E0,9.003061658295E0));
#2852=CARTESIAN_POINT('',(8.188712869865E0,8.474109977162E0,9.023958406361E0));
#2853=CARTESIAN_POINT('',(8.275921712010E0,8.462145563096E0,9.060749566528E0));
#2854=CARTESIAN_POINT('',(8.355813174994E0,8.451185039828E0,9.113026733665E0));
#2855=CARTESIAN_POINT('',(8.423977681531E0,8.441833369048E0,9.178445786870E0));
#2856=CARTESIAN_POINT('',(8.477218064445E0,8.434529178665E0,9.253303910366E0));
#2857=CARTESIAN_POINT('',(8.515837493073E0,8.429230876064E0,9.337141867454E0));
#2858=CARTESIAN_POINT('',(8.529728905800E0,8.427325076037E0,9.394914388691E0));
#2859=CARTESIAN_POINT('',(8.533992132747E0,8.426740192541E0,9.425039565976E0));
#2860=CARTESIAN_POINT('',(8.008271506022E0,8.502798417318E0,9.000095400110E0));
#2861=CARTESIAN_POINT('',(8.034629405587E0,8.511715826361E0,8.999549419156E0));
#2862=CARTESIAN_POINT('',(8.088205771843E0,8.529841791664E0,9.003061658295E0));
#2863=CARTESIAN_POINT('',(8.169935480990E0,8.557492600701E0,9.023958406361E0));
#2864=CARTESIAN_POINT('',(8.248466831538E0,8.584061340514E0,9.060749566528E0));
#2865=CARTESIAN_POINT('',(8.320408899925E0,8.608400793272E0,9.113026733665E0));
#2866=CARTESIAN_POINT('',(8.381790872510E0,8.629167552629E0,9.178445786870E0));
#2867=CARTESIAN_POINT('',(8.429733708021E0,8.645387580857E0,9.253303910366E0));
#2868=CARTESIAN_POINT('',(8.464510409705E0,8.657153240458E0,9.337141867454E0));
#2869=CARTESIAN_POINT('',(8.477019593128E0,8.661385349512E0,9.394914388691E0));
#2870=CARTESIAN_POINT('',(8.480858618640E0,8.662684169274E0,9.425039565976E0));
#2871=CARTESIAN_POINT('',(8.007504193357E0,8.504473809352E0,9.000095400110E0));
#2872=CARTESIAN_POINT('',(8.031416981946E0,8.518730006133E0,8.999549419156E0));
#2873=CARTESIAN_POINT('',(8.080023295074E0,8.547707854628E0,9.003061658295E0));
#2874=CARTESIAN_POINT('',(8.154171284427E0,8.591913001313E0,9.023958406361E0));
#2875=CARTESIAN_POINT('',(8.225417613394E0,8.634388251826E0,9.060749566528E0));
#2876=CARTESIAN_POINT('',(8.290685920065E0,8.673299557384E0,9.113026733665E0));
#2877=CARTESIAN_POINT('',(8.346373746404E0,8.706499224070E0,9.178445786870E0));
#2878=CARTESIAN_POINT('',(8.389869127631E0,8.732430064866E0,9.253303910366E0));
#2879=CARTESIAN_POINT('',(8.421419741639E0,8.751239739038E0,9.337141867454E0));
#2880=CARTESIAN_POINT('',(8.432768500970E0,8.758005580907E0,9.394914388691E0));
#2881=CARTESIAN_POINT('',(8.436251396304E0,8.760081994584E0,9.425039565976E0));
#2882=CARTESIAN_POINT('',(8.006369860878E0,8.505981696112E0,9.000095400110E0));
#2883=CARTESIAN_POINT('',(8.026667996768E0,8.525042909984E0,8.999549419156E0));
#2884=CARTESIAN_POINT('',(8.067926988596E0,8.563787673134E0,9.003061658295E0));
#2885=CARTESIAN_POINT('',(8.130866781596E0,8.622892058974E0,9.023958406361E0));
#2886=CARTESIAN_POINT('',(8.191343528657E0,8.679683491267E0,9.060749566528E0));
#2887=CARTESIAN_POINT('',(8.246745890167E0,8.731709759468E0,9.113026733665E0));
#2888=CARTESIAN_POINT('',(8.294015954980E0,8.776099294549E0,9.178445786870E0));
#2889=CARTESIAN_POINT('',(8.330936582428E0,8.810770063329E0,9.253303910366E0));
#2890=CARTESIAN_POINT('',(8.357718011459E0,8.835919493275E0,9.337141867454E0));
#2891=CARTESIAN_POINT('',(8.367351294429E0,8.844965745994E0,9.394914388691E0));
#2892=CARTESIAN_POINT('',(8.370307715949E0,8.847742009942E0,9.425039565976E0));
#2893=CARTESIAN_POINT('',(8.004936281963E0,8.507208444318E0,9.000095400110E0));
#2894=CARTESIAN_POINT('',(8.020666189411E0,8.530178801936E0,8.999549419156E0));
#2895=CARTESIAN_POINT('',(8.052639574869E0,8.576869483404E0,9.003061658295E0));
#2896=CARTESIAN_POINT('',(8.101414355178E0,8.648095213758E0,9.023958406361E0));
#2897=CARTESIAN_POINT('',(8.148280414170E0,8.716533641555E0,9.060749566528E0));
#2898=CARTESIAN_POINT('',(8.191214111319E0,8.779229647909E0,9.113026733665E0));
#2899=CARTESIAN_POINT('',(8.227845738411E0,8.832722751868E0,9.178445786870E0));
#2900=CARTESIAN_POINT('',(8.256457136810E0,8.874503929239E0,9.253303910366E0));
#2901=CARTESIAN_POINT('',(8.277211229811E0,8.904811096641E0,9.337141867454E0));
#2902=CARTESIAN_POINT('',(8.284676479346E0,8.915712588090E0,9.394914388691E0));
#2903=CARTESIAN_POINT('',(8.286967538838E0,8.919058218445E0,9.425039565976E0));
#2904=CARTESIAN_POINT('',(8.003311995587E0,8.508079473099E0,9.000095400110E0));
#2905=CARTESIAN_POINT('',(8.013865968078E0,8.533825442439E0,8.999549419156E0));
#2906=CARTESIAN_POINT('',(8.035318492938E0,8.586157969152E0,9.003061658295E0));
#2907=CARTESIAN_POINT('',(8.068043904156E0,8.665990225164E0,9.023958406361E0));
#2908=CARTESIAN_POINT('',(8.099488659887E0,8.742698376303E0,9.060749566528E0));
#2909=CARTESIAN_POINT('',(8.128294999667E0,8.812970223363E0,9.113026733665E0));
#2910=CARTESIAN_POINT('',(8.152872969112E0,8.872927139900E0,9.178445786870E0));
#2911=CARTESIAN_POINT('',(8.172069770660E0,8.919756925034E0,9.253303910366E0));
#2912=CARTESIAN_POINT('',(8.185994717601E0,8.953726243916E0,9.337141867454E0));
#2913=CARTESIAN_POINT('',(8.191003522549E0,8.965945011656E0,9.394914388691E0));
#2914=CARTESIAN_POINT('',(8.192540707616E0,8.969694909589E0,9.425039565976E0));
#2915=CARTESIAN_POINT('',(8.001905049826E0,8.508490951302E0,9.000095400110E0));
#2916=CARTESIAN_POINT('',(8.007975662819E0,8.535548133032E0,8.999549419156E0));
#2917=CARTESIAN_POINT('',(8.020315090109E0,8.590545894698E0,9.003061658295E0));
#2918=CARTESIAN_POINT('',(8.039138647470E0,8.674443915013E0,9.023958406361E0));
#2919=CARTESIAN_POINT('',(8.057225575676E0,8.755058723415E0,9.060749566528E0));
#2920=CARTESIAN_POINT('',(8.073794895022E0,8.828909434228E0,9.113026733665E0));
#2921=CARTESIAN_POINT('',(8.087932068566E0,8.891919887057E0,9.178445786870E0));
#2922=CARTESIAN_POINT('',(8.098974010642E0,8.941134658890E0,9.253303910366E0));
#2923=CARTESIAN_POINT('',(8.106983597924E0,8.976833995825E0,9.337141867454E0));
#2924=CARTESIAN_POINT('',(8.109864647352E0,8.989675051249E0,9.394914388691E0));
#2925=CARTESIAN_POINT('',(8.110748831544E0,8.993615927139E0,9.425039565976E0));
#2926=CARTESIAN_POINT('',(8.000799096697E0,8.508645708329E0,9.000095400110E0));
#2927=CARTESIAN_POINT('',(8.003345490354E0,8.536196037279E0,8.999549419156E0));
#2928=CARTESIAN_POINT('',(8.008521415655E0,8.592196194295E0,9.003061658295E0));
#2929=CARTESIAN_POINT('',(8.016417189462E0,8.677623349306E0,9.023958406361E0));
#2930=CARTESIAN_POINT('',(8.024003975065E0,8.759707452216E0,9.060749566528E0));
#2931=CARTESIAN_POINT('',(8.030954180872E0,8.834904174339E0,9.113026733665E0));
#2932=CARTESIAN_POINT('',(8.036884193061E0,8.899063062725E0,9.178445786870E0));
#2933=CARTESIAN_POINT('',(8.041515872150E0,8.949174828490E0,9.253303910366E0));
#2934=CARTESIAN_POINT('',(8.044875592540E0,8.985524825531E0,9.337141867454E0));
#2935=CARTESIAN_POINT('',(8.046084084334E0,8.998599923465E0,9.394914388691E0));
#2936=CARTESIAN_POINT('',(8.046454966323E0,9.002612626200E0,9.425039565976E0));
#2937=CARTESIAN_POINT('',(8.000000010876E0,8.508681769128E0,9.000095400110E0));
#2938=CARTESIAN_POINT('',(8.000000045533E0,8.536347009058E0,8.999549419156E0));
#2939=CARTESIAN_POINT('',(8.000000115980E0,8.592580739802E0,9.003061658295E0));
#2940=CARTESIAN_POINT('',(8.000000223445E0,8.678364207012E0,9.023958406361E0));
#2941=CARTESIAN_POINT('',(8.000000326704E0,8.760790678425E0,9.060749566528E0));
#2942=CARTESIAN_POINT('',(8.000000421299E0,8.836301042145E0,9.113026733665E0));
#2943=CARTESIAN_POINT('',(8.000000502009E0,8.900727533901E0,9.178445786870E0));
#2944=CARTESIAN_POINT('',(8.000000565048E0,8.951048313222E0,9.253303910366E0));
#2945=CARTESIAN_POINT('',(8.000000610775E0,8.987549924200E0,9.337141867454E0));
#2946=CARTESIAN_POINT('',(8.000000627223E0,9.000679557685E0,9.394914388691E0));
#2947=CARTESIAN_POINT('',(8.000000632271E0,9.004708997194E0,9.425039565976E0));
#2948=CARTESIAN_POINT('',(7.999200924966E0,8.508645710333E0,9.000095400110E0));
#2949=CARTESIAN_POINT('',(7.996654600335E0,8.536196045660E0,8.999549419156E0));
#2950=CARTESIAN_POINT('',(7.991478815342E0,8.592196215644E0,9.003061658295E0));
#2951=CARTESIAN_POINT('',(7.983583255571E0,8.677623390438E0,9.023958406361E0));
#2952=CARTESIAN_POINT('',(7.975996675629E0,8.759707512357E0,9.060749566528E0));
#2953=CARTESIAN_POINT('',(7.969046658225E0,8.834904251893E0,9.113026733665E0));
#2954=CARTESIAN_POINT('',(7.963116806786E0,8.899063155136E0,9.178445786870E0));
#2955=CARTESIAN_POINT('',(7.958485253251E0,8.949174932506E0,9.253303910366E0));
#2956=CARTESIAN_POINT('',(7.955125623936E0,8.985524937964E0,9.337141867454E0));
#2957=CARTESIAN_POINT('',(7.953917164902E0,8.998600038927E0,9.394914388691E0));
#2958=CARTESIAN_POINT('',(7.953546292967E0,9.002612742591E0,9.425039565976E0));
#2959=CARTESIAN_POINT('',(7.998094971449E0,8.508490956075E0,9.000095400110E0));
#2960=CARTESIAN_POINT('',(7.992024426246E0,8.535548153016E0,8.999549419156E0));
#2961=CARTESIAN_POINT('',(7.979685136753E0,8.590545945596E0,9.003061658295E0));
#2962=CARTESIAN_POINT('',(7.960861789598E0,8.674444013074E0,9.023958406361E0));
#2963=CARTESIAN_POINT('',(7.942775063371E0,8.755058866792E0,9.060749566528E0));
#2964=CARTESIAN_POINT('',(7.926205929056E0,8.828909619119E0,9.113026733665E0));
#2965=CARTESIAN_POINT('',(7.912068913384E0,8.891920107369E0,9.178445786870E0));
#2966=CARTESIAN_POINT('',(7.901027094615E0,8.941134906867E0,9.253303910366E0));
#2967=CARTESIAN_POINT('',(7.893017596777E0,8.976834263869E0,9.337141867454E0));
#2968=CARTESIAN_POINT('',(7.890136579524E0,8.989675326512E0,9.394914388691E0));
#2969=CARTESIAN_POINT('',(7.889252405205E0,8.993616204618E0,9.425039565976E0));
#2970=CARTESIAN_POINT('',(7.996688024657E0,8.508079481397E0,9.000095400110E0));
#2971=CARTESIAN_POINT('',(7.986134116671E0,8.533825477181E0,8.999549419156E0));
#2972=CARTESIAN_POINT('',(7.964681722929E0,8.586158057642E0,9.003061658295E0));
#2973=CARTESIAN_POINT('',(7.931956511731E0,8.665990395646E0,9.023958406361E0));
#2974=CARTESIAN_POINT('',(7.900511948191E0,8.742698625570E0,9.060749566528E0));
#2975=CARTESIAN_POINT('',(7.871705784476E0,8.812970544804E0,9.113026733665E0));
#2976=CARTESIAN_POINT('',(7.847127965252E0,8.872927522920E0,9.178445786870E0));
#2977=CARTESIAN_POINT('',(7.827931281036E0,8.919757356151E0,9.253303910366E0));
#2978=CARTESIAN_POINT('',(7.814006419204E0,8.953726709922E0,9.337141867454E0));
#2979=CARTESIAN_POINT('',(7.808997644871E0,8.965945490212E0,9.394914388691E0));
#2980=CARTESIAN_POINT('',(7.807460469199E0,8.969695391995E0,9.425039565976E0));
#2981=CARTESIAN_POINT('',(7.995063736098E0,8.507208456687E0,9.000095400110E0));
#2982=CARTESIAN_POINT('',(7.979333886202E0,8.530178853715E0,8.999549419156E0));
#2983=CARTESIAN_POINT('',(7.947360617728E0,8.576869615292E0,9.003061658295E0));
#2984=CARTESIAN_POINT('',(7.898586015873E0,8.648095467849E0,9.023958406361E0));
#2985=CARTESIAN_POINT('',(7.851720128352E0,8.716534013069E0,9.060749566528E0));
#2986=CARTESIAN_POINT('',(7.808786588288E0,8.779230126992E0,9.113026733665E0));
#2987=CARTESIAN_POINT('',(7.772155095222E0,8.832723322731E0,9.178445786870E0));
#2988=CARTESIAN_POINT('',(7.743543801506E0,8.874504571788E0,9.253303910366E0));
#2989=CARTESIAN_POINT('',(7.722789784439E0,8.904811791189E0,9.337141867454E0));
#2990=CARTESIAN_POINT('',(7.715324562217E0,8.915713301342E0,9.394914388691E0));
#2991=CARTESIAN_POINT('',(7.713033511108E0,8.919058937438E0,9.425039565976E0));
#2992=CARTESIAN_POINT('',(7.993630154110E0,8.505981712072E0,9.000095400110E0));
#2993=CARTESIAN_POINT('',(7.973332065978E0,8.525042976801E0,8.999549419156E0));
#2994=CARTESIAN_POINT('',(7.932073171224E0,8.563787843324E0,9.003061658295E0));
#2995=CARTESIAN_POINT('',(7.869133526308E0,8.622892386859E0,9.023958406361E0));
#2996=CARTESIAN_POINT('',(7.808656921538E0,8.679683970675E0,9.060749566528E0));
#2997=CARTESIAN_POINT('',(7.753254690379E0,8.731710377686E0,9.113026733665E0));
#2998=CARTESIAN_POINT('',(7.705984736784E0,8.776100031201E0,9.178445786870E0));
#2999=CARTESIAN_POINT('',(7.669064196203E0,8.810770892485E0,9.253303910366E0));
#3000=CARTESIAN_POINT('',(7.642282830184E0,8.835920389532E0,9.337141867454E0));
#3001=CARTESIAN_POINT('',(7.632649569880E0,8.844966666386E0,9.394914388691E0));
#3002=CARTESIAN_POINT('',(7.629693155314E0,8.847742937742E0,9.425039565976E0));
#3003=CARTESIAN_POINT('',(7.992495817852E0,8.504473828152E0,9.000095400110E0));
#3004=CARTESIAN_POINT('',(7.968583064982E0,8.518730084848E0,8.999549419156E0));
#3005=CARTESIAN_POINT('',(7.919976824458E0,8.547708055125E0,9.003061658295E0));
#3006=CARTESIAN_POINT('',(7.845828945860E0,8.591913387587E0,9.023958406361E0));
#3007=CARTESIAN_POINT('',(7.774582723315E0,8.634388816606E0,9.060749566528E0));
#3008=CARTESIAN_POINT('',(7.709314514136E0,8.673300285694E0,9.113026733665E0));
#3009=CARTESIAN_POINT('',(7.653626770978E0,8.706500091904E0,9.178445786870E0));
#3010=CARTESIAN_POINT('',(7.610131454720E0,8.732431041677E0,9.253303910366E0));
#3011=CARTESIAN_POINT('',(7.578580887840E0,8.751240794899E0,9.337141867454E0));
#3012=CARTESIAN_POINT('',(7.567232145462E0,8.758006665202E0,9.394914388691E0));
#3013=CARTESIAN_POINT('',(7.563749255329E0,8.760083087605E0,9.425039565976E0));
#3014=CARTESIAN_POINT('',(7.991728500989E0,8.502798438041E0,9.000095400110E0));
#3015=CARTESIAN_POINT('',(7.965370623767E0,8.511715913124E0,8.999549419156E0));
#3016=CARTESIAN_POINT('',(7.911794302925E0,8.529842012663E0,9.003061658295E0));
#3017=CARTESIAN_POINT('',(7.830064663057E0,8.557493026472E0,9.023958406361E0));
#3018=CARTESIAN_POINT('',(7.751533379078E0,8.584061963044E0,9.060749566528E0));
#3019=CARTESIAN_POINT('',(7.679591371673E0,8.608401596052E0,9.113026733665E0));
#3020=CARTESIAN_POINT('',(7.618209451118E0,8.629168509201E0,9.178445786870E0));
#3021=CARTESIAN_POINT('',(7.570266656247E0,8.645388657548E0,9.253303910366E0));
#3022=CARTESIAN_POINT('',(7.535489984040E0,8.657154404284E0,9.337141867454E0));
#3023=CARTESIAN_POINT('',(7.522980811222E0,8.661386544678E0,9.394914388691E0));
#3024=CARTESIAN_POINT('',(7.519141788965E0,8.662685374059E0,9.425039565976E0));
#3025=CARTESIAN_POINT('',(7.990796976027E0,8.498661969028E0,9.000095400110E0));
#3026=CARTESIAN_POINT('',(7.961470710542E0,8.494398212722E0,8.999549419156E0));
#3027=CARTESIAN_POINT('',(7.901860697357E0,8.485731491426E0,9.003061658295E0));
#3028=CARTESIAN_POINT('',(7.810926776671E0,8.472510575932E0,9.023958406361E0));
#3029=CARTESIAN_POINT('',(7.723551406362E0,8.459807039359E0,9.060749566528E0));
#3030=CARTESIAN_POINT('',(7.643507387988E0,8.448169410686E0,9.113026733665E0));
#3031=CARTESIAN_POINT('',(7.575212719074E0,8.438240024163E0,9.178445786870E0));
#3032=CARTESIAN_POINT('',(7.521870671889E0,8.430484604704E0,9.253303910366E0));
#3033=CARTESIAN_POINT('',(7.483177498186E0,8.424858990235E0,9.337141867454E0));
#3034=CARTESIAN_POINT('',(7.469259559347E0,8.422835456094E0,9.394914388691E0));
#3035=CARTESIAN_POINT('',(7.464988191626E0,8.422214440401E0,9.425039565976E0));
#3036=CARTESIAN_POINT('',(7.992226738983E0,8.495536053303E0,9.000095400110E0));
#3037=CARTESIAN_POINT('',(7.967456542037E0,8.481311284759E0,8.999549419156E0));
#3038=CARTESIAN_POINT('',(7.917107418423E0,8.452397318849E0,9.003061658295E0));
#3039=CARTESIAN_POINT('',(7.840300805413E0,8.408289623810E0,9.023958406361E0));
#3040=CARTESIAN_POINT('',(7.766499893679E0,8.365908011332E0,9.060749566528E0));
#3041=CARTESIAN_POINT('',(7.698891350064E0,8.327082486980E0,9.113026733665E0));
#3042=CARTESIAN_POINT('',(7.641206801039E0,8.293956010018E0,9.178445786870E0));
#3043=CARTESIAN_POINT('',(7.596151865056E0,8.268082334577E0,9.253303910366E0));
#3044=CARTESIAN_POINT('',(7.563469983571E0,8.249314126936E0,9.337141867455E0));
#3045=CARTESIAN_POINT('',(7.551714307206E0,8.242563200576E0,9.394914388691E0));
#3046=CARTESIAN_POINT('',(7.548106530434E0,8.240491364420E0,9.425039565976E0));
#3047=CARTESIAN_POINT('',(7.993457796990E0,8.495068108893E0,9.000095400110E0));
#3048=CARTESIAN_POINT('',(7.972610477424E0,8.479352193220E0,8.999549419156E0));
#3049=CARTESIAN_POINT('',(7.930235187677E0,8.447407248141E0,9.003061658295E0));
#3050=CARTESIAN_POINT('',(7.865592503887E0,8.398675853110E0,9.023958406361E0));
#3051=CARTESIAN_POINT('',(7.803479505887E0,8.351851481578E0,9.060749566528E0));
#3052=CARTESIAN_POINT('',(7.746578185333E0,8.308955974061E0,9.113026733665E0));
#3053=CARTESIAN_POINT('',(7.698029187807E0,8.272356930843E0,9.178445786870E0));
#3054=CARTESIAN_POINT('',(7.660109640707E0,8.243770982378E0,9.253303910366E0));
#3055=CARTESIAN_POINT('',(7.632603616851E0,8.223035350135E0,9.337141867454E0));
#3056=CARTESIAN_POINT('',(7.622709697051E0,8.215576740970E0,9.394914388691E0));
#3057=CARTESIAN_POINT('',(7.619673286937E0,8.213287719404E0,9.425039566003E0));
#3058=B_SPLINE_SURFACE_WITH_KNOTS('',3,3,((#2827,#2828,#2829,#2830,#2831,#2832,
#2833,#2834,#2835,#2836,#2837),(#2838,#2839,#2840,#2841,#2842,#2843,#2844,#2845,
#2846,#2847,#2848),(#2849,#2850,#2851,#2852,#2853,#2854,#2855,#2856,#2857,#2858,
#2859),(#2860,#2861,#2862,#2863,#2864,#2865,#2866,#2867,#2868,#2869,#2870),(
#2871,#2872,#2873,#2874,#2875,#2876,#2877,#2878,#2879,#2880,#2881),(#2882,#2883,
#2884,#2885,#2886,#2887,#2888,#2889,#2890,#2891,#2892),(#2893,#2894,#2895,#2896,
#2897,#2898,#2899,#2900,#2901,#2902,#2903),(#2904,#2905,#2906,#2907,#2908,#2909,
#2910,#2911,#2912,#2913,#2914),(#2915,#2916,#2917,#2918,#2919,#2920,#2921,#2922,
#2923,#2924,#2925),(#2926,#2927,#2928,#2929,#2930,#2931,#2932,#2933,#2934,#2935,
#2936),(#2937,#2938,#2939,#2940,#2941,#2942,#2943,#2944,#2945,#2946,#2947),(
#2948,#2949,#2950,#2951,#2952,#2953,#2954,#2955,#2956,#2957,#2958),(#2959,#2960,
#2961,#2962,#2963,#2964,#2965,#2966,#2967,#2968,#2969),(#2970,#2971,#2972,#2973,
#2974,#2975,#2976,#2977,#2978,#2979,#2980),(#2981,#2982,#2983,#2984,#2985,#2986,
#2987,#2988,#2989,#2990,#2991),(#2992,#2993,#2994,#2995,#2996,#2997,#2998,#2999,
#3000,#3001,#3002),(#3003,#3004,#3005,#3006,#3007,#3008,#3009,#3010,#3011,#3012,
#3013),(#3014,#3015,#3016,#3017,#3018,#3019,#3020,#3021,#3022,#3023,#3024),(
#3025,#3026,#3027,#3028,#3029,#3030,#3031,#3032,#3033,#3034,#3035),(#3036,#3037,
#3038,#3039,#3040,#3041,#3042,#3043,#3044,#3045,#3046),(#3047,#3048,#3049,#3050,
#3051,#3052,#3053,#3054,#3055,#3056,#3057)),.UNSPECIFIED.,.F.,.F.,.F.,(4,1,1,1,
1,1,1,1,1,1,1,1,1,1,1,1,1,1,4),(4,1,1,1,1,1,1,1,4),(-5.111863825251E-1,1.25E-1,
2.5E-1,3.75E-1,5.E-1,6.25E-1,7.5E-1,8.75E-1,9.375E-1,1.E0,1.0625E0,1.125E0,
1.25E0,1.375E0,1.5E0,1.625E0,1.75E0,1.875E0,2.528189774068E0),(
-4.486262471764E-3,1.25E-1,2.5E-1,3.75E-1,5.E-1,6.25E-1,7.5E-1,8.75E-1,
1.018441734151E0),.UNSPECIFIED.);
#3059=ORIENTED_EDGE('',*,*,#2822,.F.);
#3060=ORIENTED_EDGE('',*,*,#2811,.F.);
#3061=ORIENTED_EDGE('',*,*,#1948,.F.);
#3062=ORIENTED_EDGE('',*,*,#2808,.T.);
#3063=EDGE_LOOP('',(#3059,#3060,#3061,#3062));
#3064=FACE_OUTER_BOUND('',#3063,.F.);
#3066=CARTESIAN_POINT('',(-8.378779938032E0,8.787331137558E0,
-9.425493743329E0));
#3067=CARTESIAN_POINT('',(-8.375743130833E0,8.785027506417E0,
-9.395018366753E0));
#3068=CARTESIAN_POINT('',(-8.365784543866E0,8.777473220064E0,
-9.336632995629E0));
#3069=CARTESIAN_POINT('',(-8.337953120118E0,8.756361134042E0,
-9.251948209741E0));
#3070=CARTESIAN_POINT('',(-8.299577741758E0,8.727250719146E0,
-9.176520188044E0));
#3071=CARTESIAN_POINT('',(-8.250421547215E0,8.689962299510E0,
-9.110788050568E0));
#3072=CARTESIAN_POINT('',(-8.192839283840E0,8.646282115910E0,
-9.058558390689E0));
#3073=CARTESIAN_POINT('',(-8.130075227095E0,8.598671178732E0,
-9.022212364026E0));
#3074=CARTESIAN_POINT('',(-8.062559356801E0,8.547455657895E0,
-9.001405426598E0));
#3075=CARTESIAN_POINT('',(-8.017744520046E0,8.513460462441E0,
-8.999071137047E0));
#3076=CARTESIAN_POINT('',(-7.994803015370E0,8.496057722808E0,
-9.000652026366E0));
#3077=CARTESIAN_POINT('',(-8.450907907966E0,8.761801009749E0,
-9.425493743329E0));
#3078=CARTESIAN_POINT('',(-8.447292826392E0,8.759702062290E0,
-9.395018366753E0));
#3079=CARTESIAN_POINT('',(-8.435437907032E0,8.752818994140E0,
-9.336632995629E0));
#3080=CARTESIAN_POINT('',(-8.402306772617E0,8.733582772527E0,
-9.251948209741E0));
#3081=CARTESIAN_POINT('',(-8.356623884315E0,8.707058894655E0,
-9.176520188044E0));
#3082=CARTESIAN_POINT('',(-8.298107277172E0,8.673083649228E0,
-9.110788050568E0));
#3083=CARTESIAN_POINT('',(-8.229560093643E0,8.633284564876E0,
-9.058558390689E0));
#3084=CARTESIAN_POINT('',(-8.154844390177E0,8.589903984794E0,
-9.022212364026E0));
#3085=CARTESIAN_POINT('',(-8.074472024167E0,8.543239097787E0,
-9.001405426598E0));
#3086=CARTESIAN_POINT('',(-8.021123464082E0,8.512264464934E0,
-8.999071137047E0));
#3087=CARTESIAN_POINT('',(-7.993813396024E0,8.496408004520E0,
-9.000652026366E0));
#3088=CARTESIAN_POINT('',(-8.535366392809E0,8.579084524870E0,
-9.425493743329E0));
#3089=CARTESIAN_POINT('',(-8.531074178927E0,8.578450477423E0,
-9.395018366753E0));
#3090=CARTESIAN_POINT('',(-8.516998742893E0,8.576371248718E0,
-9.336632995629E0));
#3091=CARTESIAN_POINT('',(-8.477661894706E0,8.570560394712E0,
-9.251948209741E0));
#3092=CARTESIAN_POINT('',(-8.423422253555E0,8.562548094522E0,
-9.176520188044E0));
#3093=CARTESIAN_POINT('',(-8.353945040285E0,8.552284894452E0,
-9.110788050568E0));
#3094=CARTESIAN_POINT('',(-8.272558447294E0,8.540262436330E0,
-9.058558390689E0));
#3095=CARTESIAN_POINT('',(-8.183847923608E0,8.527158084412E0,
-9.022212364026E0));
#3096=CARTESIAN_POINT('',(-8.088421201400E0,8.513061613121E0,
-9.001405426598E0));
#3097=CARTESIAN_POINT('',(-8.025080049758E0,8.503704834382E0,
-8.999071137047E0));
#3098=CARTESIAN_POINT('',(-7.992654597989E0,8.498914934453E0,
-9.000652026366E0));
#3099=CARTESIAN_POINT('',(-8.480915876041E0,8.337295113763E0,
-9.425493743329E0));
#3100=CARTESIAN_POINT('',(-8.477060210412E0,8.338599574E0,-9.395018366753E0));
#3101=CARTESIAN_POINT('',(-8.464416344936E0,8.342877284086E0,
-9.336632995629E0));
#3102=CARTESIAN_POINT('',(-8.429080330087E0,8.354832269485E0,
-9.251948209741E0));
#3103=CARTESIAN_POINT('',(-8.380357240832E0,8.371316409621E0,
-9.176520188044E0));
#3104=CARTESIAN_POINT('',(-8.317946347409E0,8.392431448281E0,
-9.110788050568E0));
#3105=CARTESIAN_POINT('',(-8.244837341703E0,8.417165904032E0,
-9.058558390689E0));
#3106=CARTESIAN_POINT('',(-8.165149300419E0,8.444126198623E0,
-9.022212364026E0));
#3107=CARTESIAN_POINT('',(-8.079428145104E0,8.473127634255E0,
-9.001405426598E0));
#3108=CARTESIAN_POINT('',(-8.022529232807E0,8.492377843104E0,
-8.999071137047E0));
#3109=CARTESIAN_POINT('',(-7.993401676889E0,8.502232364254E0,
-9.000652026366E0));
#3110=CARTESIAN_POINT('',(-8.436303058670E0,8.239885718443E0,
-9.425493743329E0));
#3111=CARTESIAN_POINT('',(-8.432805069124E0,8.241971142828E0,
-9.395018366753E0));
#3112=CARTESIAN_POINT('',(-8.421334129080E0,8.248809864833E0,
-9.336632995629E0));
#3113=CARTESIAN_POINT('',(-8.389276107858E0,8.267922151563E0,
-9.251948209741E0));
#3114=CARTESIAN_POINT('',(-8.345072882452E0,8.294275141739E0,
-9.176520188044E0));
#3115=CARTESIAN_POINT('',(-8.288451620706E0,8.328031491888E0,
-9.110788050568E0));
#3116=CARTESIAN_POINT('',(-8.222124671660E0,8.367574159207E0,
-9.058558390689E0));
#3117=CARTESIAN_POINT('',(-8.149829000247E0,8.410675247443E0,
-9.022212364026E0));
#3118=CARTESIAN_POINT('',(-8.072059884858E0,8.457039482520E0,
-9.001405426598E0));
#3119=CARTESIAN_POINT('',(-8.020439277787E0,8.487814552404E0,
-8.999071137047E0));
#3120=CARTESIAN_POINT('',(-7.994013779335E0,8.503568853017E0,
-9.000652026366E0));
#3121=CARTESIAN_POINT('',(-8.370351248164E0,8.152215354866E0,
-9.425493743329E0));
#3122=CARTESIAN_POINT('',(-8.367382016644E0,8.155003662279E0,
-9.395018366753E0));
#3123=CARTESIAN_POINT('',(-8.357645030211E0,8.164147345169E0,
-9.336632995629E0));
#3124=CARTESIAN_POINT('',(-8.330432917122E0,8.189701343274E0,
-9.251948209741E0));
#3125=CARTESIAN_POINT('',(-8.292911475600E0,8.224936491770E0,
-9.176520188044E0));
#3126=CARTESIAN_POINT('',(-8.244849114946E0,8.270070269845E0,
-9.110788050568E0));
#3127=CARTESIAN_POINT('',(-8.188548184027E0,8.322940617596E0,
-9.058558390689E0));
#3128=CARTESIAN_POINT('',(-8.127180766098E0,8.380568736234E0,
-9.022212364026E0));
#3129=CARTESIAN_POINT('',(-8.061167272998E0,8.442559830867E0,
-9.001405426598E0));
#3130=CARTESIAN_POINT('',(-8.017349665308E0,8.483707501400E0,
-8.999071137047E0));
#3131=CARTESIAN_POINT('',(-7.994918659745E0,8.504771719080E0,
-9.000652026366E0));
#3132=CARTESIAN_POINT('',(-8.287000895133E0,8.080890802637E0,
-9.425493743329E0));
#3133=CARTESIAN_POINT('',(-8.284699911650E0,8.084250943168E0,
-9.395018366753E0));
#3134=CARTESIAN_POINT('',(-8.277154307752E0,8.095269835608E0,
-9.336632995629E0));
#3135=CARTESIAN_POINT('',(-8.256066486789E0,8.126064512098E0,
-9.251948209741E0));
#3136=CARTESIAN_POINT('',(-8.226989529827E0,8.168525773720E0,
-9.176520188044E0));
#3137=CARTESIAN_POINT('',(-8.189743967410E0,8.222915700842E0,
-9.110788050568E0));
#3138=CARTESIAN_POINT('',(-8.146113987355E0,8.286628832862E0,
-9.058558390689E0));
#3139=CARTESIAN_POINT('',(-8.098557771561E0,8.356075471424E0,
-9.022212364026E0));
#3140=CARTESIAN_POINT('',(-8.047401114996E0,8.430779856102E0,
-9.001405426598E0));
#3141=CARTESIAN_POINT('',(-8.013444991742E0,8.480366194693E0,
-8.999071137047E0));
#3142=CARTESIAN_POINT('',(-7.996062253850E0,8.505750315264E0,
-9.000652026366E0));
#3143=CARTESIAN_POINT('',(-8.192562610241E0,8.030248276553E0,
-9.425493743329E0));
#3144=CARTESIAN_POINT('',(-8.191018770508E0,8.034014435384E0,
-9.395018366753E0));
#3145=CARTESIAN_POINT('',(-8.185956064408E0,8.046364781659E0,
-9.336632995629E0));
#3146=CARTESIAN_POINT('',(-8.171807237983E0,8.080880493663E0,
-9.251948209741E0));
#3147=CARTESIAN_POINT('',(-8.152298118585E0,8.128472507754E0,
-9.176520188044E0));
#3148=CARTESIAN_POINT('',(-8.127308291583E0,8.189434572448E0,
-9.110788050568E0));
#3149=CARTESIAN_POINT('',(-8.098034853811E0,8.260846399631E0,
-9.058558390689E0));
#3150=CARTESIAN_POINT('',(-8.066127116930E0,8.338684534316E0,
-9.022212364026E0));
#3151=CARTESIAN_POINT('',(-8.031803672347E0,8.422415728172E0,
-9.001405426598E0));
#3152=CARTESIAN_POINT('',(-8.009020887212E0,8.477993768835E0,
-8.999071137047E0));
#3153=CARTESIAN_POINT('',(-7.997357978007E0,8.506445147285E0,
-9.000652026366E0));
#3154=CARTESIAN_POINT('',(-8.110760863508E0,8.006324596840E0,
-9.425493743329E0));
#3155=CARTESIAN_POINT('',(-8.109872856112E0,8.010282559923E0,
-9.395018366753E0));
#3156=CARTESIAN_POINT('',(-8.106960817795E0,8.023261888943E0,
-9.336632995629E0));
#3157=CARTESIAN_POINT('',(-8.098822497327E0,8.059535429173E0,
-9.251948209741E0));
#3158=CARTESIAN_POINT('',(-8.087600968350E0,8.109551225968E0,
-9.176520188044E0));
#3159=CARTESIAN_POINT('',(-8.073226969087E0,8.173617987968E0,
-9.110788050568E0));
#3160=CARTESIAN_POINT('',(-8.056389062489E0,8.248666701608E0,
-9.058558390689E0));
#3161=CARTESIAN_POINT('',(-8.038035922774E0,8.330469003982E0,
-9.022212364026E0));
#3162=CARTESIAN_POINT('',(-8.018293282416E0,8.418464489299E0,
-9.001405426598E0));
#3163=CARTESIAN_POINT('',(-8.005188760455E0,8.476873027813E0,
-8.999071137047E0));
#3164=CARTESIAN_POINT('',(-7.998480324726E0,8.506773387997E0,
-9.000652026366E0));
#3165=CARTESIAN_POINT('',(-8.046459264194E0,7.997326981542E0,
-9.425493743329E0));
#3166=CARTESIAN_POINT('',(-8.046086784522E0,8.001357081557E0,
-9.395018366753E0));
#3167=CARTESIAN_POINT('',(-8.044865313749E0,8.014572968867E0,
-9.336632995629E0));
#3168=CARTESIAN_POINT('',(-8.041451649674E0,8.051507622369E0,
-9.251948209741E0));
#3169=CARTESIAN_POINT('',(-8.036744716531E0,8.102434995667E0,
-9.176520188044E0));
#3170=CARTESIAN_POINT('',(-8.030715462080E0,8.167669423859E0,
-9.110788050568E0));
#3171=CARTESIAN_POINT('',(-8.023652707905E0,8.244085958237E0,
-9.058558390689E0));
#3172=CARTESIAN_POINT('',(-8.015954380718E0,8.327379170716E0,
-9.022212364026E0));
#3173=CARTESIAN_POINT('',(-8.007673219708E0,8.416978441679E0,
-9.001405426598E0));
#3174=CARTESIAN_POINT('',(-8.002176454618E0,8.476451520893E0,
-8.999071137047E0));
#3175=CARTESIAN_POINT('',(-7.999362563699E0,8.506896838221E0,
-9.000652026366E0));
#3176=CARTESIAN_POINT('',(-7.999999353245E0,7.995230476818E0,
-9.425493743329E0));
#3177=CARTESIAN_POINT('',(-7.999999358429E0,7.999277385224E0,
-9.395018366753E0));
#3178=CARTESIAN_POINT('',(-7.999999375434E0,8.012548392202E0,
-9.336632995629E0));
#3179=CARTESIAN_POINT('',(-7.999999422955E0,8.049637089530E0,
-9.251948209741E0));
#3180=CARTESIAN_POINT('',(-7.999999488480E0,8.100776866270E0,
-9.176520188044E0));
#3181=CARTESIAN_POINT('',(-7.999999572413E0,8.166283368517E0,
-9.110788050568E0));
#3182=CARTESIAN_POINT('',(-7.999999670733E0,8.243018614303E0,
-9.058558390689E0));
#3183=CARTESIAN_POINT('',(-7.999999777900E0,8.326659218837E0,
-9.022212364026E0));
#3184=CARTESIAN_POINT('',(-7.999999893182E0,8.416632182615E0,
-9.001405426598E0));
#3185=CARTESIAN_POINT('',(-7.999999969701E0,8.476353306953E0,
-8.999071137047E0));
#3186=CARTESIAN_POINT('',(-8.000000008874E0,8.506925602952E0,
-9.000652026366E0));
#3187=CARTESIAN_POINT('',(-7.953539447666E0,7.997327100598E0,
-9.425493743329E0));
#3188=CARTESIAN_POINT('',(-7.953911937666E0,8.001357199659E0,
-9.395018366753E0));
#3189=CARTESIAN_POINT('',(-7.955133442305E0,8.014573083840E0,
-9.336632995629E0));
#3190=CARTESIAN_POINT('',(-7.958547201029E0,8.051507728593E0,
-9.251948209741E0));
#3191=CARTESIAN_POINT('',(-7.963254264678E0,8.102435089830E0,
-9.176520188044E0));
#3192=CARTESIAN_POINT('',(-7.969283686297E0,8.167669502571E0,
-9.110788050568E0));
#3193=CARTESIAN_POINT('',(-7.976346636295E0,8.244086018850E0,
-9.058558390689E0));
#3194=CARTESIAN_POINT('',(-7.984045176927E0,8.327379211601E0,
-9.022212364026E0));
#3195=CARTESIAN_POINT('',(-7.992326567543E0,8.416978461342E0,
-9.001405426598E0));
#3196=CARTESIAN_POINT('',(-7.997823485037E0,8.476451526470E0,
-8.999071137047E0));
#3197=CARTESIAN_POINT('',(-8.000637453974E0,8.506896836587E0,
-9.000652026366E0));
#3198=CARTESIAN_POINT('',(-7.889237871410E0,8.006324880674E0,
-9.425493743329E0));
#3199=CARTESIAN_POINT('',(-7.890125888948E0,8.010282841483E0,
-9.395018366753E0));
#3200=CARTESIAN_POINT('',(-7.893037960525E0,8.023262163040E0,
-9.336632995629E0));
#3201=CARTESIAN_POINT('',(-7.901176373948E0,8.059535682415E0,
-9.251948209741E0));
#3202=CARTESIAN_POINT('',(-7.912398031095E0,8.109551450453E0,
-9.176520188044E0));
#3203=CARTESIAN_POINT('',(-7.926772194534E0,8.173618175619E0,
-9.110788050568E0));
#3204=CARTESIAN_POINT('',(-7.943610293450E0,8.248666846111E0,
-9.058558390689E0));
#3205=CARTESIAN_POINT('',(-7.961963642789E0,8.330469101453E0,
-9.022212364026E0));
#3206=CARTESIAN_POINT('',(-7.981706508643E0,8.418464536178E0,
-9.001405426598E0));
#3207=CARTESIAN_POINT('',(-7.994811180280E0,8.476873041111E0,
-8.999071137047E0));
#3208=CARTESIAN_POINT('',(-8.001519692631E0,8.506773384102E0,
-9.000652026366E0));
#3209=CARTESIAN_POINT('',(-7.807436185983E0,8.030248770011E0,
-9.425493743329E0));
#3210=CARTESIAN_POINT('',(-7.808980035367E0,8.034014924887E0,
-9.395018366753E0));
#3211=CARTESIAN_POINT('',(-7.814042773116E0,8.046365258188E0,
-9.336632995629E0));
#3212=CARTESIAN_POINT('',(-7.828191687990E0,8.080880933934E0,
-9.251948209741E0));
#3213=CARTESIAN_POINT('',(-7.847700929346E0,8.128472898031E0,
-9.176520188044E0));
#3214=CARTESIAN_POINT('',(-7.872690912569E0,8.189434898687E0,
-9.110788050568E0));
#3215=CARTESIAN_POINT('',(-7.901964533340E0,8.260846650854E0,
-9.058558390689E0));
#3216=CARTESIAN_POINT('',(-7.933872469687E0,8.338684703773E0,
-9.022212364026E0));
#3217=CARTESIAN_POINT('',(-7.968196128838E0,8.422415809672E0,
-9.001405426598E0));
#3218=CARTESIAN_POINT('',(-7.990979056395E0,8.477993791951E0,
-8.999071137047E0));
#3219=CARTESIAN_POINT('',(-8.002642038509E0,8.506445140515E0,
-9.000652026366E0));
#3220=CARTESIAN_POINT('',(-7.712998030868E0,8.080891538101E0,
-9.425493743329E0));
#3221=CARTESIAN_POINT('',(-7.715299022959E0,8.084251672735E0,
-9.395018366753E0));
#3222=CARTESIAN_POINT('',(-7.722844655096E0,8.095270545839E0,
-9.336632995629E0));
#3223=CARTESIAN_POINT('',(-7.743932554973E0,8.126065168290E0,
-9.251948209741E0));
#3224=CARTESIAN_POINT('',(-7.773009620745E0,8.168526355400E0,
-9.176520188044E0));
#3225=CARTESIAN_POINT('',(-7.810255322540E0,8.222916187077E0,
-9.110788050568E0));
#3226=CARTESIAN_POINT('',(-7.853885465865E0,8.286629207292E0,
-9.058558390689E0));
#3227=CARTESIAN_POINT('',(-7.901441859622E0,8.356075723987E0,
-9.022212364026E0));
#3228=CARTESIAN_POINT('',(-7.952598707621E0,8.430779977571E0,
-9.001405426598E0));
#3229=CARTESIAN_POINT('',(-7.986554957944E0,8.480366229147E0,
-8.999071137047E0));
#3230=CARTESIAN_POINT('',(-8.003937760885E0,8.505750305173E0,
-9.000652026366E0));
#3231=CARTESIAN_POINT('',(-7.629647860612E0,8.152216303921E0,
-9.425493743329E0));
#3232=CARTESIAN_POINT('',(-7.632617099277E0,8.155004603725E0,
-9.395018366753E0));
#3233=CARTESIAN_POINT('',(-7.642354109142E0,8.164148261665E0,
-9.336632995629E0));
#3234=CARTESIAN_POINT('',(-7.669566287714E0,8.189702190036E0,
-9.251948209741E0));
#3235=CARTESIAN_POINT('',(-7.707087819529E0,8.224937242380E0,
-9.176520188044E0));
#3236=CARTESIAN_POINT('',(-7.755150295842E0,8.270070897291E0,
-9.110788050568E0));
#3237=CARTESIAN_POINT('',(-7.811451362245E0,8.322941100766E0,
-9.058558390689E0));
#3238=CARTESIAN_POINT('',(-7.872818927850E0,8.380569062146E0,
-9.022212364026E0));
#3239=CARTESIAN_POINT('',(-7.938832579807E0,8.442559987612E0,
-9.001405426598E0));
#3240=CARTESIAN_POINT('',(-7.982650292943E0,8.483707545860E0,
-8.999071137047E0));
#3241=CARTESIAN_POINT('',(-8.005081352482E0,8.504771706059E0,
-9.000652026366E0));
#3242=CARTESIAN_POINT('',(-7.563696274768E0,8.239886836504E0,
-9.425493743329E0));
#3243=CARTESIAN_POINT('',(-7.567194269658E0,8.241972251926E0,
-9.395018366753E0));
#3244=CARTESIAN_POINT('',(-7.578665227226E0,8.248810944536E0,
-9.336632995629E0));
#3245=CARTESIAN_POINT('',(-7.610723297425E0,8.267923149114E0,
-9.251948209741E0));
#3246=CARTESIAN_POINT('',(-7.654926590362E0,8.294276026016E0,
-9.176520188044E0));
#3247=CARTESIAN_POINT('',(-7.711547938612E0,8.328032231069E0,
-9.110788050568E0));
#3248=CARTESIAN_POINT('',(-7.777874988989E0,8.367574728419E0,
-9.058558390689E0));
#3249=CARTESIAN_POINT('',(-7.850170770852E0,8.410675631392E0,
-9.022212364026E0));
#3250=CARTESIAN_POINT('',(-7.927940005053E0,8.457039667179E0,
-9.001405426598E0));
#3251=CARTESIAN_POINT('',(-7.979560690986E0,8.487814604781E0,
-8.999071137047E0));
#3252=CARTESIAN_POINT('',(-8.005986229811E0,8.503568837677E0,
-9.000652026366E0));
#3253=CARTESIAN_POINT('',(-7.519083707017E0,8.337296346148E0,
-9.425493743329E0));
#3254=CARTESIAN_POINT('',(-7.522939375988E0,8.338600796504E0,
-9.395018366753E0));
#3255=CARTESIAN_POINT('',(-7.535583252426E0,8.342878474191E0,
-9.336632995629E0));
#3256=CARTESIAN_POINT('',(-7.570919297910E0,8.354833369038E0,
-9.251948209741E0));
#3257=CARTESIAN_POINT('',(-7.619642429407E0,8.371317384317E0,
-9.176520188044E0));
#3258=CARTESIAN_POINT('',(-7.682053376939E0,8.392432263044E0,
-9.110788050568E0));
#3259=CARTESIAN_POINT('',(-7.755162446028E0,8.417166531448E0,
-9.058558390689E0));
#3260=CARTESIAN_POINT('',(-7.834850556400E0,8.444126621832E0,
-9.022212364026E0));
#3261=CARTESIAN_POINT('',(-7.920571786034E0,8.473127837796E0,
-9.001405426598E0));
#3262=CARTESIAN_POINT('',(-7.977470747661E0,8.492377900838E0,
-8.999071137047E0));
#3263=CARTESIAN_POINT('',(-8.006598328832E0,8.502232347346E0,
-9.000652026366E0));
#3264=CARTESIAN_POINT('',(-7.464634143305E0,8.579084416067E0,
-9.425493743329E0));
#3265=CARTESIAN_POINT('',(-7.468926352889E0,8.578450369490E0,
-9.395018366753E0));
#3266=CARTESIAN_POINT('',(-7.483001774827E0,8.576371143647E0,
-9.336632995629E0));
#3267=CARTESIAN_POINT('',(-7.522338583623E0,8.570560297634E0,
-9.251948209741E0));
#3268=CARTESIAN_POINT('',(-7.576578170460E0,8.562548008471E0,
-9.176520188044E0));
#3269=CARTESIAN_POINT('',(-7.646055314154E0,8.552284822518E0,
-9.110788050568E0));
#3270=CARTESIAN_POINT('',(-7.727441825645E0,8.540262380937E0,
-9.058558390689E0));
#3271=CARTESIAN_POINT('',(-7.816152260496E0,8.527158047047E0,
-9.022212364026E0));
#3272=CARTESIAN_POINT('',(-7.911578887144E0,8.513061595152E0,
-9.001405426598E0));
#3273=CARTESIAN_POINT('',(-7.974919975356E0,8.503704829285E0,
-8.999071137047E0));
#3274=CARTESIAN_POINT('',(-8.007345394656E0,8.498914935945E0,
-9.000652026366E0));
#3275=CARTESIAN_POINT('',(-7.549091563338E0,8.761799570069E0,
-9.425493743329E0));
#3276=CARTESIAN_POINT('',(-7.552706649145E0,8.759700634155E0,
-9.395018366753E0));
#3277=CARTESIAN_POINT('',(-7.564561582408E0,8.752817603854E0,
-9.336632995629E0));
#3278=CARTESIAN_POINT('',(-7.597692755673E0,8.733581488026E0,
-9.251948209741E0));
#3279=CARTESIAN_POINT('',(-7.643375697532E0,8.707057756006E0,
-9.176520188044E0));
#3280=CARTESIAN_POINT('',(-7.701892373291E0,8.673082697422E0,
-9.110788050568E0));
#3281=CARTESIAN_POINT('',(-7.770439637190E0,8.633283831932E0,
-9.058558390689E0));
#3282=CARTESIAN_POINT('',(-7.845155428259E0,8.589903490407E0,
-9.022212364026E0));
#3283=CARTESIAN_POINT('',(-7.925527888516E0,8.543238860009E0,
-9.001405426598E0));
#3284=CARTESIAN_POINT('',(-7.978876511157E0,8.512264397486E0,
-8.999071137047E0));
#3285=CARTESIAN_POINT('',(-8.006186611229E0,8.496408024275E0,
-9.000652026366E0));
#3286=CARTESIAN_POINT('',(-7.621218969697E0,8.787331460938E0,
-9.425493743329E0));
#3287=CARTESIAN_POINT('',(-7.624255785659E0,8.785027827202E0,
-9.395018366752E0));
#3288=CARTESIAN_POINT('',(-7.634214401345E0,8.777473532337E0,
-9.336632995657E0));
#3289=CARTESIAN_POINT('',(-7.662045905298E0,8.756361422543E0,
-9.251948209741E0));
#3290=CARTESIAN_POINT('',(-7.700421394386E0,8.727250974957E0,
-9.176520188044E0));
#3291=CARTESIAN_POINT('',(-7.749577730652E0,8.689962513299E0,
-9.110788050568E0));
#3292=CARTESIAN_POINT('',(-7.807160160112E0,8.646282280509E0,
-9.058558390689E0));
#3293=CARTESIAN_POINT('',(-7.869924397864E0,8.598671289767E0,
-9.022212364026E0));
#3294=CARTESIAN_POINT('',(-7.937440462770E0,8.547455711299E0,
-9.001405426598E0));
#3295=CARTESIAN_POINT('',(-7.982255428757E0,8.513460477613E0,
-8.999071137047E0));
#3296=CARTESIAN_POINT('',(-8.005196999622E0,8.496057718382E0,
-9.000652026366E0));
#3297=B_SPLINE_SURFACE_WITH_KNOTS('',3,3,((#3066,#3067,#3068,#3069,#3070,#3071,
#3072,#3073,#3074,#3075,#3076),(#3077,#3078,#3079,#3080,#3081,#3082,#3083,#3084,
#3085,#3086,#3087),(#3088,#3089,#3090,#3091,#3092,#3093,#3094,#3095,#3096,#3097,
#3098),(#3099,#3100,#3101,#3102,#3103,#3104,#3105,#3106,#3107,#3108,#3109),(
#3110,#3111,#3112,#3113,#3114,#3115,#3116,#3117,#3118,#3119,#3120),(#3121,#3122,
#3123,#3124,#3125,#3126,#3127,#3128,#3129,#3130,#3131),(#3132,#3133,#3134,#3135,
#3136,#3137,#3138,#3139,#3140,#3141,#3142),(#3143,#3144,#3145,#3146,#3147,#3148,
#3149,#3150,#3151,#3152,#3153),(#3154,#3155,#3156,#3157,#3158,#3159,#3160,#3161,
#3162,#3163,#3164),(#3165,#3166,#3167,#3168,#3169,#3170,#3171,#3172,#3173,#3174,
#3175),(#3176,#3177,#3178,#3179,#3180,#3181,#3182,#3183,#3184,#3185,#3186),(
#3187,#3188,#3189,#3190,#3191,#3192,#3193,#3194,#3195,#3196,#3197),(#3198,#3199,
#3200,#3201,#3202,#3203,#3204,#3205,#3206,#3207,#3208),(#3209,#3210,#3211,#3212,
#3213,#3214,#3215,#3216,#3217,#3218,#3219),(#3220,#3221,#3222,#3223,#3224,#3225,
#3226,#3227,#3228,#3229,#3230),(#3231,#3232,#3233,#3234,#3235,#3236,#3237,#3238,
#3239,#3240,#3241),(#3242,#3243,#3244,#3245,#3246,#3247,#3248,#3249,#3250,#3251,
#3252),(#3253,#3254,#3255,#3256,#3257,#3258,#3259,#3260,#3261,#3262,#3263),(
#3264,#3265,#3266,#3267,#3268,#3269,#3270,#3271,#3272,#3273,#3274),(#3275,#3276,
#3277,#3278,#3279,#3280,#3281,#3282,#3283,#3284,#3285),(#3286,#3287,#3288,#3289,
#3290,#3291,#3292,#3293,#3294,#3295,#3296)),.UNSPECIFIED.,.F.,.F.,.F.,(4,1,1,1,
1,1,1,1,1,1,1,1,1,1,1,1,1,1,4),(4,1,1,1,1,1,1,1,4),(-5.330329617968E-1,1.25E-1,
2.5E-1,3.75E-1,5.E-1,6.25E-1,7.5E-1,8.75E-1,9.375E-1,1.E0,1.0625E0,1.125E0,
1.25E0,1.375E0,1.5E0,1.625E0,1.75E0,1.875E0,2.533027400991E0),(
-1.901203581031E-2,1.25E-1,2.5E-1,3.75E-1,5.E-1,6.25E-1,7.5E-1,8.75E-1,
1.018143681139E0),.UNSPECIFIED.);
#3299=ORIENTED_EDGE('',*,*,#3298,.F.);
#3301=ORIENTED_EDGE('',*,*,#3300,.F.);
#3302=ORIENTED_EDGE('',*,*,#1872,.F.);
#3304=ORIENTED_EDGE('',*,*,#3303,.T.);
#3305=EDGE_LOOP('',(#3299,#3301,#3302,#3304));
#3306=FACE_OUTER_BOUND('',#3305,.F.);
#3308=CARTESIAN_POINT('',(0.E0,0.E0,-9.E0));
#3309=DIRECTION('',(0.E0,0.E0,1.E0));
#3310=DIRECTION('',(1.E0,0.E0,0.E0));
#3311=AXIS2_PLACEMENT_3D('',#3308,#3309,#3310);
#3312=PLANE('',#3311);
#3313=ORIENTED_EDGE('',*,*,#3298,.T.);
#3315=ORIENTED_EDGE('',*,*,#3314,.T.);
#3316=EDGE_LOOP('',(#3313,#3315));
#3317=FACE_OUTER_BOUND('',#3316,.F.);
#3319=CARTESIAN_POINT('',(-7.621220061916E0,8.212668862459E0,
-9.425493743329E0));
#3320=CARTESIAN_POINT('',(-7.624256869115E0,8.214972493605E0,
-9.395018366753E0));
#3321=CARTESIAN_POINT('',(-7.634215456084E0,8.222526779982E0,
-9.336632995629E0));
#3322=CARTESIAN_POINT('',(-7.662046879807E0,8.243638866003E0,
-9.251948209741E0));
#3323=CARTESIAN_POINT('',(-7.700422258201E0,8.272749280840E0,
-9.176520188044E0));
#3324=CARTESIAN_POINT('',(-7.749578452722E0,8.310037700502E0,
-9.110788050568E0));
#3325=CARTESIAN_POINT('',(-7.807160716134E0,8.353717884128E0,
-9.058558390689E0));
#3326=CARTESIAN_POINT('',(-7.869924772906E0,8.401328821274E0,
-9.022212364026E0));
#3327=CARTESIAN_POINT('',(-7.937440643190E0,8.452544342108E0,
-9.001405426598E0));
#3328=CARTESIAN_POINT('',(-7.982255479952E0,8.486539537560E0,
-8.999071137047E0));
#3329=CARTESIAN_POINT('',(-8.005196984631E0,8.503942277192E0,
-9.000652026366E0));
#3330=CARTESIAN_POINT('',(-7.549092092E0,8.238198990325E0,-9.425493743329E0));
#3331=CARTESIAN_POINT('',(-7.552707173574E0,8.240297937783E0,
-9.395018366753E0));
#3332=CARTESIAN_POINT('',(-7.564562092935E0,8.247181005932E0,
-9.336632995629E0));
#3333=CARTESIAN_POINT('',(-7.597693227352E0,8.266417227539E0,
-9.251948209741E0));
#3334=CARTESIAN_POINT('',(-7.643376115658E0,8.292941105403E0,
-9.176520188044E0));
#3335=CARTESIAN_POINT('',(-7.701892722805E0,8.326916350821E0,
-9.110788050568E0));
#3336=CARTESIAN_POINT('',(-7.770439906339E0,8.366715435161E0,
-9.058558390689E0));
#3337=CARTESIAN_POINT('',(-7.845155609806E0,8.410096015231E0,
-9.022212364026E0));
#3338=CARTESIAN_POINT('',(-7.925527975827E0,8.456760902225E0,
-9.001405426598E0));
#3339=CARTESIAN_POINT('',(-7.978876535917E0,8.487735535070E0,
-8.999071137047E0));
#3340=CARTESIAN_POINT('',(-8.006186603976E0,8.503591995479E0,
-9.000652026366E0));
#3341=CARTESIAN_POINT('',(-7.464633607200E0,8.420915475172E0,
-9.425493743329E0));
#3342=CARTESIAN_POINT('',(-7.468925821082E0,8.421549522621E0,
-9.395018366753E0));
#3343=CARTESIAN_POINT('',(-7.483001257117E0,8.423628751322E0,
-9.336632995629E0));
#3344=CARTESIAN_POINT('',(-7.522338105302E0,8.429439605326E0,
-9.251948209741E0));
#3345=CARTESIAN_POINT('',(-7.576577746452E0,8.437451905511E0,
-9.176520188044E0));
#3346=CARTESIAN_POINT('',(-7.646054959721E0,8.447715105576E0,
-9.110788050568E0));
#3347=CARTESIAN_POINT('',(-7.727441552711E0,8.459737563691E0,
-9.058558390689E0));
#3348=CARTESIAN_POINT('',(-7.816152076397E0,8.472841915603E0,
-9.022212364026E0));
#3349=CARTESIAN_POINT('',(-7.911578798602E0,8.486938386886E0,
-9.001405426598E0));
#3350=CARTESIAN_POINT('',(-7.974919950242E0,8.496295165620E0,
-8.999071137047E0));
#3351=CARTESIAN_POINT('',(-8.007345402011E0,8.501085065547E0,
-9.000652026366E0));
#3352=CARTESIAN_POINT('',(-7.519084123959E0,8.662704886237E0,
-9.425493743329E0));
#3353=CARTESIAN_POINT('',(-7.522939789588E0,8.661400426E0,-9.395018366753E0));
#3354=CARTESIAN_POINT('',(-7.535583655064E0,8.657122715914E0,
-9.336632995629E0));
#3355=CARTESIAN_POINT('',(-7.570919669913E0,8.645167730515E0,
-9.251948209741E0));
#3356=CARTESIAN_POINT('',(-7.619642759168E0,8.628683590379E0,
-9.176520188044E0));
#3357=CARTESIAN_POINT('',(-7.682053652591E0,8.607568551719E0,
-9.110788050568E0));
#3358=CARTESIAN_POINT('',(-7.755162658297E0,8.582834095968E0,
-9.058558390689E0));
#3359=CARTESIAN_POINT('',(-7.834850699581E0,8.555873801377E0,
-9.022212364026E0));
#3360=CARTESIAN_POINT('',(-7.920571854896E0,8.526872365745E0,
-9.001405426598E0));
#3361=CARTESIAN_POINT('',(-7.977470767193E0,8.507622156896E0,
-8.999071137047E0));
#3362=CARTESIAN_POINT('',(-8.006598323111E0,8.497767635746E0,
-9.000652026366E0));
#3363=CARTESIAN_POINT('',(-7.563696941330E0,8.760114281557E0,
-9.425493743329E0));
#3364=CARTESIAN_POINT('',(-7.567194930876E0,8.758028857172E0,
-9.395018366753E0));
#3365=CARTESIAN_POINT('',(-7.578665870921E0,8.751190135167E0,
-9.336632995629E0));
#3366=CARTESIAN_POINT('',(-7.610723892142E0,8.732077848437E0,
-9.251948209741E0));
#3367=CARTESIAN_POINT('',(-7.654927117548E0,8.705724858261E0,
-9.176520188044E0));
#3368=CARTESIAN_POINT('',(-7.711548379294E0,8.671968508112E0,
-9.110788050568E0));
#3369=CARTESIAN_POINT('',(-7.777875328340E0,8.632425840793E0,
-9.058558390689E0));
#3370=CARTESIAN_POINT('',(-7.850170999753E0,8.589324752557E0,
-9.022212364026E0));
#3371=CARTESIAN_POINT('',(-7.927940115142E0,8.542960517480E0,
-9.001405426598E0));
#3372=CARTESIAN_POINT('',(-7.979560722212E0,8.512185447596E0,
-8.999071137047E0));
#3373=CARTESIAN_POINT('',(-8.005986220665E0,8.496431146983E0,
-9.000652026366E0));
#3374=CARTESIAN_POINT('',(-7.629648751836E0,8.847784645134E0,
-9.425493743329E0));
#3375=CARTESIAN_POINT('',(-7.632617983356E0,8.844996337721E0,
-9.395018366753E0));
#3376=CARTESIAN_POINT('',(-7.642354969789E0,8.835852654831E0,
-9.336632995629E0));
#3377=CARTESIAN_POINT('',(-7.669567082878E0,8.810298656726E0,
-9.251948209741E0));
#3378=CARTESIAN_POINT('',(-7.707088524400E0,8.775063508230E0,
-9.176520188044E0));
#3379=CARTESIAN_POINT('',(-7.755150885054E0,8.729929730155E0,
-9.110788050568E0));
#3380=CARTESIAN_POINT('',(-7.811451815973E0,8.677059382404E0,
-9.058558390689E0));
#3381=CARTESIAN_POINT('',(-7.872819233902E0,8.619431263766E0,
-9.022212364026E0));
#3382=CARTESIAN_POINT('',(-7.938832727002E0,8.557440169133E0,
-9.001405426598E0));
#3383=CARTESIAN_POINT('',(-7.982650334692E0,8.516292498600E0,
-8.999071137047E0));
#3384=CARTESIAN_POINT('',(-8.005081340255E0,8.495228280920E0,
-9.000652026366E0));
#3385=CARTESIAN_POINT('',(-7.712999104867E0,8.919109197363E0,
-9.425493743329E0));
#3386=CARTESIAN_POINT('',(-7.715300088350E0,8.915749056832E0,
-9.395018366753E0));
#3387=CARTESIAN_POINT('',(-7.722845692248E0,8.904730164392E0,
-9.336632995629E0));
#3388=CARTESIAN_POINT('',(-7.743933513211E0,8.873935487902E0,
-9.251948209741E0));
#3389=CARTESIAN_POINT('',(-7.773010470173E0,8.831474226280E0,
-9.176520188044E0));
#3390=CARTESIAN_POINT('',(-7.810256032590E0,8.777084299158E0,
-9.110788050568E0));
#3391=CARTESIAN_POINT('',(-7.853886012645E0,8.713371167138E0,
-9.058558390689E0));
#3392=CARTESIAN_POINT('',(-7.901442228439E0,8.643924528576E0,
-9.022212364026E0));
#3393=CARTESIAN_POINT('',(-7.952598885004E0,8.569220143898E0,
-9.001405426598E0));
#3394=CARTESIAN_POINT('',(-7.986555008258E0,8.519633805307E0,
-8.999071137047E0));
#3395=CARTESIAN_POINT('',(-8.003937746150E0,8.494249684736E0,
-9.000652026366E0));
#3396=CARTESIAN_POINT('',(-7.807437389759E0,8.969751723447E0,
-9.425493743329E0));
#3397=CARTESIAN_POINT('',(-7.808981229492E0,8.965985564616E0,
-9.395018366753E0));
#3398=CARTESIAN_POINT('',(-7.814043935592E0,8.953635218341E0,
-9.336632995629E0));
#3399=CARTESIAN_POINT('',(-7.828192762017E0,8.919119506337E0,
-9.251948209741E0));
#3400=CARTESIAN_POINT('',(-7.847701881415E0,8.871527492246E0,
-9.176520188044E0));
#3401=CARTESIAN_POINT('',(-7.872691708417E0,8.810565427552E0,
-9.110788050568E0));
#3402=CARTESIAN_POINT('',(-7.901965146189E0,8.739153600369E0,
-9.058558390689E0));
#3403=CARTESIAN_POINT('',(-7.933872883070E0,8.661315465684E0,
-9.022212364026E0));
#3404=CARTESIAN_POINT('',(-7.968196327653E0,8.577584271828E0,
-9.001405426598E0));
#3405=CARTESIAN_POINT('',(-7.990979112788E0,8.522006231165E0,
-8.999071137047E0));
#3406=CARTESIAN_POINT('',(-8.002642021993E0,8.493554852715E0,
-9.000652026366E0));
#3407=CARTESIAN_POINT('',(-7.889239136492E0,8.993675403160E0,
-9.425493743329E0));
#3408=CARTESIAN_POINT('',(-7.890127143888E0,8.989717440077E0,
-9.395018366753E0));
#3409=CARTESIAN_POINT('',(-7.893039182205E0,8.976738111057E0,
-9.336632995629E0));
#3410=CARTESIAN_POINT('',(-7.901177502673E0,8.940464570827E0,
-9.251948209741E0));
#3411=CARTESIAN_POINT('',(-7.912399031650E0,8.890448774032E0,
-9.176520188044E0));
#3412=CARTESIAN_POINT('',(-7.926773030913E0,8.826382012032E0,
-9.110788050568E0));
#3413=CARTESIAN_POINT('',(-7.943610937511E0,8.751333298392E0,
-9.058558390689E0));
#3414=CARTESIAN_POINT('',(-7.961964077226E0,8.669530996018E0,
-9.022212364026E0));
#3415=CARTESIAN_POINT('',(-7.981706717584E0,8.581535510701E0,
-9.001405426598E0));
#3416=CARTESIAN_POINT('',(-7.994811239545E0,8.523126972187E0,
-8.999071137047E0));
#3417=CARTESIAN_POINT('',(-8.001519675274E0,8.493226612004E0,
-9.000652026366E0));
#3418=CARTESIAN_POINT('',(-7.953540735806E0,9.002673018458E0,
-9.425493743329E0));
#3419=CARTESIAN_POINT('',(-7.953913215478E0,8.998642918443E0,
-9.395018366753E0));
#3420=CARTESIAN_POINT('',(-7.955134686251E0,8.985427031133E0,
-9.336632995629E0));
#3421=CARTESIAN_POINT('',(-7.958548350326E0,8.948492377631E0,
-9.251948209741E0));
#3422=CARTESIAN_POINT('',(-7.963255283469E0,8.897565004333E0,
-9.176520188044E0));
#3423=CARTESIAN_POINT('',(-7.969284537920E0,8.832330576141E0,
-9.110788050568E0));
#3424=CARTESIAN_POINT('',(-7.976347292095E0,8.755914041763E0,
-9.058558390689E0));
#3425=CARTESIAN_POINT('',(-7.984045619282E0,8.672620829284E0,
-9.022212364026E0));
#3426=CARTESIAN_POINT('',(-7.992326780292E0,8.583021558321E0,
-9.001405426598E0));
#3427=CARTESIAN_POINT('',(-7.997823545382E0,8.523548479107E0,
-8.999071137047E0));
#3428=CARTESIAN_POINT('',(-8.000637436300E0,8.493103161780E0,
-9.000652026366E0));
#3429=CARTESIAN_POINT('',(-8.000000646755E0,9.004769523182E0,
-9.425493743329E0));
#3430=CARTESIAN_POINT('',(-8.000000641571E0,9.000722614776E0,
-9.395018366753E0));
#3431=CARTESIAN_POINT('',(-8.000000624566E0,8.987451607798E0,
-9.336632995629E0));
#3432=CARTESIAN_POINT('',(-8.000000577045E0,8.950362910470E0,
-9.251948209741E0));
#3433=CARTESIAN_POINT('',(-8.000000511520E0,8.899223133730E0,
-9.176520188044E0));
#3434=CARTESIAN_POINT('',(-8.000000427587E0,8.833716631483E0,
-9.110788050568E0));
#3435=CARTESIAN_POINT('',(-8.000000329267E0,8.756981385697E0,
-9.058558390689E0));
#3436=CARTESIAN_POINT('',(-8.000000222100E0,8.673340781163E0,
-9.022212364026E0));
#3437=CARTESIAN_POINT('',(-8.000000106818E0,8.583367817385E0,
-9.001405426598E0));
#3438=CARTESIAN_POINT('',(-8.000000030299E0,8.523646693047E0,
-8.999071137047E0));
#3439=CARTESIAN_POINT('',(-7.999999991126E0,8.493074397049E0,
-9.000652026366E0));
#3440=CARTESIAN_POINT('',(-8.046460552334E0,9.002672899402E0,
-9.425493743329E0));
#3441=CARTESIAN_POINT('',(-8.046088062334E0,8.998642800341E0,
-9.395018366753E0));
#3442=CARTESIAN_POINT('',(-8.044866557695E0,8.985426916160E0,
-9.336632995629E0));
#3443=CARTESIAN_POINT('',(-8.041452798971E0,8.948492271407E0,
-9.251948209741E0));
#3444=CARTESIAN_POINT('',(-8.036745735322E0,8.897564910170E0,
-9.176520188044E0));
#3445=CARTESIAN_POINT('',(-8.030716313703E0,8.832330497429E0,
-9.110788050568E0));
#3446=CARTESIAN_POINT('',(-8.023653363705E0,8.755913981150E0,
-9.058558390689E0));
#3447=CARTESIAN_POINT('',(-8.015954823073E0,8.672620788399E0,
-9.022212364026E0));
#3448=CARTESIAN_POINT('',(-8.007673432457E0,8.583021538658E0,
-9.001405426598E0));
#3449=CARTESIAN_POINT('',(-8.002176514963E0,8.523548473530E0,
-8.999071137047E0));
#3450=CARTESIAN_POINT('',(-7.999362546026E0,8.493103163413E0,
-9.000652026366E0));
#3451=CARTESIAN_POINT('',(-8.110762128590E0,8.993675119326E0,
-9.425493743329E0));
#3452=CARTESIAN_POINT('',(-8.109874111052E0,8.989717158517E0,
-9.395018366753E0));
#3453=CARTESIAN_POINT('',(-8.106962039475E0,8.976737836960E0,
-9.336632995629E0));
#3454=CARTESIAN_POINT('',(-8.098823626052E0,8.940464317585E0,
-9.251948209741E0));
#3455=CARTESIAN_POINT('',(-8.087601968905E0,8.890448549547E0,
-9.176520188044E0));
#3456=CARTESIAN_POINT('',(-8.073227805466E0,8.826381824381E0,
-9.110788050568E0));
#3457=CARTESIAN_POINT('',(-8.056389706550E0,8.751333153889E0,
-9.058558390689E0));
#3458=CARTESIAN_POINT('',(-8.038036357211E0,8.669530898547E0,
-9.022212364026E0));
#3459=CARTESIAN_POINT('',(-8.018293491357E0,8.581535463822E0,
-9.001405426598E0));
#3460=CARTESIAN_POINT('',(-8.005188819720E0,8.523126958889E0,
-8.999071137047E0));
#3461=CARTESIAN_POINT('',(-7.998480307369E0,8.493226615898E0,
-9.000652026366E0));
#3462=CARTESIAN_POINT('',(-8.192563814017E0,8.969751229989E0,
-9.425493743329E0));
#3463=CARTESIAN_POINT('',(-8.191019964633E0,8.965985075113E0,
-9.395018366753E0));
#3464=CARTESIAN_POINT('',(-8.185957226884E0,8.953634741812E0,
-9.336632995629E0));
#3465=CARTESIAN_POINT('',(-8.171808312010E0,8.919119066066E0,
-9.251948209741E0));
#3466=CARTESIAN_POINT('',(-8.152299070654E0,8.871527101969E0,
-9.176520188044E0));
#3467=CARTESIAN_POINT('',(-8.127309087431E0,8.810565101313E0,
-9.110788050568E0));
#3468=CARTESIAN_POINT('',(-8.098035466660E0,8.739153349146E0,
-9.058558390689E0));
#3469=CARTESIAN_POINT('',(-8.066127530313E0,8.661315296227E0,
-9.022212364026E0));
#3470=CARTESIAN_POINT('',(-8.031803871162E0,8.577584190328E0,
-9.001405426598E0));
#3471=CARTESIAN_POINT('',(-8.009020943605E0,8.522006208049E0,
-8.999071137047E0));
#3472=CARTESIAN_POINT('',(-7.997357961491E0,8.493554859486E0,
-9.000652026366E0));
#3473=CARTESIAN_POINT('',(-8.287001969132E0,8.919108461899E0,
-9.425493743329E0));
#3474=CARTESIAN_POINT('',(-8.284700977041E0,8.915748327265E0,
-9.395018366753E0));
#3475=CARTESIAN_POINT('',(-8.277155344904E0,8.904729454161E0,
-9.336632995629E0));
#3476=CARTESIAN_POINT('',(-8.256067445027E0,8.873934831710E0,
-9.251948209741E0));
#3477=CARTESIAN_POINT('',(-8.226990379255E0,8.831473644600E0,
-9.176520188044E0));
#3478=CARTESIAN_POINT('',(-8.189744677460E0,8.777083812923E0,
-9.110788050568E0));
#3479=CARTESIAN_POINT('',(-8.146114534135E0,8.713370792708E0,
-9.058558390689E0));
#3480=CARTESIAN_POINT('',(-8.098558140378E0,8.643924276013E0,
-9.022212364026E0));
#3481=CARTESIAN_POINT('',(-8.047401292379E0,8.569220022429E0,
-9.001405426598E0));
#3482=CARTESIAN_POINT('',(-8.013445042056E0,8.519633770853E0,
-8.999071137047E0));
#3483=CARTESIAN_POINT('',(-7.996062239115E0,8.494249694827E0,
-9.000652026366E0));
#3484=CARTESIAN_POINT('',(-8.370352139388E0,8.847783696079E0,
-9.425493743329E0));
#3485=CARTESIAN_POINT('',(-8.367382900723E0,8.844995396275E0,
-9.395018366753E0));
#3486=CARTESIAN_POINT('',(-8.357645890858E0,8.835851738335E0,
-9.336632995629E0));
#3487=CARTESIAN_POINT('',(-8.330433712286E0,8.810297809964E0,
-9.251948209741E0));
#3488=CARTESIAN_POINT('',(-8.292912180471E0,8.775062757620E0,
-9.176520188044E0));
#3489=CARTESIAN_POINT('',(-8.244849704158E0,8.729929102709E0,
-9.110788050568E0));
#3490=CARTESIAN_POINT('',(-8.188548637755E0,8.677058899234E0,
-9.058558390689E0));
#3491=CARTESIAN_POINT('',(-8.127181072150E0,8.619430937854E0,
-9.022212364026E0));
#3492=CARTESIAN_POINT('',(-8.061167420193E0,8.557440012388E0,
-9.001405426598E0));
#3493=CARTESIAN_POINT('',(-8.017349707057E0,8.516292454140E0,
-8.999071137047E0));
#3494=CARTESIAN_POINT('',(-7.994918647518E0,8.495228293942E0,
-9.000652026366E0));
#3495=CARTESIAN_POINT('',(-8.436303725232E0,8.760113163496E0,
-9.425493743329E0));
#3496=CARTESIAN_POINT('',(-8.432805730342E0,8.758027748074E0,
-9.395018366753E0));
#3497=CARTESIAN_POINT('',(-8.421334772774E0,8.751189055464E0,
-9.336632995629E0));
#3498=CARTESIAN_POINT('',(-8.389276702575E0,8.732076850886E0,
-9.251948209741E0));
#3499=CARTESIAN_POINT('',(-8.345073409638E0,8.705723973984E0,
-9.176520188044E0));
#3500=CARTESIAN_POINT('',(-8.288452061388E0,8.671967768931E0,
-9.110788050568E0));
#3501=CARTESIAN_POINT('',(-8.222125011011E0,8.632425271581E0,
-9.058558390689E0));
#3502=CARTESIAN_POINT('',(-8.149829229148E0,8.589324368608E0,
-9.022212364026E0));
#3503=CARTESIAN_POINT('',(-8.072059994947E0,8.542960332821E0,
-9.001405426598E0));
#3504=CARTESIAN_POINT('',(-8.020439309014E0,8.512185395219E0,
-8.999071137047E0));
#3505=CARTESIAN_POINT('',(-7.994013770189E0,8.496431162323E0,
-9.000652026366E0));
#3506=CARTESIAN_POINT('',(-8.480916292983E0,8.662703653852E0,
-9.425493743329E0));
#3507=CARTESIAN_POINT('',(-8.477060624012E0,8.661399203496E0,
-9.395018366753E0));
#3508=CARTESIAN_POINT('',(-8.464416747574E0,8.657121525809E0,
-9.336632995629E0));
#3509=CARTESIAN_POINT('',(-8.429080702090E0,8.645166630962E0,
-9.251948209741E0));
#3510=CARTESIAN_POINT('',(-8.380357570593E0,8.628682615683E0,
-9.176520188044E0));
#3511=CARTESIAN_POINT('',(-8.317946623061E0,8.607567736956E0,
-9.110788050568E0));
#3512=CARTESIAN_POINT('',(-8.244837553972E0,8.582833468552E0,
-9.058558390689E0));
#3513=CARTESIAN_POINT('',(-8.165149443600E0,8.555873378168E0,
-9.022212364026E0));
#3514=CARTESIAN_POINT('',(-8.079428213966E0,8.526872162204E0,
-9.001405426598E0));
#3515=CARTESIAN_POINT('',(-8.022529252339E0,8.507622099162E0,
-8.999071137047E0));
#3516=CARTESIAN_POINT('',(-7.993401671168E0,8.497767652654E0,
-9.000652026366E0));
#3517=CARTESIAN_POINT('',(-8.535365856714E0,8.420915583849E0,
-9.425493743329E0));
#3518=CARTESIAN_POINT('',(-8.531073647130E0,8.421549630427E0,
-9.395018366753E0));
#3519=CARTESIAN_POINT('',(-8.516998225191E0,8.423628856271E0,
-9.336632995631E0));
#3520=CARTESIAN_POINT('',(-8.477661416394E0,8.429439702290E0,
-9.251948209741E0));
#3521=CARTESIAN_POINT('',(-8.423421829555E0,8.437451991462E0,
-9.176520188044E0));
#3522=CARTESIAN_POINT('',(-8.353944685859E0,8.447715177426E0,
-9.110788050568E0));
#3523=CARTESIAN_POINT('',(-8.272558174365E0,8.459737619020E0,
-9.058558390689E0));
#3524=CARTESIAN_POINT('',(-8.183847739510E0,8.472841952924E0,
-9.022212364026E0));
#3525=CARTESIAN_POINT('',(-8.088421112859E0,8.486938404834E0,
-9.001405426598E0));
#3526=CARTESIAN_POINT('',(-8.025080024645E0,8.496295170711E0,
-8.999071137047E0));
#3527=CARTESIAN_POINT('',(-7.992654605344E0,8.501085064056E0,
-9.000652026366E0));
#3528=CARTESIAN_POINT('',(-8.450908436594E0,8.238200429783E0,
-9.425493743329E0));
#3529=CARTESIAN_POINT('',(-8.447293350782E0,8.240299365698E0,
-9.395018366753E0));
#3530=CARTESIAN_POINT('',(-8.435438417526E0,8.247182396003E0,
-9.336632995629E0));
#3531=CARTESIAN_POINT('',(-8.402307244266E0,8.266418511842E0,
-9.251948209741E0));
#3532=CARTESIAN_POINT('',(-8.356624302414E0,8.292942243878E0,
-9.176520188044E0));
#3533=CARTESIAN_POINT('',(-8.298107626664E0,8.326917302481E0,
-9.110788050568E0));
#3534=CARTESIAN_POINT('',(-8.229560362770E0,8.366716167993E0,
-9.058558390684E0));
#3535=CARTESIAN_POINT('',(-8.154844571717E0,8.410096509542E0,
-9.022212364026E0));
#3536=CARTESIAN_POINT('',(-8.074472111472E0,8.456761139966E0,
-9.001405426598E0));
#3537=CARTESIAN_POINT('',(-8.021123488846E0,8.487735602507E0,
-8.999071137047E0));
#3538=CARTESIAN_POINT('',(-7.993813388772E0,8.503591975727E0,
-9.000652026366E0));
#3539=CARTESIAN_POINT('',(-8.378781030197E0,8.212668539025E0,
-9.425493743329E0));
#3540=CARTESIAN_POINT('',(-8.375744214283E0,8.214972172761E0,
-9.395018366753E0));
#3541=CARTESIAN_POINT('',(-8.365785598554E0,8.222526467627E0,
-9.336632995632E0));
#3542=CARTESIAN_POINT('',(-8.337954094609E0,8.243638577396E0,
-9.251948209741E0));
#3543=CARTESIAN_POINT('',(-8.299578605532E0,8.272749025014E0,
-9.176520188044E0));
#3544=CARTESIAN_POINT('',(-8.250422269279E0,8.310037486677E0,
-9.110788050568E0));
#3545=CARTESIAN_POINT('',(-8.192839839879E0,8.353717719473E0,
-9.058558390734E0));
#3546=CARTESIAN_POINT('',(-8.130075602128E0,8.401328710220E0,
-9.022212364026E0));
#3547=CARTESIAN_POINT('',(-8.062559537213E0,8.452544288695E0,
-9.001405426598E0));
#3548=CARTESIAN_POINT('',(-8.017744571194E0,8.486539522385E0,
-8.999071137047E0));
#3549=CARTESIAN_POINT('',(-7.994803000380E0,8.503942281619E0,
-9.000652026366E0));
#3550=B_SPLINE_SURFACE_WITH_KNOTS('',3,3,((#3319,#3320,#3321,#3322,#3323,#3324,
#3325,#3326,#3327,#3328,#3329),(#3330,#3331,#3332,#3333,#3334,#3335,#3336,#3337,
#3338,#3339,#3340),(#3341,#3342,#3343,#3344,#3345,#3346,#3347,#3348,#3349,#3350,
#3351),(#3352,#3353,#3354,#3355,#3356,#3357,#3358,#3359,#3360,#3361,#3362),(
#3363,#3364,#3365,#3366,#3367,#3368,#3369,#3370,#3371,#3372,#3373),(#3374,#3375,
#3376,#3377,#3378,#3379,#3380,#3381,#3382,#3383,#3384),(#3385,#3386,#3387,#3388,
#3389,#3390,#3391,#3392,#3393,#3394,#3395),(#3396,#3397,#3398,#3399,#3400,#3401,
#3402,#3403,#3404,#3405,#3406),(#3407,#3408,#3409,#3410,#3411,#3412,#3413,#3414,
#3415,#3416,#3417),(#3418,#3419,#3420,#3421,#3422,#3423,#3424,#3425,#3426,#3427,
#3428),(#3429,#3430,#3431,#3432,#3433,#3434,#3435,#3436,#3437,#3438,#3439),(
#3440,#3441,#3442,#3443,#3444,#3445,#3446,#3447,#3448,#3449,#3450),(#3451,#3452,
#3453,#3454,#3455,#3456,#3457,#3458,#3459,#3460,#3461),(#3462,#3463,#3464,#3465,
#3466,#3467,#3468,#3469,#3470,#3471,#3472),(#3473,#3474,#3475,#3476,#3477,#3478,
#3479,#3480,#3481,#3482,#3483),(#3484,#3485,#3486,#3487,#3488,#3489,#3490,#3491,
#3492,#3493,#3494),(#3495,#3496,#3497,#3498,#3499,#3500,#3501,#3502,#3503,#3504,
#3505),(#3506,#3507,#3508,#3509,#3510,#3511,#3512,#3513,#3514,#3515,#3516),(
#3517,#3518,#3519,#3520,#3521,#3522,#3523,#3524,#3525,#3526,#3527),(#3528,#3529,
#3530,#3531,#3532,#3533,#3534,#3535,#3536,#3537,#3538),(#3539,#3540,#3541,#3542,
#3543,#3544,#3545,#3546,#3547,#3548,#3549)),.UNSPECIFIED.,.F.,.F.,.F.,(4,1,1,1,
1,1,1,1,1,1,1,1,1,1,1,1,1,1,4),(4,1,1,1,1,1,1,1,4),(-5.330329616374E-1,1.25E-1,
2.5E-1,3.75E-1,5.E-1,6.25E-1,7.5E-1,8.75E-1,9.375E-1,1.E0,1.0625E0,1.125E0,
1.25E0,1.375E0,1.5E0,1.625E0,1.75E0,1.875E0,2.533027401307E0),(
-1.901203581002E-2,1.25E-1,2.5E-1,3.75E-1,5.E-1,6.25E-1,7.5E-1,8.75E-1,
1.018143681139E0),.UNSPECIFIED.);
#3551=ORIENTED_EDGE('',*,*,#3314,.F.);
#3552=ORIENTED_EDGE('',*,*,#3303,.F.);
#3553=ORIENTED_EDGE('',*,*,#1874,.F.);
#3554=ORIENTED_EDGE('',*,*,#3300,.T.);
#3555=EDGE_LOOP('',(#3551,#3552,#3553,#3554));
#3556=FACE_OUTER_BOUND('',#3555,.F.);
#3558=CARTESIAN_POINT('',(7.621220061961E0,8.787331137555E0,-9.425493743311E0));
#3559=CARTESIAN_POINT('',(7.624256869160E0,8.785027506439E0,-9.395018366752E0));
#3560=CARTESIAN_POINT('',(7.634215456128E0,8.777473220061E0,-9.336632995628E0));
#3561=CARTESIAN_POINT('',(7.662046879831E0,8.756361134040E0,-9.251948209741E0));
#3562=CARTESIAN_POINT('',(7.700422258237E0,8.727250719144E0,-9.176520188044E0));
#3563=CARTESIAN_POINT('',(7.749578452780E0,8.689962299509E0,-9.110788050568E0));
#3564=CARTESIAN_POINT('',(7.807160716157E0,8.646282115880E0,-9.058558390689E0));
#3565=CARTESIAN_POINT('',(7.869924772902E0,8.598671178732E0,-9.022212364026E0));
#3566=CARTESIAN_POINT('',(7.937440643198E0,8.547455657895E0,-9.001405426597E0));
#3567=CARTESIAN_POINT('',(7.982255479953E0,8.513460462441E0,-8.999071137047E0));
#3568=CARTESIAN_POINT('',(8.005196984630E0,8.496057722808E0,-9.000652026365E0));
#3569=CARTESIAN_POINT('',(7.549092092030E0,8.761801009739E0,-9.425493743334E0));
#3570=CARTESIAN_POINT('',(7.552707173604E0,8.759702062280E0,-9.395018366752E0));
#3571=CARTESIAN_POINT('',(7.564562092964E0,8.752818994130E0,-9.336632995628E0));
#3572=CARTESIAN_POINT('',(7.597693227384E0,8.733582772518E0,-9.251948209741E0));
#3573=CARTESIAN_POINT('',(7.643376115681E0,8.707058894647E0,-9.176520188044E0));
#3574=CARTESIAN_POINT('',(7.701892722825E0,8.673083649221E0,-9.110788050568E0));
#3575=CARTESIAN_POINT('',(7.770439906354E0,8.633284564871E0,-9.058558390689E0));
#3576=CARTESIAN_POINT('',(7.845155609822E0,8.589903984790E0,-9.022212364026E0));
#3577=CARTESIAN_POINT('',(7.925527975832E0,8.543239097785E0,-9.001405426598E0));
#3578=CARTESIAN_POINT('',(7.978876535918E0,8.512264464934E0,-8.999071137047E0));
#3579=CARTESIAN_POINT('',(8.006186603976E0,8.496408004521E0,-9.000652026366E0));
#3580=CARTESIAN_POINT('',(7.464633607192E0,8.579084524864E0,-9.425493743328E0));
#3581=CARTESIAN_POINT('',(7.468925821074E0,8.578450477415E0,-9.395018366752E0));
#3582=CARTESIAN_POINT('',(7.483001257109E0,8.576371248713E0,-9.336632995628E0));
#3583=CARTESIAN_POINT('',(7.522338105295E0,8.570560394707E0,-9.251948209741E0));
#3584=CARTESIAN_POINT('',(7.576577746446E0,8.562548094518E0,-9.176520188044E0));
#3585=CARTESIAN_POINT('',(7.646054959716E0,8.552284894448E0,-9.110788050568E0));
#3586=CARTESIAN_POINT('',(7.727441552706E0,8.540262436327E0,-9.058558390689E0));
#3587=CARTESIAN_POINT('',(7.816152076392E0,8.527158084410E0,-9.022212364026E0));
#3588=CARTESIAN_POINT('',(7.911578798601E0,8.513061613120E0,-9.001405426598E0));
#3589=CARTESIAN_POINT('',(7.974919950242E0,8.503704834382E0,-8.999071137047E0));
#3590=CARTESIAN_POINT('',(8.007345402011E0,8.498914934453E0,-9.000652026366E0));
#3591=CARTESIAN_POINT('',(7.519084123960E0,8.337295113763E0,-9.425493743328E0));
#3592=CARTESIAN_POINT('',(7.522939789588E0,8.338599574E0,-9.395018366752E0));
#3593=CARTESIAN_POINT('',(7.535583655064E0,8.342877284086E0,-9.336632995628E0));
#3594=CARTESIAN_POINT('',(7.570919669913E0,8.354832269485E0,-9.251948209741E0));
#3595=CARTESIAN_POINT('',(7.619642759168E0,8.371316409621E0,-9.176520188044E0));
#3596=CARTESIAN_POINT('',(7.682053652591E0,8.392431448281E0,-9.110788050568E0));
#3597=CARTESIAN_POINT('',(7.755162658297E0,8.417165904032E0,-9.058558390689E0));
#3598=CARTESIAN_POINT('',(7.834850699581E0,8.444126198623E0,-9.022212364026E0));
#3599=CARTESIAN_POINT('',(7.920571854896E0,8.473127634255E0,-9.001405426598E0));
#3600=CARTESIAN_POINT('',(7.977470767193E0,8.492377843104E0,-8.999071137047E0));
#3601=CARTESIAN_POINT('',(8.006598323111E0,8.502232364254E0,-9.000652026366E0));
#3602=CARTESIAN_POINT('',(7.563696941330E0,8.239885718443E0,-9.425493743328E0));
#3603=CARTESIAN_POINT('',(7.567194930876E0,8.241971142828E0,-9.395018366752E0));
#3604=CARTESIAN_POINT('',(7.578665870921E0,8.248809864833E0,-9.336632995628E0));
#3605=CARTESIAN_POINT('',(7.610723892142E0,8.267922151563E0,-9.251948209741E0));
#3606=CARTESIAN_POINT('',(7.654927117548E0,8.294275141739E0,-9.176520188044E0));
#3607=CARTESIAN_POINT('',(7.711548379294E0,8.328031491888E0,-9.110788050568E0));
#3608=CARTESIAN_POINT('',(7.777875328340E0,8.367574159207E0,-9.058558390689E0));
#3609=CARTESIAN_POINT('',(7.850170999753E0,8.410675247443E0,-9.022212364026E0));
#3610=CARTESIAN_POINT('',(7.927940115142E0,8.457039482520E0,-9.001405426598E0));
#3611=CARTESIAN_POINT('',(7.979560722212E0,8.487814552404E0,-8.999071137047E0));
#3612=CARTESIAN_POINT('',(8.005986220665E0,8.503568853017E0,-9.000652026366E0));
#3613=CARTESIAN_POINT('',(7.629648751836E0,8.152215354866E0,-9.425493743328E0));
#3614=CARTESIAN_POINT('',(7.632617983356E0,8.155003662279E0,-9.395018366752E0));
#3615=CARTESIAN_POINT('',(7.642354969789E0,8.164147345169E0,-9.336632995628E0));
#3616=CARTESIAN_POINT('',(7.669567082878E0,8.189701343274E0,-9.251948209741E0));
#3617=CARTESIAN_POINT('',(7.707088524400E0,8.224936491770E0,-9.176520188044E0));
#3618=CARTESIAN_POINT('',(7.755150885054E0,8.270070269845E0,-9.110788050568E0));
#3619=CARTESIAN_POINT('',(7.811451815973E0,8.322940617596E0,-9.058558390689E0));
#3620=CARTESIAN_POINT('',(7.872819233902E0,8.380568736234E0,-9.022212364026E0));
#3621=CARTESIAN_POINT('',(7.938832727002E0,8.442559830867E0,-9.001405426598E0));
#3622=CARTESIAN_POINT('',(7.982650334692E0,8.483707501400E0,-8.999071137047E0));
#3623=CARTESIAN_POINT('',(8.005081340255E0,8.504771719080E0,-9.000652026366E0));
#3624=CARTESIAN_POINT('',(7.712999104867E0,8.080890802638E0,-9.425493743328E0));
#3625=CARTESIAN_POINT('',(7.715300088350E0,8.084250943168E0,-9.395018366752E0));
#3626=CARTESIAN_POINT('',(7.722845692248E0,8.095269835608E0,-9.336632995628E0));
#3627=CARTESIAN_POINT('',(7.743933513211E0,8.126064512098E0,-9.251948209741E0));
#3628=CARTESIAN_POINT('',(7.773010470173E0,8.168525773720E0,-9.176520188044E0));
#3629=CARTESIAN_POINT('',(7.810256032590E0,8.222915700842E0,-9.110788050568E0));
#3630=CARTESIAN_POINT('',(7.853886012645E0,8.286628832862E0,-9.058558390689E0));
#3631=CARTESIAN_POINT('',(7.901442228439E0,8.356075471424E0,-9.022212364026E0));
#3632=CARTESIAN_POINT('',(7.952598885004E0,8.430779856102E0,-9.001405426598E0));
#3633=CARTESIAN_POINT('',(7.986555008258E0,8.480366194693E0,-8.999071137047E0));
#3634=CARTESIAN_POINT('',(8.003937746150E0,8.505750315264E0,-9.000652026366E0));
#3635=CARTESIAN_POINT('',(7.807437389759E0,8.030248276553E0,-9.425493743328E0));
#3636=CARTESIAN_POINT('',(7.808981229492E0,8.034014435384E0,-9.395018366752E0));
#3637=CARTESIAN_POINT('',(7.814043935592E0,8.046364781659E0,-9.336632995628E0));
#3638=CARTESIAN_POINT('',(7.828192762017E0,8.080880493663E0,-9.251948209741E0));
#3639=CARTESIAN_POINT('',(7.847701881415E0,8.128472507754E0,-9.176520188044E0));
#3640=CARTESIAN_POINT('',(7.872691708417E0,8.189434572448E0,-9.110788050568E0));
#3641=CARTESIAN_POINT('',(7.901965146189E0,8.260846399631E0,-9.058558390689E0));
#3642=CARTESIAN_POINT('',(7.933872883070E0,8.338684534316E0,-9.022212364026E0));
#3643=CARTESIAN_POINT('',(7.968196327653E0,8.422415728172E0,-9.001405426598E0));
#3644=CARTESIAN_POINT('',(7.990979112788E0,8.477993768835E0,-8.999071137047E0));
#3645=CARTESIAN_POINT('',(8.002642021993E0,8.506445147285E0,-9.000652026366E0));
#3646=CARTESIAN_POINT('',(7.889239136492E0,8.006324596840E0,-9.425493743328E0));
#3647=CARTESIAN_POINT('',(7.890127143888E0,8.010282559923E0,-9.395018366752E0));
#3648=CARTESIAN_POINT('',(7.893039182205E0,8.023261888943E0,-9.336632995628E0));
#3649=CARTESIAN_POINT('',(7.901177502673E0,8.059535429173E0,-9.251948209741E0));
#3650=CARTESIAN_POINT('',(7.912399031650E0,8.109551225968E0,-9.176520188044E0));
#3651=CARTESIAN_POINT('',(7.926773030913E0,8.173617987968E0,-9.110788050568E0));
#3652=CARTESIAN_POINT('',(7.943610937511E0,8.248666701608E0,-9.058558390689E0));
#3653=CARTESIAN_POINT('',(7.961964077226E0,8.330469003982E0,-9.022212364026E0));
#3654=CARTESIAN_POINT('',(7.981706717584E0,8.418464489299E0,-9.001405426598E0));
#3655=CARTESIAN_POINT('',(7.994811239545E0,8.476873027813E0,-8.999071137047E0));
#3656=CARTESIAN_POINT('',(8.001519675274E0,8.506773387996E0,-9.000652026366E0));
#3657=CARTESIAN_POINT('',(7.953540735806E0,7.997326981542E0,-9.425493743328E0));
#3658=CARTESIAN_POINT('',(7.953913215478E0,8.001357081557E0,-9.395018366752E0));
#3659=CARTESIAN_POINT('',(7.955134686251E0,8.014572968867E0,-9.336632995628E0));
#3660=CARTESIAN_POINT('',(7.958548350326E0,8.051507622369E0,-9.251948209741E0));
#3661=CARTESIAN_POINT('',(7.963255283469E0,8.102434995667E0,-9.176520188044E0));
#3662=CARTESIAN_POINT('',(7.969284537920E0,8.167669423859E0,-9.110788050568E0));
#3663=CARTESIAN_POINT('',(7.976347292095E0,8.244085958237E0,-9.058558390689E0));
#3664=CARTESIAN_POINT('',(7.984045619282E0,8.327379170716E0,-9.022212364026E0));
#3665=CARTESIAN_POINT('',(7.992326780292E0,8.416978441679E0,-9.001405426598E0));
#3666=CARTESIAN_POINT('',(7.997823545382E0,8.476451520893E0,-8.999071137047E0));
#3667=CARTESIAN_POINT('',(8.000637436300E0,8.506896838220E0,-9.000652026366E0));
#3668=CARTESIAN_POINT('',(8.000000646755E0,7.995230476818E0,-9.425493743328E0));
#3669=CARTESIAN_POINT('',(8.000000641571E0,7.999277385224E0,-9.395018366752E0));
#3670=CARTESIAN_POINT('',(8.000000624566E0,8.012548392202E0,-9.336632995628E0));
#3671=CARTESIAN_POINT('',(8.000000577045E0,8.049637089530E0,-9.251948209741E0));
#3672=CARTESIAN_POINT('',(8.000000511520E0,8.100776866270E0,-9.176520188044E0));
#3673=CARTESIAN_POINT('',(8.000000427587E0,8.166283368517E0,-9.110788050568E0));
#3674=CARTESIAN_POINT('',(8.000000329267E0,8.243018614303E0,-9.058558390689E0));
#3675=CARTESIAN_POINT('',(8.000000222100E0,8.326659218837E0,-9.022212364026E0));
#3676=CARTESIAN_POINT('',(8.000000106818E0,8.416632182615E0,-9.001405426598E0));
#3677=CARTESIAN_POINT('',(8.000000030299E0,8.476353306953E0,-8.999071137047E0));
#3678=CARTESIAN_POINT('',(7.999999991126E0,8.506925602951E0,-9.000652026366E0));
#3679=CARTESIAN_POINT('',(8.046460552334E0,7.997327100598E0,-9.425493743328E0));
#3680=CARTESIAN_POINT('',(8.046088062334E0,8.001357199660E0,-9.395018366752E0));
#3681=CARTESIAN_POINT('',(8.044866557695E0,8.014573083841E0,-9.336632995628E0));
#3682=CARTESIAN_POINT('',(8.041452798971E0,8.051507728593E0,-9.251948209741E0));
#3683=CARTESIAN_POINT('',(8.036745735322E0,8.102435089830E0,-9.176520188044E0));
#3684=CARTESIAN_POINT('',(8.030716313703E0,8.167669502571E0,-9.110788050568E0));
#3685=CARTESIAN_POINT('',(8.023653363705E0,8.244086018850E0,-9.058558390689E0));
#3686=CARTESIAN_POINT('',(8.015954823073E0,8.327379211601E0,-9.022212364026E0));
#3687=CARTESIAN_POINT('',(8.007673432457E0,8.416978461342E0,-9.001405426598E0));
#3688=CARTESIAN_POINT('',(8.002176514963E0,8.476451526470E0,-8.999071137047E0));
#3689=CARTESIAN_POINT('',(7.999362546026E0,8.506896836587E0,-9.000652026366E0));
#3690=CARTESIAN_POINT('',(8.110762128590E0,8.006324880674E0,-9.425493743328E0));
#3691=CARTESIAN_POINT('',(8.109874111052E0,8.010282841483E0,-9.395018366752E0));
#3692=CARTESIAN_POINT('',(8.106962039475E0,8.023262163040E0,-9.336632995628E0));
#3693=CARTESIAN_POINT('',(8.098823626052E0,8.059535682415E0,-9.251948209741E0));
#3694=CARTESIAN_POINT('',(8.087601968905E0,8.109551450453E0,-9.176520188044E0));
#3695=CARTESIAN_POINT('',(8.073227805466E0,8.173618175619E0,-9.110788050568E0));
#3696=CARTESIAN_POINT('',(8.056389706550E0,8.248666846111E0,-9.058558390689E0));
#3697=CARTESIAN_POINT('',(8.038036357211E0,8.330469101453E0,-9.022212364026E0));
#3698=CARTESIAN_POINT('',(8.018293491357E0,8.418464536178E0,-9.001405426598E0));
#3699=CARTESIAN_POINT('',(8.005188819720E0,8.476873041111E0,-8.999071137047E0));
#3700=CARTESIAN_POINT('',(7.998480307369E0,8.506773384102E0,-9.000652026366E0));
#3701=CARTESIAN_POINT('',(8.192563814017E0,8.030248770011E0,-9.425493743328E0));
#3702=CARTESIAN_POINT('',(8.191019964633E0,8.034014924887E0,-9.395018366752E0));
#3703=CARTESIAN_POINT('',(8.185957226884E0,8.046365258188E0,-9.336632995628E0));
#3704=CARTESIAN_POINT('',(8.171808312010E0,8.080880933934E0,-9.251948209741E0));
#3705=CARTESIAN_POINT('',(8.152299070654E0,8.128472898031E0,-9.176520188044E0));
#3706=CARTESIAN_POINT('',(8.127309087431E0,8.189434898687E0,-9.110788050568E0));
#3707=CARTESIAN_POINT('',(8.098035466660E0,8.260846650854E0,-9.058558390689E0));
#3708=CARTESIAN_POINT('',(8.066127530313E0,8.338684703773E0,-9.022212364026E0));
#3709=CARTESIAN_POINT('',(8.031803871162E0,8.422415809672E0,-9.001405426598E0));
#3710=CARTESIAN_POINT('',(8.009020943605E0,8.477993791951E0,-8.999071137047E0));
#3711=CARTESIAN_POINT('',(7.997357961491E0,8.506445140515E0,-9.000652026366E0));
#3712=CARTESIAN_POINT('',(8.287001969132E0,8.080891538101E0,-9.425493743328E0));
#3713=CARTESIAN_POINT('',(8.284700977041E0,8.084251672735E0,-9.395018366752E0));
#3714=CARTESIAN_POINT('',(8.277155344904E0,8.095270545839E0,-9.336632995628E0));
#3715=CARTESIAN_POINT('',(8.256067445027E0,8.126065168290E0,-9.251948209741E0));
#3716=CARTESIAN_POINT('',(8.226990379255E0,8.168526355400E0,-9.176520188044E0));
#3717=CARTESIAN_POINT('',(8.189744677460E0,8.222916187077E0,-9.110788050568E0));
#3718=CARTESIAN_POINT('',(8.146114534135E0,8.286629207292E0,-9.058558390689E0));
#3719=CARTESIAN_POINT('',(8.098558140378E0,8.356075723987E0,-9.022212364026E0));
#3720=CARTESIAN_POINT('',(8.047401292379E0,8.430779977571E0,-9.001405426598E0));
#3721=CARTESIAN_POINT('',(8.013445042056E0,8.480366229147E0,-8.999071137047E0));
#3722=CARTESIAN_POINT('',(7.996062239115E0,8.505750305173E0,-9.000652026366E0));
#3723=CARTESIAN_POINT('',(8.370352139388E0,8.152216303921E0,-9.425493743328E0));
#3724=CARTESIAN_POINT('',(8.367382900723E0,8.155004603725E0,-9.395018366752E0));
#3725=CARTESIAN_POINT('',(8.357645890858E0,8.164148261665E0,-9.336632995628E0));
#3726=CARTESIAN_POINT('',(8.330433712286E0,8.189702190036E0,-9.251948209741E0));
#3727=CARTESIAN_POINT('',(8.292912180471E0,8.224937242380E0,-9.176520188044E0));
#3728=CARTESIAN_POINT('',(8.244849704158E0,8.270070897291E0,-9.110788050568E0));
#3729=CARTESIAN_POINT('',(8.188548637755E0,8.322941100766E0,-9.058558390689E0));
#3730=CARTESIAN_POINT('',(8.127181072150E0,8.380569062146E0,-9.022212364026E0));
#3731=CARTESIAN_POINT('',(8.061167420193E0,8.442559987612E0,-9.001405426598E0));
#3732=CARTESIAN_POINT('',(8.017349707057E0,8.483707545860E0,-8.999071137047E0));
#3733=CARTESIAN_POINT('',(7.994918647518E0,8.504771706058E0,-9.000652026366E0));
#3734=CARTESIAN_POINT('',(8.436303725232E0,8.239886836504E0,-9.425493743328E0));
#3735=CARTESIAN_POINT('',(8.432805730342E0,8.241972251926E0,-9.395018366752E0));
#3736=CARTESIAN_POINT('',(8.421334772774E0,8.248810944536E0,-9.336632995628E0));
#3737=CARTESIAN_POINT('',(8.389276702575E0,8.267923149114E0,-9.251948209741E0));
#3738=CARTESIAN_POINT('',(8.345073409638E0,8.294276026016E0,-9.176520188044E0));
#3739=CARTESIAN_POINT('',(8.288452061388E0,8.328032231069E0,-9.110788050568E0));
#3740=CARTESIAN_POINT('',(8.222125011011E0,8.367574728419E0,-9.058558390689E0));
#3741=CARTESIAN_POINT('',(8.149829229148E0,8.410675631392E0,-9.022212364026E0));
#3742=CARTESIAN_POINT('',(8.072059994947E0,8.457039667179E0,-9.001405426598E0));
#3743=CARTESIAN_POINT('',(8.020439309014E0,8.487814604781E0,-8.999071137047E0));
#3744=CARTESIAN_POINT('',(7.994013770189E0,8.503568837677E0,-9.000652026366E0));
#3745=CARTESIAN_POINT('',(8.480916292983E0,8.337296346148E0,-9.425493743328E0));
#3746=CARTESIAN_POINT('',(8.477060624012E0,8.338600796504E0,-9.395018366752E0));
#3747=CARTESIAN_POINT('',(8.464416747574E0,8.342878474191E0,-9.336632995628E0));
#3748=CARTESIAN_POINT('',(8.429080702090E0,8.354833369038E0,-9.251948209741E0));
#3749=CARTESIAN_POINT('',(8.380357570593E0,8.371317384317E0,-9.176520188044E0));
#3750=CARTESIAN_POINT('',(8.317946623061E0,8.392432263044E0,-9.110788050568E0));
#3751=CARTESIAN_POINT('',(8.244837553972E0,8.417166531448E0,-9.058558390689E0));
#3752=CARTESIAN_POINT('',(8.165149443600E0,8.444126621832E0,-9.022212364026E0));
#3753=CARTESIAN_POINT('',(8.079428213966E0,8.473127837796E0,-9.001405426598E0));
#3754=CARTESIAN_POINT('',(8.022529252339E0,8.492377900838E0,-8.999071137047E0));
#3755=CARTESIAN_POINT('',(7.993401671168E0,8.502232347346E0,-9.000652026366E0));
#3756=CARTESIAN_POINT('',(8.535365856695E0,8.579084416067E0,-9.425493743328E0));
#3757=CARTESIAN_POINT('',(8.531073647111E0,8.578450369489E0,-9.395018366752E0));
#3758=CARTESIAN_POINT('',(8.516998225173E0,8.576371143647E0,-9.336632995630E0));
#3759=CARTESIAN_POINT('',(8.477661416377E0,8.570560297634E0,-9.251948209741E0));
#3760=CARTESIAN_POINT('',(8.423421829540E0,8.562548008471E0,-9.176520188044E0));
#3761=CARTESIAN_POINT('',(8.353944685846E0,8.552284822518E0,-9.110788050568E0));
#3762=CARTESIAN_POINT('',(8.272558174355E0,8.540262380937E0,-9.058558390689E0));
#3763=CARTESIAN_POINT('',(8.183847739504E0,8.527158047047E0,-9.022212364026E0));
#3764=CARTESIAN_POINT('',(8.088421112856E0,8.513061595152E0,-9.001405426598E0));
#3765=CARTESIAN_POINT('',(8.025080024644E0,8.503704829285E0,-8.999071137047E0));
#3766=CARTESIAN_POINT('',(7.992654605344E0,8.498914935945E0,-9.000652026366E0));
#3767=CARTESIAN_POINT('',(8.450908436662E0,8.761799570068E0,-9.425493743328E0));
#3768=CARTESIAN_POINT('',(8.447293350855E0,8.759700634155E0,-9.395018366752E0));
#3769=CARTESIAN_POINT('',(8.435438417592E0,8.752817603854E0,-9.336632995628E0));
#3770=CARTESIAN_POINT('',(8.402307244327E0,8.733581488026E0,-9.251948209741E0));
#3771=CARTESIAN_POINT('',(8.356624302468E0,8.707057756005E0,-9.176520188044E0));
#3772=CARTESIAN_POINT('',(8.298107626710E0,8.673082697421E0,-9.110788050568E0));
#3773=CARTESIAN_POINT('',(8.229560362810E0,8.633283831932E0,-9.058558390689E0));
#3774=CARTESIAN_POINT('',(8.154844571741E0,8.589903490407E0,-9.022212364026E0));
#3775=CARTESIAN_POINT('',(8.074472111484E0,8.543238860009E0,-9.001405426598E0));
#3776=CARTESIAN_POINT('',(8.021123488849E0,8.512264397486E0,-8.999071137047E0));
#3777=CARTESIAN_POINT('',(7.993813388771E0,8.496408024275E0,-9.000652026366E0));
#3778=CARTESIAN_POINT('',(8.378781030304E0,8.787331460938E0,-9.425493743328E0));
#3779=CARTESIAN_POINT('',(8.375744214341E0,8.785027827202E0,-9.395018366752E0));
#3780=CARTESIAN_POINT('',(8.365785598655E0,8.777473532337E0,-9.336632995632E0));
#3781=CARTESIAN_POINT('',(8.337954094702E0,8.756361422543E0,-9.251948209741E0));
#3782=CARTESIAN_POINT('',(8.299578605615E0,8.727250974957E0,-9.176520188044E0));
#3783=CARTESIAN_POINT('',(8.250422269348E0,8.689962513299E0,-9.110788050568E0));
#3784=CARTESIAN_POINT('',(8.192839839888E0,8.646282280509E0,-9.058558390689E0));
#3785=CARTESIAN_POINT('',(8.130075602135E0,8.598671289767E0,-9.022212364026E0));
#3786=CARTESIAN_POINT('',(8.062559537230E0,8.547455711299E0,-9.001405426598E0));
#3787=CARTESIAN_POINT('',(8.017744571199E0,8.513460477613E0,-8.999071137047E0));
#3788=CARTESIAN_POINT('',(7.994803000378E0,8.496057718382E0,-9.000652026366E0));
#3789=B_SPLINE_SURFACE_WITH_KNOTS('',3,3,((#3558,#3559,#3560,#3561,#3562,#3563,
#3564,#3565,#3566,#3567,#3568),(#3569,#3570,#3571,#3572,#3573,#3574,#3575,#3576,
#3577,#3578,#3579),(#3580,#3581,#3582,#3583,#3584,#3585,#3586,#3587,#3588,#3589,
#3590),(#3591,#3592,#3593,#3594,#3595,#3596,#3597,#3598,#3599,#3600,#3601),(
#3602,#3603,#3604,#3605,#3606,#3607,#3608,#3609,#3610,#3611,#3612),(#3613,#3614,
#3615,#3616,#3617,#3618,#3619,#3620,#3621,#3622,#3623),(#3624,#3625,#3626,#3627,
#3628,#3629,#3630,#3631,#3632,#3633,#3634),(#3635,#3636,#3637,#3638,#3639,#3640,
#3641,#3642,#3643,#3644,#3645),(#3646,#3647,#3648,#3649,#3650,#3651,#3652,#3653,
#3654,#3655,#3656),(#3657,#3658,#3659,#3660,#3661,#3662,#3663,#3664,#3665,#3666,
#3667),(#3668,#3669,#3670,#3671,#3672,#3673,#3674,#3675,#3676,#3677,#3678),(
#3679,#3680,#3681,#3682,#3683,#3684,#3685,#3686,#3687,#3688,#3689),(#3690,#3691,
#3692,#3693,#3694,#3695,#3696,#3697,#3698,#3699,#3700),(#3701,#3702,#3703,#3704,
#3705,#3706,#3707,#3708,#3709,#3710,#3711),(#3712,#3713,#3714,#3715,#3716,#3717,
#3718,#3719,#3720,#3721,#3722),(#3723,#3724,#3725,#3726,#3727,#3728,#3729,#3730,
#3731,#3732,#3733),(#3734,#3735,#3736,#3737,#3738,#3739,#3740,#3741,#3742,#3743,
#3744),(#3745,#3746,#3747,#3748,#3749,#3750,#3751,#3752,#3753,#3754,#3755),(
#3756,#3757,#3758,#3759,#3760,#3761,#3762,#3763,#3764,#3765,#3766),(#3767,#3768,
#3769,#3770,#3771,#3772,#3773,#3774,#3775,#3776,#3777),(#3778,#3779,#3780,#3781,
#3782,#3783,#3784,#3785,#3786,#3787,#3788)),.UNSPECIFIED.,.F.,.F.,.F.,(4,1,1,1,
1,1,1,1,1,1,1,1,1,1,1,1,1,1,4),(4,1,1,1,1,1,1,1,4),(-5.330329617750E-1,1.25E-1,
2.5E-1,3.75E-1,5.E-1,6.25E-1,7.5E-1,8.75E-1,9.375E-1,1.E0,1.0625E0,1.125E0,
1.25E0,1.375E0,1.5E0,1.625E0,1.75E0,1.875E0,2.533027400990E0),(
-1.901203580835E-2,1.25E-1,2.5E-1,3.75E-1,5.E-1,6.25E-1,7.5E-1,8.75E-1,
1.018143681139E0),.UNSPECIFIED.);
#3791=ORIENTED_EDGE('',*,*,#3790,.F.);
#3793=ORIENTED_EDGE('',*,*,#3792,.F.);
#3794=ORIENTED_EDGE('',*,*,#1878,.F.);
#3796=ORIENTED_EDGE('',*,*,#3795,.T.);
#3797=EDGE_LOOP('',(#3791,#3793,#3794,#3796));
#3798=FACE_OUTER_BOUND('',#3797,.F.);
#3800=CARTESIAN_POINT('',(0.E0,0.E0,-9.E0));
#3801=DIRECTION('',(0.E0,0.E0,1.E0));
#3802=DIRECTION('',(1.E0,0.E0,0.E0));
#3803=AXIS2_PLACEMENT_3D('',#3800,#3801,#3802);
#3804=PLANE('',#3803);
#3805=ORIENTED_EDGE('',*,*,#3790,.T.);
#3807=ORIENTED_EDGE('',*,*,#3806,.T.);
#3808=EDGE_LOOP('',(#3805,#3807));
#3809=FACE_OUTER_BOUND('',#3808,.F.);
#3811=CARTESIAN_POINT('',(8.378779938039E0,8.212668862443E0,-9.425493743329E0));
#3812=CARTESIAN_POINT('',(8.375743130840E0,8.214972493588E0,-9.395018366753E0));
#3813=CARTESIAN_POINT('',(8.365784543872E0,8.222526779966E0,-9.336632995632E0));
#3814=CARTESIAN_POINT('',(8.337953120153E0,8.243638865988E0,-9.251948209741E0));
#3815=CARTESIAN_POINT('',(8.299577741763E0,8.272749280855E0,-9.176520188044E0));
#3816=CARTESIAN_POINT('',(8.250421547249E0,8.310037700491E0,-9.110788050568E0));
#3817=CARTESIAN_POINT('',(8.192839283843E0,8.353717884119E0,-9.058558390689E0));
#3818=CARTESIAN_POINT('',(8.130075227098E0,8.401328821268E0,-9.022212364026E0));
#3819=CARTESIAN_POINT('',(8.062559356803E0,8.452544342105E0,-9.001405426598E0));
#3820=CARTESIAN_POINT('',(8.017744520046E0,8.486539537559E0,-8.999071137047E0));
#3821=CARTESIAN_POINT('',(7.994803015370E0,8.503942277192E0,-9.000652026366E0));
#3822=CARTESIAN_POINT('',(8.450907907971E0,8.238198990262E0,-9.425493743329E0));
#3823=CARTESIAN_POINT('',(8.447292826397E0,8.240297937720E0,-9.395018366753E0));
#3824=CARTESIAN_POINT('',(8.435437907037E0,8.247181005871E0,-9.336632995628E0));
#3825=CARTESIAN_POINT('',(8.402306772622E0,8.266417227483E0,-9.251948209741E0));
#3826=CARTESIAN_POINT('',(8.356623884319E0,8.292941105353E0,-9.176520188044E0));
#3827=CARTESIAN_POINT('',(8.298107277175E0,8.326916350779E0,-9.110788050568E0));
#3828=CARTESIAN_POINT('',(8.229560093646E0,8.366715435129E0,-9.058558390689E0));
#3829=CARTESIAN_POINT('',(8.154844390179E0,8.410096015210E0,-9.022212364026E0));
#3830=CARTESIAN_POINT('',(8.074472024168E0,8.456760902215E0,-9.001405426598E0));
#3831=CARTESIAN_POINT('',(8.021123464082E0,8.487735535067E0,-8.999071137047E0));
#3832=CARTESIAN_POINT('',(7.993813396024E0,8.503591995479E0,-9.000652026366E0));
#3833=CARTESIAN_POINT('',(8.535366392808E0,8.420915475136E0,-9.425493743329E0));
#3834=CARTESIAN_POINT('',(8.531074178926E0,8.421549522585E0,-9.395018366752E0));
#3835=CARTESIAN_POINT('',(8.516998742891E0,8.423628751288E0,-9.336632995631E0));
#3836=CARTESIAN_POINT('',(8.477661894705E0,8.429439605294E0,-9.251948209741E0));
#3837=CARTESIAN_POINT('',(8.423422253554E0,8.437451905483E0,-9.176520188044E0));
#3838=CARTESIAN_POINT('',(8.353945040284E0,8.447715105552E0,-9.110788050568E0));
#3839=CARTESIAN_POINT('',(8.272558447294E0,8.459737563673E0,-9.058558390689E0));
#3840=CARTESIAN_POINT('',(8.183847923608E0,8.472841915590E0,-9.022212364026E0));
#3841=CARTESIAN_POINT('',(8.088421201399E0,8.486938386880E0,-9.001405426598E0));
#3842=CARTESIAN_POINT('',(8.025080049758E0,8.496295165618E0,-8.999071137047E0));
#3843=CARTESIAN_POINT('',(7.992654597989E0,8.501085065547E0,-9.000652026366E0));
#3844=CARTESIAN_POINT('',(8.480915876041E0,8.662704886237E0,-9.425493743329E0));
#3845=CARTESIAN_POINT('',(8.477060210412E0,8.661400426E0,-9.395018366753E0));
#3846=CARTESIAN_POINT('',(8.464416344936E0,8.657122715914E0,-9.336632995629E0));
#3847=CARTESIAN_POINT('',(8.429080330087E0,8.645167730515E0,-9.251948209741E0));
#3848=CARTESIAN_POINT('',(8.380357240832E0,8.628683590379E0,-9.176520188044E0));
#3849=CARTESIAN_POINT('',(8.317946347409E0,8.607568551719E0,-9.110788050568E0));
#3850=CARTESIAN_POINT('',(8.244837341703E0,8.582834095968E0,-9.058558390689E0));
#3851=CARTESIAN_POINT('',(8.165149300419E0,8.555873801377E0,-9.022212364026E0));
#3852=CARTESIAN_POINT('',(8.079428145104E0,8.526872365745E0,-9.001405426598E0));
#3853=CARTESIAN_POINT('',(8.022529232807E0,8.507622156896E0,-8.999071137047E0));
#3854=CARTESIAN_POINT('',(7.993401676889E0,8.497767635746E0,-9.000652026366E0));
#3855=CARTESIAN_POINT('',(8.436303058670E0,8.760114281557E0,-9.425493743329E0));
#3856=CARTESIAN_POINT('',(8.432805069124E0,8.758028857172E0,-9.395018366753E0));
#3857=CARTESIAN_POINT('',(8.421334129079E0,8.751190135167E0,-9.336632995629E0));
#3858=CARTESIAN_POINT('',(8.389276107858E0,8.732077848437E0,-9.251948209741E0));
#3859=CARTESIAN_POINT('',(8.345072882452E0,8.705724858261E0,-9.176520188044E0));
#3860=CARTESIAN_POINT('',(8.288451620706E0,8.671968508112E0,-9.110788050568E0));
#3861=CARTESIAN_POINT('',(8.222124671660E0,8.632425840793E0,-9.058558390689E0));
#3862=CARTESIAN_POINT('',(8.149829000247E0,8.589324752557E0,-9.022212364026E0));
#3863=CARTESIAN_POINT('',(8.072059884858E0,8.542960517480E0,-9.001405426598E0));
#3864=CARTESIAN_POINT('',(8.020439277788E0,8.512185447596E0,-8.999071137047E0));
#3865=CARTESIAN_POINT('',(7.994013779335E0,8.496431146983E0,-9.000652026366E0));
#3866=CARTESIAN_POINT('',(8.370351248164E0,8.847784645134E0,-9.425493743329E0));
#3867=CARTESIAN_POINT('',(8.367382016644E0,8.844996337721E0,-9.395018366753E0));
#3868=CARTESIAN_POINT('',(8.357645030211E0,8.835852654831E0,-9.336632995629E0));
#3869=CARTESIAN_POINT('',(8.330432917122E0,8.810298656726E0,-9.251948209741E0));
#3870=CARTESIAN_POINT('',(8.292911475600E0,8.775063508230E0,-9.176520188044E0));
#3871=CARTESIAN_POINT('',(8.244849114946E0,8.729929730155E0,-9.110788050568E0));
#3872=CARTESIAN_POINT('',(8.188548184027E0,8.677059382404E0,-9.058558390689E0));
#3873=CARTESIAN_POINT('',(8.127180766098E0,8.619431263766E0,-9.022212364026E0));
#3874=CARTESIAN_POINT('',(8.061167272998E0,8.557440169133E0,-9.001405426598E0));
#3875=CARTESIAN_POINT('',(8.017349665308E0,8.516292498600E0,-8.999071137047E0));
#3876=CARTESIAN_POINT('',(7.994918659745E0,8.495228280920E0,-9.000652026366E0));
#3877=CARTESIAN_POINT('',(8.287000895133E0,8.919109197363E0,-9.425493743329E0));
#3878=CARTESIAN_POINT('',(8.284699911650E0,8.915749056832E0,-9.395018366753E0));
#3879=CARTESIAN_POINT('',(8.277154307752E0,8.904730164392E0,-9.336632995629E0));
#3880=CARTESIAN_POINT('',(8.256066486789E0,8.873935487902E0,-9.251948209741E0));
#3881=CARTESIAN_POINT('',(8.226989529827E0,8.831474226280E0,-9.176520188044E0));
#3882=CARTESIAN_POINT('',(8.189743967410E0,8.777084299158E0,-9.110788050568E0));
#3883=CARTESIAN_POINT('',(8.146113987355E0,8.713371167138E0,-9.058558390689E0));
#3884=CARTESIAN_POINT('',(8.098557771561E0,8.643924528576E0,-9.022212364026E0));
#3885=CARTESIAN_POINT('',(8.047401114996E0,8.569220143898E0,-9.001405426598E0));
#3886=CARTESIAN_POINT('',(8.013444991742E0,8.519633805307E0,-8.999071137047E0));
#3887=CARTESIAN_POINT('',(7.996062253850E0,8.494249684736E0,-9.000652026366E0));
#3888=CARTESIAN_POINT('',(8.192562610241E0,8.969751723447E0,-9.425493743329E0));
#3889=CARTESIAN_POINT('',(8.191018770508E0,8.965985564616E0,-9.395018366753E0));
#3890=CARTESIAN_POINT('',(8.185956064408E0,8.953635218341E0,-9.336632995629E0));
#3891=CARTESIAN_POINT('',(8.171807237983E0,8.919119506337E0,-9.251948209741E0));
#3892=CARTESIAN_POINT('',(8.152298118585E0,8.871527492246E0,-9.176520188044E0));
#3893=CARTESIAN_POINT('',(8.127308291583E0,8.810565427552E0,-9.110788050568E0));
#3894=CARTESIAN_POINT('',(8.098034853811E0,8.739153600369E0,-9.058558390689E0));
#3895=CARTESIAN_POINT('',(8.066127116930E0,8.661315465684E0,-9.022212364026E0));
#3896=CARTESIAN_POINT('',(8.031803672347E0,8.577584271828E0,-9.001405426598E0));
#3897=CARTESIAN_POINT('',(8.009020887212E0,8.522006231165E0,-8.999071137047E0));
#3898=CARTESIAN_POINT('',(7.997357978007E0,8.493554852715E0,-9.000652026366E0));
#3899=CARTESIAN_POINT('',(8.110760863508E0,8.993675403160E0,-9.425493743329E0));
#3900=CARTESIAN_POINT('',(8.109872856112E0,8.989717440077E0,-9.395018366753E0));
#3901=CARTESIAN_POINT('',(8.106960817795E0,8.976738111057E0,-9.336632995629E0));
#3902=CARTESIAN_POINT('',(8.098822497327E0,8.940464570827E0,-9.251948209741E0));
#3903=CARTESIAN_POINT('',(8.087600968350E0,8.890448774032E0,-9.176520188044E0));
#3904=CARTESIAN_POINT('',(8.073226969087E0,8.826382012032E0,-9.110788050568E0));
#3905=CARTESIAN_POINT('',(8.056389062489E0,8.751333298392E0,-9.058558390689E0));
#3906=CARTESIAN_POINT('',(8.038035922774E0,8.669530996018E0,-9.022212364026E0));
#3907=CARTESIAN_POINT('',(8.018293282416E0,8.581535510701E0,-9.001405426598E0));
#3908=CARTESIAN_POINT('',(8.005188760455E0,8.523126972187E0,-8.999071137047E0));
#3909=CARTESIAN_POINT('',(7.998480324726E0,8.493226612004E0,-9.000652026366E0));
#3910=CARTESIAN_POINT('',(8.046459264194E0,9.002673018458E0,-9.425493743329E0));
#3911=CARTESIAN_POINT('',(8.046086784522E0,8.998642918443E0,-9.395018366753E0));
#3912=CARTESIAN_POINT('',(8.044865313749E0,8.985427031133E0,-9.336632995629E0));
#3913=CARTESIAN_POINT('',(8.041451649674E0,8.948492377631E0,-9.251948209741E0));
#3914=CARTESIAN_POINT('',(8.036744716531E0,8.897565004333E0,-9.176520188044E0));
#3915=CARTESIAN_POINT('',(8.030715462080E0,8.832330576141E0,-9.110788050568E0));
#3916=CARTESIAN_POINT('',(8.023652707905E0,8.755914041763E0,-9.058558390689E0));
#3917=CARTESIAN_POINT('',(8.015954380718E0,8.672620829284E0,-9.022212364026E0));
#3918=CARTESIAN_POINT('',(8.007673219708E0,8.583021558321E0,-9.001405426598E0));
#3919=CARTESIAN_POINT('',(8.002176454618E0,8.523548479107E0,-8.999071137047E0));
#3920=CARTESIAN_POINT('',(7.999362563700E0,8.493103161780E0,-9.000652026366E0));
#3921=CARTESIAN_POINT('',(7.999999353245E0,9.004769523182E0,-9.425493743329E0));
#3922=CARTESIAN_POINT('',(7.999999358429E0,9.000722614776E0,-9.395018366753E0));
#3923=CARTESIAN_POINT('',(7.999999375434E0,8.987451607798E0,-9.336632995629E0));
#3924=CARTESIAN_POINT('',(7.999999422955E0,8.950362910470E0,-9.251948209741E0));
#3925=CARTESIAN_POINT('',(7.999999488480E0,8.899223133730E0,-9.176520188044E0));
#3926=CARTESIAN_POINT('',(7.999999572413E0,8.833716631483E0,-9.110788050568E0));
#3927=CARTESIAN_POINT('',(7.999999670733E0,8.756981385697E0,-9.058558390689E0));
#3928=CARTESIAN_POINT('',(7.999999777900E0,8.673340781163E0,-9.022212364026E0));
#3929=CARTESIAN_POINT('',(7.999999893182E0,8.583367817385E0,-9.001405426598E0));
#3930=CARTESIAN_POINT('',(7.999999969701E0,8.523646693047E0,-8.999071137047E0));
#3931=CARTESIAN_POINT('',(8.000000008874E0,8.493074397049E0,-9.000652026366E0));
#3932=CARTESIAN_POINT('',(7.953539447666E0,9.002672899402E0,-9.425493743329E0));
#3933=CARTESIAN_POINT('',(7.953911937666E0,8.998642800341E0,-9.395018366753E0));
#3934=CARTESIAN_POINT('',(7.955133442305E0,8.985426916160E0,-9.336632995629E0));
#3935=CARTESIAN_POINT('',(7.958547201029E0,8.948492271407E0,-9.251948209741E0));
#3936=CARTESIAN_POINT('',(7.963254264678E0,8.897564910170E0,-9.176520188044E0));
#3937=CARTESIAN_POINT('',(7.969283686297E0,8.832330497429E0,-9.110788050568E0));
#3938=CARTESIAN_POINT('',(7.976346636295E0,8.755913981150E0,-9.058558390689E0));
#3939=CARTESIAN_POINT('',(7.984045176927E0,8.672620788399E0,-9.022212364026E0));
#3940=CARTESIAN_POINT('',(7.992326567543E0,8.583021538658E0,-9.001405426598E0));
#3941=CARTESIAN_POINT('',(7.997823485037E0,8.523548473530E0,-8.999071137047E0));
#3942=CARTESIAN_POINT('',(8.000637453974E0,8.493103163413E0,-9.000652026366E0));
#3943=CARTESIAN_POINT('',(7.889237871410E0,8.993675119326E0,-9.425493743329E0));
#3944=CARTESIAN_POINT('',(7.890125888948E0,8.989717158517E0,-9.395018366753E0));
#3945=CARTESIAN_POINT('',(7.893037960525E0,8.976737836960E0,-9.336632995629E0));
#3946=CARTESIAN_POINT('',(7.901176373948E0,8.940464317585E0,-9.251948209741E0));
#3947=CARTESIAN_POINT('',(7.912398031095E0,8.890448549547E0,-9.176520188044E0));
#3948=CARTESIAN_POINT('',(7.926772194534E0,8.826381824381E0,-9.110788050568E0));
#3949=CARTESIAN_POINT('',(7.943610293450E0,8.751333153889E0,-9.058558390689E0));
#3950=CARTESIAN_POINT('',(7.961963642789E0,8.669530898547E0,-9.022212364026E0));
#3951=CARTESIAN_POINT('',(7.981706508643E0,8.581535463822E0,-9.001405426598E0));
#3952=CARTESIAN_POINT('',(7.994811180280E0,8.523126958889E0,-8.999071137047E0));
#3953=CARTESIAN_POINT('',(8.001519692631E0,8.493226615898E0,-9.000652026366E0));
#3954=CARTESIAN_POINT('',(7.807436185983E0,8.969751229989E0,-9.425493743329E0));
#3955=CARTESIAN_POINT('',(7.808980035367E0,8.965985075113E0,-9.395018366753E0));
#3956=CARTESIAN_POINT('',(7.814042773116E0,8.953634741812E0,-9.336632995629E0));
#3957=CARTESIAN_POINT('',(7.828191687990E0,8.919119066066E0,-9.251948209741E0));
#3958=CARTESIAN_POINT('',(7.847700929346E0,8.871527101969E0,-9.176520188044E0));
#3959=CARTESIAN_POINT('',(7.872690912569E0,8.810565101313E0,-9.110788050568E0));
#3960=CARTESIAN_POINT('',(7.901964533340E0,8.739153349146E0,-9.058558390689E0));
#3961=CARTESIAN_POINT('',(7.933872469687E0,8.661315296227E0,-9.022212364026E0));
#3962=CARTESIAN_POINT('',(7.968196128838E0,8.577584190328E0,-9.001405426598E0));
#3963=CARTESIAN_POINT('',(7.990979056395E0,8.522006208049E0,-8.999071137047E0));
#3964=CARTESIAN_POINT('',(8.002642038509E0,8.493554859485E0,-9.000652026366E0));
#3965=CARTESIAN_POINT('',(7.712998030868E0,8.919108461899E0,-9.425493743329E0));
#3966=CARTESIAN_POINT('',(7.715299022959E0,8.915748327265E0,-9.395018366753E0));
#3967=CARTESIAN_POINT('',(7.722844655096E0,8.904729454160E0,-9.336632995629E0));
#3968=CARTESIAN_POINT('',(7.743932554973E0,8.873934831710E0,-9.251948209741E0));
#3969=CARTESIAN_POINT('',(7.773009620745E0,8.831473644600E0,-9.176520188044E0));
#3970=CARTESIAN_POINT('',(7.810255322540E0,8.777083812923E0,-9.110788050568E0));
#3971=CARTESIAN_POINT('',(7.853885465865E0,8.713370792708E0,-9.058558390689E0));
#3972=CARTESIAN_POINT('',(7.901441859622E0,8.643924276013E0,-9.022212364026E0));
#3973=CARTESIAN_POINT('',(7.952598707621E0,8.569220022429E0,-9.001405426598E0));
#3974=CARTESIAN_POINT('',(7.986554957944E0,8.519633770853E0,-8.999071137047E0));
#3975=CARTESIAN_POINT('',(8.003937760885E0,8.494249694827E0,-9.000652026366E0));
#3976=CARTESIAN_POINT('',(7.629647860612E0,8.847783696079E0,-9.425493743329E0));
#3977=CARTESIAN_POINT('',(7.632617099277E0,8.844995396275E0,-9.395018366753E0));
#3978=CARTESIAN_POINT('',(7.642354109142E0,8.835851738335E0,-9.336632995629E0));
#3979=CARTESIAN_POINT('',(7.669566287714E0,8.810297809964E0,-9.251948209741E0));
#3980=CARTESIAN_POINT('',(7.707087819529E0,8.775062757620E0,-9.176520188044E0));
#3981=CARTESIAN_POINT('',(7.755150295842E0,8.729929102709E0,-9.110788050568E0));
#3982=CARTESIAN_POINT('',(7.811451362245E0,8.677058899234E0,-9.058558390689E0));
#3983=CARTESIAN_POINT('',(7.872818927850E0,8.619430937854E0,-9.022212364026E0));
#3984=CARTESIAN_POINT('',(7.938832579807E0,8.557440012388E0,-9.001405426598E0));
#3985=CARTESIAN_POINT('',(7.982650292942E0,8.516292454140E0,-8.999071137047E0));
#3986=CARTESIAN_POINT('',(8.005081352482E0,8.495228293942E0,-9.000652026366E0));
#3987=CARTESIAN_POINT('',(7.563696274768E0,8.760113163496E0,-9.425493743329E0));
#3988=CARTESIAN_POINT('',(7.567194269658E0,8.758027748074E0,-9.395018366753E0));
#3989=CARTESIAN_POINT('',(7.578665227226E0,8.751189055464E0,-9.336632995629E0));
#3990=CARTESIAN_POINT('',(7.610723297425E0,8.732076850886E0,-9.251948209741E0));
#3991=CARTESIAN_POINT('',(7.654926590362E0,8.705723973984E0,-9.176520188044E0));
#3992=CARTESIAN_POINT('',(7.711547938612E0,8.671967768931E0,-9.110788050568E0));
#3993=CARTESIAN_POINT('',(7.777874988989E0,8.632425271581E0,-9.058558390689E0));
#3994=CARTESIAN_POINT('',(7.850170770852E0,8.589324368608E0,-9.022212364026E0));
#3995=CARTESIAN_POINT('',(7.927940005053E0,8.542960332821E0,-9.001405426598E0));
#3996=CARTESIAN_POINT('',(7.979560690986E0,8.512185395219E0,-8.999071137047E0));
#3997=CARTESIAN_POINT('',(8.005986229811E0,8.496431162323E0,-9.000652026366E0));
#3998=CARTESIAN_POINT('',(7.519083707017E0,8.662703653852E0,-9.425493743329E0));
#3999=CARTESIAN_POINT('',(7.522939375988E0,8.661399203496E0,-9.395018366753E0));
#4000=CARTESIAN_POINT('',(7.535583252426E0,8.657121525809E0,-9.336632995629E0));
#4001=CARTESIAN_POINT('',(7.570919297910E0,8.645166630962E0,-9.251948209741E0));
#4002=CARTESIAN_POINT('',(7.619642429407E0,8.628682615683E0,-9.176520188044E0));
#4003=CARTESIAN_POINT('',(7.682053376939E0,8.607567736956E0,-9.110788050568E0));
#4004=CARTESIAN_POINT('',(7.755162446028E0,8.582833468552E0,-9.058558390689E0));
#4005=CARTESIAN_POINT('',(7.834850556400E0,8.555873378168E0,-9.022212364026E0));
#4006=CARTESIAN_POINT('',(7.920571786034E0,8.526872162204E0,-9.001405426598E0));
#4007=CARTESIAN_POINT('',(7.977470747661E0,8.507622099162E0,-8.999071137047E0));
#4008=CARTESIAN_POINT('',(8.006598328832E0,8.497767652654E0,-9.000652026366E0));
#4009=CARTESIAN_POINT('',(7.464634143291E0,8.420915583873E0,-9.425493743329E0));
#4010=CARTESIAN_POINT('',(7.468926352876E0,8.421549630450E0,-9.395018366753E0));
#4011=CARTESIAN_POINT('',(7.483001774814E0,8.423628856296E0,-9.336632995629E0));
#4012=CARTESIAN_POINT('',(7.522338583611E0,8.429439702312E0,-9.251948209741E0));
#4013=CARTESIAN_POINT('',(7.576578170449E0,8.437451991481E0,-9.176520188044E0));
#4014=CARTESIAN_POINT('',(7.646055314145E0,8.447715177442E0,-9.110788050568E0));
#4015=CARTESIAN_POINT('',(7.727441825638E0,8.459737619032E0,-9.058558390689E0));
#4016=CARTESIAN_POINT('',(7.816152260492E0,8.472841952932E0,-9.022212364026E0));
#4017=CARTESIAN_POINT('',(7.911578887142E0,8.486938404838E0,-9.001405426598E0));
#4018=CARTESIAN_POINT('',(7.974919975356E0,8.496295170712E0,-8.999071137047E0));
#4019=CARTESIAN_POINT('',(8.007345394656E0,8.501085064056E0,-9.000652026366E0));
#4020=CARTESIAN_POINT('',(7.549091563387E0,8.238200429825E0,-9.425493743329E0));
#4021=CARTESIAN_POINT('',(7.552706649194E0,8.240299365740E0,-9.395018366753E0));
#4022=CARTESIAN_POINT('',(7.564561582456E0,8.247182396038E0,-9.336632995629E0));
#4023=CARTESIAN_POINT('',(7.597692755717E0,8.266418511879E0,-9.251948209741E0));
#4024=CARTESIAN_POINT('',(7.643375697571E0,8.292942243911E0,-9.176520188044E0));
#4025=CARTESIAN_POINT('',(7.701892373323E0,8.326917302514E0,-9.110788050568E0));
#4026=CARTESIAN_POINT('',(7.770439637215E0,8.366716168014E0,-9.058558390689E0));
#4027=CARTESIAN_POINT('',(7.845155428276E0,8.410096509557E0,-9.022212364026E0));
#4028=CARTESIAN_POINT('',(7.925527888524E0,8.456761139973E0,-9.001405426598E0));
#4029=CARTESIAN_POINT('',(7.978876511154E0,8.487735602509E0,-8.999071137047E0));
#4030=CARTESIAN_POINT('',(8.006186611228E0,8.503591975726E0,-9.000652026366E0));
#4031=CARTESIAN_POINT('',(7.621218969771E0,8.212668539036E0,-9.425493743329E0));
#4032=CARTESIAN_POINT('',(7.624255785733E0,8.214972172771E0,-9.395018366753E0));
#4033=CARTESIAN_POINT('',(7.634214401417E0,8.222526467657E0,-9.336632995629E0));
#4034=CARTESIAN_POINT('',(7.662045905364E0,8.243638577434E0,-9.251948209741E0));
#4035=CARTESIAN_POINT('',(7.700421394445E0,8.272749025022E0,-9.176520188044E0));
#4036=CARTESIAN_POINT('',(7.749577730701E0,8.310037486639E0,-9.110788050568E0));
#4037=CARTESIAN_POINT('',(7.807160160150E0,8.353717719478E0,-9.058558390689E0));
#4038=CARTESIAN_POINT('',(7.869924397861E0,8.401328710224E0,-9.022212364026E0));
#4039=CARTESIAN_POINT('',(7.937440462783E0,8.452544288696E0,-9.001405426598E0));
#4040=CARTESIAN_POINT('',(7.982255428805E0,8.486539522386E0,-8.999071137047E0));
#4041=CARTESIAN_POINT('',(8.005196999621E0,8.503942281619E0,-9.000652026366E0));
#4042=B_SPLINE_SURFACE_WITH_KNOTS('',3,3,((#3811,#3812,#3813,#3814,#3815,#3816,
#3817,#3818,#3819,#3820,#3821),(#3822,#3823,#3824,#3825,#3826,#3827,#3828,#3829,
#3830,#3831,#3832),(#3833,#3834,#3835,#3836,#3837,#3838,#3839,#3840,#3841,#3842,
#3843),(#3844,#3845,#3846,#3847,#3848,#3849,#3850,#3851,#3852,#3853,#3854),(
#3855,#3856,#3857,#3858,#3859,#3860,#3861,#3862,#3863,#3864,#3865),(#3866,#3867,
#3868,#3869,#3870,#3871,#3872,#3873,#3874,#3875,#3876),(#3877,#3878,#3879,#3880,
#3881,#3882,#3883,#3884,#3885,#3886,#3887),(#3888,#3889,#3890,#3891,#3892,#3893,
#3894,#3895,#3896,#3897,#3898),(#3899,#3900,#3901,#3902,#3903,#3904,#3905,#3906,
#3907,#3908,#3909),(#3910,#3911,#3912,#3913,#3914,#3915,#3916,#3917,#3918,#3919,
#3920),(#3921,#3922,#3923,#3924,#3925,#3926,#3927,#3928,#3929,#3930,#3931),(
#3932,#3933,#3934,#3935,#3936,#3937,#3938,#3939,#3940,#3941,#3942),(#3943,#3944,
#3945,#3946,#3947,#3948,#3949,#3950,#3951,#3952,#3953),(#3954,#3955,#3956,#3957,
#3958,#3959,#3960,#3961,#3962,#3963,#3964),(#3965,#3966,#3967,#3968,#3969,#3970,
#3971,#3972,#3973,#3974,#3975),(#3976,#3977,#3978,#3979,#3980,#3981,#3982,#3983,
#3984,#3985,#3986),(#3987,#3988,#3989,#3990,#3991,#3992,#3993,#3994,#3995,#3996,
#3997),(#3998,#3999,#4000,#4001,#4002,#4003,#4004,#4005,#4006,#4007,#4008),(
#4009,#4010,#4011,#4012,#4013,#4014,#4015,#4016,#4017,#4018,#4019),(#4020,#4021,
#4022,#4023,#4024,#4025,#4026,#4027,#4028,#4029,#4030),(#4031,#4032,#4033,#4034,
#4035,#4036,#4037,#4038,#4039,#4040,#4041)),.UNSPECIFIED.,.F.,.F.,.F.,(4,1,1,1,
1,1,1,1,1,1,1,1,1,1,1,1,1,1,4),(4,1,1,1,1,1,1,1,4),(-5.330329617718E-1,1.25E-1,
2.5E-1,3.75E-1,5.E-1,6.25E-1,7.5E-1,8.75E-1,9.375E-1,1.E0,1.0625E0,1.125E0,
1.25E0,1.375E0,1.5E0,1.625E0,1.75E0,1.875E0,2.533027401218E0),(
-1.901203580966E-2,1.25E-1,2.5E-1,3.75E-1,5.E-1,6.25E-1,7.5E-1,8.75E-1,
1.018143681139E0),.UNSPECIFIED.);
#4043=ORIENTED_EDGE('',*,*,#3806,.F.);
#4044=ORIENTED_EDGE('',*,*,#3795,.F.);
#4045=ORIENTED_EDGE('',*,*,#1880,.F.);
#4046=ORIENTED_EDGE('',*,*,#3792,.T.);
#4047=EDGE_LOOP('',(#4043,#4044,#4045,#4046));
#4048=FACE_OUTER_BOUND('',#4047,.F.);
#4050=CARTESIAN_POINT('',(-8.E0,8.5E0,-9.55E0));
#4051=DIRECTION('',(0.E0,0.E0,1.E0));
#4052=DIRECTION('',(-9.999947476631E-1,3.241087195787E-3,0.E0));
#4053=AXIS2_PLACEMENT_3D('',#4050,#4051,#4052);
#4054=TOROIDAL_SURFACE('',#4053,6.742640687119E-1,4.5E-1);
#4055=ORIENTED_EDGE('',*,*,#1505,.F.);
#4057=ORIENTED_EDGE('',*,*,#4056,.F.);
#4059=ORIENTED_EDGE('',*,*,#4058,.F.);
#4061=ORIENTED_EDGE('',*,*,#4060,.T.);
#4062=EDGE_LOOP('',(#4055,#4057,#4059,#4061));
#4063=FACE_OUTER_BOUND('',#4062,.F.);
#4065=CARTESIAN_POINT('',(-8.E0,8.5E0,-9.55E0));
#4066=DIRECTION('',(0.E0,0.E0,1.E0));
#4067=DIRECTION('',(9.999947476631E-1,-3.241087195787E-3,0.E0));
#4068=AXIS2_PLACEMENT_3D('',#4065,#4066,#4067);
#4069=TOROIDAL_SURFACE('',#4068,6.742640687119E-1,4.5E-1);
#4070=ORIENTED_EDGE('',*,*,#1507,.F.);
#4071=ORIENTED_EDGE('',*,*,#4060,.F.);
#4073=ORIENTED_EDGE('',*,*,#4072,.F.);
#4074=ORIENTED_EDGE('',*,*,#4056,.T.);
#4075=EDGE_LOOP('',(#4070,#4071,#4073,#4074));
#4076=FACE_OUTER_BOUND('',#4075,.F.);
#4078=CARTESIAN_POINT('',(0.E0,0.E0,-9.7E0));
#4079=DIRECTION('',(0.E0,0.E0,1.E0));
#4080=DIRECTION('',(1.E0,0.E0,0.E0));
#4081=AXIS2_PLACEMENT_3D('',#4078,#4079,#4080);
#4082=PLANE('',#4081);
#4083=ORIENTED_EDGE('',*,*,#4058,.T.);
#4084=ORIENTED_EDGE('',*,*,#4072,.T.);
#4085=EDGE_LOOP('',(#4083,#4084));
#4086=FACE_OUTER_BOUND('',#4085,.F.);
#4088=CARTESIAN_POINT('',(8.E0,8.5E0,-9.55E0));
#4089=DIRECTION('',(0.E0,0.E0,1.E0));
#4090=DIRECTION('',(-9.999947476631E-1,3.241087195787E-3,0.E0));
#4091=AXIS2_PLACEMENT_3D('',#4088,#4089,#4090);
#4092=TOROIDAL_SURFACE('',#4091,6.742640687119E-1,4.5E-1);
#4093=ORIENTED_EDGE('',*,*,#1511,.F.);
#4095=ORIENTED_EDGE('',*,*,#4094,.F.);
#4097=ORIENTED_EDGE('',*,*,#4096,.F.);
#4099=ORIENTED_EDGE('',*,*,#4098,.T.);
#4100=EDGE_LOOP('',(#4093,#4095,#4097,#4099));
#4101=FACE_OUTER_BOUND('',#4100,.F.);
#4103=CARTESIAN_POINT('',(8.E0,8.5E0,-9.55E0));
#4104=DIRECTION('',(0.E0,0.E0,1.E0));
#4105=DIRECTION('',(9.999947476631E-1,-3.241087195787E-3,0.E0));
#4106=AXIS2_PLACEMENT_3D('',#4103,#4104,#4105);
#4107=TOROIDAL_SURFACE('',#4106,6.742640687119E-1,4.5E-1);
#4108=ORIENTED_EDGE('',*,*,#1513,.F.);
#4109=ORIENTED_EDGE('',*,*,#4098,.F.);
#4111=ORIENTED_EDGE('',*,*,#4110,.F.);
#4112=ORIENTED_EDGE('',*,*,#4094,.T.);
#4113=EDGE_LOOP('',(#4108,#4109,#4111,#4112));
#4114=FACE_OUTER_BOUND('',#4113,.F.);
#4116=CARTESIAN_POINT('',(0.E0,0.E0,-9.7E0));
#4117=DIRECTION('',(0.E0,0.E0,1.E0));
#4118=DIRECTION('',(1.E0,0.E0,0.E0));
#4119=AXIS2_PLACEMENT_3D('',#4116,#4117,#4118);
#4120=PLANE('',#4119);
#4121=ORIENTED_EDGE('',*,*,#4096,.T.);
#4122=ORIENTED_EDGE('',*,*,#4110,.T.);
#4123=EDGE_LOOP('',(#4121,#4122));
#4124=FACE_OUTER_BOUND('',#4123,.F.);
#4126=CLOSED_SHELL('',(#1475,#1490,#1517,#1532,#1572,#1586,#1600,#1613,#1627,
#1640,#1654,#1668,#1681,#1692,#1705,#1730,#1742,#1757,#1770,#1780,#1795,#1808,
#1818,#1829,#1844,#1858,#1884,#1898,#1912,#1926,#1952,#1965,#1978,#1992,#2007,
#2021,#2033,#2046,#2057,#2069,#2081,#2323,#2334,#2573,#2815,#2826,#3065,#3307,
#3318,#3557,#3799,#3810,#4049,#4064,#4077,#4087,#4102,#4115,#4125));
#4127=MANIFOLD_SOLID_BREP('',#4126);
#4128=FILL_AREA_STYLE_COLOUR('',#16);
#4129=FILL_AREA_STYLE('',(#4128));
#4130=SURFACE_STYLE_FILL_AREA(#4129);
#4131=SURFACE_SIDE_STYLE('',(#4130));
#4132=SURFACE_STYLE_USAGE(.BOTH.,#4131);
#4133=PRESENTATION_STYLE_ASSIGNMENT((#4132));
#52=STYLED_ITEM('',(#4133),#4127);
#4136=PLANE_ANGLE_MEASURE_WITH_UNIT(PLANE_ANGLE_MEASURE(1.745329251994E-2),
#4135);
#4137=(CONVERSION_BASED_UNIT('DEGREE',#4136)NAMED_UNIT(*)PLANE_ANGLE_UNIT());
#4139=UNCERTAINTY_MEASURE_WITH_UNIT(LENGTH_MEASURE(3.911480020719E-3),#4134,
'distance_accuracy_value',
'Maximum model space distance between geometric entities at asserted connectivities');
#4141=CARTESIAN_POINT('',(0.E0,0.E0,0.E0));
#4142=DIRECTION('',(0.E0,0.E0,1.E0));
#4143=DIRECTION('',(1.E0,0.E0,0.E0));
#4146=APPLICATION_CONTEXT('automotive_design');
#4147=APPLICATION_PROTOCOL_DEFINITION('international standard',
'automotive_design',2001,#4146);
#4148=PRODUCT_DEFINITION_CONTEXT('part definition',#4146,'design');
#4149=PRODUCT_CONTEXT('',#4146,'mechanical');
#4150=PRODUCT('SHE11_32X20_15_1_1','SHE11_32X20_15_1_1','NOT SPECIFIED',
(#4149));
#4151=PRODUCT_DEFINITION_FORMATION('1','LAST_VERSION',#4150);
#4159=DERIVED_UNIT_ELEMENT(#4158,2.E0);
#4160=DERIVED_UNIT((#4159));
#4161=MEASURE_REPRESENTATION_ITEM('surface area measure',AREA_MEASURE(
3.266363653775E3),#4160);
#4166=DERIVED_UNIT_ELEMENT(#4165,3.E0);
#4167=DERIVED_UNIT((#4166));
#4168=MEASURE_REPRESENTATION_ITEM('volume measure',VOLUME_MEASURE(
9.608181238377E2),#4167);
#4172=CARTESIAN_POINT('centre point',(-8.273676588472E-6,3.451811897190E0,
4.071470408521E-6));
#4177=DERIVED_UNIT_ELEMENT(#4176,2.E0);
#4178=DERIVED_UNIT((#4177));
#4179=MEASURE_REPRESENTATION_ITEM('surface area measure',AREA_MEASURE(
3.266363653775E3),#4178);
#4184=DERIVED_UNIT_ELEMENT(#4183,3.E0);
#4185=DERIVED_UNIT((#4184));
#4186=MEASURE_REPRESENTATION_ITEM('volume measure',VOLUME_MEASURE(
9.608181238377E2),#4185);
#4190=CARTESIAN_POINT('centre point',(-8.273676588472E-6,3.451811897190E0,
4.071470408521E-6));
#4200=CARTESIAN_POINT('centre point',(-8.273676588472E-6,3.451811897190E0,
4.071470408521E-6));
#4204=CARTESIAN_POINT('',(0.E0,0.E0,0.E0));
#4205=DIRECTION('',(0.E0,0.E0,1.E0));
#4206=DIRECTION('',(1.E0,0.E0,0.E0));
#4207=AXIS2_PLACEMENT_3D('',#4204,#4205,#4206);
#4208=ITEM_DEFINED_TRANSFORMATION('','',#4144,#4207);
#4209=CARTESIAN_POINT('',(0.E0,0.E0,0.E0));
#4210=DIRECTION('',(0.E0,0.E0,1.E0));
#4211=DIRECTION('',(1.E0,0.E0,0.E0));
#4213=(REPRESENTATION_RELATIONSHIP('','',#4145,#4197)REPRESENTATION_RELATIONSHIP_WITH_TRANSFORMATION(#4208)SHAPE_REPRESENTATION_RELATIONSHIP());
#4214=CONTEXT_DEPENDENT_SHAPE_REPRESENTATION(#4213,#4199);
#4216=CARTESIAN_POINT('',(-1.53E1,-9.3E0,0.E0));
#4217=DIRECTION('',(0.E0,0.E0,1.E0));
#4218=DIRECTION('',(-1.E0,-8.437694987151E-14,0.E0));
#4219=AXIS2_PLACEMENT_3D('',#4216,#4217,#4218);
#4221=CURVE_STYLE('',#57,POSITIVE_LENGTH_MEASURE(2.E-2),#17);
#4222=PRESENTATION_STYLE_ASSIGNMENT((#4221));
#4223=STYLED_ITEM('',(#4222),#4220);
#4224=CARTESIAN_POINT('',(1.53E1,-9.3E0,0.E0));
#4225=DIRECTION('',(0.E0,0.E0,1.E0));
#4226=DIRECTION('',(8.437694987151E-14,-1.E0,0.E0));
#4227=AXIS2_PLACEMENT_3D('',#4224,#4225,#4226);
#4229=CURVE_STYLE('',#57,POSITIVE_LENGTH_MEASURE(2.E-2),#17);
#4230=PRESENTATION_STYLE_ASSIGNMENT((#4229));
#4231=STYLED_ITEM('',(#4230),#4228);
#4232=CARTESIAN_POINT('',(1.53E1,9.3E0,0.E0));
#4233=DIRECTION('',(0.E0,0.E0,1.E0));
#4234=DIRECTION('',(1.E0,8.437694987151E-14,0.E0));
#4235=AXIS2_PLACEMENT_3D('',#4232,#4233,#4234);
#4237=CURVE_STYLE('',#57,POSITIVE_LENGTH_MEASURE(2.E-2),#17);
#4238=PRESENTATION_STYLE_ASSIGNMENT((#4237));
#4239=STYLED_ITEM('',(#4238),#4236);
#4240=CARTESIAN_POINT('',(-1.53E1,9.3E0,0.E0));
#4241=DIRECTION('',(0.E0,0.E0,1.E0));
#4242=DIRECTION('',(-8.437694987151E-14,1.E0,0.E0));
#4243=AXIS2_PLACEMENT_3D('',#4240,#4241,#4242);
#4245=CURVE_STYLE('',#57,POSITIVE_LENGTH_MEASURE(2.E-2),#17);
#4246=PRESENTATION_STYLE_ASSIGNMENT((#4245));
#4247=STYLED_ITEM('',(#4246),#4244);
#4248=CARTESIAN_POINT('',(-1.143E1,-7.62E0,0.E0));
#4249=DIRECTION('',(0.E0,0.E0,-1.E0));
#4250=DIRECTION('',(1.E0,0.E0,0.E0));
#4251=AXIS2_PLACEMENT_3D('',#4248,#4249,#4250);
#4253=CURVE_STYLE('',#57,POSITIVE_LENGTH_MEASURE(2.E-2),#17);
#4254=PRESENTATION_STYLE_ASSIGNMENT((#4253));
#4255=STYLED_ITEM('',(#4254),#4252);
#4256=CARTESIAN_POINT('',(-1.143E1,-7.62E0,0.E0));
#4257=DIRECTION('',(0.E0,0.E0,-1.E0));
#4258=DIRECTION('',(-1.E0,0.E0,0.E0));
#4259=AXIS2_PLACEMENT_3D('',#4256,#4257,#4258);
#4261=CURVE_STYLE('',#57,POSITIVE_LENGTH_MEASURE(2.E-2),#17);
#4262=PRESENTATION_STYLE_ASSIGNMENT((#4261));
#4263=STYLED_ITEM('',(#4262),#4260);
#4264=CARTESIAN_POINT('',(-8.89E0,-7.62E0,0.E0));
#4265=DIRECTION('',(0.E0,0.E0,-1.E0));
#4266=DIRECTION('',(1.E0,0.E0,0.E0));
#4267=AXIS2_PLACEMENT_3D('',#4264,#4265,#4266);
#4269=CURVE_STYLE('',#57,POSITIVE_LENGTH_MEASURE(2.E-2),#17);
#4270=PRESENTATION_STYLE_ASSIGNMENT((#4269));
#4271=STYLED_ITEM('',(#4270),#4268);
#4272=CARTESIAN_POINT('',(-8.89E0,-7.62E0,0.E0));
#4273=DIRECTION('',(0.E0,0.E0,-1.E0));
#4274=DIRECTION('',(-1.E0,0.E0,0.E0));
#4275=AXIS2_PLACEMENT_3D('',#4272,#4273,#4274);
#4277=CURVE_STYLE('',#57,POSITIVE_LENGTH_MEASURE(2.E-2),#17);
#4278=PRESENTATION_STYLE_ASSIGNMENT((#4277));
#4279=STYLED_ITEM('',(#4278),#4276);
#4280=CARTESIAN_POINT('',(6.35E0,-7.62E0,0.E0));
#4281=DIRECTION('',(0.E0,0.E0,-1.E0));
#4282=DIRECTION('',(1.E0,0.E0,0.E0));
#4283=AXIS2_PLACEMENT_3D('',#4280,#4281,#4282);
#4285=CURVE_STYLE('',#57,POSITIVE_LENGTH_MEASURE(2.E-2),#17);
#4286=PRESENTATION_STYLE_ASSIGNMENT((#4285));
#4287=STYLED_ITEM('',(#4286),#4284);
#4288=CARTESIAN_POINT('',(6.35E0,-7.62E0,0.E0));
#4289=DIRECTION('',(0.E0,0.E0,-1.E0));
#4290=DIRECTION('',(-1.E0,0.E0,0.E0));
#4291=AXIS2_PLACEMENT_3D('',#4288,#4289,#4290);
#4293=CURVE_STYLE('',#57,POSITIVE_LENGTH_MEASURE(2.E-2),#17);
#4294=PRESENTATION_STYLE_ASSIGNMENT((#4293));
#4295=STYLED_ITEM('',(#4294),#4292);
#4296=CARTESIAN_POINT('',(1.143E1,-7.62E0,0.E0));
#4297=DIRECTION('',(0.E0,0.E0,-1.E0));
#4298=DIRECTION('',(1.E0,0.E0,0.E0));
#4299=AXIS2_PLACEMENT_3D('',#4296,#4297,#4298);
#4301=CURVE_STYLE('',#57,POSITIVE_LENGTH_MEASURE(2.E-2),#17);
#4302=PRESENTATION_STYLE_ASSIGNMENT((#4301));
#4303=STYLED_ITEM('',(#4302),#4300);
#4304=CARTESIAN_POINT('',(1.143E1,-7.62E0,0.E0));
#4305=DIRECTION('',(0.E0,0.E0,-1.E0));
#4306=DIRECTION('',(-1.E0,0.E0,0.E0));
#4307=AXIS2_PLACEMENT_3D('',#4304,#4305,#4306);
#4309=CURVE_STYLE('',#57,POSITIVE_LENGTH_MEASURE(2.E-2),#17);
#4310=PRESENTATION_STYLE_ASSIGNMENT((#4309));
#4311=STYLED_ITEM('',(#4310),#4308);
#4312=CARTESIAN_POINT('',(-1.143E1,7.62E0,0.E0));
#4313=DIRECTION('',(0.E0,0.E0,-1.E0));
#4314=DIRECTION('',(1.E0,0.E0,0.E0));
#4315=AXIS2_PLACEMENT_3D('',#4312,#4313,#4314);
#4317=CURVE_STYLE('',#57,POSITIVE_LENGTH_MEASURE(2.E-2),#17);
#4318=PRESENTATION_STYLE_ASSIGNMENT((#4317));
#4319=STYLED_ITEM('',(#4318),#4316);
#4320=CARTESIAN_POINT('',(-1.143E1,7.62E0,0.E0));
#4321=DIRECTION('',(0.E0,0.E0,-1.E0));
#4322=DIRECTION('',(-1.E0,0.E0,0.E0));
#4323=AXIS2_PLACEMENT_3D('',#4320,#4321,#4322);
#4325=CURVE_STYLE('',#57,POSITIVE_LENGTH_MEASURE(2.E-2),#17);
#4326=PRESENTATION_STYLE_ASSIGNMENT((#4325));
#4327=STYLED_ITEM('',(#4326),#4324);
#4328=CARTESIAN_POINT('',(-8.89E0,7.62E0,0.E0));
#4329=DIRECTION('',(0.E0,0.E0,-1.E0));
#4330=DIRECTION('',(1.E0,0.E0,0.E0));
#4331=AXIS2_PLACEMENT_3D('',#4328,#4329,#4330);
#4333=CURVE_STYLE('',#57,POSITIVE_LENGTH_MEASURE(2.E-2),#17);
#4334=PRESENTATION_STYLE_ASSIGNMENT((#4333));
#4335=STYLED_ITEM('',(#4334),#4332);
#4336=CARTESIAN_POINT('',(-8.89E0,7.62E0,0.E0));
#4337=DIRECTION('',(0.E0,0.E0,-1.E0));
#4338=DIRECTION('',(-1.E0,0.E0,0.E0));
#4339=AXIS2_PLACEMENT_3D('',#4336,#4337,#4338);
#4341=CURVE_STYLE('',#57,POSITIVE_LENGTH_MEASURE(2.E-2),#17);
#4342=PRESENTATION_STYLE_ASSIGNMENT((#4341));
#4343=STYLED_ITEM('',(#4342),#4340);
#4344=CARTESIAN_POINT('',(1.143E1,7.62E0,0.E0));
#4345=DIRECTION('',(0.E0,0.E0,-1.E0));
#4346=DIRECTION('',(1.E0,0.E0,0.E0));
#4347=AXIS2_PLACEMENT_3D('',#4344,#4345,#4346);
#4349=CURVE_STYLE('',#57,POSITIVE_LENGTH_MEASURE(2.E-2),#17);
#4350=PRESENTATION_STYLE_ASSIGNMENT((#4349));
#4351=STYLED_ITEM('',(#4350),#4348);
#4352=CARTESIAN_POINT('',(1.143E1,7.62E0,0.E0));
#4353=DIRECTION('',(0.E0,0.E0,-1.E0));
#4354=DIRECTION('',(-1.E0,0.E0,0.E0));
#4355=AXIS2_PLACEMENT_3D('',#4352,#4353,#4354);
#4357=CURVE_STYLE('',#57,POSITIVE_LENGTH_MEASURE(2.E-2),#17);
#4358=PRESENTATION_STYLE_ASSIGNMENT((#4357));
#4359=STYLED_ITEM('',(#4358),#4356);
#4360=CARTESIAN_POINT('',(6.35E0,7.62E0,0.E0));
#4361=DIRECTION('',(0.E0,0.E0,-1.E0));
#4362=DIRECTION('',(1.E0,0.E0,0.E0));
#4363=AXIS2_PLACEMENT_3D('',#4360,#4361,#4362);
#4365=CURVE_STYLE('',#57,POSITIVE_LENGTH_MEASURE(2.E-2),#17);
#4366=PRESENTATION_STYLE_ASSIGNMENT((#4365));
#4367=STYLED_ITEM('',(#4366),#4364);
#4368=CARTESIAN_POINT('',(6.35E0,7.62E0,0.E0));
#4369=DIRECTION('',(0.E0,0.E0,-1.E0));
#4370=DIRECTION('',(-1.E0,0.E0,0.E0));
#4371=AXIS2_PLACEMENT_3D('',#4368,#4369,#4370);
#4373=CURVE_STYLE('',#57,POSITIVE_LENGTH_MEASURE(2.E-2),#17);
#4374=PRESENTATION_STYLE_ASSIGNMENT((#4373));
#4375=STYLED_ITEM('',(#4374),#4372);
#4376=CARTESIAN_POINT('',(-1.397E1,-7.62E0,0.E0));
#4377=DIRECTION('',(0.E0,0.E0,-1.E0));
#4378=DIRECTION('',(1.E0,0.E0,0.E0));
#4379=AXIS2_PLACEMENT_3D('',#4376,#4377,#4378);
#4381=CURVE_STYLE('',#57,POSITIVE_LENGTH_MEASURE(2.E-2),#17);
#4382=PRESENTATION_STYLE_ASSIGNMENT((#4381));
#4383=STYLED_ITEM('',(#4382),#4380);
#4384=CARTESIAN_POINT('',(-1.397E1,-7.62E0,0.E0));
#4385=DIRECTION('',(0.E0,0.E0,-1.E0));
#4386=DIRECTION('',(-1.E0,0.E0,0.E0));
#4387=AXIS2_PLACEMENT_3D('',#4384,#4385,#4386);
#4389=CURVE_STYLE('',#57,POSITIVE_LENGTH_MEASURE(2.E-2),#17);
#4390=PRESENTATION_STYLE_ASSIGNMENT((#4389));
#4391=STYLED_ITEM('',(#4390),#4388);
#4392=CARTESIAN_POINT('',(8.89E0,7.62E0,0.E0));
#4393=DIRECTION('',(0.E0,0.E0,-1.E0));
#4394=DIRECTION('',(1.E0,0.E0,0.E0));
#4395=AXIS2_PLACEMENT_3D('',#4392,#4393,#4394);
#4397=CURVE_STYLE('',#57,POSITIVE_LENGTH_MEASURE(2.E-2),#17);
#4398=PRESENTATION_STYLE_ASSIGNMENT((#4397));
#4399=STYLED_ITEM('',(#4398),#4396);
#4400=CARTESIAN_POINT('',(8.89E0,7.62E0,0.E0));
#4401=DIRECTION('',(0.E0,0.E0,-1.E0));
#4402=DIRECTION('',(-1.E0,0.E0,0.E0));
#4403=AXIS2_PLACEMENT_3D('',#4400,#4401,#4402);
#4405=CURVE_STYLE('',#57,POSITIVE_LENGTH_MEASURE(2.E-2),#17);
#4406=PRESENTATION_STYLE_ASSIGNMENT((#4405));
#4407=STYLED_ITEM('',(#4406),#4404);
#4408=CARTESIAN_POINT('',(8.89E0,-7.62E0,0.E0));
#4409=DIRECTION('',(0.E0,0.E0,-1.E0));
#4410=DIRECTION('',(1.E0,0.E0,0.E0));
#4411=AXIS2_PLACEMENT_3D('',#4408,#4409,#4410);
#4413=CURVE_STYLE('',#57,POSITIVE_LENGTH_MEASURE(2.E-2),#17);
#4414=PRESENTATION_STYLE_ASSIGNMENT((#4413));
#4415=STYLED_ITEM('',(#4414),#4412);
#4416=CARTESIAN_POINT('',(8.89E0,-7.62E0,0.E0));
#4417=DIRECTION('',(0.E0,0.E0,-1.E0));
#4418=DIRECTION('',(-1.E0,0.E0,0.E0));
#4419=AXIS2_PLACEMENT_3D('',#4416,#4417,#4418);
#4421=CURVE_STYLE('',#57,POSITIVE_LENGTH_MEASURE(2.E-2),#17);
#4422=PRESENTATION_STYLE_ASSIGNMENT((#4421));
#4423=STYLED_ITEM('',(#4422),#4420);
#4424=DIRECTION('',(0.E0,1.E0,0.E0));
#4425=VECTOR('',#4424,1.86E1);
#4426=CARTESIAN_POINT('',(-1.57E1,-9.3E0,0.E0));
#4427=LINE('',#4426,#4425);
#4428=CURVE_STYLE('',#57,POSITIVE_LENGTH_MEASURE(2.E-2),#17);
#4429=PRESENTATION_STYLE_ASSIGNMENT((#4428));
#4430=STYLED_ITEM('',(#4429),#4427);
#4431=DIRECTION('',(0.E0,-1.E0,0.E0));
#4432=VECTOR('',#4431,1.859999999996E1);
#4433=CARTESIAN_POINT('',(-1.6E1,9.299999999987E0,3.E-1));
#4434=LINE('',#4433,#4432);
#4435=CURVE_STYLE('',#57,POSITIVE_LENGTH_MEASURE(2.E-2),#17);
#4436=PRESENTATION_STYLE_ASSIGNMENT((#4435));
#4437=STYLED_ITEM('',(#4436),#4434);
#4438=CARTESIAN_POINT('',(-1.53E1,9.7E0,3.E-1));
#4439=DIRECTION('',(1.E0,0.E0,0.E0));
#4440=DIRECTION('',(0.E0,0.E0,-1.E0));
#4441=AXIS2_PLACEMENT_3D('',#4438,#4439,#4440);
#4443=CURVE_STYLE('',#57,POSITIVE_LENGTH_MEASURE(2.E-2),#17);
#4444=PRESENTATION_STYLE_ASSIGNMENT((#4443));
#4445=STYLED_ITEM('',(#4444),#4442);
#4446=CARTESIAN_POINT('',(-1.53E1,9.3E0,3.E-1));
#4447=DIRECTION('',(0.E0,0.E0,1.E0));
#4448=DIRECTION('',(8.456219851334E-11,1.E0,0.E0));
#4449=AXIS2_PLACEMENT_3D('',#4446,#4447,#4448);
#4451=CURVE_STYLE('',#57,POSITIVE_LENGTH_MEASURE(2.E-2),#17);
#4452=PRESENTATION_STYLE_ASSIGNMENT((#4451));
#4453=STYLED_ITEM('',(#4452),#4450);
#4454=CARTESIAN_POINT('',(-1.57E1,9.3E0,3.E-1));
#4455=DIRECTION('',(0.E0,-1.E0,0.E0));
#4456=DIRECTION('',(-1.E0,0.E0,0.E0));
#4457=AXIS2_PLACEMENT_3D('',#4454,#4455,#4456);
#4459=CURVE_STYLE('',#57,POSITIVE_LENGTH_MEASURE(2.E-2),#17);
#4460=PRESENTATION_STYLE_ASSIGNMENT((#4459));
#4461=STYLED_ITEM('',(#4460),#4458);
#4462=DIRECTION('',(1.E0,0.E0,0.E0));
#4463=VECTOR('',#4462,3.06E1);
#4464=CARTESIAN_POINT('',(-1.53E1,9.7E0,0.E0));
#4465=LINE('',#4464,#4463);
#4466=CURVE_STYLE('',#57,POSITIVE_LENGTH_MEASURE(2.E-2),#17);
#4467=PRESENTATION_STYLE_ASSIGNMENT((#4466));
#4468=STYLED_ITEM('',(#4467),#4465);
#4469=DIRECTION('',(-1.E0,0.E0,0.E0));
#4470=VECTOR('',#4469,3.059999999996E1);
#4471=CARTESIAN_POINT('',(1.529999999999E1,1.E1,3.E-1));
#4472=LINE('',#4471,#4470);
#4473=CURVE_STYLE('',#57,POSITIVE_LENGTH_MEASURE(2.E-2),#17);
#4474=PRESENTATION_STYLE_ASSIGNMENT((#4473));
#4475=STYLED_ITEM('',(#4474),#4472);
#4476=CARTESIAN_POINT('',(1.57E1,9.3E0,3.E-1));
#4477=DIRECTION('',(0.E0,-1.E0,0.E0));
#4478=DIRECTION('',(0.E0,0.E0,-1.E0));
#4479=AXIS2_PLACEMENT_3D('',#4476,#4477,#4478);
#4481=CURVE_STYLE('',#57,POSITIVE_LENGTH_MEASURE(2.E-2),#17);
#4482=PRESENTATION_STYLE_ASSIGNMENT((#4481));
#4483=STYLED_ITEM('',(#4482),#4480);
#4484=CARTESIAN_POINT('',(1.53E1,9.3E0,3.E-1));
#4485=DIRECTION('',(0.E0,0.E0,1.E0));
#4486=DIRECTION('',(1.E0,-7.980663748900E-11,0.E0));
#4487=AXIS2_PLACEMENT_3D('',#4484,#4485,#4486);
#4489=CURVE_STYLE('',#57,POSITIVE_LENGTH_MEASURE(2.E-2),#17);
#4490=PRESENTATION_STYLE_ASSIGNMENT((#4489));
#4491=STYLED_ITEM('',(#4490),#4488);
#4492=CARTESIAN_POINT('',(1.53E1,9.7E0,3.E-1));
#4493=DIRECTION('',(-1.E0,0.E0,0.E0));
#4494=DIRECTION('',(0.E0,1.E0,0.E0));
#4495=AXIS2_PLACEMENT_3D('',#4492,#4493,#4494);
#4497=CURVE_STYLE('',#57,POSITIVE_LENGTH_MEASURE(2.E-2),#17);
#4498=PRESENTATION_STYLE_ASSIGNMENT((#4497));
#4499=STYLED_ITEM('',(#4498),#4496);
#4500=DIRECTION('',(0.E0,-1.E0,0.E0));
#4501=VECTOR('',#4500,1.86E1);
#4502=CARTESIAN_POINT('',(1.57E1,9.3E0,0.E0));
#4503=LINE('',#4502,#4501);
#4504=CURVE_STYLE('',#57,POSITIVE_LENGTH_MEASURE(2.E-2),#17);
#4505=PRESENTATION_STYLE_ASSIGNMENT((#4504));
#4506=STYLED_ITEM('',(#4505),#4503);
#4507=DIRECTION('',(0.E0,1.E0,0.E0));
#4508=VECTOR('',#4507,1.859999999996E1);
#4509=CARTESIAN_POINT('',(1.6E1,-9.299999999987E0,3.E-1));
#4510=LINE('',#4509,#4508);
#4511=CURVE_STYLE('',#57,POSITIVE_LENGTH_MEASURE(2.E-2),#17);
#4512=PRESENTATION_STYLE_ASSIGNMENT((#4511));
#4513=STYLED_ITEM('',(#4512),#4510);
#4514=CARTESIAN_POINT('',(1.53E1,-9.7E0,3.E-1));
#4515=DIRECTION('',(-1.E0,0.E0,0.E0));
#4516=DIRECTION('',(0.E0,0.E0,-1.E0));
#4517=AXIS2_PLACEMENT_3D('',#4514,#4515,#4516);
#4519=CURVE_STYLE('',#57,POSITIVE_LENGTH_MEASURE(2.E-2),#17);
#4520=PRESENTATION_STYLE_ASSIGNMENT((#4519));
#4521=STYLED_ITEM('',(#4520),#4518);
#4522=CARTESIAN_POINT('',(1.53E1,-9.3E0,3.E-1));
#4523=DIRECTION('',(0.E0,0.E0,1.E0));
#4524=DIRECTION('',(-8.456219851334E-11,-1.E0,0.E0));
#4525=AXIS2_PLACEMENT_3D('',#4522,#4523,#4524);
#4527=CURVE_STYLE('',#57,POSITIVE_LENGTH_MEASURE(2.E-2),#17);
#4528=PRESENTATION_STYLE_ASSIGNMENT((#4527));
#4529=STYLED_ITEM('',(#4528),#4526);
#4530=CARTESIAN_POINT('',(1.57E1,-9.3E0,3.E-1));
#4531=DIRECTION('',(0.E0,1.E0,0.E0));
#4532=DIRECTION('',(1.E0,0.E0,0.E0));
#4533=AXIS2_PLACEMENT_3D('',#4530,#4531,#4532);
#4535=CURVE_STYLE('',#57,POSITIVE_LENGTH_MEASURE(2.E-2),#17);
#4536=PRESENTATION_STYLE_ASSIGNMENT((#4535));
#4537=STYLED_ITEM('',(#4536),#4534);
#4538=DIRECTION('',(-1.E0,0.E0,0.E0));
#4539=VECTOR('',#4538,3.06E1);
#4540=CARTESIAN_POINT('',(1.53E1,-9.7E0,0.E0));
#4541=LINE('',#4540,#4539);
#4542=CURVE_STYLE('',#57,POSITIVE_LENGTH_MEASURE(2.E-2),#17);
#4543=PRESENTATION_STYLE_ASSIGNMENT((#4542));
#4544=STYLED_ITEM('',(#4543),#4541);
#4545=DIRECTION('',(1.E0,0.E0,0.E0));
#4546=VECTOR('',#4545,3.059999999996E1);
#4547=CARTESIAN_POINT('',(-1.529999999999E1,-1.E1,3.E-1));
#4548=LINE('',#4547,#4546);
#4549=CURVE_STYLE('',#57,POSITIVE_LENGTH_MEASURE(2.E-2),#17);
#4550=PRESENTATION_STYLE_ASSIGNMENT((#4549));
#4551=STYLED_ITEM('',(#4550),#4548);
#4552=CARTESIAN_POINT('',(-1.57E1,-9.3E0,3.E-1));
#4553=DIRECTION('',(0.E0,1.E0,0.E0));
#4554=DIRECTION('',(0.E0,0.E0,-1.E0));
#4555=AXIS2_PLACEMENT_3D('',#4552,#4553,#4554);
#4557=CURVE_STYLE('',#57,POSITIVE_LENGTH_MEASURE(2.E-2),#17);
#4558=PRESENTATION_STYLE_ASSIGNMENT((#4557));
#4559=STYLED_ITEM('',(#4558),#4556);
#4560=CARTESIAN_POINT('',(-1.53E1,-9.3E0,3.E-1));
#4561=DIRECTION('',(0.E0,0.E0,1.E0));
#4562=DIRECTION('',(-1.E0,7.980663748900E-11,0.E0));
#4563=AXIS2_PLACEMENT_3D('',#4560,#4561,#4562);
#4565=CURVE_STYLE('',#57,POSITIVE_LENGTH_MEASURE(2.E-2),#17);
#4566=PRESENTATION_STYLE_ASSIGNMENT((#4565));
#4567=STYLED_ITEM('',(#4566),#4564);
#4568=CARTESIAN_POINT('',(-1.53E1,-9.7E0,3.E-1));
#4569=DIRECTION('',(1.E0,0.E0,0.E0));
#4570=DIRECTION('',(0.E0,-1.E0,0.E0));
#4571=AXIS2_PLACEMENT_3D('',#4568,#4569,#4570);
#4573=CURVE_STYLE('',#57,POSITIVE_LENGTH_MEASURE(2.E-2),#17);
#4574=PRESENTATION_STYLE_ASSIGNMENT((#4573));
#4575=STYLED_ITEM('',(#4574),#4572);
#4576=DIRECTION('',(0.E0,1.732303189783E-10,1.E0));
#4577=VECTOR('',#4576,2.E-1);
#4578=CARTESIAN_POINT('',(-1.6E1,-9.299999999972E0,3.E-1));
#4579=LINE('',#4578,#4577);
#4580=CURVE_STYLE('',#57,POSITIVE_LENGTH_MEASURE(2.E-2),#17);
#4581=PRESENTATION_STYLE_ASSIGNMENT((#4580));
#4582=STYLED_ITEM('',(#4581),#4579);
#4583=DIRECTION('',(-2.179589841944E-11,0.E0,-1.E0));
#4584=VECTOR('',#4583,2.E-1);
#4585=CARTESIAN_POINT('',(-1.529999999998E1,-1.E1,5.E-1));
#4586=LINE('',#4585,#4584);
#4587=CURVE_STYLE('',#57,POSITIVE_LENGTH_MEASURE(2.E-2),#17);
#4588=PRESENTATION_STYLE_ASSIGNMENT((#4587));
#4589=STYLED_ITEM('',(#4588),#4586);
#4590=DIRECTION('',(1.660005466420E-10,0.E0,1.E0));
#4591=VECTOR('',#4590,2.E-1);
#4592=CARTESIAN_POINT('',(-1.529999999997E1,1.E1,3.E-1));
#4593=LINE('',#4592,#4591);
#4594=CURVE_STYLE('',#57,POSITIVE_LENGTH_MEASURE(2.E-2),#17);
#4595=PRESENTATION_STYLE_ASSIGNMENT((#4594));
#4596=STYLED_ITEM('',(#4595),#4593);
#4597=DIRECTION('',(0.E0,2.187583447721E-11,-1.E0));
#4598=VECTOR('',#4597,2.E-1);
#4599=CARTESIAN_POINT('',(-1.6E1,9.299999999983E0,5.E-1));
#4600=LINE('',#4599,#4598);
#4601=CURVE_STYLE('',#57,POSITIVE_LENGTH_MEASURE(2.E-2),#17);
#4602=PRESENTATION_STYLE_ASSIGNMENT((#4601));
#4603=STYLED_ITEM('',(#4602),#4600);
#4604=DIRECTION('',(0.E0,-1.732303189783E-10,1.E0));
#4605=VECTOR('',#4604,2.E-1);
#4606=CARTESIAN_POINT('',(1.6E1,9.299999999972E0,3.E-1));
#4607=LINE('',#4606,#4605);
#4608=CURVE_STYLE('',#57,POSITIVE_LENGTH_MEASURE(2.E-2),#17);
#4609=PRESENTATION_STYLE_ASSIGNMENT((#4608));
#4610=STYLED_ITEM('',(#4609),#4607);
#4611=DIRECTION('',(2.179589841944E-11,0.E0,-1.E0));
#4612=VECTOR('',#4611,2.E-1);
#4613=CARTESIAN_POINT('',(1.529999999998E1,1.E1,5.E-1));
#4614=LINE('',#4613,#4612);
#4615=CURVE_STYLE('',#57,POSITIVE_LENGTH_MEASURE(2.E-2),#17);
#4616=PRESENTATION_STYLE_ASSIGNMENT((#4615));
#4617=STYLED_ITEM('',(#4616),#4614);
#4618=DIRECTION('',(-1.660005466420E-10,0.E0,1.E0));
#4619=VECTOR('',#4618,2.E-1);
#4620=CARTESIAN_POINT('',(1.529999999997E1,-1.E1,3.E-1));
#4621=LINE('',#4620,#4619);
#4622=CURVE_STYLE('',#57,POSITIVE_LENGTH_MEASURE(2.E-2),#17);
#4623=PRESENTATION_STYLE_ASSIGNMENT((#4622));
#4624=STYLED_ITEM('',(#4623),#4621);
#4625=DIRECTION('',(0.E0,-2.187583447721E-11,-1.E0));
#4626=VECTOR('',#4625,2.E-1);
#4627=CARTESIAN_POINT('',(1.6E1,-9.299999999983E0,5.E-1));
#4628=LINE('',#4627,#4626);
#4629=CURVE_STYLE('',#57,POSITIVE_LENGTH_MEASURE(2.E-2),#17);
#4630=PRESENTATION_STYLE_ASSIGNMENT((#4629));
#4631=STYLED_ITEM('',(#4630),#4628);
#4632=CARTESIAN_POINT('',(1.53E1,9.3E0,5.E-1));
#4633=DIRECTION('',(0.E0,0.E0,-1.E0));
#4634=DIRECTION('',(0.E0,1.E0,0.E0));
#4635=AXIS2_PLACEMENT_3D('',#4632,#4633,#4634);
#4637=CURVE_STYLE('',#57,POSITIVE_LENGTH_MEASURE(2.E-2),#17);
#4638=PRESENTATION_STYLE_ASSIGNMENT((#4637));
#4639=STYLED_ITEM('',(#4638),#4636);
#4640=DIRECTION('',(0.E0,-1.E0,0.E0));
#4641=VECTOR('',#4640,1.859999999992E1);
#4642=CARTESIAN_POINT('',(1.6E1,9.299999999937E0,5.E-1));
#4643=LINE('',#4642,#4641);
#4644=CURVE_STYLE('',#57,POSITIVE_LENGTH_MEASURE(2.E-2),#17);
#4645=PRESENTATION_STYLE_ASSIGNMENT((#4644));
#4646=STYLED_ITEM('',(#4645),#4643);
#4647=CARTESIAN_POINT('',(1.53E1,-9.3E0,5.E-1));
#4648=DIRECTION('',(0.E0,0.E0,-1.E0));
#4649=DIRECTION('',(1.E0,0.E0,0.E0));
#4650=AXIS2_PLACEMENT_3D('',#4647,#4648,#4649);
#4652=CURVE_STYLE('',#57,POSITIVE_LENGTH_MEASURE(2.E-2),#17);
#4653=PRESENTATION_STYLE_ASSIGNMENT((#4652));
#4654=STYLED_ITEM('',(#4653),#4651);
#4655=DIRECTION('',(-1.E0,0.E0,0.E0));
#4656=VECTOR('',#4655,3.059999999992E1);
#4657=CARTESIAN_POINT('',(1.529999999994E1,-1.E1,5.E-1));
#4658=LINE('',#4657,#4656);
#4659=CURVE_STYLE('',#57,POSITIVE_LENGTH_MEASURE(2.E-2),#17);
#4660=PRESENTATION_STYLE_ASSIGNMENT((#4659));
#4661=STYLED_ITEM('',(#4660),#4658);
#4662=CARTESIAN_POINT('',(-1.53E1,-9.3E0,5.E-1));
#4663=DIRECTION('',(0.E0,0.E0,-1.E0));
#4664=DIRECTION('',(0.E0,-1.E0,0.E0));
#4665=AXIS2_PLACEMENT_3D('',#4662,#4663,#4664);
#4667=CURVE_STYLE('',#57,POSITIVE_LENGTH_MEASURE(2.E-2),#17);
#4668=PRESENTATION_STYLE_ASSIGNMENT((#4667));
#4669=STYLED_ITEM('',(#4668),#4666);
#4670=DIRECTION('',(0.E0,1.E0,0.E0));
#4671=VECTOR('',#4670,1.859999999992E1);
#4672=CARTESIAN_POINT('',(-1.6E1,-9.299999999937E0,5.E-1));
#4673=LINE('',#4672,#4671);
#4674=CURVE_STYLE('',#57,POSITIVE_LENGTH_MEASURE(2.E-2),#17);
#4675=PRESENTATION_STYLE_ASSIGNMENT((#4674));
#4676=STYLED_ITEM('',(#4675),#4673);
#4677=CARTESIAN_POINT('',(-1.53E1,9.3E0,5.E-1));
#4678=DIRECTION('',(0.E0,0.E0,-1.E0));
#4679=DIRECTION('',(-1.E0,0.E0,0.E0));
#4680=AXIS2_PLACEMENT_3D('',#4677,#4678,#4679);
#4682=CURVE_STYLE('',#57,POSITIVE_LENGTH_MEASURE(2.E-2),#17);
#4683=PRESENTATION_STYLE_ASSIGNMENT((#4682));
#4684=STYLED_ITEM('',(#4683),#4681);
#4685=DIRECTION('',(1.E0,0.E0,0.E0));
#4686=VECTOR('',#4685,3.059999999992E1);
#4687=CARTESIAN_POINT('',(-1.529999999994E1,1.E1,5.E-1));
#4688=LINE('',#4687,#4686);
#4689=CURVE_STYLE('',#57,POSITIVE_LENGTH_MEASURE(2.E-2),#17);
#4690=PRESENTATION_STYLE_ASSIGNMENT((#4689));
#4691=STYLED_ITEM('',(#4690),#4688);
#4692=CARTESIAN_POINT('',(1.465E1,8.65E0,5.E-1));
#4693=DIRECTION('',(0.E0,0.E0,1.E0));
#4694=DIRECTION('',(1.E0,0.E0,0.E0));
#4695=AXIS2_PLACEMENT_3D('',#4692,#4693,#4694);
#4697=CURVE_STYLE('',#57,POSITIVE_LENGTH_MEASURE(2.E-2),#17);
#4698=PRESENTATION_STYLE_ASSIGNMENT((#4697));
#4699=STYLED_ITEM('',(#4698),#4696);
#4700=CARTESIAN_POINT('',(-1.465E1,8.65E0,5.E-1));
#4701=DIRECTION('',(0.E0,0.E0,1.E0));
#4702=DIRECTION('',(0.E0,1.E0,0.E0));
#4703=AXIS2_PLACEMENT_3D('',#4700,#4701,#4702);
#4705=CURVE_STYLE('',#57,POSITIVE_LENGTH_MEASURE(2.E-2),#17);
#4706=PRESENTATION_STYLE_ASSIGNMENT((#4705));
#4707=STYLED_ITEM('',(#4706),#4704);
#4708=CARTESIAN_POINT('',(-1.465E1,-8.65E0,5.E-1));
#4709=DIRECTION('',(0.E0,0.E0,1.E0));
#4710=DIRECTION('',(-1.E0,0.E0,0.E0));
#4711=AXIS2_PLACEMENT_3D('',#4708,#4709,#4710);
#4713=CURVE_STYLE('',#57,POSITIVE_LENGTH_MEASURE(2.E-2),#17);
#4714=PRESENTATION_STYLE_ASSIGNMENT((#4713));
#4715=STYLED_ITEM('',(#4714),#4712);
#4716=CARTESIAN_POINT('',(1.465E1,-8.65E0,5.E-1));
#4717=DIRECTION('',(0.E0,0.E0,1.E0));
#4718=DIRECTION('',(0.E0,-1.E0,0.E0));
#4719=AXIS2_PLACEMENT_3D('',#4716,#4717,#4718);
#4721=CURVE_STYLE('',#57,POSITIVE_LENGTH_MEASURE(2.E-2),#17);
#4722=PRESENTATION_STYLE_ASSIGNMENT((#4721));
#4723=STYLED_ITEM('',(#4722),#4720);
#4724=DIRECTION('',(0.E0,3.489949670259E-2,-9.993908270191E-1));
#4725=VECTOR('',#4724,1.100670498729E0);
#4726=CARTESIAN_POINT('',(1.535E1,7.395625849961E0,3.1E0));
#4727=LINE('',#4726,#4725);
#4728=CURVE_STYLE('',#57,POSITIVE_LENGTH_MEASURE(2.E-2),#17);
#4729=PRESENTATION_STYLE_ASSIGNMENT((#4728));
#4730=STYLED_ITEM('',(#4729),#4727);
#4731=DIRECTION('',(0.E0,-1.E0,0.E0));
#4732=VECTOR('',#4731,1.73E1);
#4733=CARTESIAN_POINT('',(1.535E1,8.65E0,5.E-1));
#4734=LINE('',#4733,#4732);
#4735=CURVE_STYLE('',#57,POSITIVE_LENGTH_MEASURE(2.E-2),#17);
#4736=PRESENTATION_STYLE_ASSIGNMENT((#4735));
#4737=STYLED_ITEM('',(#4736),#4734);
#4738=DIRECTION('',(0.E0,3.489949670254E-2,9.993908270191E-1));
#4739=VECTOR('',#4738,1.100670498729E0);
#4740=CARTESIAN_POINT('',(1.535E1,-7.434038696402E0,2.E0));
#4741=LINE('',#4740,#4739);
#4742=CURVE_STYLE('',#57,POSITIVE_LENGTH_MEASURE(2.E-2),#17);
#4743=PRESENTATION_STYLE_ASSIGNMENT((#4742));
#4744=STYLED_ITEM('',(#4743),#4741);
#4745=DIRECTION('',(0.E0,-1.E0,0.E0));
#4746=VECTOR('',#4745,1.479125169992E1);
#4747=CARTESIAN_POINT('',(1.535E1,7.395625849961E0,3.1E0));
#4748=LINE('',#4747,#4746);
#4749=CURVE_STYLE('',#57,POSITIVE_LENGTH_MEASURE(2.E-2),#17);
#4750=PRESENTATION_STYLE_ASSIGNMENT((#4749));
#4751=STYLED_ITEM('',(#4750),#4748);
#4752=DIRECTION('',(-4.469956113190E-1,-3.121886141371E-2,8.939912226379E-1));
#4753=VECTOR('',#4752,4.474316859842E-1);
#4754=CARTESIAN_POINT('',(1.535E1,7.395625849961E0,3.1E0));
#4755=LINE('',#4754,#4753);
#4756=CURVE_STYLE('',#57,POSITIVE_LENGTH_MEASURE(2.E-2),#17);
#4757=PRESENTATION_STYLE_ASSIGNMENT((#4756));
#4758=STYLED_ITEM('',(#4757),#4755);
#4759=DIRECTION('',(0.E0,-1.E0,0.E0));
#4760=VECTOR('',#4759,1.476331508433E1);
#4761=CARTESIAN_POINT('',(1.515E1,7.381657542164E0,3.5E0));
#4762=LINE('',#4761,#4760);
#4763=CURVE_STYLE('',#57,POSITIVE_LENGTH_MEASURE(2.E-2),#17);
#4764=PRESENTATION_STYLE_ASSIGNMENT((#4763));
#4765=STYLED_ITEM('',(#4764),#4762);
#4766=DIRECTION('',(1.E0,-2.486899575160E-13,0.E0));
#4767=VECTOR('',#4766,3.E-1);
#4768=CARTESIAN_POINT('',(1.485E1,7.381657542164E0,3.5E0));
#4769=LINE('',#4768,#4767);
#4770=CURVE_STYLE('',#57,POSITIVE_LENGTH_MEASURE(2.E-2),#17);
#4771=PRESENTATION_STYLE_ASSIGNMENT((#4770));
#4772=STYLED_ITEM('',(#4771),#4769);
#4773=DIRECTION('',(4.469956113190E-1,-3.121886141368E-2,-8.939912226379E-1));
#4774=VECTOR('',#4773,4.474316859843E-1);
#4775=CARTESIAN_POINT('',(1.515E1,-7.381657542164E0,3.5E0));
#4776=LINE('',#4775,#4774);
#4777=CURVE_STYLE('',#57,POSITIVE_LENGTH_MEASURE(2.E-2),#17);
#4778=PRESENTATION_STYLE_ASSIGNMENT((#4777));
#4779=STYLED_ITEM('',(#4778),#4776);
#4780=DIRECTION('',(1.E0,-1.924386576017E-13,0.E0));
#4781=VECTOR('',#4780,3.E-1);
#4782=CARTESIAN_POINT('',(1.485E1,-7.381657542164E0,3.5E0));
#4783=LINE('',#4782,#4781);
#4784=CURVE_STYLE('',#57,POSITIVE_LENGTH_MEASURE(2.E-2),#17);
#4785=PRESENTATION_STYLE_ASSIGNMENT((#4784));
#4786=STYLED_ITEM('',(#4785),#4783);
#4787=DIRECTION('',(-1.E0,0.E0,0.E0));
#4788=VECTOR('',#4787,1.3E0);
#4789=CARTESIAN_POINT('',(1.465E1,-9.35E0,2.E0));
#4790=LINE('',#4789,#4788);
#4791=CURVE_STYLE('',#57,POSITIVE_LENGTH_MEASURE(2.E-2),#17);
#4792=PRESENTATION_STYLE_ASSIGNMENT((#4791));
#4793=STYLED_ITEM('',(#4792),#4790);
#4794=DIRECTION('',(-4.618527782441E-13,1.E0,0.E0));
#4795=VECTOR('',#4794,5.E-1);
#4796=CARTESIAN_POINT('',(1.335E1,-9.35E0,2.E0));
#4797=LINE('',#4796,#4795);
#4798=CURVE_STYLE('',#57,POSITIVE_LENGTH_MEASURE(2.E-2),#17);
#4799=PRESENTATION_STYLE_ASSIGNMENT((#4798));
#4800=STYLED_ITEM('',(#4799),#4797);
#4801=CARTESIAN_POINT('',(1.465E1,-8.65E0,2.E0));
#4802=DIRECTION('',(0.E0,0.E0,1.E0));
#4803=DIRECTION('',(0.E0,-1.E0,0.E0));
#4804=AXIS2_PLACEMENT_3D('',#4801,#4802,#4803);
#4806=CURVE_STYLE('',#57,POSITIVE_LENGTH_MEASURE(2.E-2),#17);
#4807=PRESENTATION_STYLE_ASSIGNMENT((#4806));
#4808=STYLED_ITEM('',(#4807),#4805);
#4809=DIRECTION('',(1.E0,-1.421085471520E-13,0.E0));
#4810=VECTOR('',#4809,5.E-1);
#4811=CARTESIAN_POINT('',(1.485E1,-7.434038696402E0,2.E0));
#4812=LINE('',#4811,#4810);
#4813=CURVE_STYLE('',#57,POSITIVE_LENGTH_MEASURE(2.E-2),#17);
#4814=PRESENTATION_STYLE_ASSIGNMENT((#4813));
#4815=STYLED_ITEM('',(#4814),#4812);
#4816=DIRECTION('',(0.E0,-1.E0,0.E0));
#4817=VECTOR('',#4816,1.215961303598E0);
#4818=CARTESIAN_POINT('',(1.535E1,-7.434038696402E0,2.E0));
#4819=LINE('',#4818,#4817);
#4820=CURVE_STYLE('',#57,POSITIVE_LENGTH_MEASURE(2.E-2),#17);
#4821=PRESENTATION_STYLE_ASSIGNMENT((#4820));
#4822=STYLED_ITEM('',(#4821),#4819);
#4823=CARTESIAN_POINT('',(1.465E1,-8.65E0,2.E0));
#4824=DIRECTION('',(0.E0,0.E0,-1.E0));
#4825=DIRECTION('',(1.E0,0.E0,0.E0));
#4826=AXIS2_PLACEMENT_3D('',#4823,#4824,#4825);
#4828=CURVE_STYLE('',#57,POSITIVE_LENGTH_MEASURE(2.E-2),#17);
#4829=PRESENTATION_STYLE_ASSIGNMENT((#4828));
#4830=STYLED_ITEM('',(#4829),#4827);
#4831=DIRECTION('',(3.489949670279E-2,0.E0,-9.993908270191E-1));
#4832=VECTOR('',#4831,1.100670498729E0);
#4833=CARTESIAN_POINT('',(1.331158715356E1,-9.35E0,3.1E0));
#4834=LINE('',#4833,#4832);
#4835=CURVE_STYLE('',#57,POSITIVE_LENGTH_MEASURE(2.E-2),#17);
#4836=PRESENTATION_STYLE_ASSIGNMENT((#4835));
#4837=STYLED_ITEM('',(#4836),#4834);
#4838=DIRECTION('',(-1.E0,0.E0,0.E0));
#4839=VECTOR('',#4838,2.93E1);
#4840=CARTESIAN_POINT('',(1.465E1,-9.35E0,5.E-1));
#4841=LINE('',#4840,#4839);
#4842=CURVE_STYLE('',#57,POSITIVE_LENGTH_MEASURE(2.E-2),#17);
#4843=PRESENTATION_STYLE_ASSIGNMENT((#4842));
#4844=STYLED_ITEM('',(#4843),#4841);
#4845=DIRECTION('',(3.489949670229E-2,0.E0,9.993908270191E-1));
#4846=VECTOR('',#4845,1.100670498729E0);
#4847=CARTESIAN_POINT('',(-1.335E1,-9.35E0,2.E0));
#4848=LINE('',#4847,#4846);
#4849=CURVE_STYLE('',#57,POSITIVE_LENGTH_MEASURE(2.E-2),#17);
#4850=PRESENTATION_STYLE_ASSIGNMENT((#4849));
#4851=STYLED_ITEM('',(#4850),#4848);
#4852=CARTESIAN_POINT('',(8.E0,-9.35E0,2.E0));
#4853=DIRECTION('',(0.E0,-1.E0,0.E0));
#4854=DIRECTION('',(1.E0,0.E0,0.E0));
#4855=AXIS2_PLACEMENT_3D('',#4852,#4853,#4854);
#4857=CURVE_STYLE('',#57,POSITIVE_LENGTH_MEASURE(2.E-2),#17);
#4858=PRESENTATION_STYLE_ASSIGNMENT((#4857));
#4859=STYLED_ITEM('',(#4858),#4856);
#4860=CARTESIAN_POINT('',(8.E0,-9.35E0,2.E0));
#4861=DIRECTION('',(0.E0,-1.E0,0.E0));
#4862=DIRECTION('',(-1.E0,0.E0,0.E0));
#4863=AXIS2_PLACEMENT_3D('',#4860,#4861,#4862);
#4865=CURVE_STYLE('',#57,POSITIVE_LENGTH_MEASURE(2.E-2),#17);
#4866=PRESENTATION_STYLE_ASSIGNMENT((#4865));
#4867=STYLED_ITEM('',(#4866),#4864);
#4868=CARTESIAN_POINT('',(-8.E0,-9.35E0,2.E0));
#4869=DIRECTION('',(0.E0,-1.E0,0.E0));
#4870=DIRECTION('',(1.E0,0.E0,0.E0));
#4871=AXIS2_PLACEMENT_3D('',#4868,#4869,#4870);
#4873=CURVE_STYLE('',#57,POSITIVE_LENGTH_MEASURE(2.E-2),#17);
#4874=PRESENTATION_STYLE_ASSIGNMENT((#4873));
#4875=STYLED_ITEM('',(#4874),#4872);
#4876=CARTESIAN_POINT('',(-8.E0,-9.35E0,2.E0));
#4877=DIRECTION('',(0.E0,-1.E0,0.E0));
#4878=DIRECTION('',(-1.E0,0.E0,0.E0));
#4879=AXIS2_PLACEMENT_3D('',#4876,#4877,#4878);
#4881=CURVE_STYLE('',#57,POSITIVE_LENGTH_MEASURE(2.E-2),#17);
#4882=PRESENTATION_STYLE_ASSIGNMENT((#4881));
#4883=STYLED_ITEM('',(#4882),#4880);
#4884=DIRECTION('',(-1.E0,0.E0,0.E0));
#4885=VECTOR('',#4884,2.662317430712E1);
#4886=CARTESIAN_POINT('',(1.331158715356E1,-9.35E0,3.1E0));
#4887=LINE('',#4886,#4885);
#4888=CURVE_STYLE('',#57,POSITIVE_LENGTH_MEASURE(2.E-2),#17);
#4889=PRESENTATION_STYLE_ASSIGNMENT((#4888));
#4890=STYLED_ITEM('',(#4889),#4887);
#4891=DIRECTION('',(-3.121886141701E-2,4.469956113189E-1,8.939912226378E-1));
#4892=VECTOR('',#4891,4.474316859843E-1);
#4893=CARTESIAN_POINT('',(1.331158715356E1,-9.35E0,3.1E0));
#4894=LINE('',#4893,#4892);
#4895=CURVE_STYLE('',#57,POSITIVE_LENGTH_MEASURE(2.E-2),#17);
#4896=PRESENTATION_STYLE_ASSIGNMENT((#4895));
#4897=STYLED_ITEM('',(#4896),#4894);
#4898=DIRECTION('',(-1.E0,0.E0,0.E0));
#4899=VECTOR('',#4898,2.659523769152E1);
#4900=CARTESIAN_POINT('',(1.329761884576E1,-9.15E0,3.5E0));
#4901=LINE('',#4900,#4899);
#4902=CURVE_STYLE('',#57,POSITIVE_LENGTH_MEASURE(2.E-2),#17);
#4903=PRESENTATION_STYLE_ASSIGNMENT((#4902));
#4904=STYLED_ITEM('',(#4903),#4901);
#4905=DIRECTION('',(-1.663854239572E-12,-1.E0,0.E0));
#4906=VECTOR('',#4905,3.E-1);
#4907=CARTESIAN_POINT('',(1.329761884576E1,-8.85E0,3.5E0));
#4908=LINE('',#4907,#4906);
#4909=CURVE_STYLE('',#57,POSITIVE_LENGTH_MEASURE(2.E-2),#17);
#4910=PRESENTATION_STYLE_ASSIGNMENT((#4909));
#4911=STYLED_ITEM('',(#4910),#4908);
#4912=DIRECTION('',(-3.121886141559E-2,-4.469956113190E-1,-8.939912226378E-1));
#4913=VECTOR('',#4912,4.474316859843E-1);
#4914=CARTESIAN_POINT('',(-1.329761884576E1,-9.15E0,3.5E0));
#4915=LINE('',#4914,#4913);
#4916=CURVE_STYLE('',#57,POSITIVE_LENGTH_MEASURE(2.E-2),#17);
#4917=PRESENTATION_STYLE_ASSIGNMENT((#4916));
#4918=STYLED_ITEM('',(#4917),#4915);
#4919=DIRECTION('',(-2.480978385696E-12,-1.E0,0.E0));
#4920=VECTOR('',#4919,3.E-1);
#4921=CARTESIAN_POINT('',(-1.329761884576E1,-8.85E0,3.5E0));
#4922=LINE('',#4921,#4920);
#4923=CURVE_STYLE('',#57,POSITIVE_LENGTH_MEASURE(2.E-2),#17);
#4924=PRESENTATION_STYLE_ASSIGNMENT((#4923));
#4925=STYLED_ITEM('',(#4924),#4922);
#4926=DIRECTION('',(-1.E0,0.E0,0.E0));
#4927=VECTOR('',#4926,1.3E0);
#4928=CARTESIAN_POINT('',(-1.335E1,-9.35E0,2.E0));
#4929=LINE('',#4928,#4927);
#4930=CURVE_STYLE('',#57,POSITIVE_LENGTH_MEASURE(2.E-2),#17);
#4931=PRESENTATION_STYLE_ASSIGNMENT((#4930));
#4932=STYLED_ITEM('',(#4931),#4929);
#4933=CARTESIAN_POINT('',(-1.465E1,-8.65E0,2.E0));
#4934=DIRECTION('',(0.E0,0.E0,-1.E0));
#4935=DIRECTION('',(0.E0,-1.E0,0.E0));
#4936=AXIS2_PLACEMENT_3D('',#4933,#4934,#4935);
#4938=CURVE_STYLE('',#57,POSITIVE_LENGTH_MEASURE(2.E-2),#17);
#4939=PRESENTATION_STYLE_ASSIGNMENT((#4938));
#4940=STYLED_ITEM('',(#4939),#4937);
#4941=DIRECTION('',(0.E0,1.E0,0.E0));
#4942=VECTOR('',#4941,1.215961303598E0);
#4943=CARTESIAN_POINT('',(-1.535E1,-8.65E0,2.E0));
#4944=LINE('',#4943,#4942);
#4945=CURVE_STYLE('',#57,POSITIVE_LENGTH_MEASURE(2.E-2),#17);
#4946=PRESENTATION_STYLE_ASSIGNMENT((#4945));
#4947=STYLED_ITEM('',(#4946),#4944);
#4948=DIRECTION('',(1.E0,-2.486899575160E-14,0.E0));
#4949=VECTOR('',#4948,5.E-1);
#4950=CARTESIAN_POINT('',(-1.535E1,-7.434038696402E0,2.E0));
#4951=LINE('',#4950,#4949);
#4952=CURVE_STYLE('',#57,POSITIVE_LENGTH_MEASURE(2.E-2),#17);
#4953=PRESENTATION_STYLE_ASSIGNMENT((#4952));
#4954=STYLED_ITEM('',(#4953),#4951);
#4955=CARTESIAN_POINT('',(-1.465E1,-8.65E0,2.E0));
#4956=DIRECTION('',(0.E0,0.E0,1.E0));
#4957=DIRECTION('',(-1.E0,0.E0,0.E0));
#4958=AXIS2_PLACEMENT_3D('',#4955,#4956,#4957);
#4960=CURVE_STYLE('',#57,POSITIVE_LENGTH_MEASURE(2.E-2),#17);
#4961=PRESENTATION_STYLE_ASSIGNMENT((#4960));
#4962=STYLED_ITEM('',(#4961),#4959);
#4963=DIRECTION('',(-8.846257060213E-13,-1.E0,0.E0));
#4964=VECTOR('',#4963,5.E-1);
#4965=CARTESIAN_POINT('',(-1.335E1,-8.85E0,2.E0));
#4966=LINE('',#4965,#4964);
#4967=CURVE_STYLE('',#57,POSITIVE_LENGTH_MEASURE(2.E-2),#17);
#4968=PRESENTATION_STYLE_ASSIGNMENT((#4967));
#4969=STYLED_ITEM('',(#4968),#4966);
#4970=DIRECTION('',(0.E0,0.E0,-1.E0));
#4971=VECTOR('',#4970,1.5E0);
#4972=CARTESIAN_POINT('',(-1.465E1,-9.35E0,2.E0));
#4973=LINE('',#4972,#4971);
#4974=CURVE_STYLE('',#57,POSITIVE_LENGTH_MEASURE(2.E-2),#17);
#4975=PRESENTATION_STYLE_ASSIGNMENT((#4974));
#4976=STYLED_ITEM('',(#4975),#4973);
#4977=DIRECTION('',(0.E0,0.E0,1.E0));
#4978=VECTOR('',#4977,1.5E0);
#4979=CARTESIAN_POINT('',(-1.535E1,-8.65E0,5.E-1));
#4980=LINE('',#4979,#4978);
#4981=CURVE_STYLE('',#57,POSITIVE_LENGTH_MEASURE(2.E-2),#17);
#4982=PRESENTATION_STYLE_ASSIGNMENT((#4981));
#4983=STYLED_ITEM('',(#4982),#4980);
#4984=DIRECTION('',(0.E0,-3.489949670259E-2,-9.993908270191E-1));
#4985=VECTOR('',#4984,1.100670498729E0);
#4986=CARTESIAN_POINT('',(-1.535E1,-7.395625849961E0,3.1E0));
#4987=LINE('',#4986,#4985);
#4988=CURVE_STYLE('',#57,POSITIVE_LENGTH_MEASURE(2.E-2),#17);
#4989=PRESENTATION_STYLE_ASSIGNMENT((#4988));
#4990=STYLED_ITEM('',(#4989),#4987);
#4991=DIRECTION('',(0.E0,1.E0,0.E0));
#4992=VECTOR('',#4991,1.73E1);
#4993=CARTESIAN_POINT('',(-1.535E1,-8.65E0,5.E-1));
#4994=LINE('',#4993,#4992);
#4995=CURVE_STYLE('',#57,POSITIVE_LENGTH_MEASURE(2.E-2),#17);
#4996=PRESENTATION_STYLE_ASSIGNMENT((#4995));
#4997=STYLED_ITEM('',(#4996),#4994);
#4998=DIRECTION('',(0.E0,-3.489949670254E-2,9.993908270191E-1));
#4999=VECTOR('',#4998,1.100670498729E0);
#5000=CARTESIAN_POINT('',(-1.535E1,7.434038696402E0,2.E0));
#5001=LINE('',#5000,#4999);
#5002=CURVE_STYLE('',#57,POSITIVE_LENGTH_MEASURE(2.E-2),#17);
#5003=PRESENTATION_STYLE_ASSIGNMENT((#5002));
#5004=STYLED_ITEM('',(#5003),#5001);
#5005=DIRECTION('',(0.E0,1.E0,0.E0));
#5006=VECTOR('',#5005,1.479125169992E1);
#5007=CARTESIAN_POINT('',(-1.535E1,-7.395625849961E0,3.1E0));
#5008=LINE('',#5007,#5006);
#5009=CURVE_STYLE('',#57,POSITIVE_LENGTH_MEASURE(2.E-2),#17);
#5010=PRESENTATION_STYLE_ASSIGNMENT((#5009));
#5011=STYLED_ITEM('',(#5010),#5008);
#5012=DIRECTION('',(4.469956113190E-1,3.121886141371E-2,8.939912226379E-1));
#5013=VECTOR('',#5012,4.474316859842E-1);
#5014=CARTESIAN_POINT('',(-1.535E1,-7.395625849961E0,3.1E0));
#5015=LINE('',#5014,#5013);
#5016=CURVE_STYLE('',#57,POSITIVE_LENGTH_MEASURE(2.E-2),#17);
#5017=PRESENTATION_STYLE_ASSIGNMENT((#5016));
#5018=STYLED_ITEM('',(#5017),#5015);
#5019=DIRECTION('',(0.E0,1.E0,0.E0));
#5020=VECTOR('',#5019,1.476331508433E1);
#5021=CARTESIAN_POINT('',(-1.515E1,-7.381657542164E0,3.5E0));
#5022=LINE('',#5021,#5020);
#5023=CURVE_STYLE('',#57,POSITIVE_LENGTH_MEASURE(2.E-2),#17);
#5024=PRESENTATION_STYLE_ASSIGNMENT((#5023));
#5025=STYLED_ITEM('',(#5024),#5022);
#5026=DIRECTION('',(-1.E0,2.486899575160E-13,0.E0));
#5027=VECTOR('',#5026,3.E-1);
#5028=CARTESIAN_POINT('',(-1.485E1,-7.381657542164E0,3.5E0));
#5029=LINE('',#5028,#5027);
#5030=CURVE_STYLE('',#57,POSITIVE_LENGTH_MEASURE(2.E-2),#17);
#5031=PRESENTATION_STYLE_ASSIGNMENT((#5030));
#5032=STYLED_ITEM('',(#5031),#5029);
#5033=DIRECTION('',(-4.469956113190E-1,3.121886141368E-2,-8.939912226379E-1));
#5034=VECTOR('',#5033,4.474316859843E-1);
#5035=CARTESIAN_POINT('',(-1.515E1,7.381657542164E0,3.5E0));
#5036=LINE('',#5035,#5034);
#5037=CURVE_STYLE('',#57,POSITIVE_LENGTH_MEASURE(2.E-2),#17);
#5038=PRESENTATION_STYLE_ASSIGNMENT((#5037));
#5039=STYLED_ITEM('',(#5038),#5036);
#5040=DIRECTION('',(-1.E0,1.924386576017E-13,0.E0));
#5041=VECTOR('',#5040,3.E-1);
#5042=CARTESIAN_POINT('',(-1.485E1,7.381657542164E0,3.5E0));
#5043=LINE('',#5042,#5041);
#5044=CURVE_STYLE('',#57,POSITIVE_LENGTH_MEASURE(2.E-2),#17);
#5045=PRESENTATION_STYLE_ASSIGNMENT((#5044));
#5046=STYLED_ITEM('',(#5045),#5043);
#5047=DIRECTION('',(0.E0,1.E0,0.E0));
#5048=VECTOR('',#5047,1.215961303598E0);
#5049=CARTESIAN_POINT('',(-1.535E1,7.434038696402E0,2.E0));
#5050=LINE('',#5049,#5048);
#5051=CURVE_STYLE('',#57,POSITIVE_LENGTH_MEASURE(2.E-2),#17);
#5052=PRESENTATION_STYLE_ASSIGNMENT((#5051));
#5053=STYLED_ITEM('',(#5052),#5050);
#5054=CARTESIAN_POINT('',(-1.465E1,8.65E0,2.E0));
#5055=DIRECTION('',(0.E0,0.E0,-1.E0));
#5056=DIRECTION('',(-1.E0,0.E0,0.E0));
#5057=AXIS2_PLACEMENT_3D('',#5054,#5055,#5056);
#5059=CURVE_STYLE('',#57,POSITIVE_LENGTH_MEASURE(2.E-2),#17);
#5060=PRESENTATION_STYLE_ASSIGNMENT((#5059));
#5061=STYLED_ITEM('',(#5060),#5058);
#5062=DIRECTION('',(1.E0,0.E0,0.E0));
#5063=VECTOR('',#5062,1.3E0);
#5064=CARTESIAN_POINT('',(-1.465E1,9.35E0,2.E0));
#5065=LINE('',#5064,#5063);
#5066=CURVE_STYLE('',#57,POSITIVE_LENGTH_MEASURE(2.E-2),#17);
#5067=PRESENTATION_STYLE_ASSIGNMENT((#5066));
#5068=STYLED_ITEM('',(#5067),#5065);
#5069=DIRECTION('',(4.618527782441E-13,-1.E0,0.E0));
#5070=VECTOR('',#5069,5.E-1);
#5071=CARTESIAN_POINT('',(-1.335E1,9.35E0,2.E0));
#5072=LINE('',#5071,#5070);
#5073=CURVE_STYLE('',#57,POSITIVE_LENGTH_MEASURE(2.E-2),#17);
#5074=PRESENTATION_STYLE_ASSIGNMENT((#5073));
#5075=STYLED_ITEM('',(#5074),#5072);
#5076=CARTESIAN_POINT('',(-1.465E1,8.65E0,2.E0));
#5077=DIRECTION('',(0.E0,0.E0,1.E0));
#5078=DIRECTION('',(0.E0,1.E0,0.E0));
#5079=AXIS2_PLACEMENT_3D('',#5076,#5077,#5078);
#5081=CURVE_STYLE('',#57,POSITIVE_LENGTH_MEASURE(2.E-2),#17);
#5082=PRESENTATION_STYLE_ASSIGNMENT((#5081));
#5083=STYLED_ITEM('',(#5082),#5080);
#5084=DIRECTION('',(-1.E0,1.421085471520E-13,0.E0));
#5085=VECTOR('',#5084,5.E-1);
#5086=CARTESIAN_POINT('',(-1.485E1,7.434038696402E0,2.E0));
#5087=LINE('',#5086,#5085);
#5088=CURVE_STYLE('',#57,POSITIVE_LENGTH_MEASURE(2.E-2),#17);
#5089=PRESENTATION_STYLE_ASSIGNMENT((#5088));
#5090=STYLED_ITEM('',(#5089),#5087);
#5091=DIRECTION('',(0.E0,0.E0,-1.E0));
#5092=VECTOR('',#5091,1.5E0);
#5093=CARTESIAN_POINT('',(-1.535E1,8.65E0,2.E0));
#5094=LINE('',#5093,#5092);
#5095=CURVE_STYLE('',#57,POSITIVE_LENGTH_MEASURE(2.E-2),#17);
#5096=PRESENTATION_STYLE_ASSIGNMENT((#5095));
#5097=STYLED_ITEM('',(#5096),#5094);
#5098=DIRECTION('',(0.E0,0.E0,1.E0));
#5099=VECTOR('',#5098,1.5E0);
#5100=CARTESIAN_POINT('',(-1.465E1,9.35E0,5.E-1));
#5101=LINE('',#5100,#5099);
#5102=CURVE_STYLE('',#57,POSITIVE_LENGTH_MEASURE(2.E-2),#17);
#5103=PRESENTATION_STYLE_ASSIGNMENT((#5102));
#5104=STYLED_ITEM('',(#5103),#5101);
#5105=DIRECTION('',(-3.489949670279E-2,0.E0,-9.993908270191E-1));
#5106=VECTOR('',#5105,1.100670498729E0);
#5107=CARTESIAN_POINT('',(-1.331158715356E1,9.35E0,3.1E0));
#5108=LINE('',#5107,#5106);
#5109=CURVE_STYLE('',#57,POSITIVE_LENGTH_MEASURE(2.E-2),#17);
#5110=PRESENTATION_STYLE_ASSIGNMENT((#5109));
#5111=STYLED_ITEM('',(#5110),#5108);
#5112=DIRECTION('',(1.E0,0.E0,0.E0));
#5113=VECTOR('',#5112,2.93E1);
#5114=CARTESIAN_POINT('',(-1.465E1,9.35E0,5.E-1));
#5115=LINE('',#5114,#5113);
#5116=CURVE_STYLE('',#57,POSITIVE_LENGTH_MEASURE(2.E-2),#17);
#5117=PRESENTATION_STYLE_ASSIGNMENT((#5116));
#5118=STYLED_ITEM('',(#5117),#5115);
#5119=DIRECTION('',(-3.489949670229E-2,0.E0,9.993908270191E-1));
#5120=VECTOR('',#5119,1.100670498729E0);
#5121=CARTESIAN_POINT('',(1.335E1,9.35E0,2.E0));
#5122=LINE('',#5121,#5120);
#5123=CURVE_STYLE('',#57,POSITIVE_LENGTH_MEASURE(2.E-2),#17);
#5124=PRESENTATION_STYLE_ASSIGNMENT((#5123));
#5125=STYLED_ITEM('',(#5124),#5122);
#5126=CARTESIAN_POINT('',(8.E0,9.35E0,2.E0));
#5127=DIRECTION('',(0.E0,1.E0,0.E0));
#5128=DIRECTION('',(-1.E0,0.E0,0.E0));
#5129=AXIS2_PLACEMENT_3D('',#5126,#5127,#5128);
#5131=CURVE_STYLE('',#57,POSITIVE_LENGTH_MEASURE(2.E-2),#17);
#5132=PRESENTATION_STYLE_ASSIGNMENT((#5131));
#5133=STYLED_ITEM('',(#5132),#5130);
#5134=CARTESIAN_POINT('',(8.E0,9.35E0,2.E0));
#5135=DIRECTION('',(0.E0,1.E0,0.E0));
#5136=DIRECTION('',(1.E0,0.E0,0.E0));
#5137=AXIS2_PLACEMENT_3D('',#5134,#5135,#5136);
#5139=CURVE_STYLE('',#57,POSITIVE_LENGTH_MEASURE(2.E-2),#17);
#5140=PRESENTATION_STYLE_ASSIGNMENT((#5139));
#5141=STYLED_ITEM('',(#5140),#5138);
#5142=CARTESIAN_POINT('',(-8.E0,9.35E0,2.E0));
#5143=DIRECTION('',(0.E0,1.E0,0.E0));
#5144=DIRECTION('',(-1.E0,0.E0,0.E0));
#5145=AXIS2_PLACEMENT_3D('',#5142,#5143,#5144);
#5147=CURVE_STYLE('',#57,POSITIVE_LENGTH_MEASURE(2.E-2),#17);
#5148=PRESENTATION_STYLE_ASSIGNMENT((#5147));
#5149=STYLED_ITEM('',(#5148),#5146);
#5150=CARTESIAN_POINT('',(-8.E0,9.35E0,2.E0));
#5151=DIRECTION('',(0.E0,1.E0,0.E0));
#5152=DIRECTION('',(1.E0,0.E0,0.E0));
#5153=AXIS2_PLACEMENT_3D('',#5150,#5151,#5152);
#5155=CURVE_STYLE('',#57,POSITIVE_LENGTH_MEASURE(2.E-2),#17);
#5156=PRESENTATION_STYLE_ASSIGNMENT((#5155));
#5157=STYLED_ITEM('',(#5156),#5154);
#5158=DIRECTION('',(1.E0,0.E0,0.E0));
#5159=VECTOR('',#5158,2.662317430712E1);
#5160=CARTESIAN_POINT('',(-1.331158715356E1,9.35E0,3.1E0));
#5161=LINE('',#5160,#5159);
#5162=CURVE_STYLE('',#57,POSITIVE_LENGTH_MEASURE(2.E-2),#17);
#5163=PRESENTATION_STYLE_ASSIGNMENT((#5162));
#5164=STYLED_ITEM('',(#5163),#5161);
#5165=DIRECTION('',(3.121886141701E-2,-4.469956113189E-1,8.939912226378E-1));
#5166=VECTOR('',#5165,4.474316859843E-1);
#5167=CARTESIAN_POINT('',(-1.331158715356E1,9.35E0,3.1E0));
#5168=LINE('',#5167,#5166);
#5169=CURVE_STYLE('',#57,POSITIVE_LENGTH_MEASURE(2.E-2),#17);
#5170=PRESENTATION_STYLE_ASSIGNMENT((#5169));
#5171=STYLED_ITEM('',(#5170),#5168);
#5172=DIRECTION('',(1.E0,0.E0,0.E0));
#5173=VECTOR('',#5172,2.659523769152E1);
#5174=CARTESIAN_POINT('',(-1.329761884576E1,9.15E0,3.5E0));
#5175=LINE('',#5174,#5173);
#5176=CURVE_STYLE('',#57,POSITIVE_LENGTH_MEASURE(2.E-2),#17);
#5177=PRESENTATION_STYLE_ASSIGNMENT((#5176));
#5178=STYLED_ITEM('',(#5177),#5175);
#5179=DIRECTION('',(1.663854239572E-12,1.E0,0.E0));
#5180=VECTOR('',#5179,3.E-1);
#5181=CARTESIAN_POINT('',(-1.329761884576E1,8.85E0,3.5E0));
#5182=LINE('',#5181,#5180);
#5183=CURVE_STYLE('',#57,POSITIVE_LENGTH_MEASURE(2.E-2),#17);
#5184=PRESENTATION_STYLE_ASSIGNMENT((#5183));
#5185=STYLED_ITEM('',(#5184),#5182);
#5186=DIRECTION('',(3.121886141559E-2,4.469956113190E-1,-8.939912226378E-1));
#5187=VECTOR('',#5186,4.474316859843E-1);
#5188=CARTESIAN_POINT('',(1.329761884576E1,9.15E0,3.5E0));
#5189=LINE('',#5188,#5187);
#5190=CURVE_STYLE('',#57,POSITIVE_LENGTH_MEASURE(2.E-2),#17);
#5191=PRESENTATION_STYLE_ASSIGNMENT((#5190));
#5192=STYLED_ITEM('',(#5191),#5189);
#5193=DIRECTION('',(2.480978385696E-12,1.E0,0.E0));
#5194=VECTOR('',#5193,3.E-1);
#5195=CARTESIAN_POINT('',(1.329761884576E1,8.85E0,3.5E0));
#5196=LINE('',#5195,#5194);
#5197=CURVE_STYLE('',#57,POSITIVE_LENGTH_MEASURE(2.E-2),#17);
#5198=PRESENTATION_STYLE_ASSIGNMENT((#5197));
#5199=STYLED_ITEM('',(#5198),#5196);
#5200=DIRECTION('',(0.E0,-1.E0,0.E0));
#5201=VECTOR('',#5200,1.215961303598E0);
#5202=CARTESIAN_POINT('',(1.535E1,8.65E0,2.E0));
#5203=LINE('',#5202,#5201);
#5204=CURVE_STYLE('',#57,POSITIVE_LENGTH_MEASURE(2.E-2),#17);
#5205=PRESENTATION_STYLE_ASSIGNMENT((#5204));
#5206=STYLED_ITEM('',(#5205),#5203);
#5207=DIRECTION('',(-1.E0,2.486899575160E-14,0.E0));
#5208=VECTOR('',#5207,5.E-1);
#5209=CARTESIAN_POINT('',(1.535E1,7.434038696402E0,2.E0));
#5210=LINE('',#5209,#5208);
#5211=CURVE_STYLE('',#57,POSITIVE_LENGTH_MEASURE(2.E-2),#17);
#5212=PRESENTATION_STYLE_ASSIGNMENT((#5211));
#5213=STYLED_ITEM('',(#5212),#5210);
#5214=CARTESIAN_POINT('',(1.465E1,8.65E0,2.E0));
#5215=DIRECTION('',(0.E0,0.E0,1.E0));
#5216=DIRECTION('',(1.E0,0.E0,0.E0));
#5217=AXIS2_PLACEMENT_3D('',#5214,#5215,#5216);
#5219=CURVE_STYLE('',#57,POSITIVE_LENGTH_MEASURE(2.E-2),#17);
#5220=PRESENTATION_STYLE_ASSIGNMENT((#5219));
#5221=STYLED_ITEM('',(#5220),#5218);
#5222=DIRECTION('',(8.846257060213E-13,1.E0,0.E0));
#5223=VECTOR('',#5222,5.E-1);
#5224=CARTESIAN_POINT('',(1.335E1,8.85E0,2.E0));
#5225=LINE('',#5224,#5223);
#5226=CURVE_STYLE('',#57,POSITIVE_LENGTH_MEASURE(2.E-2),#17);
#5227=PRESENTATION_STYLE_ASSIGNMENT((#5226));
#5228=STYLED_ITEM('',(#5227),#5225);
#5229=DIRECTION('',(1.E0,0.E0,0.E0));
#5230=VECTOR('',#5229,1.3E0);
#5231=CARTESIAN_POINT('',(1.335E1,9.35E0,2.E0));
#5232=LINE('',#5231,#5230);
#5233=CURVE_STYLE('',#57,POSITIVE_LENGTH_MEASURE(2.E-2),#17);
#5234=PRESENTATION_STYLE_ASSIGNMENT((#5233));
#5235=STYLED_ITEM('',(#5234),#5232);
#5236=CARTESIAN_POINT('',(1.465E1,8.65E0,2.E0));
#5237=DIRECTION('',(0.E0,0.E0,-1.E0));
#5238=DIRECTION('',(0.E0,1.E0,0.E0));
#5239=AXIS2_PLACEMENT_3D('',#5236,#5237,#5238);
#5241=CURVE_STYLE('',#57,POSITIVE_LENGTH_MEASURE(2.E-2),#17);
#5242=PRESENTATION_STYLE_ASSIGNMENT((#5241));
#5243=STYLED_ITEM('',(#5242),#5240);
#5244=DIRECTION('',(0.E0,0.E0,-1.E0));
#5245=VECTOR('',#5244,2.E0);
#5246=CARTESIAN_POINT('',(1.485E1,2.5E-1,3.E0));
#5247=LINE('',#5246,#5245);
#5248=CURVE_STYLE('',#57,POSITIVE_LENGTH_MEASURE(2.E-2),#17);
#5249=PRESENTATION_STYLE_ASSIGNMENT((#5248));
#5250=STYLED_ITEM('',(#5249),#5247);
#5251=DIRECTION('',(0.E0,-1.E0,0.E0));
#5252=VECTOR('',#5251,1.215961303598E0);
#5253=CARTESIAN_POINT('',(1.485E1,8.65E0,2.E0));
#5254=LINE('',#5253,#5252);
#5255=CURVE_STYLE('',#57,POSITIVE_LENGTH_MEASURE(2.E-2),#17);
#5256=PRESENTATION_STYLE_ASSIGNMENT((#5255));
#5257=STYLED_ITEM('',(#5256),#5254);
#5258=DIRECTION('',(0.E0,-3.489949670262E-2,9.993908270191E-1));
#5259=VECTOR('',#5258,1.500914316448E0);
#5260=CARTESIAN_POINT('',(1.485E1,7.434038696402E0,2.E0));
#5261=LINE('',#5260,#5259);
#5262=CURVE_STYLE('',#57,POSITIVE_LENGTH_MEASURE(2.E-2),#17);
#5263=PRESENTATION_STYLE_ASSIGNMENT((#5262));
#5264=STYLED_ITEM('',(#5263),#5261);
#5265=DIRECTION('',(0.E0,-1.E0,0.E0));
#5266=VECTOR('',#5265,1.476331508433E1);
#5267=CARTESIAN_POINT('',(1.485E1,7.381657542164E0,3.5E0));
#5268=LINE('',#5267,#5266);
#5269=CURVE_STYLE('',#57,POSITIVE_LENGTH_MEASURE(2.E-2),#17);
#5270=PRESENTATION_STYLE_ASSIGNMENT((#5269));
#5271=STYLED_ITEM('',(#5270),#5268);
#5272=DIRECTION('',(0.E0,-3.489949670261E-2,-9.993908270191E-1));
#5273=VECTOR('',#5272,1.500914316448E0);
#5274=CARTESIAN_POINT('',(1.485E1,-7.381657542164E0,3.5E0));
#5275=LINE('',#5274,#5273);
#5276=CURVE_STYLE('',#57,POSITIVE_LENGTH_MEASURE(2.E-2),#17);
#5277=PRESENTATION_STYLE_ASSIGNMENT((#5276));
#5278=STYLED_ITEM('',(#5277),#5275);
#5279=DIRECTION('',(0.E0,-1.E0,0.E0));
#5280=VECTOR('',#5279,1.215961303598E0);
#5281=CARTESIAN_POINT('',(1.485E1,-7.434038696402E0,2.E0));
#5282=LINE('',#5281,#5280);
#5283=CURVE_STYLE('',#57,POSITIVE_LENGTH_MEASURE(2.E-2),#17);
#5284=PRESENTATION_STYLE_ASSIGNMENT((#5283));
#5285=STYLED_ITEM('',(#5284),#5282);
#5286=DIRECTION('',(0.E0,0.E0,-1.E0));
#5287=VECTOR('',#5286,2.E0);
#5288=CARTESIAN_POINT('',(1.485E1,-2.5E-1,3.E0));
#5289=LINE('',#5288,#5287);
#5290=CURVE_STYLE('',#57,POSITIVE_LENGTH_MEASURE(2.E-2),#17);
#5291=PRESENTATION_STYLE_ASSIGNMENT((#5290));
#5292=STYLED_ITEM('',(#5291),#5289);
#5293=DIRECTION('',(-1.E0,0.E0,0.E0));
#5294=VECTOR('',#5293,5.E-1);
#5295=CARTESIAN_POINT('',(1.485E1,-2.5E-1,1.E0));
#5296=LINE('',#5295,#5294);
#5297=CURVE_STYLE('',#57,POSITIVE_LENGTH_MEASURE(2.E-2),#17);
#5298=PRESENTATION_STYLE_ASSIGNMENT((#5297));
#5299=STYLED_ITEM('',(#5298),#5296);
#5300=DIRECTION('',(3.846153846154E-1,0.E0,9.230769230769E-1));
#5301=VECTOR('',#5300,1.95E0);
#5302=CARTESIAN_POINT('',(1.39E1,-2.5E-1,1.2E0));
#5303=LINE('',#5302,#5301);
#5304=CURVE_STYLE('',#57,POSITIVE_LENGTH_MEASURE(2.E-2),#17);
#5305=PRESENTATION_STYLE_ASSIGNMENT((#5304));
#5306=STYLED_ITEM('',(#5305),#5303);
#5307=DIRECTION('',(1.E0,0.E0,0.E0));
#5308=VECTOR('',#5307,1.365E1);
#5309=CARTESIAN_POINT('',(4.E-1,-6.8E0,1.E0));
#5310=LINE('',#5309,#5308);
#5311=CURVE_STYLE('',#57,POSITIVE_LENGTH_MEASURE(2.E-2),#17);
#5312=PRESENTATION_STYLE_ASSIGNMENT((#5311));
#5313=STYLED_ITEM('',(#5312),#5310);
#5314=CARTESIAN_POINT('',(1.405E1,-6.5E0,1.E0));
#5315=DIRECTION('',(0.E0,0.E0,1.E0));
#5316=DIRECTION('',(0.E0,-1.E0,0.E0));
#5317=AXIS2_PLACEMENT_3D('',#5314,#5315,#5316);
#5319=CURVE_STYLE('',#57,POSITIVE_LENGTH_MEASURE(2.E-2),#17);
#5320=PRESENTATION_STYLE_ASSIGNMENT((#5319));
#5321=STYLED_ITEM('',(#5320),#5318);
#5322=DIRECTION('',(0.E0,1.E0,0.E0));
#5323=VECTOR('',#5322,6.25E0);
#5324=CARTESIAN_POINT('',(1.435E1,-6.5E0,1.E0));
#5325=LINE('',#5324,#5323);
#5326=CURVE_STYLE('',#57,POSITIVE_LENGTH_MEASURE(2.E-2),#17);
#5327=PRESENTATION_STYLE_ASSIGNMENT((#5326));
#5328=STYLED_ITEM('',(#5327),#5325);
#5329=DIRECTION('',(0.E0,-1.E0,0.E0));
#5330=VECTOR('',#5329,8.4E0);
#5331=CARTESIAN_POINT('',(1.485E1,-2.5E-1,1.E0));
#5332=LINE('',#5331,#5330);
#5333=CURVE_STYLE('',#57,POSITIVE_LENGTH_MEASURE(2.E-2),#17);
#5334=PRESENTATION_STYLE_ASSIGNMENT((#5333));
#5335=STYLED_ITEM('',(#5334),#5332);
#5336=CARTESIAN_POINT('',(1.465E1,-8.65E0,1.E0));
#5337=DIRECTION('',(0.E0,0.E0,-1.E0));
#5338=DIRECTION('',(1.E0,0.E0,0.E0));
#5339=AXIS2_PLACEMENT_3D('',#5336,#5337,#5338);
#5341=CURVE_STYLE('',#57,POSITIVE_LENGTH_MEASURE(2.E-2),#17);
#5342=PRESENTATION_STYLE_ASSIGNMENT((#5341));
#5343=STYLED_ITEM('',(#5342),#5340);
#5344=DIRECTION('',(-1.E0,0.E0,0.E0));
#5345=VECTOR('',#5344,1.425E1);
#5346=CARTESIAN_POINT('',(1.465E1,-8.85E0,1.E0));
#5347=LINE('',#5346,#5345);
#5348=CURVE_STYLE('',#57,POSITIVE_LENGTH_MEASURE(2.E-2),#17);
#5349=PRESENTATION_STYLE_ASSIGNMENT((#5348));
#5350=STYLED_ITEM('',(#5349),#5347);
#5351=CARTESIAN_POINT('',(1.27E0,-7.62E0,1.E0));
#5352=DIRECTION('',(0.E0,0.E0,1.E0));
#5353=DIRECTION('',(-1.E0,0.E0,0.E0));
#5354=AXIS2_PLACEMENT_3D('',#5351,#5352,#5353);
#5356=CURVE_STYLE('',#57,POSITIVE_LENGTH_MEASURE(2.E-2),#17);
#5357=PRESENTATION_STYLE_ASSIGNMENT((#5356));
#5358=STYLED_ITEM('',(#5357),#5355);
#5359=CARTESIAN_POINT('',(1.27E0,-7.62E0,1.E0));
#5360=DIRECTION('',(0.E0,0.E0,1.E0));
#5361=DIRECTION('',(1.E0,0.E0,0.E0));
#5362=AXIS2_PLACEMENT_3D('',#5359,#5360,#5361);
#5364=CURVE_STYLE('',#57,POSITIVE_LENGTH_MEASURE(2.E-2),#17);
#5365=PRESENTATION_STYLE_ASSIGNMENT((#5364));
#5366=STYLED_ITEM('',(#5365),#5363);
#5367=CARTESIAN_POINT('',(8.89E0,-7.62E0,1.E0));
#5368=DIRECTION('',(0.E0,0.E0,1.E0));
#5369=DIRECTION('',(-1.E0,0.E0,0.E0));
#5370=AXIS2_PLACEMENT_3D('',#5367,#5368,#5369);
#5372=CURVE_STYLE('',#57,POSITIVE_LENGTH_MEASURE(2.E-2),#17);
#5373=PRESENTATION_STYLE_ASSIGNMENT((#5372));
#5374=STYLED_ITEM('',(#5373),#5371);
#5375=CARTESIAN_POINT('',(8.89E0,-7.62E0,1.E0));
#5376=DIRECTION('',(0.E0,0.E0,1.E0));
#5377=DIRECTION('',(1.E0,0.E0,0.E0));
#5378=AXIS2_PLACEMENT_3D('',#5375,#5376,#5377);
#5380=CURVE_STYLE('',#57,POSITIVE_LENGTH_MEASURE(2.E-2),#17);
#5381=PRESENTATION_STYLE_ASSIGNMENT((#5380));
#5382=STYLED_ITEM('',(#5381),#5379);
#5383=CARTESIAN_POINT('',(3.81E0,-7.62E0,1.E0));
#5384=DIRECTION('',(0.E0,0.E0,1.E0));
#5385=DIRECTION('',(-1.E0,0.E0,0.E0));
#5386=AXIS2_PLACEMENT_3D('',#5383,#5384,#5385);
#5388=CURVE_STYLE('',#57,POSITIVE_LENGTH_MEASURE(2.E-2),#17);
#5389=PRESENTATION_STYLE_ASSIGNMENT((#5388));
#5390=STYLED_ITEM('',(#5389),#5387);
#5391=CARTESIAN_POINT('',(3.81E0,-7.62E0,1.E0));
#5392=DIRECTION('',(0.E0,0.E0,1.E0));
#5393=DIRECTION('',(1.E0,0.E0,0.E0));
#5394=AXIS2_PLACEMENT_3D('',#5391,#5392,#5393);
#5396=CURVE_STYLE('',#57,POSITIVE_LENGTH_MEASURE(2.E-2),#17);
#5397=PRESENTATION_STYLE_ASSIGNMENT((#5396));
#5398=STYLED_ITEM('',(#5397),#5395);
#5399=CARTESIAN_POINT('',(1.397E1,-7.62E0,1.E0));
#5400=DIRECTION('',(0.E0,0.E0,1.E0));
#5401=DIRECTION('',(-1.E0,0.E0,0.E0));
#5402=AXIS2_PLACEMENT_3D('',#5399,#5400,#5401);
#5404=CURVE_STYLE('',#57,POSITIVE_LENGTH_MEASURE(2.E-2),#17);
#5405=PRESENTATION_STYLE_ASSIGNMENT((#5404));
#5406=STYLED_ITEM('',(#5405),#5403);
#5407=CARTESIAN_POINT('',(1.397E1,-7.62E0,1.E0));
#5408=DIRECTION('',(0.E0,0.E0,1.E0));
#5409=DIRECTION('',(1.E0,0.E0,0.E0));
#5410=AXIS2_PLACEMENT_3D('',#5407,#5408,#5409);
#5412=CURVE_STYLE('',#57,POSITIVE_LENGTH_MEASURE(2.E-2),#17);
#5413=PRESENTATION_STYLE_ASSIGNMENT((#5412));
#5414=STYLED_ITEM('',(#5413),#5411);
#5415=CARTESIAN_POINT('',(6.35E0,-7.62E0,1.E0));
#5416=DIRECTION('',(0.E0,0.E0,1.E0));
#5417=DIRECTION('',(-1.E0,0.E0,0.E0));
#5418=AXIS2_PLACEMENT_3D('',#5415,#5416,#5417);
#5420=CURVE_STYLE('',#57,POSITIVE_LENGTH_MEASURE(2.E-2),#17);
#5421=PRESENTATION_STYLE_ASSIGNMENT((#5420));
#5422=STYLED_ITEM('',(#5421),#5419);
#5423=CARTESIAN_POINT('',(6.35E0,-7.62E0,1.E0));
#5424=DIRECTION('',(0.E0,0.E0,1.E0));
#5425=DIRECTION('',(1.E0,0.E0,0.E0));
#5426=AXIS2_PLACEMENT_3D('',#5423,#5424,#5425);
#5428=CURVE_STYLE('',#57,POSITIVE_LENGTH_MEASURE(2.E-2),#17);
#5429=PRESENTATION_STYLE_ASSIGNMENT((#5428));
#5430=STYLED_ITEM('',(#5429),#5427);
#5431=CARTESIAN_POINT('',(1.143E1,-7.62E0,1.E0));
#5432=DIRECTION('',(0.E0,0.E0,1.E0));
#5433=DIRECTION('',(-1.E0,0.E0,0.E0));
#5434=AXIS2_PLACEMENT_3D('',#5431,#5432,#5433);
#5436=CURVE_STYLE('',#57,POSITIVE_LENGTH_MEASURE(2.E-2),#17);
#5437=PRESENTATION_STYLE_ASSIGNMENT((#5436));
#5438=STYLED_ITEM('',(#5437),#5435);
#5439=CARTESIAN_POINT('',(1.143E1,-7.62E0,1.E0));
#5440=DIRECTION('',(0.E0,0.E0,1.E0));
#5441=DIRECTION('',(1.E0,0.E0,0.E0));
#5442=AXIS2_PLACEMENT_3D('',#5439,#5440,#5441);
#5444=CURVE_STYLE('',#57,POSITIVE_LENGTH_MEASURE(2.E-2),#17);
#5445=PRESENTATION_STYLE_ASSIGNMENT((#5444));
#5446=STYLED_ITEM('',(#5445),#5443);
#5447=DIRECTION('',(0.E0,0.E0,-1.E0));
#5448=VECTOR('',#5447,2.E-1);
#5449=CARTESIAN_POINT('',(4.E-1,-6.8E0,1.2E0));
#5450=LINE('',#5449,#5448);
#5451=CURVE_STYLE('',#57,POSITIVE_LENGTH_MEASURE(2.E-2),#17);
#5452=PRESENTATION_STYLE_ASSIGNMENT((#5451));
#5453=STYLED_ITEM('',(#5452),#5450);
#5454=DIRECTION('',(0.E0,-1.E0,0.E0));
#5455=VECTOR('',#5454,2.05E0);
#5456=CARTESIAN_POINT('',(4.E-1,-6.8E0,1.E0));
#5457=LINE('',#5456,#5455);
#5458=CURVE_STYLE('',#57,POSITIVE_LENGTH_MEASURE(2.E-2),#17);
#5459=PRESENTATION_STYLE_ASSIGNMENT((#5458));
#5460=STYLED_ITEM('',(#5459),#5457);
#5461=DIRECTION('',(0.E0,0.E0,-1.E0));
#5462=VECTOR('',#5461,2.E-1);
#5463=CARTESIAN_POINT('',(4.E-1,-8.85E0,1.2E0));
#5464=LINE('',#5463,#5462);
#5465=CURVE_STYLE('',#57,POSITIVE_LENGTH_MEASURE(2.E-2),#17);
#5466=PRESENTATION_STYLE_ASSIGNMENT((#5465));
#5467=STYLED_ITEM('',(#5466),#5464);
#5468=DIRECTION('',(-1.E0,0.E0,0.E0));
#5469=VECTOR('',#5468,1.3E0);
#5470=CARTESIAN_POINT('',(1.465E1,-8.85E0,2.E0));
#5471=LINE('',#5470,#5469);
#5472=CURVE_STYLE('',#57,POSITIVE_LENGTH_MEASURE(2.E-2),#17);
#5473=PRESENTATION_STYLE_ASSIGNMENT((#5472));
#5474=STYLED_ITEM('',(#5473),#5471);
#5475=DIRECTION('',(-3.489949670331E-2,0.E0,9.993908270191E-1));
#5476=VECTOR('',#5475,1.500914316448E0);
#5477=CARTESIAN_POINT('',(1.335E1,-8.85E0,2.E0));
#5478=LINE('',#5477,#5476);
#5479=CURVE_STYLE('',#57,POSITIVE_LENGTH_MEASURE(2.E-2),#17);
#5480=PRESENTATION_STYLE_ASSIGNMENT((#5479));
#5481=STYLED_ITEM('',(#5480),#5478);
#5482=DIRECTION('',(-1.E0,0.E0,0.E0));
#5483=VECTOR('',#5482,2.659523769152E1);
#5484=CARTESIAN_POINT('',(1.329761884576E1,-8.85E0,3.5E0));
#5485=LINE('',#5484,#5483);
#5486=CURVE_STYLE('',#57,POSITIVE_LENGTH_MEASURE(2.E-2),#17);
#5487=PRESENTATION_STYLE_ASSIGNMENT((#5486));
#5488=STYLED_ITEM('',(#5487),#5485);
#5489=DIRECTION('',(-3.489949670320E-2,0.E0,-9.993908270191E-1));
#5490=VECTOR('',#5489,1.500914316448E0);
#5491=CARTESIAN_POINT('',(-1.329761884576E1,-8.85E0,3.5E0));
#5492=LINE('',#5491,#5490);
#5493=CURVE_STYLE('',#57,POSITIVE_LENGTH_MEASURE(2.E-2),#17);
#5494=PRESENTATION_STYLE_ASSIGNMENT((#5493));
#5495=STYLED_ITEM('',(#5494),#5492);
#5496=DIRECTION('',(-1.E0,0.E0,0.E0));
#5497=VECTOR('',#5496,1.300000000001E0);
#5498=CARTESIAN_POINT('',(-1.335E1,-8.85E0,2.E0));
#5499=LINE('',#5498,#5497);
#5500=CURVE_STYLE('',#57,POSITIVE_LENGTH_MEASURE(2.E-2),#17);
#5501=PRESENTATION_STYLE_ASSIGNMENT((#5500));
#5502=STYLED_ITEM('',(#5501),#5499);
#5503=CARTESIAN_POINT('',(-8.E0,-8.85E0,2.E0));
#5504=DIRECTION('',(0.E0,1.E0,0.E0));
#5505=DIRECTION('',(-1.E0,0.E0,0.E0));
#5506=AXIS2_PLACEMENT_3D('',#5503,#5504,#5505);
#5508=CURVE_STYLE('',#57,POSITIVE_LENGTH_MEASURE(2.E-2),#17);
#5509=PRESENTATION_STYLE_ASSIGNMENT((#5508));
#5510=STYLED_ITEM('',(#5509),#5507);
#5511=CARTESIAN_POINT('',(-8.E0,-8.85E0,2.E0));
#5512=DIRECTION('',(0.E0,1.E0,0.E0));
#5513=DIRECTION('',(1.E0,0.E0,0.E0));
#5514=AXIS2_PLACEMENT_3D('',#5511,#5512,#5513);
#5516=CURVE_STYLE('',#57,POSITIVE_LENGTH_MEASURE(2.E-2),#17);
#5517=PRESENTATION_STYLE_ASSIGNMENT((#5516));
#5518=STYLED_ITEM('',(#5517),#5515);
#5519=CARTESIAN_POINT('',(8.E0,-8.85E0,2.E0));
#5520=DIRECTION('',(0.E0,1.E0,0.E0));
#5521=DIRECTION('',(-1.E0,0.E0,0.E0));
#5522=AXIS2_PLACEMENT_3D('',#5519,#5520,#5521);
#5524=CURVE_STYLE('',#57,POSITIVE_LENGTH_MEASURE(2.E-2),#17);
#5525=PRESENTATION_STYLE_ASSIGNMENT((#5524));
#5526=STYLED_ITEM('',(#5525),#5523);
#5527=CARTESIAN_POINT('',(8.E0,-8.85E0,2.E0));
#5528=DIRECTION('',(0.E0,1.E0,0.E0));
#5529=DIRECTION('',(1.E0,0.E0,0.E0));
#5530=AXIS2_PLACEMENT_3D('',#5527,#5528,#5529);
#5532=CURVE_STYLE('',#57,POSITIVE_LENGTH_MEASURE(2.E-2),#17);
#5533=PRESENTATION_STYLE_ASSIGNMENT((#5532));
#5534=STYLED_ITEM('',(#5533),#5531);
#5535=DIRECTION('',(-1.E0,0.E0,0.E0));
#5536=VECTOR('',#5535,8.E-1);
#5537=CARTESIAN_POINT('',(4.E-1,-8.85E0,1.2E0));
#5538=LINE('',#5537,#5536);
#5539=CURVE_STYLE('',#57,POSITIVE_LENGTH_MEASURE(2.E-2),#17);
#5540=PRESENTATION_STYLE_ASSIGNMENT((#5539));
#5541=STYLED_ITEM('',(#5540),#5538);
#5542=DIRECTION('',(0.E0,1.E0,0.E0));
#5543=VECTOR('',#5542,2.05E0);
#5544=CARTESIAN_POINT('',(-4.E-1,-8.85E0,1.2E0));
#5545=LINE('',#5544,#5543);
#5546=CURVE_STYLE('',#57,POSITIVE_LENGTH_MEASURE(2.E-2),#17);
#5547=PRESENTATION_STYLE_ASSIGNMENT((#5546));
#5548=STYLED_ITEM('',(#5547),#5545);
#5549=DIRECTION('',(1.E0,0.E0,0.E0));
#5550=VECTOR('',#5549,8.E-1);
#5551=CARTESIAN_POINT('',(-4.E-1,-6.8E0,1.2E0));
#5552=LINE('',#5551,#5550);
#5553=CURVE_STYLE('',#57,POSITIVE_LENGTH_MEASURE(2.E-2),#17);
#5554=PRESENTATION_STYLE_ASSIGNMENT((#5553));
#5555=STYLED_ITEM('',(#5554),#5552);
#5556=DIRECTION('',(0.E0,-1.E0,0.E0));
#5557=VECTOR('',#5556,2.05E0);
#5558=CARTESIAN_POINT('',(4.E-1,-6.8E0,1.2E0));
#5559=LINE('',#5558,#5557);
#5560=CURVE_STYLE('',#57,POSITIVE_LENGTH_MEASURE(2.E-2),#17);
#5561=PRESENTATION_STYLE_ASSIGNMENT((#5560));
#5562=STYLED_ITEM('',(#5561),#5559);
#5563=DIRECTION('',(0.E0,0.E0,-1.E0));
#5564=VECTOR('',#5563,2.E-1);
#5565=CARTESIAN_POINT('',(-4.E-1,-8.85E0,1.2E0));
#5566=LINE('',#5565,#5564);
#5567=CURVE_STYLE('',#57,POSITIVE_LENGTH_MEASURE(2.E-2),#17);
#5568=PRESENTATION_STYLE_ASSIGNMENT((#5567));
#5569=STYLED_ITEM('',(#5568),#5566);
#5570=DIRECTION('',(0.E0,-1.E0,0.E0));
#5571=VECTOR('',#5570,2.05E0);
#5572=CARTESIAN_POINT('',(-4.E-1,-6.8E0,1.E0));
#5573=LINE('',#5572,#5571);
#5574=CURVE_STYLE('',#57,POSITIVE_LENGTH_MEASURE(2.E-2),#17);
#5575=PRESENTATION_STYLE_ASSIGNMENT((#5574));
#5576=STYLED_ITEM('',(#5575),#5573);
#5577=DIRECTION('',(-1.E0,0.E0,0.E0));
#5578=VECTOR('',#5577,1.425E1);
#5579=CARTESIAN_POINT('',(-4.E-1,-8.85E0,1.E0));
#5580=LINE('',#5579,#5578);
#5581=CURVE_STYLE('',#57,POSITIVE_LENGTH_MEASURE(2.E-2),#17);
#5582=PRESENTATION_STYLE_ASSIGNMENT((#5581));
#5583=STYLED_ITEM('',(#5582),#5580);
#5584=CARTESIAN_POINT('',(-1.465E1,-8.65E0,1.E0));
#5585=DIRECTION('',(0.E0,0.E0,-1.E0));
#5586=DIRECTION('',(0.E0,-1.E0,0.E0));
#5587=AXIS2_PLACEMENT_3D('',#5584,#5585,#5586);
#5589=CURVE_STYLE('',#57,POSITIVE_LENGTH_MEASURE(2.E-2),#17);
#5590=PRESENTATION_STYLE_ASSIGNMENT((#5589));
#5591=STYLED_ITEM('',(#5590),#5588);
#5592=DIRECTION('',(0.E0,1.E0,0.E0));
#5593=VECTOR('',#5592,8.4E0);
#5594=CARTESIAN_POINT('',(-1.485E1,-8.65E0,1.E0));
#5595=LINE('',#5594,#5593);
#5596=CURVE_STYLE('',#57,POSITIVE_LENGTH_MEASURE(2.E-2),#17);
#5597=PRESENTATION_STYLE_ASSIGNMENT((#5596));
#5598=STYLED_ITEM('',(#5597),#5595);
#5599=DIRECTION('',(1.E0,0.E0,0.E0));
#5600=VECTOR('',#5599,5.E-1);
#5601=CARTESIAN_POINT('',(-1.485E1,-2.5E-1,1.E0));
#5602=LINE('',#5601,#5600);
#5603=CURVE_STYLE('',#57,POSITIVE_LENGTH_MEASURE(2.E-2),#17);
#5604=PRESENTATION_STYLE_ASSIGNMENT((#5603));
#5605=STYLED_ITEM('',(#5604),#5602);
#5606=DIRECTION('',(0.E0,-1.E0,0.E0));
#5607=VECTOR('',#5606,6.25E0);
#5608=CARTESIAN_POINT('',(-1.435E1,-2.5E-1,1.E0));
#5609=LINE('',#5608,#5607);
#5610=CURVE_STYLE('',#57,POSITIVE_LENGTH_MEASURE(2.E-2),#17);
#5611=PRESENTATION_STYLE_ASSIGNMENT((#5610));
#5612=STYLED_ITEM('',(#5611),#5609);
#5613=CARTESIAN_POINT('',(-1.405E1,-6.5E0,1.E0));
#5614=DIRECTION('',(0.E0,0.E0,1.E0));
#5615=DIRECTION('',(-1.E0,-7.697546304068E-14,0.E0));
#5616=AXIS2_PLACEMENT_3D('',#5613,#5614,#5615);
#5618=CURVE_STYLE('',#57,POSITIVE_LENGTH_MEASURE(2.E-2),#17);
#5619=PRESENTATION_STYLE_ASSIGNMENT((#5618));
#5620=STYLED_ITEM('',(#5619),#5617);
#5621=DIRECTION('',(1.E0,0.E0,0.E0));
#5622=VECTOR('',#5621,1.365E1);
#5623=CARTESIAN_POINT('',(-1.405E1,-6.8E0,1.E0));
#5624=LINE('',#5623,#5622);
#5625=CURVE_STYLE('',#57,POSITIVE_LENGTH_MEASURE(2.E-2),#17);
#5626=PRESENTATION_STYLE_ASSIGNMENT((#5625));
#5627=STYLED_ITEM('',(#5626),#5624);
#5628=CARTESIAN_POINT('',(-6.35E0,-7.62E0,1.E0));
#5629=DIRECTION('',(0.E0,0.E0,1.E0));
#5630=DIRECTION('',(-1.E0,0.E0,0.E0));
#5631=AXIS2_PLACEMENT_3D('',#5628,#5629,#5630);
#5633=CURVE_STYLE('',#57,POSITIVE_LENGTH_MEASURE(2.E-2),#17);
#5634=PRESENTATION_STYLE_ASSIGNMENT((#5633));
#5635=STYLED_ITEM('',(#5634),#5632);
#5636=CARTESIAN_POINT('',(-6.35E0,-7.62E0,1.E0));
#5637=DIRECTION('',(0.E0,0.E0,1.E0));
#5638=DIRECTION('',(1.E0,0.E0,0.E0));
#5639=AXIS2_PLACEMENT_3D('',#5636,#5637,#5638);
#5641=CURVE_STYLE('',#57,POSITIVE_LENGTH_MEASURE(2.E-2),#17);
#5642=PRESENTATION_STYLE_ASSIGNMENT((#5641));
#5643=STYLED_ITEM('',(#5642),#5640);
#5644=CARTESIAN_POINT('',(-3.81E0,-7.62E0,1.E0));
#5645=DIRECTION('',(0.E0,0.E0,1.E0));
#5646=DIRECTION('',(-1.E0,0.E0,0.E0));
#5647=AXIS2_PLACEMENT_3D('',#5644,#5645,#5646);
#5649=CURVE_STYLE('',#57,POSITIVE_LENGTH_MEASURE(2.E-2),#17);
#5650=PRESENTATION_STYLE_ASSIGNMENT((#5649));
#5651=STYLED_ITEM('',(#5650),#5648);
#5652=CARTESIAN_POINT('',(-3.81E0,-7.62E0,1.E0));
#5653=DIRECTION('',(0.E0,0.E0,1.E0));
#5654=DIRECTION('',(1.E0,0.E0,0.E0));
#5655=AXIS2_PLACEMENT_3D('',#5652,#5653,#5654);
#5657=CURVE_STYLE('',#57,POSITIVE_LENGTH_MEASURE(2.E-2),#17);
#5658=PRESENTATION_STYLE_ASSIGNMENT((#5657));
#5659=STYLED_ITEM('',(#5658),#5656);
#5660=CARTESIAN_POINT('',(-1.27E0,-7.62E0,1.E0));
#5661=DIRECTION('',(0.E0,0.E0,1.E0));
#5662=DIRECTION('',(-1.E0,0.E0,0.E0));
#5663=AXIS2_PLACEMENT_3D('',#5660,#5661,#5662);
#5665=CURVE_STYLE('',#57,POSITIVE_LENGTH_MEASURE(2.E-2),#17);
#5666=PRESENTATION_STYLE_ASSIGNMENT((#5665));
#5667=STYLED_ITEM('',(#5666),#5664);
#5668=CARTESIAN_POINT('',(-1.27E0,-7.62E0,1.E0));
#5669=DIRECTION('',(0.E0,0.E0,1.E0));
#5670=DIRECTION('',(1.E0,0.E0,0.E0));
#5671=AXIS2_PLACEMENT_3D('',#5668,#5669,#5670);
#5673=CURVE_STYLE('',#57,POSITIVE_LENGTH_MEASURE(2.E-2),#17);
#5674=PRESENTATION_STYLE_ASSIGNMENT((#5673));
#5675=STYLED_ITEM('',(#5674),#5672);
#5676=CARTESIAN_POINT('',(-8.89E0,-7.62E0,1.E0));
#5677=DIRECTION('',(0.E0,0.E0,1.E0));
#5678=DIRECTION('',(-1.E0,0.E0,0.E0));
#5679=AXIS2_PLACEMENT_3D('',#5676,#5677,#5678);
#5681=CURVE_STYLE('',#57,POSITIVE_LENGTH_MEASURE(2.E-2),#17);
#5682=PRESENTATION_STYLE_ASSIGNMENT((#5681));
#5683=STYLED_ITEM('',(#5682),#5680);
#5684=CARTESIAN_POINT('',(-8.89E0,-7.62E0,1.E0));
#5685=DIRECTION('',(0.E0,0.E0,1.E0));
#5686=DIRECTION('',(1.E0,0.E0,0.E0));
#5687=AXIS2_PLACEMENT_3D('',#5684,#5685,#5686);
#5689=CURVE_STYLE('',#57,POSITIVE_LENGTH_MEASURE(2.E-2),#17);
#5690=PRESENTATION_STYLE_ASSIGNMENT((#5689));
#5691=STYLED_ITEM('',(#5690),#5688);
#5692=CARTESIAN_POINT('',(-1.143E1,-7.62E0,1.E0));
#5693=DIRECTION('',(0.E0,0.E0,1.E0));
#5694=DIRECTION('',(-1.E0,0.E0,0.E0));
#5695=AXIS2_PLACEMENT_3D('',#5692,#5693,#5694);
#5697=CURVE_STYLE('',#57,POSITIVE_LENGTH_MEASURE(2.E-2),#17);
#5698=PRESENTATION_STYLE_ASSIGNMENT((#5697));
#5699=STYLED_ITEM('',(#5698),#5696);
#5700=CARTESIAN_POINT('',(-1.143E1,-7.62E0,1.E0));
#5701=DIRECTION('',(0.E0,0.E0,1.E0));
#5702=DIRECTION('',(1.E0,0.E0,0.E0));
#5703=AXIS2_PLACEMENT_3D('',#5700,#5701,#5702);
#5705=CURVE_STYLE('',#57,POSITIVE_LENGTH_MEASURE(2.E-2),#17);
#5706=PRESENTATION_STYLE_ASSIGNMENT((#5705));
#5707=STYLED_ITEM('',(#5706),#5704);
#5708=CARTESIAN_POINT('',(-1.397E1,-7.62E0,1.E0));
#5709=DIRECTION('',(0.E0,0.E0,1.E0));
#5710=DIRECTION('',(-1.E0,0.E0,0.E0));
#5711=AXIS2_PLACEMENT_3D('',#5708,#5709,#5710);
#5713=CURVE_STYLE('',#57,POSITIVE_LENGTH_MEASURE(2.E-2),#17);
#5714=PRESENTATION_STYLE_ASSIGNMENT((#5713));
#5715=STYLED_ITEM('',(#5714),#5712);
#5716=CARTESIAN_POINT('',(-1.397E1,-7.62E0,1.E0));
#5717=DIRECTION('',(0.E0,0.E0,1.E0));
#5718=DIRECTION('',(1.E0,0.E0,0.E0));
#5719=AXIS2_PLACEMENT_3D('',#5716,#5717,#5718);
#5721=CURVE_STYLE('',#57,POSITIVE_LENGTH_MEASURE(2.E-2),#17);
#5722=PRESENTATION_STYLE_ASSIGNMENT((#5721));
#5723=STYLED_ITEM('',(#5722),#5720);
#5724=DIRECTION('',(0.E0,0.E0,1.E0));
#5725=VECTOR('',#5724,1.E0);
#5726=CARTESIAN_POINT('',(-1.465E1,-8.85E0,1.E0));
#5727=LINE('',#5726,#5725);
#5728=CURVE_STYLE('',#57,POSITIVE_LENGTH_MEASURE(2.E-2),#17);
#5729=PRESENTATION_STYLE_ASSIGNMENT((#5728));
#5730=STYLED_ITEM('',(#5729),#5727);
#5731=DIRECTION('',(0.E0,0.E0,-1.E0));
#5732=VECTOR('',#5731,1.E0);
#5733=CARTESIAN_POINT('',(-1.485E1,-8.65E0,2.E0));
#5734=LINE('',#5733,#5732);
#5735=CURVE_STYLE('',#57,POSITIVE_LENGTH_MEASURE(2.E-2),#17);
#5736=PRESENTATION_STYLE_ASSIGNMENT((#5735));
#5737=STYLED_ITEM('',(#5736),#5734);
#5738=DIRECTION('',(0.E0,0.E0,-1.E0));
#5739=VECTOR('',#5738,2.E0);
#5740=CARTESIAN_POINT('',(-1.485E1,-2.5E-1,3.E0));
#5741=LINE('',#5740,#5739);
#5742=CURVE_STYLE('',#57,POSITIVE_LENGTH_MEASURE(2.E-2),#17);
#5743=PRESENTATION_STYLE_ASSIGNMENT((#5742));
#5744=STYLED_ITEM('',(#5743),#5741);
#5745=DIRECTION('',(0.E0,1.E0,0.E0));
#5746=VECTOR('',#5745,1.215961303598E0);
#5747=CARTESIAN_POINT('',(-1.485E1,-8.65E0,2.E0));
#5748=LINE('',#5747,#5746);
#5749=CURVE_STYLE('',#57,POSITIVE_LENGTH_MEASURE(2.E-2),#17);
#5750=PRESENTATION_STYLE_ASSIGNMENT((#5749));
#5751=STYLED_ITEM('',(#5750),#5748);
#5752=DIRECTION('',(0.E0,3.489949670262E-2,9.993908270191E-1));
#5753=VECTOR('',#5752,1.500914316448E0);
#5754=CARTESIAN_POINT('',(-1.485E1,-7.434038696402E0,2.E0));
#5755=LINE('',#5754,#5753);
#5756=CURVE_STYLE('',#57,POSITIVE_LENGTH_MEASURE(2.E-2),#17);
#5757=PRESENTATION_STYLE_ASSIGNMENT((#5756));
#5758=STYLED_ITEM('',(#5757),#5755);
#5759=DIRECTION('',(0.E0,1.E0,0.E0));
#5760=VECTOR('',#5759,1.476331508433E1);
#5761=CARTESIAN_POINT('',(-1.485E1,-7.381657542164E0,3.5E0));
#5762=LINE('',#5761,#5760);
#5763=CURVE_STYLE('',#57,POSITIVE_LENGTH_MEASURE(2.E-2),#17);
#5764=PRESENTATION_STYLE_ASSIGNMENT((#5763));
#5765=STYLED_ITEM('',(#5764),#5762);
#5766=DIRECTION('',(0.E0,3.489949670261E-2,-9.993908270191E-1));
#5767=VECTOR('',#5766,1.500914316448E0);
#5768=CARTESIAN_POINT('',(-1.485E1,7.381657542164E0,3.5E0));
#5769=LINE('',#5768,#5767);
#5770=CURVE_STYLE('',#57,POSITIVE_LENGTH_MEASURE(2.E-2),#17);
#5771=PRESENTATION_STYLE_ASSIGNMENT((#5770));
#5772=STYLED_ITEM('',(#5771),#5769);
#5773=DIRECTION('',(0.E0,1.E0,0.E0));
#5774=VECTOR('',#5773,1.215961303598E0);
#5775=CARTESIAN_POINT('',(-1.485E1,7.434038696402E0,2.E0));
#5776=LINE('',#5775,#5774);
#5777=CURVE_STYLE('',#57,POSITIVE_LENGTH_MEASURE(2.E-2),#17);
#5778=PRESENTATION_STYLE_ASSIGNMENT((#5777));
#5779=STYLED_ITEM('',(#5778),#5776);
#5780=DIRECTION('',(0.E0,-1.E0,0.E0));
#5781=VECTOR('',#5780,5.E-1);
#5782=CARTESIAN_POINT('',(-1.485E1,2.5E-1,3.E0));
#5783=LINE('',#5782,#5781);
#5784=CURVE_STYLE('',#57,POSITIVE_LENGTH_MEASURE(2.E-2),#17);
#5785=PRESENTATION_STYLE_ASSIGNMENT((#5784));
#5786=STYLED_ITEM('',(#5785),#5783);
#5787=DIRECTION('',(3.846153846154E-1,0.E0,-9.230769230769E-1));
#5788=VECTOR('',#5787,1.95E0);
#5789=CARTESIAN_POINT('',(-1.465E1,-2.5E-1,3.E0));
#5790=LINE('',#5789,#5788);
#5791=CURVE_STYLE('',#57,POSITIVE_LENGTH_MEASURE(2.E-2),#17);
#5792=PRESENTATION_STYLE_ASSIGNMENT((#5791));
#5793=STYLED_ITEM('',(#5792),#5790);
#5794=DIRECTION('',(3.552713678801E-14,-1.E0,0.E0));
#5795=VECTOR('',#5794,5.E-1);
#5796=CARTESIAN_POINT('',(-1.465E1,2.5E-1,3.E0));
#5797=LINE('',#5796,#5795);
#5798=CURVE_STYLE('',#57,POSITIVE_LENGTH_MEASURE(2.E-2),#17);
#5799=PRESENTATION_STYLE_ASSIGNMENT((#5798));
#5800=STYLED_ITEM('',(#5799),#5797);
#5801=DIRECTION('',(-1.E0,0.E0,0.E0));
#5802=VECTOR('',#5801,2.E-1);
#5803=CARTESIAN_POINT('',(-1.465E1,-2.5E-1,3.E0));
#5804=LINE('',#5803,#5802);
#5805=CURVE_STYLE('',#57,POSITIVE_LENGTH_MEASURE(2.E-2),#17);
#5806=PRESENTATION_STYLE_ASSIGNMENT((#5805));
#5807=STYLED_ITEM('',(#5806),#5804);
#5808=DIRECTION('',(1.E0,0.E0,0.E0));
#5809=VECTOR('',#5808,5.E-1);
#5810=CARTESIAN_POINT('',(-1.485E1,2.5E-1,1.E0));
#5811=LINE('',#5810,#5809);
#5812=CURVE_STYLE('',#57,POSITIVE_LENGTH_MEASURE(2.E-2),#17);
#5813=PRESENTATION_STYLE_ASSIGNMENT((#5812));
#5814=STYLED_ITEM('',(#5813),#5811);
#5815=DIRECTION('',(1.E0,0.E0,0.E0));
#5816=VECTOR('',#5815,4.5E-1);
#5817=CARTESIAN_POINT('',(-1.435E1,2.5E-1,1.E0));
#5818=LINE('',#5817,#5816);
#5819=CURVE_STYLE('',#57,POSITIVE_LENGTH_MEASURE(2.E-2),#17);
#5820=PRESENTATION_STYLE_ASSIGNMENT((#5819));
#5821=STYLED_ITEM('',(#5820),#5818);
#5822=DIRECTION('',(7.105427357601E-14,0.E0,1.E0));
#5823=VECTOR('',#5822,2.E-1);
#5824=CARTESIAN_POINT('',(-1.39E1,2.5E-1,1.E0));
#5825=LINE('',#5824,#5823);
#5826=CURVE_STYLE('',#57,POSITIVE_LENGTH_MEASURE(2.E-2),#17);
#5827=PRESENTATION_STYLE_ASSIGNMENT((#5826));
#5828=STYLED_ITEM('',(#5827),#5825);
#5829=DIRECTION('',(-3.846153846154E-1,0.E0,9.230769230769E-1));
#5830=VECTOR('',#5829,1.95E0);
#5831=CARTESIAN_POINT('',(-1.39E1,2.5E-1,1.2E0));
#5832=LINE('',#5831,#5830);
#5833=CURVE_STYLE('',#57,POSITIVE_LENGTH_MEASURE(2.E-2),#17);
#5834=PRESENTATION_STYLE_ASSIGNMENT((#5833));
#5835=STYLED_ITEM('',(#5834),#5832);
#5836=DIRECTION('',(-1.E0,0.E0,0.E0));
#5837=VECTOR('',#5836,2.E-1);
#5838=CARTESIAN_POINT('',(-1.465E1,2.5E-1,3.E0));
#5839=LINE('',#5838,#5837);
#5840=CURVE_STYLE('',#57,POSITIVE_LENGTH_MEASURE(2.E-2),#17);
#5841=PRESENTATION_STYLE_ASSIGNMENT((#5840));
#5842=STYLED_ITEM('',(#5841),#5839);
#5843=DIRECTION('',(0.E0,0.E0,-1.E0));
#5844=VECTOR('',#5843,2.E0);
#5845=CARTESIAN_POINT('',(-1.485E1,2.5E-1,3.E0));
#5846=LINE('',#5845,#5844);
#5847=CURVE_STYLE('',#57,POSITIVE_LENGTH_MEASURE(2.E-2),#17);
#5848=PRESENTATION_STYLE_ASSIGNMENT((#5847));
#5849=STYLED_ITEM('',(#5848),#5846);
#5850=DIRECTION('',(-1.E0,0.E0,0.E0));
#5851=VECTOR('',#5850,1.365E1);
#5852=CARTESIAN_POINT('',(-4.E-1,6.8E0,1.E0));
#5853=LINE('',#5852,#5851);
#5854=CURVE_STYLE('',#57,POSITIVE_LENGTH_MEASURE(2.E-2),#17);
#5855=PRESENTATION_STYLE_ASSIGNMENT((#5854));
#5856=STYLED_ITEM('',(#5855),#5853);
#5857=CARTESIAN_POINT('',(-1.405E1,6.5E0,1.E0));
#5858=DIRECTION('',(0.E0,0.E0,1.E0));
#5859=DIRECTION('',(0.E0,1.E0,0.E0));
#5860=AXIS2_PLACEMENT_3D('',#5857,#5858,#5859);
#5862=CURVE_STYLE('',#57,POSITIVE_LENGTH_MEASURE(2.E-2),#17);
#5863=PRESENTATION_STYLE_ASSIGNMENT((#5862));
#5864=STYLED_ITEM('',(#5863),#5861);
#5865=DIRECTION('',(0.E0,-1.E0,0.E0));
#5866=VECTOR('',#5865,6.25E0);
#5867=CARTESIAN_POINT('',(-1.435E1,6.5E0,1.E0));
#5868=LINE('',#5867,#5866);
#5869=CURVE_STYLE('',#57,POSITIVE_LENGTH_MEASURE(2.E-2),#17);
#5870=PRESENTATION_STYLE_ASSIGNMENT((#5869));
#5871=STYLED_ITEM('',(#5870),#5868);
#5872=DIRECTION('',(0.E0,1.E0,0.E0));
#5873=VECTOR('',#5872,8.4E0);
#5874=CARTESIAN_POINT('',(-1.485E1,2.5E-1,1.E0));
#5875=LINE('',#5874,#5873);
#5876=CURVE_STYLE('',#57,POSITIVE_LENGTH_MEASURE(2.E-2),#17);
#5877=PRESENTATION_STYLE_ASSIGNMENT((#5876));
#5878=STYLED_ITEM('',(#5877),#5875);
#5879=CARTESIAN_POINT('',(-1.465E1,8.65E0,1.E0));
#5880=DIRECTION('',(0.E0,0.E0,-1.E0));
#5881=DIRECTION('',(-1.E0,0.E0,0.E0));
#5882=AXIS2_PLACEMENT_3D('',#5879,#5880,#5881);
#5884=CURVE_STYLE('',#57,POSITIVE_LENGTH_MEASURE(2.E-2),#17);
#5885=PRESENTATION_STYLE_ASSIGNMENT((#5884));
#5886=STYLED_ITEM('',(#5885),#5883);
#5887=DIRECTION('',(1.E0,0.E0,0.E0));
#5888=VECTOR('',#5887,1.425E1);
#5889=CARTESIAN_POINT('',(-1.465E1,8.85E0,1.E0));
#5890=LINE('',#5889,#5888);
#5891=CURVE_STYLE('',#57,POSITIVE_LENGTH_MEASURE(2.E-2),#17);
#5892=PRESENTATION_STYLE_ASSIGNMENT((#5891));
#5893=STYLED_ITEM('',(#5892),#5890);
#5894=CARTESIAN_POINT('',(-1.355E1,7.62E0,1.E0));
#5895=DIRECTION('',(0.E0,0.E0,1.E0));
#5896=DIRECTION('',(-1.E0,0.E0,0.E0));
#5897=AXIS2_PLACEMENT_3D('',#5894,#5895,#5896);
#5899=CURVE_STYLE('',#57,POSITIVE_LENGTH_MEASURE(2.E-2),#17);
#5900=PRESENTATION_STYLE_ASSIGNMENT((#5899));
#5901=STYLED_ITEM('',(#5900),#5898);
#5902=CARTESIAN_POINT('',(-1.355E1,7.62E0,1.E0));
#5903=DIRECTION('',(0.E0,0.E0,1.E0));
#5904=DIRECTION('',(1.E0,0.E0,0.E0));
#5905=AXIS2_PLACEMENT_3D('',#5902,#5903,#5904);
#5907=CURVE_STYLE('',#57,POSITIVE_LENGTH_MEASURE(2.E-2),#17);
#5908=PRESENTATION_STYLE_ASSIGNMENT((#5907));
#5909=STYLED_ITEM('',(#5908),#5906);
#5910=CARTESIAN_POINT('',(-6.35E0,7.62E0,1.E0));
#5911=DIRECTION('',(0.E0,0.E0,1.E0));
#5912=DIRECTION('',(-1.E0,0.E0,0.E0));
#5913=AXIS2_PLACEMENT_3D('',#5910,#5911,#5912);
#5915=CURVE_STYLE('',#57,POSITIVE_LENGTH_MEASURE(2.E-2),#17);
#5916=PRESENTATION_STYLE_ASSIGNMENT((#5915));
#5917=STYLED_ITEM('',(#5916),#5914);
#5918=CARTESIAN_POINT('',(-6.35E0,7.62E0,1.E0));
#5919=DIRECTION('',(0.E0,0.E0,1.E0));
#5920=DIRECTION('',(1.E0,0.E0,0.E0));
#5921=AXIS2_PLACEMENT_3D('',#5918,#5919,#5920);
#5923=CURVE_STYLE('',#57,POSITIVE_LENGTH_MEASURE(2.E-2),#17);
#5924=PRESENTATION_STYLE_ASSIGNMENT((#5923));
#5925=STYLED_ITEM('',(#5924),#5922);
#5926=CARTESIAN_POINT('',(-3.81E0,7.62E0,1.E0));
#5927=DIRECTION('',(0.E0,0.E0,1.E0));
#5928=DIRECTION('',(-1.E0,0.E0,0.E0));
#5929=AXIS2_PLACEMENT_3D('',#5926,#5927,#5928);
#5931=CURVE_STYLE('',#57,POSITIVE_LENGTH_MEASURE(2.E-2),#17);
#5932=PRESENTATION_STYLE_ASSIGNMENT((#5931));
#5933=STYLED_ITEM('',(#5932),#5930);
#5934=CARTESIAN_POINT('',(-3.81E0,7.62E0,1.E0));
#5935=DIRECTION('',(0.E0,0.E0,1.E0));
#5936=DIRECTION('',(1.E0,0.E0,0.E0));
#5937=AXIS2_PLACEMENT_3D('',#5934,#5935,#5936);
#5939=CURVE_STYLE('',#57,POSITIVE_LENGTH_MEASURE(2.E-2),#17);
#5940=PRESENTATION_STYLE_ASSIGNMENT((#5939));
#5941=STYLED_ITEM('',(#5940),#5938);
#5942=CARTESIAN_POINT('',(-1.27E0,7.62E0,1.E0));
#5943=DIRECTION('',(0.E0,0.E0,1.E0));
#5944=DIRECTION('',(-1.E0,0.E0,0.E0));
#5945=AXIS2_PLACEMENT_3D('',#5942,#5943,#5944);
#5947=CURVE_STYLE('',#57,POSITIVE_LENGTH_MEASURE(2.E-2),#17);
#5948=PRESENTATION_STYLE_ASSIGNMENT((#5947));
#5949=STYLED_ITEM('',(#5948),#5946);
#5950=CARTESIAN_POINT('',(-1.27E0,7.62E0,1.E0));
#5951=DIRECTION('',(0.E0,0.E0,1.E0));
#5952=DIRECTION('',(1.E0,0.E0,0.E0));
#5953=AXIS2_PLACEMENT_3D('',#5950,#5951,#5952);
#5955=CURVE_STYLE('',#57,POSITIVE_LENGTH_MEASURE(2.E-2),#17);
#5956=PRESENTATION_STYLE_ASSIGNMENT((#5955));
#5957=STYLED_ITEM('',(#5956),#5954);
#5958=CARTESIAN_POINT('',(-8.89E0,7.62E0,1.E0));
#5959=DIRECTION('',(0.E0,0.E0,1.E0));
#5960=DIRECTION('',(-1.E0,0.E0,0.E0));
#5961=AXIS2_PLACEMENT_3D('',#5958,#5959,#5960);
#5963=CURVE_STYLE('',#57,POSITIVE_LENGTH_MEASURE(2.E-2),#17);
#5964=PRESENTATION_STYLE_ASSIGNMENT((#5963));
#5965=STYLED_ITEM('',(#5964),#5962);
#5966=CARTESIAN_POINT('',(-8.89E0,7.62E0,1.E0));
#5967=DIRECTION('',(0.E0,0.E0,1.E0));
#5968=DIRECTION('',(1.E0,0.E0,0.E0));
#5969=AXIS2_PLACEMENT_3D('',#5966,#5967,#5968);
#5971=CURVE_STYLE('',#57,POSITIVE_LENGTH_MEASURE(2.E-2),#17);
#5972=PRESENTATION_STYLE_ASSIGNMENT((#5971));
#5973=STYLED_ITEM('',(#5972),#5970);
#5974=CARTESIAN_POINT('',(-1.143E1,7.62E0,1.E0));
#5975=DIRECTION('',(0.E0,0.E0,1.E0));
#5976=DIRECTION('',(-1.E0,0.E0,0.E0));
#5977=AXIS2_PLACEMENT_3D('',#5974,#5975,#5976);
#5979=CURVE_STYLE('',#57,POSITIVE_LENGTH_MEASURE(2.E-2),#17);
#5980=PRESENTATION_STYLE_ASSIGNMENT((#5979));
#5981=STYLED_ITEM('',(#5980),#5978);
#5982=CARTESIAN_POINT('',(-1.143E1,7.62E0,1.E0));
#5983=DIRECTION('',(0.E0,0.E0,1.E0));
#5984=DIRECTION('',(1.E0,0.E0,0.E0));
#5985=AXIS2_PLACEMENT_3D('',#5982,#5983,#5984);
#5987=CURVE_STYLE('',#57,POSITIVE_LENGTH_MEASURE(2.E-2),#17);
#5988=PRESENTATION_STYLE_ASSIGNMENT((#5987));
#5989=STYLED_ITEM('',(#5988),#5986);
#5990=DIRECTION('',(0.E0,0.E0,-1.E0));
#5991=VECTOR('',#5990,2.E-1);
#5992=CARTESIAN_POINT('',(-4.E-1,6.8E0,1.2E0));
#5993=LINE('',#5992,#5991);
#5994=CURVE_STYLE('',#57,POSITIVE_LENGTH_MEASURE(2.E-2),#17);
#5995=PRESENTATION_STYLE_ASSIGNMENT((#5994));
#5996=STYLED_ITEM('',(#5995),#5993);
#5997=DIRECTION('',(0.E0,1.E0,0.E0));
#5998=VECTOR('',#5997,2.05E0);
#5999=CARTESIAN_POINT('',(-4.E-1,6.8E0,1.E0));
#6000=LINE('',#5999,#5998);
#6001=CURVE_STYLE('',#57,POSITIVE_LENGTH_MEASURE(2.E-2),#17);
#6002=PRESENTATION_STYLE_ASSIGNMENT((#6001));
#6003=STYLED_ITEM('',(#6002),#6000);
#6004=DIRECTION('',(-1.E0,0.E0,0.E0));
#6005=VECTOR('',#6004,8.E-1);
#6006=CARTESIAN_POINT('',(4.E-1,8.85E0,1.2E0));
#6007=LINE('',#6006,#6005);
#6008=CURVE_STYLE('',#57,POSITIVE_LENGTH_MEASURE(2.E-2),#17);
#6009=PRESENTATION_STYLE_ASSIGNMENT((#6008));
#6010=STYLED_ITEM('',(#6009),#6007);
#6011=DIRECTION('',(0.E0,0.E0,-1.E0));
#6012=VECTOR('',#6011,2.E-1);
#6013=CARTESIAN_POINT('',(-4.E-1,8.85E0,1.2E0));
#6014=LINE('',#6013,#6012);
#6015=CURVE_STYLE('',#57,POSITIVE_LENGTH_MEASURE(2.E-2),#17);
#6016=PRESENTATION_STYLE_ASSIGNMENT((#6015));
#6017=STYLED_ITEM('',(#6016),#6014);
#6018=DIRECTION('',(1.E0,0.E0,0.E0));
#6019=VECTOR('',#6018,1.3E0);
#6020=CARTESIAN_POINT('',(-1.465E1,8.85E0,2.E0));
#6021=LINE('',#6020,#6019);
#6022=CURVE_STYLE('',#57,POSITIVE_LENGTH_MEASURE(2.E-2),#17);
#6023=PRESENTATION_STYLE_ASSIGNMENT((#6022));
#6024=STYLED_ITEM('',(#6023),#6021);
#6025=DIRECTION('',(3.489949670331E-2,0.E0,9.993908270191E-1));
#6026=VECTOR('',#6025,1.500914316448E0);
#6027=CARTESIAN_POINT('',(-1.335E1,8.85E0,2.E0));
#6028=LINE('',#6027,#6026);
#6029=CURVE_STYLE('',#57,POSITIVE_LENGTH_MEASURE(2.E-2),#17);
#6030=PRESENTATION_STYLE_ASSIGNMENT((#6029));
#6031=STYLED_ITEM('',(#6030),#6028);
#6032=DIRECTION('',(1.E0,0.E0,0.E0));
#6033=VECTOR('',#6032,2.659523769152E1);
#6034=CARTESIAN_POINT('',(-1.329761884576E1,8.85E0,3.5E0));
#6035=LINE('',#6034,#6033);
#6036=CURVE_STYLE('',#57,POSITIVE_LENGTH_MEASURE(2.E-2),#17);
#6037=PRESENTATION_STYLE_ASSIGNMENT((#6036));
#6038=STYLED_ITEM('',(#6037),#6035);
#6039=DIRECTION('',(3.489949670320E-2,0.E0,-9.993908270191E-1));
#6040=VECTOR('',#6039,1.500914316448E0);
#6041=CARTESIAN_POINT('',(1.329761884576E1,8.85E0,3.5E0));
#6042=LINE('',#6041,#6040);
#6043=CURVE_STYLE('',#57,POSITIVE_LENGTH_MEASURE(2.E-2),#17);
#6044=PRESENTATION_STYLE_ASSIGNMENT((#6043));
#6045=STYLED_ITEM('',(#6044),#6042);
#6046=DIRECTION('',(1.E0,0.E0,0.E0));
#6047=VECTOR('',#6046,1.300000000001E0);
#6048=CARTESIAN_POINT('',(1.335E1,8.85E0,2.E0));
#6049=LINE('',#6048,#6047);
#6050=CURVE_STYLE('',#57,POSITIVE_LENGTH_MEASURE(2.E-2),#17);
#6051=PRESENTATION_STYLE_ASSIGNMENT((#6050));
#6052=STYLED_ITEM('',(#6051),#6049);
#6053=CARTESIAN_POINT('',(-8.E0,8.85E0,2.E0));
#6054=DIRECTION('',(0.E0,-1.E0,0.E0));
#6055=DIRECTION('',(1.E0,0.E0,0.E0));
#6056=AXIS2_PLACEMENT_3D('',#6053,#6054,#6055);
#6058=CURVE_STYLE('',#57,POSITIVE_LENGTH_MEASURE(2.E-2),#17);
#6059=PRESENTATION_STYLE_ASSIGNMENT((#6058));
#6060=STYLED_ITEM('',(#6059),#6057);
#6061=CARTESIAN_POINT('',(-8.E0,8.85E0,2.E0));
#6062=DIRECTION('',(0.E0,-1.E0,0.E0));
#6063=DIRECTION('',(-1.E0,0.E0,0.E0));
#6064=AXIS2_PLACEMENT_3D('',#6061,#6062,#6063);
#6066=CURVE_STYLE('',#57,POSITIVE_LENGTH_MEASURE(2.E-2),#17);
#6067=PRESENTATION_STYLE_ASSIGNMENT((#6066));
#6068=STYLED_ITEM('',(#6067),#6065);
#6069=CARTESIAN_POINT('',(8.E0,8.85E0,2.E0));
#6070=DIRECTION('',(0.E0,-1.E0,0.E0));
#6071=DIRECTION('',(1.E0,0.E0,0.E0));
#6072=AXIS2_PLACEMENT_3D('',#6069,#6070,#6071);
#6074=CURVE_STYLE('',#57,POSITIVE_LENGTH_MEASURE(2.E-2),#17);
#6075=PRESENTATION_STYLE_ASSIGNMENT((#6074));
#6076=STYLED_ITEM('',(#6075),#6073);
#6077=CARTESIAN_POINT('',(8.E0,8.85E0,2.E0));
#6078=DIRECTION('',(0.E0,-1.E0,0.E0));
#6079=DIRECTION('',(-1.E0,0.E0,0.E0));
#6080=AXIS2_PLACEMENT_3D('',#6077,#6078,#6079);
#6082=CURVE_STYLE('',#57,POSITIVE_LENGTH_MEASURE(2.E-2),#17);
#6083=PRESENTATION_STYLE_ASSIGNMENT((#6082));
#6084=STYLED_ITEM('',(#6083),#6081);
#6085=DIRECTION('',(0.E0,-1.E0,0.E0));
#6086=VECTOR('',#6085,2.05E0);
#6087=CARTESIAN_POINT('',(4.E-1,8.85E0,1.2E0));
#6088=LINE('',#6087,#6086);
#6089=CURVE_STYLE('',#57,POSITIVE_LENGTH_MEASURE(2.E-2),#17);
#6090=PRESENTATION_STYLE_ASSIGNMENT((#6089));
#6091=STYLED_ITEM('',(#6090),#6088);
#6092=DIRECTION('',(-1.E0,0.E0,0.E0));
#6093=VECTOR('',#6092,8.E-1);
#6094=CARTESIAN_POINT('',(4.E-1,6.8E0,1.2E0));
#6095=LINE('',#6094,#6093);
#6096=CURVE_STYLE('',#57,POSITIVE_LENGTH_MEASURE(2.E-2),#17);
#6097=PRESENTATION_STYLE_ASSIGNMENT((#6096));
#6098=STYLED_ITEM('',(#6097),#6095);
#6099=DIRECTION('',(0.E0,1.E0,0.E0));
#6100=VECTOR('',#6099,2.05E0);
#6101=CARTESIAN_POINT('',(-4.E-1,6.8E0,1.2E0));
#6102=LINE('',#6101,#6100);
#6103=CURVE_STYLE('',#57,POSITIVE_LENGTH_MEASURE(2.E-2),#17);
#6104=PRESENTATION_STYLE_ASSIGNMENT((#6103));
#6105=STYLED_ITEM('',(#6104),#6102);
#6106=DIRECTION('',(0.E0,0.E0,-1.E0));
#6107=VECTOR('',#6106,2.E-1);
#6108=CARTESIAN_POINT('',(4.E-1,8.85E0,1.2E0));
#6109=LINE('',#6108,#6107);
#6110=CURVE_STYLE('',#57,POSITIVE_LENGTH_MEASURE(2.E-2),#17);
#6111=PRESENTATION_STYLE_ASSIGNMENT((#6110));
#6112=STYLED_ITEM('',(#6111),#6109);
#6113=DIRECTION('',(0.E0,1.E0,0.E0));
#6114=VECTOR('',#6113,2.05E0);
#6115=CARTESIAN_POINT('',(4.E-1,6.8E0,1.E0));
#6116=LINE('',#6115,#6114);
#6117=CURVE_STYLE('',#57,POSITIVE_LENGTH_MEASURE(2.E-2),#17);
#6118=PRESENTATION_STYLE_ASSIGNMENT((#6117));
#6119=STYLED_ITEM('',(#6118),#6116);
#6120=DIRECTION('',(1.E0,0.E0,0.E0));
#6121=VECTOR('',#6120,1.425E1);
#6122=CARTESIAN_POINT('',(4.E-1,8.85E0,1.E0));
#6123=LINE('',#6122,#6121);
#6124=CURVE_STYLE('',#57,POSITIVE_LENGTH_MEASURE(2.E-2),#17);
#6125=PRESENTATION_STYLE_ASSIGNMENT((#6124));
#6126=STYLED_ITEM('',(#6125),#6123);
#6127=CARTESIAN_POINT('',(1.465E1,8.65E0,1.E0));
#6128=DIRECTION('',(0.E0,0.E0,-1.E0));
#6129=DIRECTION('',(0.E0,1.E0,0.E0));
#6130=AXIS2_PLACEMENT_3D('',#6127,#6128,#6129);
#6132=CURVE_STYLE('',#57,POSITIVE_LENGTH_MEASURE(2.E-2),#17);
#6133=PRESENTATION_STYLE_ASSIGNMENT((#6132));
#6134=STYLED_ITEM('',(#6133),#6131);
#6135=DIRECTION('',(0.E0,-1.E0,0.E0));
#6136=VECTOR('',#6135,8.4E0);
#6137=CARTESIAN_POINT('',(1.485E1,8.65E0,1.E0));
#6138=LINE('',#6137,#6136);
#6139=CURVE_STYLE('',#57,POSITIVE_LENGTH_MEASURE(2.E-2),#17);
#6140=PRESENTATION_STYLE_ASSIGNMENT((#6139));
#6141=STYLED_ITEM('',(#6140),#6138);
#6142=DIRECTION('',(-1.E0,0.E0,0.E0));
#6143=VECTOR('',#6142,5.E-1);
#6144=CARTESIAN_POINT('',(1.485E1,2.5E-1,1.E0));
#6145=LINE('',#6144,#6143);
#6146=CURVE_STYLE('',#57,POSITIVE_LENGTH_MEASURE(2.E-2),#17);
#6147=PRESENTATION_STYLE_ASSIGNMENT((#6146));
#6148=STYLED_ITEM('',(#6147),#6145);
#6149=DIRECTION('',(0.E0,1.E0,0.E0));
#6150=VECTOR('',#6149,6.25E0);
#6151=CARTESIAN_POINT('',(1.435E1,2.5E-1,1.E0));
#6152=LINE('',#6151,#6150);
#6153=CURVE_STYLE('',#57,POSITIVE_LENGTH_MEASURE(2.E-2),#17);
#6154=PRESENTATION_STYLE_ASSIGNMENT((#6153));
#6155=STYLED_ITEM('',(#6154),#6152);
#6156=CARTESIAN_POINT('',(1.405E1,6.5E0,1.E0));
#6157=DIRECTION('',(0.E0,0.E0,1.E0));
#6158=DIRECTION('',(1.E0,7.697546304068E-14,0.E0));
#6159=AXIS2_PLACEMENT_3D('',#6156,#6157,#6158);
#6161=CURVE_STYLE('',#57,POSITIVE_LENGTH_MEASURE(2.E-2),#17);
#6162=PRESENTATION_STYLE_ASSIGNMENT((#6161));
#6163=STYLED_ITEM('',(#6162),#6160);
#6164=DIRECTION('',(-1.E0,0.E0,0.E0));
#6165=VECTOR('',#6164,1.365E1);
#6166=CARTESIAN_POINT('',(1.405E1,6.8E0,1.E0));
#6167=LINE('',#6166,#6165);
#6168=CURVE_STYLE('',#57,POSITIVE_LENGTH_MEASURE(2.E-2),#17);
#6169=PRESENTATION_STYLE_ASSIGNMENT((#6168));
#6170=STYLED_ITEM('',(#6169),#6167);
#6171=CARTESIAN_POINT('',(1.27E0,7.62E0,1.E0));
#6172=DIRECTION('',(0.E0,0.E0,1.E0));
#6173=DIRECTION('',(-1.E0,0.E0,0.E0));
#6174=AXIS2_PLACEMENT_3D('',#6171,#6172,#6173);
#6176=CURVE_STYLE('',#57,POSITIVE_LENGTH_MEASURE(2.E-2),#17);
#6177=PRESENTATION_STYLE_ASSIGNMENT((#6176));
#6178=STYLED_ITEM('',(#6177),#6175);
#6179=CARTESIAN_POINT('',(1.27E0,7.62E0,1.E0));
#6180=DIRECTION('',(0.E0,0.E0,1.E0));
#6181=DIRECTION('',(1.E0,0.E0,0.E0));
#6182=AXIS2_PLACEMENT_3D('',#6179,#6180,#6181);
#6184=CURVE_STYLE('',#57,POSITIVE_LENGTH_MEASURE(2.E-2),#17);
#6185=PRESENTATION_STYLE_ASSIGNMENT((#6184));
#6186=STYLED_ITEM('',(#6185),#6183);
#6187=CARTESIAN_POINT('',(3.81E0,7.62E0,1.E0));
#6188=DIRECTION('',(0.E0,0.E0,1.E0));
#6189=DIRECTION('',(-1.E0,0.E0,0.E0));
#6190=AXIS2_PLACEMENT_3D('',#6187,#6188,#6189);
#6192=CURVE_STYLE('',#57,POSITIVE_LENGTH_MEASURE(2.E-2),#17);
#6193=PRESENTATION_STYLE_ASSIGNMENT((#6192));
#6194=STYLED_ITEM('',(#6193),#6191);
#6195=CARTESIAN_POINT('',(3.81E0,7.62E0,1.E0));
#6196=DIRECTION('',(0.E0,0.E0,1.E0));
#6197=DIRECTION('',(1.E0,0.E0,0.E0));
#6198=AXIS2_PLACEMENT_3D('',#6195,#6196,#6197);
#6200=CURVE_STYLE('',#57,POSITIVE_LENGTH_MEASURE(2.E-2),#17);
#6201=PRESENTATION_STYLE_ASSIGNMENT((#6200));
#6202=STYLED_ITEM('',(#6201),#6199);
#6203=CARTESIAN_POINT('',(8.89E0,7.62E0,1.E0));
#6204=DIRECTION('',(0.E0,0.E0,1.E0));
#6205=DIRECTION('',(-1.E0,0.E0,0.E0));
#6206=AXIS2_PLACEMENT_3D('',#6203,#6204,#6205);
#6208=CURVE_STYLE('',#57,POSITIVE_LENGTH_MEASURE(2.E-2),#17);
#6209=PRESENTATION_STYLE_ASSIGNMENT((#6208));
#6210=STYLED_ITEM('',(#6209),#6207);
#6211=CARTESIAN_POINT('',(8.89E0,7.62E0,1.E0));
#6212=DIRECTION('',(0.E0,0.E0,1.E0));
#6213=DIRECTION('',(1.E0,0.E0,0.E0));
#6214=AXIS2_PLACEMENT_3D('',#6211,#6212,#6213);
#6216=CURVE_STYLE('',#57,POSITIVE_LENGTH_MEASURE(2.E-2),#17);
#6217=PRESENTATION_STYLE_ASSIGNMENT((#6216));
#6218=STYLED_ITEM('',(#6217),#6215);
#6219=CARTESIAN_POINT('',(1.397E1,7.62E0,1.E0));
#6220=DIRECTION('',(0.E0,0.E0,1.E0));
#6221=DIRECTION('',(-1.E0,0.E0,0.E0));
#6222=AXIS2_PLACEMENT_3D('',#6219,#6220,#6221);
#6224=CURVE_STYLE('',#57,POSITIVE_LENGTH_MEASURE(2.E-2),#17);
#6225=PRESENTATION_STYLE_ASSIGNMENT((#6224));
#6226=STYLED_ITEM('',(#6225),#6223);
#6227=CARTESIAN_POINT('',(1.397E1,7.62E0,1.E0));
#6228=DIRECTION('',(0.E0,0.E0,1.E0));
#6229=DIRECTION('',(1.E0,0.E0,0.E0));
#6230=AXIS2_PLACEMENT_3D('',#6227,#6228,#6229);
#6232=CURVE_STYLE('',#57,POSITIVE_LENGTH_MEASURE(2.E-2),#17);
#6233=PRESENTATION_STYLE_ASSIGNMENT((#6232));
#6234=STYLED_ITEM('',(#6233),#6231);
#6235=CARTESIAN_POINT('',(1.143E1,7.62E0,1.E0));
#6236=DIRECTION('',(0.E0,0.E0,1.E0));
#6237=DIRECTION('',(-1.E0,0.E0,0.E0));
#6238=AXIS2_PLACEMENT_3D('',#6235,#6236,#6237);
#6240=CURVE_STYLE('',#57,POSITIVE_LENGTH_MEASURE(2.E-2),#17);
#6241=PRESENTATION_STYLE_ASSIGNMENT((#6240));
#6242=STYLED_ITEM('',(#6241),#6239);
#6243=CARTESIAN_POINT('',(1.143E1,7.62E0,1.E0));
#6244=DIRECTION('',(0.E0,0.E0,1.E0));
#6245=DIRECTION('',(1.E0,0.E0,0.E0));
#6246=AXIS2_PLACEMENT_3D('',#6243,#6244,#6245);
#6248=CURVE_STYLE('',#57,POSITIVE_LENGTH_MEASURE(2.E-2),#17);
#6249=PRESENTATION_STYLE_ASSIGNMENT((#6248));
#6250=STYLED_ITEM('',(#6249),#6247);
#6251=CARTESIAN_POINT('',(6.35E0,7.62E0,1.E0));
#6252=DIRECTION('',(0.E0,0.E0,1.E0));
#6253=DIRECTION('',(-1.E0,0.E0,0.E0));
#6254=AXIS2_PLACEMENT_3D('',#6251,#6252,#6253);
#6256=CURVE_STYLE('',#57,POSITIVE_LENGTH_MEASURE(2.E-2),#17);
#6257=PRESENTATION_STYLE_ASSIGNMENT((#6256));
#6258=STYLED_ITEM('',(#6257),#6255);
#6259=CARTESIAN_POINT('',(6.35E0,7.62E0,1.E0));
#6260=DIRECTION('',(0.E0,0.E0,1.E0));
#6261=DIRECTION('',(1.E0,0.E0,0.E0));
#6262=AXIS2_PLACEMENT_3D('',#6259,#6260,#6261);
#6264=CURVE_STYLE('',#57,POSITIVE_LENGTH_MEASURE(2.E-2),#17);
#6265=PRESENTATION_STYLE_ASSIGNMENT((#6264));
#6266=STYLED_ITEM('',(#6265),#6263);
#6267=DIRECTION('',(0.E0,0.E0,1.E0));
#6268=VECTOR('',#6267,1.E0);
#6269=CARTESIAN_POINT('',(1.465E1,8.85E0,1.E0));
#6270=LINE('',#6269,#6268);
#6271=CURVE_STYLE('',#57,POSITIVE_LENGTH_MEASURE(2.E-2),#17);
#6272=PRESENTATION_STYLE_ASSIGNMENT((#6271));
#6273=STYLED_ITEM('',(#6272),#6270);
#6274=DIRECTION('',(0.E0,0.E0,-1.E0));
#6275=VECTOR('',#6274,1.E0);
#6276=CARTESIAN_POINT('',(1.485E1,8.65E0,2.E0));
#6277=LINE('',#6276,#6275);
#6278=CURVE_STYLE('',#57,POSITIVE_LENGTH_MEASURE(2.E-2),#17);
#6279=PRESENTATION_STYLE_ASSIGNMENT((#6278));
#6280=STYLED_ITEM('',(#6279),#6277);
#6281=DIRECTION('',(-1.E0,0.E0,-3.552713678801E-14));
#6282=VECTOR('',#6281,2.E-1);
#6283=CARTESIAN_POINT('',(1.485E1,2.5E-1,3.E0));
#6284=LINE('',#6283,#6282);
#6285=CURVE_STYLE('',#57,POSITIVE_LENGTH_MEASURE(2.E-2),#17);
#6286=PRESENTATION_STYLE_ASSIGNMENT((#6285));
#6287=STYLED_ITEM('',(#6286),#6284);
#6288=DIRECTION('',(-3.846153846154E-1,0.E0,-9.230769230769E-1));
#6289=VECTOR('',#6288,1.95E0);
#6290=CARTESIAN_POINT('',(1.465E1,2.5E-1,3.E0));
#6291=LINE('',#6290,#6289);
#6292=CURVE_STYLE('',#57,POSITIVE_LENGTH_MEASURE(2.E-2),#17);
#6293=PRESENTATION_STYLE_ASSIGNMENT((#6292));
#6294=STYLED_ITEM('',(#6293),#6291);
#6295=DIRECTION('',(0.E0,0.E0,-1.E0));
#6296=VECTOR('',#6295,2.000000000001E-1);
#6297=CARTESIAN_POINT('',(1.39E1,2.5E-1,1.2E0));
#6298=LINE('',#6297,#6296);
#6299=CURVE_STYLE('',#57,POSITIVE_LENGTH_MEASURE(2.E-2),#17);
#6300=PRESENTATION_STYLE_ASSIGNMENT((#6299));
#6301=STYLED_ITEM('',(#6300),#6298);
#6302=DIRECTION('',(1.E0,0.E0,0.E0));
#6303=VECTOR('',#6302,4.5E-1);
#6304=CARTESIAN_POINT('',(1.39E1,2.5E-1,1.E0));
#6305=LINE('',#6304,#6303);
#6306=CURVE_STYLE('',#57,POSITIVE_LENGTH_MEASURE(2.E-2),#17);
#6307=PRESENTATION_STYLE_ASSIGNMENT((#6306));
#6308=STYLED_ITEM('',(#6307),#6305);
#6309=DIRECTION('',(0.E0,-1.E0,0.E0));
#6310=VECTOR('',#6309,5.E-1);
#6311=CARTESIAN_POINT('',(1.485E1,2.5E-1,3.E0));
#6312=LINE('',#6311,#6310);
#6313=CURVE_STYLE('',#57,POSITIVE_LENGTH_MEASURE(2.E-2),#17);
#6314=PRESENTATION_STYLE_ASSIGNMENT((#6313));
#6315=STYLED_ITEM('',(#6314),#6312);
#6316=DIRECTION('',(-1.E0,0.E0,-3.552713678801E-14));
#6317=VECTOR('',#6316,2.E-1);
#6318=CARTESIAN_POINT('',(1.485E1,-2.5E-1,3.E0));
#6319=LINE('',#6318,#6317);
#6320=CURVE_STYLE('',#57,POSITIVE_LENGTH_MEASURE(2.E-2),#17);
#6321=PRESENTATION_STYLE_ASSIGNMENT((#6320));
#6322=STYLED_ITEM('',(#6321),#6319);
#6323=DIRECTION('',(3.552713678801E-14,-1.E0,0.E0));
#6324=VECTOR('',#6323,5.E-1);
#6325=CARTESIAN_POINT('',(1.465E1,2.5E-1,3.E0));
#6326=LINE('',#6325,#6324);
#6327=CURVE_STYLE('',#57,POSITIVE_LENGTH_MEASURE(2.E-2),#17);
#6328=PRESENTATION_STYLE_ASSIGNMENT((#6327));
#6329=STYLED_ITEM('',(#6328),#6326);
#6330=DIRECTION('',(0.E0,0.E0,-1.E0));
#6331=VECTOR('',#6330,2.E-1);
#6332=CARTESIAN_POINT('',(1.39E1,-2.5E-1,1.2E0));
#6333=LINE('',#6332,#6331);
#6334=CURVE_STYLE('',#57,POSITIVE_LENGTH_MEASURE(2.E-2),#17);
#6335=PRESENTATION_STYLE_ASSIGNMENT((#6334));
#6336=STYLED_ITEM('',(#6335),#6333);
#6337=DIRECTION('',(0.E0,-1.E0,-7.727152251391E-14));
#6338=VECTOR('',#6337,5.E-1);
#6339=CARTESIAN_POINT('',(1.39E1,2.5E-1,1.2E0));
#6340=LINE('',#6339,#6338);
#6341=CURVE_STYLE('',#57,POSITIVE_LENGTH_MEASURE(2.E-2),#17);
#6342=PRESENTATION_STYLE_ASSIGNMENT((#6341));
#6343=STYLED_ITEM('',(#6342),#6340);
#6344=DIRECTION('',(0.E0,-1.E0,0.E0));
#6345=VECTOR('',#6344,5.E-1);
#6346=CARTESIAN_POINT('',(1.39E1,2.5E-1,1.E0));
#6347=LINE('',#6346,#6345);
#6348=CURVE_STYLE('',#57,POSITIVE_LENGTH_MEASURE(2.E-2),#17);
#6349=PRESENTATION_STYLE_ASSIGNMENT((#6348));
#6350=STYLED_ITEM('',(#6349),#6347);
#6351=DIRECTION('',(1.E0,0.E0,0.E0));
#6352=VECTOR('',#6351,4.5E-1);
#6353=CARTESIAN_POINT('',(1.39E1,-2.5E-1,1.E0));
#6354=LINE('',#6353,#6352);
#6355=CURVE_STYLE('',#57,POSITIVE_LENGTH_MEASURE(2.E-2),#17);
#6356=PRESENTATION_STYLE_ASSIGNMENT((#6355));
#6357=STYLED_ITEM('',(#6356),#6354);
#6358=DIRECTION('',(0.E0,-1.E0,0.E0));
#6359=VECTOR('',#6358,5.E-1);
#6360=CARTESIAN_POINT('',(1.435E1,2.5E-1,1.E0));
#6361=LINE('',#6360,#6359);
#6362=CURVE_STYLE('',#57,POSITIVE_LENGTH_MEASURE(2.E-2),#17);
#6363=PRESENTATION_STYLE_ASSIGNMENT((#6362));
#6364=STYLED_ITEM('',(#6363),#6361);
#6365=DIRECTION('',(0.E0,1.184237892934E-14,1.E0));
#6366=VECTOR('',#6365,3.E-1);
#6367=CARTESIAN_POINT('',(1.435E1,-6.5E0,7.E-1));
#6368=LINE('',#6367,#6366);
#6369=CURVE_STYLE('',#57,POSITIVE_LENGTH_MEASURE(2.E-2),#17);
#6370=PRESENTATION_STYLE_ASSIGNMENT((#6369));
#6371=STYLED_ITEM('',(#6370),#6368);
#6372=DIRECTION('',(0.E0,0.E0,-1.E0));
#6373=VECTOR('',#6372,3.E-1);
#6374=CARTESIAN_POINT('',(1.405E1,-6.8E0,1.E0));
#6375=LINE('',#6374,#6373);
#6376=CURVE_STYLE('',#57,POSITIVE_LENGTH_MEASURE(2.E-2),#17);
#6377=PRESENTATION_STYLE_ASSIGNMENT((#6376));
#6378=STYLED_ITEM('',(#6377),#6375);
#6379=CARTESIAN_POINT('',(-1.405E1,-6.5E0,7.E-1));
#6380=DIRECTION('',(0.E0,0.E0,-1.E0));
#6381=DIRECTION('',(0.E0,-1.E0,0.E0));
#6382=AXIS2_PLACEMENT_3D('',#6379,#6380,#6381);
#6384=CURVE_STYLE('',#57,POSITIVE_LENGTH_MEASURE(2.E-2),#17);
#6385=PRESENTATION_STYLE_ASSIGNMENT((#6384));
#6386=STYLED_ITEM('',(#6385),#6383);
#6387=CARTESIAN_POINT('',(-1.405E1,6.5E0,7.E-1));
#6388=DIRECTION('',(0.E0,0.E0,-1.E0));
#6389=DIRECTION('',(-1.E0,7.697546304068E-14,0.E0));
#6390=AXIS2_PLACEMENT_3D('',#6387,#6388,#6389);
#6392=CURVE_STYLE('',#57,POSITIVE_LENGTH_MEASURE(2.E-2),#17);
#6393=PRESENTATION_STYLE_ASSIGNMENT((#6392));
#6394=STYLED_ITEM('',(#6393),#6391);
#6395=CARTESIAN_POINT('',(1.405E1,6.5E0,7.E-1));
#6396=DIRECTION('',(0.E0,0.E0,-1.E0));
#6397=DIRECTION('',(0.E0,1.E0,0.E0));
#6398=AXIS2_PLACEMENT_3D('',#6395,#6396,#6397);
#6400=CURVE_STYLE('',#57,POSITIVE_LENGTH_MEASURE(2.E-2),#17);
#6401=PRESENTATION_STYLE_ASSIGNMENT((#6400));
#6402=STYLED_ITEM('',(#6401),#6399);
#6403=DIRECTION('',(0.E0,-1.E0,0.E0));
#6404=VECTOR('',#6403,1.3E1);
#6405=CARTESIAN_POINT('',(1.435E1,6.5E0,7.E-1));
#6406=LINE('',#6405,#6404);
#6407=CURVE_STYLE('',#57,POSITIVE_LENGTH_MEASURE(2.E-2),#17);
#6408=PRESENTATION_STYLE_ASSIGNMENT((#6407));
#6409=STYLED_ITEM('',(#6408),#6406);
#6410=CARTESIAN_POINT('',(1.405E1,-6.5E0,7.E-1));
#6411=DIRECTION('',(0.E0,0.E0,-1.E0));
#6412=DIRECTION('',(1.E0,-7.697546304068E-14,0.E0));
#6413=AXIS2_PLACEMENT_3D('',#6410,#6411,#6412);
#6415=CURVE_STYLE('',#57,POSITIVE_LENGTH_MEASURE(2.E-2),#17);
#6416=PRESENTATION_STYLE_ASSIGNMENT((#6415));
#6417=STYLED_ITEM('',(#6416),#6414);
#6418=DIRECTION('',(-1.E0,0.E0,0.E0));
#6419=VECTOR('',#6418,2.81E1);
#6420=CARTESIAN_POINT('',(1.405E1,-6.8E0,7.E-1));
#6421=LINE('',#6420,#6419);
#6422=CURVE_STYLE('',#57,POSITIVE_LENGTH_MEASURE(2.E-2),#17);
#6423=PRESENTATION_STYLE_ASSIGNMENT((#6422));
#6424=STYLED_ITEM('',(#6423),#6421);
#6425=DIRECTION('',(0.E0,0.E0,-1.E0));
#6426=VECTOR('',#6425,3.E-1);
#6427=CARTESIAN_POINT('',(-1.435E1,-6.5E0,1.E0));
#6428=LINE('',#6427,#6426);
#6429=CURVE_STYLE('',#57,POSITIVE_LENGTH_MEASURE(2.E-2),#17);
#6430=PRESENTATION_STYLE_ASSIGNMENT((#6429));
#6431=STYLED_ITEM('',(#6430),#6428);
#6432=DIRECTION('',(0.E0,0.E0,1.E0));
#6433=VECTOR('',#6432,3.E-1);
#6434=CARTESIAN_POINT('',(-1.405E1,-6.8E0,7.E-1));
#6435=LINE('',#6434,#6433);
#6436=CURVE_STYLE('',#57,POSITIVE_LENGTH_MEASURE(2.E-2),#17);
#6437=PRESENTATION_STYLE_ASSIGNMENT((#6436));
#6438=STYLED_ITEM('',(#6437),#6435);
#6439=DIRECTION('',(0.E0,-1.E0,0.E0));
#6440=VECTOR('',#6439,1.3E1);
#6441=CARTESIAN_POINT('',(-1.435E1,6.5E0,7.E-1));
#6442=LINE('',#6441,#6440);
#6443=CURVE_STYLE('',#57,POSITIVE_LENGTH_MEASURE(2.E-2),#17);
#6444=PRESENTATION_STYLE_ASSIGNMENT((#6443));
#6445=STYLED_ITEM('',(#6444),#6442);
#6446=DIRECTION('',(0.E0,-1.E0,0.E0));
#6447=VECTOR('',#6446,5.E-1);
#6448=CARTESIAN_POINT('',(-1.435E1,2.5E-1,1.E0));
#6449=LINE('',#6448,#6447);
#6450=CURVE_STYLE('',#57,POSITIVE_LENGTH_MEASURE(2.E-2),#17);
#6451=PRESENTATION_STYLE_ASSIGNMENT((#6450));
#6452=STYLED_ITEM('',(#6451),#6449);
#6453=DIRECTION('',(1.E0,0.E0,0.E0));
#6454=VECTOR('',#6453,4.5E-1);
#6455=CARTESIAN_POINT('',(-1.435E1,-2.5E-1,1.E0));
#6456=LINE('',#6455,#6454);
#6457=CURVE_STYLE('',#57,POSITIVE_LENGTH_MEASURE(2.E-2),#17);
#6458=PRESENTATION_STYLE_ASSIGNMENT((#6457));
#6459=STYLED_ITEM('',(#6458),#6456);
#6460=DIRECTION('',(7.993605777300E-14,0.E0,1.E0));
#6461=VECTOR('',#6460,2.E-1);
#6462=CARTESIAN_POINT('',(-1.39E1,-2.5E-1,1.E0));
#6463=LINE('',#6462,#6461);
#6464=CURVE_STYLE('',#57,POSITIVE_LENGTH_MEASURE(2.E-2),#17);
#6465=PRESENTATION_STYLE_ASSIGNMENT((#6464));
#6466=STYLED_ITEM('',(#6465),#6463);
#6467=DIRECTION('',(0.E0,-1.E0,0.E0));
#6468=VECTOR('',#6467,5.E-1);
#6469=CARTESIAN_POINT('',(-1.39E1,2.5E-1,1.E0));
#6470=LINE('',#6469,#6468);
#6471=CURVE_STYLE('',#57,POSITIVE_LENGTH_MEASURE(2.E-2),#17);
#6472=PRESENTATION_STYLE_ASSIGNMENT((#6471));
#6473=STYLED_ITEM('',(#6472),#6470);
#6474=DIRECTION('',(0.E0,-1.E0,7.949196856316E-14));
#6475=VECTOR('',#6474,5.E-1);
#6476=CARTESIAN_POINT('',(-1.39E1,2.5E-1,1.2E0));
#6477=LINE('',#6476,#6475);
#6478=CURVE_STYLE('',#57,POSITIVE_LENGTH_MEASURE(2.E-2),#17);
#6479=PRESENTATION_STYLE_ASSIGNMENT((#6478));
#6480=STYLED_ITEM('',(#6479),#6477);
#6481=DIRECTION('',(0.E0,-1.184237892934E-14,1.E0));
#6482=VECTOR('',#6481,3.E-1);
#6483=CARTESIAN_POINT('',(-1.435E1,6.5E0,7.E-1));
#6484=LINE('',#6483,#6482);
#6485=CURVE_STYLE('',#57,POSITIVE_LENGTH_MEASURE(2.E-2),#17);
#6486=PRESENTATION_STYLE_ASSIGNMENT((#6485));
#6487=STYLED_ITEM('',(#6486),#6484);
#6488=DIRECTION('',(0.E0,0.E0,-1.E0));
#6489=VECTOR('',#6488,3.E-1);
#6490=CARTESIAN_POINT('',(-1.405E1,6.8E0,1.E0));
#6491=LINE('',#6490,#6489);
#6492=CURVE_STYLE('',#57,POSITIVE_LENGTH_MEASURE(2.E-2),#17);
#6493=PRESENTATION_STYLE_ASSIGNMENT((#6492));
#6494=STYLED_ITEM('',(#6493),#6491);
#6495=DIRECTION('',(0.E0,0.E0,-1.E0));
#6496=VECTOR('',#6495,2.E-1);
#6497=CARTESIAN_POINT('',(4.E-1,6.8E0,1.2E0));
#6498=LINE('',#6497,#6496);
#6499=CURVE_STYLE('',#57,POSITIVE_LENGTH_MEASURE(2.E-2),#17);
#6500=PRESENTATION_STYLE_ASSIGNMENT((#6499));
#6501=STYLED_ITEM('',(#6500),#6498);
#6502=DIRECTION('',(-1.E0,0.E0,0.E0));
#6503=VECTOR('',#6502,2.81E1);
#6504=CARTESIAN_POINT('',(1.405E1,6.8E0,7.E-1));
#6505=LINE('',#6504,#6503);
#6506=CURVE_STYLE('',#57,POSITIVE_LENGTH_MEASURE(2.E-2),#17);
#6507=PRESENTATION_STYLE_ASSIGNMENT((#6506));
#6508=STYLED_ITEM('',(#6507),#6505);
#6509=DIRECTION('',(0.E0,-1.184237892933E-14,-1.E0));
#6510=VECTOR('',#6509,3.E-1);
#6511=CARTESIAN_POINT('',(1.435E1,6.5E0,1.E0));
#6512=LINE('',#6511,#6510);
#6513=CURVE_STYLE('',#57,POSITIVE_LENGTH_MEASURE(2.E-2),#17);
#6514=PRESENTATION_STYLE_ASSIGNMENT((#6513));
#6515=STYLED_ITEM('',(#6514),#6512);
#6516=DIRECTION('',(0.E0,0.E0,1.E0));
#6517=VECTOR('',#6516,3.E-1);
#6518=CARTESIAN_POINT('',(1.405E1,6.8E0,7.E-1));
#6519=LINE('',#6518,#6517);
#6520=CURVE_STYLE('',#57,POSITIVE_LENGTH_MEASURE(2.E-2),#17);
#6521=PRESENTATION_STYLE_ASSIGNMENT((#6520));
#6522=STYLED_ITEM('',(#6521),#6519);
#6523=DIRECTION('',(0.E0,0.E0,-1.E0));
#6524=VECTOR('',#6523,2.E-1);
#6525=CARTESIAN_POINT('',(-4.E-1,-6.8E0,1.2E0));
#6526=LINE('',#6525,#6524);
#6527=CURVE_STYLE('',#57,POSITIVE_LENGTH_MEASURE(2.E-2),#17);
#6528=PRESENTATION_STYLE_ASSIGNMENT((#6527));
#6529=STYLED_ITEM('',(#6528),#6526);
#6530=DIRECTION('',(1.736481776669E-1,0.E0,-9.848077530122E-1));
#6531=VECTOR('',#6530,9.138839506972E-1);
#6532=CARTESIAN_POINT('',(7.936730192915E-1,7.62E0,1.E0));
#6533=LINE('',#6532,#6531);
#6534=CURVE_STYLE('',#57,POSITIVE_LENGTH_MEASURE(2.E-2),#17);
#6535=PRESENTATION_STYLE_ASSIGNMENT((#6534));
#6536=STYLED_ITEM('',(#6535),#6533);
#6537=DIRECTION('',(-1.736481776669E-1,0.E0,-9.848077530122E-1));
#6538=VECTOR('',#6537,9.138839506972E-1);
#6539=CARTESIAN_POINT('',(1.746326980709E0,7.62E0,1.E0));
#6540=LINE('',#6539,#6538);
#6541=CURVE_STYLE('',#57,POSITIVE_LENGTH_MEASURE(2.E-2),#17);
#6542=PRESENTATION_STYLE_ASSIGNMENT((#6541));
#6543=STYLED_ITEM('',(#6542),#6540);
#6544=CARTESIAN_POINT('',(1.27E0,7.62E0,9.999999999998E-2));
#6545=DIRECTION('',(0.E0,0.E0,-1.E0));
#6546=DIRECTION('',(1.E0,0.E0,0.E0));
#6547=AXIS2_PLACEMENT_3D('',#6544,#6545,#6546);
#6549=CURVE_STYLE('',#57,POSITIVE_LENGTH_MEASURE(2.E-2),#17);
#6550=PRESENTATION_STYLE_ASSIGNMENT((#6549));
#6551=STYLED_ITEM('',(#6550),#6548);
#6552=CARTESIAN_POINT('',(1.27E0,7.62E0,9.999999999998E-2));
#6553=DIRECTION('',(0.E0,0.E0,-1.E0));
#6554=DIRECTION('',(-1.E0,0.E0,0.E0));
#6555=AXIS2_PLACEMENT_3D('',#6552,#6553,#6554);
#6557=CURVE_STYLE('',#57,POSITIVE_LENGTH_MEASURE(2.E-2),#17);
#6558=PRESENTATION_STYLE_ASSIGNMENT((#6557));
#6559=STYLED_ITEM('',(#6558),#6556);
#6560=DIRECTION('',(1.736481776669E-1,0.E0,-9.848077530122E-1));
#6561=VECTOR('',#6560,9.138839506972E-1);
#6562=CARTESIAN_POINT('',(3.333673019291E0,7.62E0,1.E0));
#6563=LINE('',#6562,#6561);
#6564=CURVE_STYLE('',#57,POSITIVE_LENGTH_MEASURE(2.E-2),#17);
#6565=PRESENTATION_STYLE_ASSIGNMENT((#6564));
#6566=STYLED_ITEM('',(#6565),#6563);
#6567=DIRECTION('',(-1.736481776669E-1,0.E0,-9.848077530122E-1));
#6568=VECTOR('',#6567,9.138839506972E-1);
#6569=CARTESIAN_POINT('',(4.286326980709E0,7.62E0,1.E0));
#6570=LINE('',#6569,#6568);
#6571=CURVE_STYLE('',#57,POSITIVE_LENGTH_MEASURE(2.E-2),#17);
#6572=PRESENTATION_STYLE_ASSIGNMENT((#6571));
#6573=STYLED_ITEM('',(#6572),#6570);
#6574=CARTESIAN_POINT('',(3.81E0,7.62E0,9.999999999998E-2));
#6575=DIRECTION('',(0.E0,0.E0,-1.E0));
#6576=DIRECTION('',(1.E0,0.E0,0.E0));
#6577=AXIS2_PLACEMENT_3D('',#6574,#6575,#6576);
#6579=CURVE_STYLE('',#57,POSITIVE_LENGTH_MEASURE(2.E-2),#17);
#6580=PRESENTATION_STYLE_ASSIGNMENT((#6579));
#6581=STYLED_ITEM('',(#6580),#6578);
#6582=CARTESIAN_POINT('',(3.81E0,7.62E0,9.999999999998E-2));
#6583=DIRECTION('',(0.E0,0.E0,-1.E0));
#6584=DIRECTION('',(-1.E0,0.E0,0.E0));
#6585=AXIS2_PLACEMENT_3D('',#6582,#6583,#6584);
#6587=CURVE_STYLE('',#57,POSITIVE_LENGTH_MEASURE(2.E-2),#17);
#6588=PRESENTATION_STYLE_ASSIGNMENT((#6587));
#6589=STYLED_ITEM('',(#6588),#6586);
#6590=DIRECTION('',(1.736481776669E-1,0.E0,9.848077530122E-1));
#6591=VECTOR('',#6590,1.015426611886E0);
#6592=CARTESIAN_POINT('',(9.19E0,7.62E0,0.E0));
#6593=LINE('',#6592,#6591);
#6594=CURVE_STYLE('',#57,POSITIVE_LENGTH_MEASURE(2.E-2),#17);
#6595=PRESENTATION_STYLE_ASSIGNMENT((#6594));
#6596=STYLED_ITEM('',(#6595),#6593);
#6597=DIRECTION('',(1.736481776669E-1,0.E0,-9.848077530122E-1));
#6598=VECTOR('',#6597,1.015426611886E0);
#6599=CARTESIAN_POINT('',(8.413673019292E0,7.62E0,1.E0));
#6600=LINE('',#6599,#6598);
#6601=CURVE_STYLE('',#57,POSITIVE_LENGTH_MEASURE(2.E-2),#17);
#6602=PRESENTATION_STYLE_ASSIGNMENT((#6601));
#6603=STYLED_ITEM('',(#6602),#6600);
#6604=DIRECTION('',(1.736481776669E-1,0.E0,-9.848077530122E-1));
#6605=VECTOR('',#6604,9.138839506972E-1);
#6606=CARTESIAN_POINT('',(1.349367301929E1,7.62E0,1.E0));
#6607=LINE('',#6606,#6605);
#6608=CURVE_STYLE('',#57,POSITIVE_LENGTH_MEASURE(2.E-2),#17);
#6609=PRESENTATION_STYLE_ASSIGNMENT((#6608));
#6610=STYLED_ITEM('',(#6609),#6607);
#6611=DIRECTION('',(-1.736481776669E-1,0.E0,-9.848077530122E-1));
#6612=VECTOR('',#6611,9.138839506972E-1);
#6613=CARTESIAN_POINT('',(1.444632698071E1,7.62E0,1.E0));
#6614=LINE('',#6613,#6612);
#6615=CURVE_STYLE('',#57,POSITIVE_LENGTH_MEASURE(2.E-2),#17);
#6616=PRESENTATION_STYLE_ASSIGNMENT((#6615));
#6617=STYLED_ITEM('',(#6616),#6614);
#6618=CARTESIAN_POINT('',(1.397E1,7.62E0,9.999999999998E-2));
#6619=DIRECTION('',(0.E0,0.E0,-1.E0));
#6620=DIRECTION('',(1.E0,0.E0,0.E0));
#6621=AXIS2_PLACEMENT_3D('',#6618,#6619,#6620);
#6623=CURVE_STYLE('',#57,POSITIVE_LENGTH_MEASURE(2.E-2),#17);
#6624=PRESENTATION_STYLE_ASSIGNMENT((#6623));
#6625=STYLED_ITEM('',(#6624),#6622);
#6626=CARTESIAN_POINT('',(1.397E1,7.62E0,9.999999999998E-2));
#6627=DIRECTION('',(0.E0,0.E0,-1.E0));
#6628=DIRECTION('',(-1.E0,0.E0,0.E0));
#6629=AXIS2_PLACEMENT_3D('',#6626,#6627,#6628);
#6631=CURVE_STYLE('',#57,POSITIVE_LENGTH_MEASURE(2.E-2),#17);
#6632=PRESENTATION_STYLE_ASSIGNMENT((#6631));
#6633=STYLED_ITEM('',(#6632),#6630);
#6634=DIRECTION('',(1.736481776669E-1,0.E0,9.848077530122E-1));
#6635=VECTOR('',#6634,1.015426611886E0);
#6636=CARTESIAN_POINT('',(1.173E1,7.62E0,0.E0));
#6637=LINE('',#6636,#6635);
#6638=CURVE_STYLE('',#57,POSITIVE_LENGTH_MEASURE(2.E-2),#17);
#6639=PRESENTATION_STYLE_ASSIGNMENT((#6638));
#6640=STYLED_ITEM('',(#6639),#6637);
#6641=DIRECTION('',(1.736481776669E-1,0.E0,-9.848077530122E-1));
#6642=VECTOR('',#6641,1.015426611886E0);
#6643=CARTESIAN_POINT('',(1.095367301929E1,7.62E0,1.E0));
#6644=LINE('',#6643,#6642);
#6645=CURVE_STYLE('',#57,POSITIVE_LENGTH_MEASURE(2.E-2),#17);
#6646=PRESENTATION_STYLE_ASSIGNMENT((#6645));
#6647=STYLED_ITEM('',(#6646),#6644);
#6648=DIRECTION('',(1.736481776669E-1,0.E0,9.848077530122E-1));
#6649=VECTOR('',#6648,1.015426611886E0);
#6650=CARTESIAN_POINT('',(6.65E0,7.62E0,0.E0));
#6651=LINE('',#6650,#6649);
#6652=CURVE_STYLE('',#57,POSITIVE_LENGTH_MEASURE(2.E-2),#17);
#6653=PRESENTATION_STYLE_ASSIGNMENT((#6652));
#6654=STYLED_ITEM('',(#6653),#6651);
#6655=DIRECTION('',(1.736481776669E-1,0.E0,-9.848077530122E-1));
#6656=VECTOR('',#6655,1.015426611886E0);
#6657=CARTESIAN_POINT('',(5.873673019292E0,7.62E0,1.E0));
#6658=LINE('',#6657,#6656);
#6659=CURVE_STYLE('',#57,POSITIVE_LENGTH_MEASURE(2.E-2),#17);
#6660=PRESENTATION_STYLE_ASSIGNMENT((#6659));
#6661=STYLED_ITEM('',(#6660),#6658);
#6662=DIRECTION('',(0.E0,0.E0,1.E0));
#6663=VECTOR('',#6662,1.E0);
#6664=CARTESIAN_POINT('',(-1.485E1,8.65E0,1.E0));
#6665=LINE('',#6664,#6663);
#6666=CURVE_STYLE('',#57,POSITIVE_LENGTH_MEASURE(2.E-2),#17);
#6667=PRESENTATION_STYLE_ASSIGNMENT((#6666));
#6668=STYLED_ITEM('',(#6667),#6665);
#6669=DIRECTION('',(0.E0,0.E0,-1.E0));
#6670=VECTOR('',#6669,1.E0);
#6671=CARTESIAN_POINT('',(-1.465E1,8.85E0,2.E0));
#6672=LINE('',#6671,#6670);
#6673=CURVE_STYLE('',#57,POSITIVE_LENGTH_MEASURE(2.E-2),#17);
#6674=PRESENTATION_STYLE_ASSIGNMENT((#6673));
#6675=STYLED_ITEM('',(#6674),#6672);
#6676=DIRECTION('',(0.E0,1.E0,0.E0));
#6677=VECTOR('',#6676,5.E-1);
#6678=CARTESIAN_POINT('',(-7.4E0,8.85E0,2.E0));
#6679=LINE('',#6678,#6677);
#6680=CURVE_STYLE('',#57,POSITIVE_LENGTH_MEASURE(2.E-2),#17);
#6681=PRESENTATION_STYLE_ASSIGNMENT((#6680));
#6682=STYLED_ITEM('',(#6681),#6679);
#6683=DIRECTION('',(0.E0,1.E0,0.E0));
#6684=VECTOR('',#6683,5.E-1);
#6685=CARTESIAN_POINT('',(-8.6E0,8.85E0,2.E0));
#6686=LINE('',#6685,#6684);
#6687=CURVE_STYLE('',#57,POSITIVE_LENGTH_MEASURE(2.E-2),#17);
#6688=PRESENTATION_STYLE_ASSIGNMENT((#6687));
#6689=STYLED_ITEM('',(#6688),#6686);
#6690=DIRECTION('',(0.E0,1.E0,0.E0));
#6691=VECTOR('',#6690,5.E-1);
#6692=CARTESIAN_POINT('',(8.6E0,8.85E0,2.E0));
#6693=LINE('',#6692,#6691);
#6694=CURVE_STYLE('',#57,POSITIVE_LENGTH_MEASURE(2.E-2),#17);
#6695=PRESENTATION_STYLE_ASSIGNMENT((#6694));
#6696=STYLED_ITEM('',(#6695),#6693);
#6697=DIRECTION('',(0.E0,1.E0,0.E0));
#6698=VECTOR('',#6697,5.E-1);
#6699=CARTESIAN_POINT('',(7.4E0,8.85E0,2.E0));
#6700=LINE('',#6699,#6698);
#6701=CURVE_STYLE('',#57,POSITIVE_LENGTH_MEASURE(2.E-2),#17);
#6702=PRESENTATION_STYLE_ASSIGNMENT((#6701));
#6703=STYLED_ITEM('',(#6702),#6700);
#6704=DIRECTION('',(1.736481776669E-1,0.E0,-9.848077530122E-1));
#6705=VECTOR('',#6704,9.138839506972E-1);
#6706=CARTESIAN_POINT('',(-1.402632698071E1,7.62E0,1.E0));
#6707=LINE('',#6706,#6705);
#6708=CURVE_STYLE('',#57,POSITIVE_LENGTH_MEASURE(2.E-2),#17);
#6709=PRESENTATION_STYLE_ASSIGNMENT((#6708));
#6710=STYLED_ITEM('',(#6709),#6707);
#6711=DIRECTION('',(-1.736481776669E-1,0.E0,-9.848077530122E-1));
#6712=VECTOR('',#6711,9.138839506972E-1);
#6713=CARTESIAN_POINT('',(-1.307367301929E1,7.62E0,1.E0));
#6714=LINE('',#6713,#6712);
#6715=CURVE_STYLE('',#57,POSITIVE_LENGTH_MEASURE(2.E-2),#17);
#6716=PRESENTATION_STYLE_ASSIGNMENT((#6715));
#6717=STYLED_ITEM('',(#6716),#6714);
#6718=CARTESIAN_POINT('',(-1.355E1,7.62E0,9.999999999998E-2));
#6719=DIRECTION('',(0.E0,0.E0,-1.E0));
#6720=DIRECTION('',(1.E0,0.E0,0.E0));
#6721=AXIS2_PLACEMENT_3D('',#6718,#6719,#6720);
#6723=CURVE_STYLE('',#57,POSITIVE_LENGTH_MEASURE(2.E-2),#17);
#6724=PRESENTATION_STYLE_ASSIGNMENT((#6723));
#6725=STYLED_ITEM('',(#6724),#6722);
#6726=CARTESIAN_POINT('',(-1.355E1,7.62E0,9.999999999998E-2));
#6727=DIRECTION('',(0.E0,0.E0,-1.E0));
#6728=DIRECTION('',(-1.E0,0.E0,0.E0));
#6729=AXIS2_PLACEMENT_3D('',#6726,#6727,#6728);
#6731=CURVE_STYLE('',#57,POSITIVE_LENGTH_MEASURE(2.E-2),#17);
#6732=PRESENTATION_STYLE_ASSIGNMENT((#6731));
#6733=STYLED_ITEM('',(#6732),#6730);
#6734=DIRECTION('',(1.736481776669E-1,0.E0,-9.848077530122E-1));
#6735=VECTOR('',#6734,9.138839506972E-1);
#6736=CARTESIAN_POINT('',(-6.826326980709E0,7.62E0,1.E0));
#6737=LINE('',#6736,#6735);
#6738=CURVE_STYLE('',#57,POSITIVE_LENGTH_MEASURE(2.E-2),#17);
#6739=PRESENTATION_STYLE_ASSIGNMENT((#6738));
#6740=STYLED_ITEM('',(#6739),#6737);
#6741=DIRECTION('',(-1.736481776669E-1,0.E0,-9.848077530122E-1));
#6742=VECTOR('',#6741,9.138839506972E-1);
#6743=CARTESIAN_POINT('',(-5.873673019291E0,7.62E0,1.E0));
#6744=LINE('',#6743,#6742);
#6745=CURVE_STYLE('',#57,POSITIVE_LENGTH_MEASURE(2.E-2),#17);
#6746=PRESENTATION_STYLE_ASSIGNMENT((#6745));
#6747=STYLED_ITEM('',(#6746),#6744);
#6748=CARTESIAN_POINT('',(-6.35E0,7.62E0,9.999999999998E-2));
#6749=DIRECTION('',(0.E0,0.E0,-1.E0));
#6750=DIRECTION('',(1.E0,0.E0,0.E0));
#6751=AXIS2_PLACEMENT_3D('',#6748,#6749,#6750);
#6753=CURVE_STYLE('',#57,POSITIVE_LENGTH_MEASURE(2.E-2),#17);
#6754=PRESENTATION_STYLE_ASSIGNMENT((#6753));
#6755=STYLED_ITEM('',(#6754),#6752);
#6756=CARTESIAN_POINT('',(-6.35E0,7.62E0,9.999999999998E-2));
#6757=DIRECTION('',(0.E0,0.E0,-1.E0));
#6758=DIRECTION('',(-1.E0,0.E0,0.E0));
#6759=AXIS2_PLACEMENT_3D('',#6756,#6757,#6758);
#6761=CURVE_STYLE('',#57,POSITIVE_LENGTH_MEASURE(2.E-2),#17);
#6762=PRESENTATION_STYLE_ASSIGNMENT((#6761));
#6763=STYLED_ITEM('',(#6762),#6760);
#6764=DIRECTION('',(1.736481776669E-1,0.E0,-9.848077530122E-1));
#6765=VECTOR('',#6764,9.138839506972E-1);
#6766=CARTESIAN_POINT('',(-4.286326980709E0,7.62E0,1.E0));
#6767=LINE('',#6766,#6765);
#6768=CURVE_STYLE('',#57,POSITIVE_LENGTH_MEASURE(2.E-2),#17);
#6769=PRESENTATION_STYLE_ASSIGNMENT((#6768));
#6770=STYLED_ITEM('',(#6769),#6767);
#6771=DIRECTION('',(-1.736481776669E-1,0.E0,-9.848077530122E-1));
#6772=VECTOR('',#6771,9.138839506972E-1);
#6773=CARTESIAN_POINT('',(-3.333673019291E0,7.62E0,1.E0));
#6774=LINE('',#6773,#6772);
#6775=CURVE_STYLE('',#57,POSITIVE_LENGTH_MEASURE(2.E-2),#17);
#6776=PRESENTATION_STYLE_ASSIGNMENT((#6775));
#6777=STYLED_ITEM('',(#6776),#6774);
#6778=CARTESIAN_POINT('',(-3.81E0,7.62E0,9.999999999998E-2));
#6779=DIRECTION('',(0.E0,0.E0,-1.E0));
#6780=DIRECTION('',(1.E0,0.E0,0.E0));
#6781=AXIS2_PLACEMENT_3D('',#6778,#6779,#6780);
#6783=CURVE_STYLE('',#57,POSITIVE_LENGTH_MEASURE(2.E-2),#17);
#6784=PRESENTATION_STYLE_ASSIGNMENT((#6783));
#6785=STYLED_ITEM('',(#6784),#6782);
#6786=CARTESIAN_POINT('',(-3.81E0,7.62E0,9.999999999998E-2));
#6787=DIRECTION('',(0.E0,0.E0,-1.E0));
#6788=DIRECTION('',(-1.E0,0.E0,0.E0));
#6789=AXIS2_PLACEMENT_3D('',#6786,#6787,#6788);
#6791=CURVE_STYLE('',#57,POSITIVE_LENGTH_MEASURE(2.E-2),#17);
#6792=PRESENTATION_STYLE_ASSIGNMENT((#6791));
#6793=STYLED_ITEM('',(#6792),#6790);
#6794=DIRECTION('',(1.736481776669E-1,0.E0,-9.848077530122E-1));
#6795=VECTOR('',#6794,9.138839506972E-1);
#6796=CARTESIAN_POINT('',(-1.746326980709E0,7.62E0,1.E0));
#6797=LINE('',#6796,#6795);
#6798=CURVE_STYLE('',#57,POSITIVE_LENGTH_MEASURE(2.E-2),#17);
#6799=PRESENTATION_STYLE_ASSIGNMENT((#6798));
#6800=STYLED_ITEM('',(#6799),#6797);
#6801=DIRECTION('',(-1.736481776669E-1,0.E0,-9.848077530122E-1));
#6802=VECTOR('',#6801,9.138839506972E-1);
#6803=CARTESIAN_POINT('',(-7.936730192915E-1,7.62E0,1.E0));
#6804=LINE('',#6803,#6802);
#6805=CURVE_STYLE('',#57,POSITIVE_LENGTH_MEASURE(2.E-2),#17);
#6806=PRESENTATION_STYLE_ASSIGNMENT((#6805));
#6807=STYLED_ITEM('',(#6806),#6804);
#6808=CARTESIAN_POINT('',(-1.27E0,7.62E0,9.999999999998E-2));
#6809=DIRECTION('',(0.E0,0.E0,-1.E0));
#6810=DIRECTION('',(1.E0,0.E0,0.E0));
#6811=AXIS2_PLACEMENT_3D('',#6808,#6809,#6810);
#6813=CURVE_STYLE('',#57,POSITIVE_LENGTH_MEASURE(2.E-2),#17);
#6814=PRESENTATION_STYLE_ASSIGNMENT((#6813));
#6815=STYLED_ITEM('',(#6814),#6812);
#6816=CARTESIAN_POINT('',(-1.27E0,7.62E0,9.999999999998E-2));
#6817=DIRECTION('',(0.E0,0.E0,-1.E0));
#6818=DIRECTION('',(-1.E0,0.E0,0.E0));
#6819=AXIS2_PLACEMENT_3D('',#6816,#6817,#6818);
#6821=CURVE_STYLE('',#57,POSITIVE_LENGTH_MEASURE(2.E-2),#17);
#6822=PRESENTATION_STYLE_ASSIGNMENT((#6821));
#6823=STYLED_ITEM('',(#6822),#6820);
#6824=DIRECTION('',(1.736481776669E-1,0.E0,9.848077530122E-1));
#6825=VECTOR('',#6824,1.015426611886E0);
#6826=CARTESIAN_POINT('',(-8.59E0,7.62E0,0.E0));
#6827=LINE('',#6826,#6825);
#6828=CURVE_STYLE('',#57,POSITIVE_LENGTH_MEASURE(2.E-2),#17);
#6829=PRESENTATION_STYLE_ASSIGNMENT((#6828));
#6830=STYLED_ITEM('',(#6829),#6827);
#6831=DIRECTION('',(1.736481776669E-1,0.E0,-9.848077530122E-1));
#6832=VECTOR('',#6831,1.015426611886E0);
#6833=CARTESIAN_POINT('',(-9.366326980708E0,7.62E0,1.E0));
#6834=LINE('',#6833,#6832);
#6835=CURVE_STYLE('',#57,POSITIVE_LENGTH_MEASURE(2.E-2),#17);
#6836=PRESENTATION_STYLE_ASSIGNMENT((#6835));
#6837=STYLED_ITEM('',(#6836),#6834);
#6838=DIRECTION('',(1.736481776669E-1,0.E0,9.848077530122E-1));
#6839=VECTOR('',#6838,1.015426611886E0);
#6840=CARTESIAN_POINT('',(-1.113E1,7.62E0,0.E0));
#6841=LINE('',#6840,#6839);
#6842=CURVE_STYLE('',#57,POSITIVE_LENGTH_MEASURE(2.E-2),#17);
#6843=PRESENTATION_STYLE_ASSIGNMENT((#6842));
#6844=STYLED_ITEM('',(#6843),#6841);
#6845=DIRECTION('',(1.736481776669E-1,0.E0,-9.848077530122E-1));
#6846=VECTOR('',#6845,1.015426611886E0);
#6847=CARTESIAN_POINT('',(-1.190632698071E1,7.62E0,1.E0));
#6848=LINE('',#6847,#6846);
#6849=CURVE_STYLE('',#57,POSITIVE_LENGTH_MEASURE(2.E-2),#17);
#6850=PRESENTATION_STYLE_ASSIGNMENT((#6849));
#6851=STYLED_ITEM('',(#6850),#6848);
#6852=DIRECTION('',(1.736481776669E-1,0.E0,-9.848077530122E-1));
#6853=VECTOR('',#6852,9.138839506972E-1);
#6854=CARTESIAN_POINT('',(-6.826326980709E0,-7.62E0,1.E0));
#6855=LINE('',#6854,#6853);
#6856=CURVE_STYLE('',#57,POSITIVE_LENGTH_MEASURE(2.E-2),#17);
#6857=PRESENTATION_STYLE_ASSIGNMENT((#6856));
#6858=STYLED_ITEM('',(#6857),#6855);
#6859=DIRECTION('',(-1.736481776669E-1,0.E0,-9.848077530122E-1));
#6860=VECTOR('',#6859,9.138839506972E-1);
#6861=CARTESIAN_POINT('',(-5.873673019291E0,-7.62E0,1.E0));
#6862=LINE('',#6861,#6860);
#6863=CURVE_STYLE('',#57,POSITIVE_LENGTH_MEASURE(2.E-2),#17);
#6864=PRESENTATION_STYLE_ASSIGNMENT((#6863));
#6865=STYLED_ITEM('',(#6864),#6862);
#6866=CARTESIAN_POINT('',(-6.35E0,-7.62E0,9.999999999998E-2));
#6867=DIRECTION('',(0.E0,0.E0,-1.E0));
#6868=DIRECTION('',(1.E0,0.E0,0.E0));
#6869=AXIS2_PLACEMENT_3D('',#6866,#6867,#6868);
#6871=CURVE_STYLE('',#57,POSITIVE_LENGTH_MEASURE(2.E-2),#17);
#6872=PRESENTATION_STYLE_ASSIGNMENT((#6871));
#6873=STYLED_ITEM('',(#6872),#6870);
#6874=CARTESIAN_POINT('',(-6.35E0,-7.62E0,9.999999999998E-2));
#6875=DIRECTION('',(0.E0,0.E0,-1.E0));
#6876=DIRECTION('',(-1.E0,0.E0,0.E0));
#6877=AXIS2_PLACEMENT_3D('',#6874,#6875,#6876);
#6879=CURVE_STYLE('',#57,POSITIVE_LENGTH_MEASURE(2.E-2),#17);
#6880=PRESENTATION_STYLE_ASSIGNMENT((#6879));
#6881=STYLED_ITEM('',(#6880),#6878);
#6882=DIRECTION('',(1.736481776669E-1,0.E0,-9.848077530122E-1));
#6883=VECTOR('',#6882,9.138839506972E-1);
#6884=CARTESIAN_POINT('',(-4.286326980709E0,-7.62E0,1.E0));
#6885=LINE('',#6884,#6883);
#6886=CURVE_STYLE('',#57,POSITIVE_LENGTH_MEASURE(2.E-2),#17);
#6887=PRESENTATION_STYLE_ASSIGNMENT((#6886));
#6888=STYLED_ITEM('',(#6887),#6885);
#6889=DIRECTION('',(-1.736481776669E-1,0.E0,-9.848077530122E-1));
#6890=VECTOR('',#6889,9.138839506972E-1);
#6891=CARTESIAN_POINT('',(-3.333673019291E0,-7.62E0,1.E0));
#6892=LINE('',#6891,#6890);
#6893=CURVE_STYLE('',#57,POSITIVE_LENGTH_MEASURE(2.E-2),#17);
#6894=PRESENTATION_STYLE_ASSIGNMENT((#6893));
#6895=STYLED_ITEM('',(#6894),#6892);
#6896=CARTESIAN_POINT('',(-3.81E0,-7.62E0,9.999999999998E-2));
#6897=DIRECTION('',(0.E0,0.E0,-1.E0));
#6898=DIRECTION('',(1.E0,0.E0,0.E0));
#6899=AXIS2_PLACEMENT_3D('',#6896,#6897,#6898);
#6901=CURVE_STYLE('',#57,POSITIVE_LENGTH_MEASURE(2.E-2),#17);
#6902=PRESENTATION_STYLE_ASSIGNMENT((#6901));
#6903=STYLED_ITEM('',(#6902),#6900);
#6904=CARTESIAN_POINT('',(-3.81E0,-7.62E0,9.999999999998E-2));
#6905=DIRECTION('',(0.E0,0.E0,-1.E0));
#6906=DIRECTION('',(-1.E0,0.E0,0.E0));
#6907=AXIS2_PLACEMENT_3D('',#6904,#6905,#6906);
#6909=CURVE_STYLE('',#57,POSITIVE_LENGTH_MEASURE(2.E-2),#17);
#6910=PRESENTATION_STYLE_ASSIGNMENT((#6909));
#6911=STYLED_ITEM('',(#6910),#6908);
#6912=DIRECTION('',(1.736481776669E-1,0.E0,-9.848077530122E-1));
#6913=VECTOR('',#6912,9.138839506972E-1);
#6914=CARTESIAN_POINT('',(-1.746326980709E0,-7.62E0,1.E0));
#6915=LINE('',#6914,#6913);
#6916=CURVE_STYLE('',#57,POSITIVE_LENGTH_MEASURE(2.E-2),#17);
#6917=PRESENTATION_STYLE_ASSIGNMENT((#6916));
#6918=STYLED_ITEM('',(#6917),#6915);
#6919=DIRECTION('',(-1.736481776669E-1,0.E0,-9.848077530122E-1));
#6920=VECTOR('',#6919,9.138839506972E-1);
#6921=CARTESIAN_POINT('',(-7.936730192915E-1,-7.62E0,1.E0));
#6922=LINE('',#6921,#6920);
#6923=CURVE_STYLE('',#57,POSITIVE_LENGTH_MEASURE(2.E-2),#17);
#6924=PRESENTATION_STYLE_ASSIGNMENT((#6923));
#6925=STYLED_ITEM('',(#6924),#6922);
#6926=CARTESIAN_POINT('',(-1.27E0,-7.62E0,9.999999999998E-2));
#6927=DIRECTION('',(0.E0,0.E0,-1.E0));
#6928=DIRECTION('',(1.E0,0.E0,0.E0));
#6929=AXIS2_PLACEMENT_3D('',#6926,#6927,#6928);
#6931=CURVE_STYLE('',#57,POSITIVE_LENGTH_MEASURE(2.E-2),#17);
#6932=PRESENTATION_STYLE_ASSIGNMENT((#6931));
#6933=STYLED_ITEM('',(#6932),#6930);
#6934=CARTESIAN_POINT('',(-1.27E0,-7.62E0,9.999999999998E-2));
#6935=DIRECTION('',(0.E0,0.E0,-1.E0));
#6936=DIRECTION('',(-1.E0,0.E0,0.E0));
#6937=AXIS2_PLACEMENT_3D('',#6934,#6935,#6936);
#6939=CURVE_STYLE('',#57,POSITIVE_LENGTH_MEASURE(2.E-2),#17);
#6940=PRESENTATION_STYLE_ASSIGNMENT((#6939));
#6941=STYLED_ITEM('',(#6940),#6938);
#6942=DIRECTION('',(1.736481776669E-1,0.E0,9.848077530122E-1));
#6943=VECTOR('',#6942,1.015426611886E0);
#6944=CARTESIAN_POINT('',(-8.59E0,-7.62E0,0.E0));
#6945=LINE('',#6944,#6943);
#6946=CURVE_STYLE('',#57,POSITIVE_LENGTH_MEASURE(2.E-2),#17);
#6947=PRESENTATION_STYLE_ASSIGNMENT((#6946));
#6948=STYLED_ITEM('',(#6947),#6945);
#6949=DIRECTION('',(1.736481776669E-1,0.E0,-9.848077530122E-1));
#6950=VECTOR('',#6949,1.015426611886E0);
#6951=CARTESIAN_POINT('',(-9.366326980708E0,-7.62E0,1.E0));
#6952=LINE('',#6951,#6950);
#6953=CURVE_STYLE('',#57,POSITIVE_LENGTH_MEASURE(2.E-2),#17);
#6954=PRESENTATION_STYLE_ASSIGNMENT((#6953));
#6955=STYLED_ITEM('',(#6954),#6952);
#6956=DIRECTION('',(1.736481776669E-1,0.E0,9.848077530122E-1));
#6957=VECTOR('',#6956,1.015426611886E0);
#6958=CARTESIAN_POINT('',(-1.113E1,-7.62E0,0.E0));
#6959=LINE('',#6958,#6957);
#6960=CURVE_STYLE('',#57,POSITIVE_LENGTH_MEASURE(2.E-2),#17);
#6961=PRESENTATION_STYLE_ASSIGNMENT((#6960));
#6962=STYLED_ITEM('',(#6961),#6959);
#6963=DIRECTION('',(1.736481776669E-1,0.E0,-9.848077530122E-1));
#6964=VECTOR('',#6963,1.015426611886E0);
#6965=CARTESIAN_POINT('',(-1.190632698071E1,-7.62E0,1.E0));
#6966=LINE('',#6965,#6964);
#6967=CURVE_STYLE('',#57,POSITIVE_LENGTH_MEASURE(2.E-2),#17);
#6968=PRESENTATION_STYLE_ASSIGNMENT((#6967));
#6969=STYLED_ITEM('',(#6968),#6966);
#6970=DIRECTION('',(1.736481776669E-1,0.E0,9.848077530122E-1));
#6971=VECTOR('',#6970,1.015426611886E0);
#6972=CARTESIAN_POINT('',(-1.367E1,-7.62E0,0.E0));
#6973=LINE('',#6972,#6971);
#6974=CURVE_STYLE('',#57,POSITIVE_LENGTH_MEASURE(2.E-2),#17);
#6975=PRESENTATION_STYLE_ASSIGNMENT((#6974));
#6976=STYLED_ITEM('',(#6975),#6973);
#6977=DIRECTION('',(1.736481776669E-1,0.E0,-9.848077530122E-1));
#6978=VECTOR('',#6977,1.015426611886E0);
#6979=CARTESIAN_POINT('',(-1.444632698071E1,-7.62E0,1.E0));
#6980=LINE('',#6979,#6978);
#6981=CURVE_STYLE('',#57,POSITIVE_LENGTH_MEASURE(2.E-2),#17);
#6982=PRESENTATION_STYLE_ASSIGNMENT((#6981));
#6983=STYLED_ITEM('',(#6982),#6980);
#6984=DIRECTION('',(0.E0,0.E0,1.E0));
#6985=VECTOR('',#6984,1.E0);
#6986=CARTESIAN_POINT('',(1.485E1,-8.65E0,1.E0));
#6987=LINE('',#6986,#6985);
#6988=CURVE_STYLE('',#57,POSITIVE_LENGTH_MEASURE(2.E-2),#17);
#6989=PRESENTATION_STYLE_ASSIGNMENT((#6988));
#6990=STYLED_ITEM('',(#6989),#6987);
#6991=DIRECTION('',(0.E0,0.E0,-1.E0));
#6992=VECTOR('',#6991,1.E0);
#6993=CARTESIAN_POINT('',(1.465E1,-8.85E0,2.E0));
#6994=LINE('',#6993,#6992);
#6995=CURVE_STYLE('',#57,POSITIVE_LENGTH_MEASURE(2.E-2),#17);
#6996=PRESENTATION_STYLE_ASSIGNMENT((#6995));
#6997=STYLED_ITEM('',(#6996),#6994);
#6998=DIRECTION('',(0.E0,-1.E0,0.E0));
#6999=VECTOR('',#6998,5.E-1);
#7000=CARTESIAN_POINT('',(-8.6E0,-8.85E0,2.E0));
#7001=LINE('',#7000,#6999);
#7002=CURVE_STYLE('',#57,POSITIVE_LENGTH_MEASURE(2.E-2),#17);
#7003=PRESENTATION_STYLE_ASSIGNMENT((#7002));
#7004=STYLED_ITEM('',(#7003),#7001);
#7005=DIRECTION('',(0.E0,-1.E0,0.E0));
#7006=VECTOR('',#7005,5.E-1);
#7007=CARTESIAN_POINT('',(-7.4E0,-8.85E0,2.E0));
#7008=LINE('',#7007,#7006);
#7009=CURVE_STYLE('',#57,POSITIVE_LENGTH_MEASURE(2.E-2),#17);
#7010=PRESENTATION_STYLE_ASSIGNMENT((#7009));
#7011=STYLED_ITEM('',(#7010),#7008);
#7012=DIRECTION('',(0.E0,-1.E0,0.E0));
#7013=VECTOR('',#7012,5.E-1);
#7014=CARTESIAN_POINT('',(7.4E0,-8.85E0,2.E0));
#7015=LINE('',#7014,#7013);
#7016=CURVE_STYLE('',#57,POSITIVE_LENGTH_MEASURE(2.E-2),#17);
#7017=PRESENTATION_STYLE_ASSIGNMENT((#7016));
#7018=STYLED_ITEM('',(#7017),#7015);
#7019=DIRECTION('',(0.E0,-1.E0,0.E0));
#7020=VECTOR('',#7019,5.E-1);
#7021=CARTESIAN_POINT('',(8.6E0,-8.85E0,2.E0));
#7022=LINE('',#7021,#7020);
#7023=CURVE_STYLE('',#57,POSITIVE_LENGTH_MEASURE(2.E-2),#17);
#7024=PRESENTATION_STYLE_ASSIGNMENT((#7023));
#7025=STYLED_ITEM('',(#7024),#7022);
#7026=DIRECTION('',(1.736481776669E-1,0.E0,-9.848077530122E-1));
#7027=VECTOR('',#7026,9.138839506972E-1);
#7028=CARTESIAN_POINT('',(7.936730192915E-1,-7.62E0,1.E0));
#7029=LINE('',#7028,#7027);
#7030=CURVE_STYLE('',#57,POSITIVE_LENGTH_MEASURE(2.E-2),#17);
#7031=PRESENTATION_STYLE_ASSIGNMENT((#7030));
#7032=STYLED_ITEM('',(#7031),#7029);
#7033=DIRECTION('',(-1.736481776669E-1,0.E0,-9.848077530122E-1));
#7034=VECTOR('',#7033,9.138839506972E-1);
#7035=CARTESIAN_POINT('',(1.746326980709E0,-7.62E0,1.E0));
#7036=LINE('',#7035,#7034);
#7037=CURVE_STYLE('',#57,POSITIVE_LENGTH_MEASURE(2.E-2),#17);
#7038=PRESENTATION_STYLE_ASSIGNMENT((#7037));
#7039=STYLED_ITEM('',(#7038),#7036);
#7040=CARTESIAN_POINT('',(1.27E0,-7.62E0,9.999999999998E-2));
#7041=DIRECTION('',(0.E0,0.E0,-1.E0));
#7042=DIRECTION('',(1.E0,0.E0,0.E0));
#7043=AXIS2_PLACEMENT_3D('',#7040,#7041,#7042);
#7045=CURVE_STYLE('',#57,POSITIVE_LENGTH_MEASURE(2.E-2),#17);
#7046=PRESENTATION_STYLE_ASSIGNMENT((#7045));
#7047=STYLED_ITEM('',(#7046),#7044);
#7048=CARTESIAN_POINT('',(1.27E0,-7.62E0,9.999999999998E-2));
#7049=DIRECTION('',(0.E0,0.E0,-1.E0));
#7050=DIRECTION('',(-1.E0,0.E0,0.E0));
#7051=AXIS2_PLACEMENT_3D('',#7048,#7049,#7050);
#7053=CURVE_STYLE('',#57,POSITIVE_LENGTH_MEASURE(2.E-2),#17);
#7054=PRESENTATION_STYLE_ASSIGNMENT((#7053));
#7055=STYLED_ITEM('',(#7054),#7052);
#7056=DIRECTION('',(1.736481776669E-1,0.E0,9.848077530122E-1));
#7057=VECTOR('',#7056,1.015426611886E0);
#7058=CARTESIAN_POINT('',(9.19E0,-7.62E0,0.E0));
#7059=LINE('',#7058,#7057);
#7060=CURVE_STYLE('',#57,POSITIVE_LENGTH_MEASURE(2.E-2),#17);
#7061=PRESENTATION_STYLE_ASSIGNMENT((#7060));
#7062=STYLED_ITEM('',(#7061),#7059);
#7063=DIRECTION('',(1.736481776669E-1,0.E0,-9.848077530122E-1));
#7064=VECTOR('',#7063,1.015426611886E0);
#7065=CARTESIAN_POINT('',(8.413673019292E0,-7.62E0,1.E0));
#7066=LINE('',#7065,#7064);
#7067=CURVE_STYLE('',#57,POSITIVE_LENGTH_MEASURE(2.E-2),#17);
#7068=PRESENTATION_STYLE_ASSIGNMENT((#7067));
#7069=STYLED_ITEM('',(#7068),#7066);
#7070=DIRECTION('',(1.736481776669E-1,0.E0,-9.848077530122E-1));
#7071=VECTOR('',#7070,9.138839506972E-1);
#7072=CARTESIAN_POINT('',(3.333673019291E0,-7.62E0,1.E0));
#7073=LINE('',#7072,#7071);
#7074=CURVE_STYLE('',#57,POSITIVE_LENGTH_MEASURE(2.E-2),#17);
#7075=PRESENTATION_STYLE_ASSIGNMENT((#7074));
#7076=STYLED_ITEM('',(#7075),#7073);
#7077=DIRECTION('',(-1.736481776669E-1,0.E0,-9.848077530122E-1));
#7078=VECTOR('',#7077,9.138839506972E-1);
#7079=CARTESIAN_POINT('',(4.286326980709E0,-7.62E0,1.E0));
#7080=LINE('',#7079,#7078);
#7081=CURVE_STYLE('',#57,POSITIVE_LENGTH_MEASURE(2.E-2),#17);
#7082=PRESENTATION_STYLE_ASSIGNMENT((#7081));
#7083=STYLED_ITEM('',(#7082),#7080);
#7084=CARTESIAN_POINT('',(3.81E0,-7.62E0,9.999999999998E-2));
#7085=DIRECTION('',(0.E0,0.E0,-1.E0));
#7086=DIRECTION('',(1.E0,0.E0,0.E0));
#7087=AXIS2_PLACEMENT_3D('',#7084,#7085,#7086);
#7089=CURVE_STYLE('',#57,POSITIVE_LENGTH_MEASURE(2.E-2),#17);
#7090=PRESENTATION_STYLE_ASSIGNMENT((#7089));
#7091=STYLED_ITEM('',(#7090),#7088);
#7092=CARTESIAN_POINT('',(3.81E0,-7.62E0,9.999999999998E-2));
#7093=DIRECTION('',(0.E0,0.E0,-1.E0));
#7094=DIRECTION('',(-1.E0,0.E0,0.E0));
#7095=AXIS2_PLACEMENT_3D('',#7092,#7093,#7094);
#7097=CURVE_STYLE('',#57,POSITIVE_LENGTH_MEASURE(2.E-2),#17);
#7098=PRESENTATION_STYLE_ASSIGNMENT((#7097));
#7099=STYLED_ITEM('',(#7098),#7096);
#7100=DIRECTION('',(1.736481776669E-1,0.E0,-9.848077530122E-1));
#7101=VECTOR('',#7100,9.138839506972E-1);
#7102=CARTESIAN_POINT('',(1.349367301929E1,-7.62E0,1.E0));
#7103=LINE('',#7102,#7101);
#7104=CURVE_STYLE('',#57,POSITIVE_LENGTH_MEASURE(2.E-2),#17);
#7105=PRESENTATION_STYLE_ASSIGNMENT((#7104));
#7106=STYLED_ITEM('',(#7105),#7103);
#7107=DIRECTION('',(-1.736481776669E-1,0.E0,-9.848077530122E-1));
#7108=VECTOR('',#7107,9.138839506972E-1);
#7109=CARTESIAN_POINT('',(1.444632698071E1,-7.62E0,1.E0));
#7110=LINE('',#7109,#7108);
#7111=CURVE_STYLE('',#57,POSITIVE_LENGTH_MEASURE(2.E-2),#17);
#7112=PRESENTATION_STYLE_ASSIGNMENT((#7111));
#7113=STYLED_ITEM('',(#7112),#7110);
#7114=CARTESIAN_POINT('',(1.397E1,-7.62E0,9.999999999998E-2));
#7115=DIRECTION('',(0.E0,0.E0,-1.E0));
#7116=DIRECTION('',(1.E0,0.E0,0.E0));
#7117=AXIS2_PLACEMENT_3D('',#7114,#7115,#7116);
#7119=CURVE_STYLE('',#57,POSITIVE_LENGTH_MEASURE(2.E-2),#17);
#7120=PRESENTATION_STYLE_ASSIGNMENT((#7119));
#7121=STYLED_ITEM('',(#7120),#7118);
#7122=CARTESIAN_POINT('',(1.397E1,-7.62E0,9.999999999998E-2));
#7123=DIRECTION('',(0.E0,0.E0,-1.E0));
#7124=DIRECTION('',(-1.E0,0.E0,0.E0));
#7125=AXIS2_PLACEMENT_3D('',#7122,#7123,#7124);
#7127=CURVE_STYLE('',#57,POSITIVE_LENGTH_MEASURE(2.E-2),#17);
#7128=PRESENTATION_STYLE_ASSIGNMENT((#7127));
#7129=STYLED_ITEM('',(#7128),#7126);
#7130=DIRECTION('',(1.736481776669E-1,0.E0,9.848077530122E-1));
#7131=VECTOR('',#7130,1.015426611886E0);
#7132=CARTESIAN_POINT('',(6.65E0,-7.62E0,0.E0));
#7133=LINE('',#7132,#7131);
#7134=CURVE_STYLE('',#57,POSITIVE_LENGTH_MEASURE(2.E-2),#17);
#7135=PRESENTATION_STYLE_ASSIGNMENT((#7134));
#7136=STYLED_ITEM('',(#7135),#7133);
#7137=DIRECTION('',(1.736481776669E-1,0.E0,-9.848077530122E-1));
#7138=VECTOR('',#7137,1.015426611886E0);
#7139=CARTESIAN_POINT('',(5.873673019292E0,-7.62E0,1.E0));
#7140=LINE('',#7139,#7138);
#7141=CURVE_STYLE('',#57,POSITIVE_LENGTH_MEASURE(2.E-2),#17);
#7142=PRESENTATION_STYLE_ASSIGNMENT((#7141));
#7143=STYLED_ITEM('',(#7142),#7140);
#7144=DIRECTION('',(1.736481776669E-1,0.E0,9.848077530122E-1));
#7145=VECTOR('',#7144,1.015426611886E0);
#7146=CARTESIAN_POINT('',(1.173E1,-7.62E0,0.E0));
#7147=LINE('',#7146,#7145);
#7148=CURVE_STYLE('',#57,POSITIVE_LENGTH_MEASURE(2.E-2),#17);
#7149=PRESENTATION_STYLE_ASSIGNMENT((#7148));
#7150=STYLED_ITEM('',(#7149),#7147);
#7151=DIRECTION('',(1.736481776669E-1,0.E0,-9.848077530122E-1));
#7152=VECTOR('',#7151,1.015426611886E0);
#7153=CARTESIAN_POINT('',(1.095367301929E1,-7.62E0,1.E0));
#7154=LINE('',#7153,#7152);
#7155=CURVE_STYLE('',#57,POSITIVE_LENGTH_MEASURE(2.E-2),#17);
#7156=PRESENTATION_STYLE_ASSIGNMENT((#7155));
#7157=STYLED_ITEM('',(#7156),#7154);
#7158=DIRECTION('',(0.E0,0.E0,-1.E0));
#7159=VECTOR('',#7158,1.5E0);
#7160=CARTESIAN_POINT('',(1.465E1,9.35E0,2.E0));
#7161=LINE('',#7160,#7159);
#7162=CURVE_STYLE('',#57,POSITIVE_LENGTH_MEASURE(2.E-2),#17);
#7163=PRESENTATION_STYLE_ASSIGNMENT((#7162));
#7164=STYLED_ITEM('',(#7163),#7161);
#7165=DIRECTION('',(0.E0,0.E0,1.E0));
#7166=VECTOR('',#7165,1.5E0);
#7167=CARTESIAN_POINT('',(1.535E1,8.65E0,5.E-1));
#7168=LINE('',#7167,#7166);
#7169=CURVE_STYLE('',#57,POSITIVE_LENGTH_MEASURE(2.E-2),#17);
#7170=PRESENTATION_STYLE_ASSIGNMENT((#7169));
#7171=STYLED_ITEM('',(#7170),#7168);
#7172=DIRECTION('',(0.E0,0.E0,-1.E0));
#7173=VECTOR('',#7172,1.5E0);
#7174=CARTESIAN_POINT('',(1.535E1,-8.65E0,2.E0));
#7175=LINE('',#7174,#7173);
#7176=CURVE_STYLE('',#57,POSITIVE_LENGTH_MEASURE(2.E-2),#17);
#7177=PRESENTATION_STYLE_ASSIGNMENT((#7176));
#7178=STYLED_ITEM('',(#7177),#7175);
#7179=DIRECTION('',(0.E0,0.E0,1.E0));
#7180=VECTOR('',#7179,1.5E0);
#7181=CARTESIAN_POINT('',(1.465E1,-9.35E0,5.E-1));
#7182=LINE('',#7181,#7180);
#7183=CURVE_STYLE('',#57,POSITIVE_LENGTH_MEASURE(2.E-2),#17);
#7184=PRESENTATION_STYLE_ASSIGNMENT((#7183));
#7185=STYLED_ITEM('',(#7184),#7182);
#7186=CARTESIAN_POINT('',(-1.57E1,-9.3E0,0.E0));
#7187=CARTESIAN_POINT('',(-1.57E1,9.3E0,0.E0));
#7188=VERTEX_POINT('',#7186);
#7189=VERTEX_POINT('',#7187);
#7190=CARTESIAN_POINT('',(-1.53E1,-9.7E0,0.E0));
#7191=VERTEX_POINT('',#7190);
#7192=CARTESIAN_POINT('',(1.53E1,-9.7E0,0.E0));
#7193=VERTEX_POINT('',#7192);
#7194=CARTESIAN_POINT('',(1.57E1,-9.3E0,0.E0));
#7195=VERTEX_POINT('',#7194);
#7196=CARTESIAN_POINT('',(1.57E1,9.3E0,0.E0));
#7197=VERTEX_POINT('',#7196);
#7198=CARTESIAN_POINT('',(1.53E1,9.7E0,0.E0));
#7199=VERTEX_POINT('',#7198);
#7200=CARTESIAN_POINT('',(-1.53E1,9.7E0,0.E0));
#7201=VERTEX_POINT('',#7200);
#7202=CARTESIAN_POINT('',(-1.113E1,-7.62E0,0.E0));
#7203=CARTESIAN_POINT('',(-1.173E1,-7.62E0,0.E0));
#7204=VERTEX_POINT('',#7202);
#7205=VERTEX_POINT('',#7203);
#7206=CARTESIAN_POINT('',(-8.59E0,-7.62E0,0.E0));
#7207=CARTESIAN_POINT('',(-9.19E0,-7.62E0,0.E0));
#7208=VERTEX_POINT('',#7206);
#7209=VERTEX_POINT('',#7207);
#7210=CARTESIAN_POINT('',(6.65E0,-7.62E0,0.E0));
#7211=CARTESIAN_POINT('',(6.05E0,-7.62E0,0.E0));
#7212=VERTEX_POINT('',#7210);
#7213=VERTEX_POINT('',#7211);
#7214=CARTESIAN_POINT('',(1.173E1,-7.62E0,0.E0));
#7215=CARTESIAN_POINT('',(1.113E1,-7.62E0,0.E0));
#7216=VERTEX_POINT('',#7214);
#7217=VERTEX_POINT('',#7215);
#7218=CARTESIAN_POINT('',(-1.113E1,7.62E0,0.E0));
#7219=CARTESIAN_POINT('',(-1.173E1,7.62E0,0.E0));
#7220=VERTEX_POINT('',#7218);
#7221=VERTEX_POINT('',#7219);
#7222=CARTESIAN_POINT('',(-8.59E0,7.62E0,0.E0));
#7223=CARTESIAN_POINT('',(-9.19E0,7.62E0,0.E0));
#7224=VERTEX_POINT('',#7222);
#7225=VERTEX_POINT('',#7223);
#7226=CARTESIAN_POINT('',(1.173E1,7.62E0,0.E0));
#7227=CARTESIAN_POINT('',(1.113E1,7.62E0,0.E0));
#7228=VERTEX_POINT('',#7226);
#7229=VERTEX_POINT('',#7227);
#7230=CARTESIAN_POINT('',(6.65E0,7.62E0,0.E0));
#7231=CARTESIAN_POINT('',(6.05E0,7.62E0,0.E0));
#7232=VERTEX_POINT('',#7230);
#7233=VERTEX_POINT('',#7231);
#7234=CARTESIAN_POINT('',(-1.367E1,-7.62E0,0.E0));
#7235=CARTESIAN_POINT('',(-1.427E1,-7.62E0,0.E0));
#7236=VERTEX_POINT('',#7234);
#7237=VERTEX_POINT('',#7235);
#7238=CARTESIAN_POINT('',(9.19E0,7.62E0,0.E0));
#7239=CARTESIAN_POINT('',(8.59E0,7.62E0,0.E0));
#7240=VERTEX_POINT('',#7238);
#7241=VERTEX_POINT('',#7239);
#7242=CARTESIAN_POINT('',(9.19E0,-7.62E0,0.E0));
#7243=CARTESIAN_POINT('',(8.59E0,-7.62E0,0.E0));
#7244=VERTEX_POINT('',#7242);
#7245=VERTEX_POINT('',#7243);
#7246=CARTESIAN_POINT('',(-1.6E1,9.3E0,3.E-1));
#7247=VERTEX_POINT('',#7246);
#7248=CARTESIAN_POINT('',(-1.6E1,-9.299999999972E0,3.E-1));
#7249=VERTEX_POINT('',#7248);
#7250=CARTESIAN_POINT('',(-1.53E1,1.E1,3.E-1));
#7251=VERTEX_POINT('',#7250);
#7252=CARTESIAN_POINT('',(1.53E1,1.E1,3.E-1));
#7253=VERTEX_POINT('',#7252);
#7254=CARTESIAN_POINT('',(1.6E1,9.3E0,3.E-1));
#7255=VERTEX_POINT('',#7254);
#7256=CARTESIAN_POINT('',(1.6E1,-9.3E0,3.E-1));
#7257=VERTEX_POINT('',#7256);
#7258=CARTESIAN_POINT('',(1.53E1,-1.E1,3.E-1));
#7259=VERTEX_POINT('',#7258);
#7260=CARTESIAN_POINT('',(-1.53E1,-1.E1,3.E-1));
#7261=VERTEX_POINT('',#7260);
#7262=CARTESIAN_POINT('',(-1.6E1,-9.299999999937E0,5.E-1));
#7263=VERTEX_POINT('',#7262);
#7264=CARTESIAN_POINT('',(-1.53E1,-1.E1,5.E-1));
#7265=VERTEX_POINT('',#7264);
#7266=CARTESIAN_POINT('',(-1.6E1,9.299999999983E0,5.E-1));
#7267=VERTEX_POINT('',#7266);
#7268=CARTESIAN_POINT('',(-1.529999999994E1,1.E1,5.E-1));
#7269=VERTEX_POINT('',#7268);
#7270=CARTESIAN_POINT('',(1.529999999998E1,1.E1,5.E-1));
#7271=VERTEX_POINT('',#7270);
#7272=CARTESIAN_POINT('',(1.6E1,9.299999999937E0,5.E-1));
#7273=VERTEX_POINT('',#7272);
#7274=CARTESIAN_POINT('',(1.6E1,-9.299999999983E0,5.E-1));
#7275=VERTEX_POINT('',#7274);
#7276=CARTESIAN_POINT('',(1.529999999994E1,-1.E1,5.E-1));
#7277=VERTEX_POINT('',#7276);
#7278=CARTESIAN_POINT('',(1.535E1,8.65E0,5.E-1));
#7279=CARTESIAN_POINT('',(1.535E1,-8.65E0,5.E-1));
#7280=VERTEX_POINT('',#7278);
#7281=VERTEX_POINT('',#7279);
#7282=CARTESIAN_POINT('',(1.465E1,9.35E0,5.E-1));
#7283=VERTEX_POINT('',#7282);
#7284=CARTESIAN_POINT('',(-1.465E1,9.35E0,5.E-1));
#7285=VERTEX_POINT('',#7284);
#7286=CARTESIAN_POINT('',(-1.535E1,8.65E0,5.E-1));
#7287=VERTEX_POINT('',#7286);
#7288=CARTESIAN_POINT('',(-1.535E1,-8.65E0,5.E-1));
#7289=VERTEX_POINT('',#7288);
#7290=CARTESIAN_POINT('',(-1.465E1,-9.35E0,5.E-1));
#7291=VERTEX_POINT('',#7290);
#7292=CARTESIAN_POINT('',(1.465E1,-9.35E0,5.E-1));
#7293=VERTEX_POINT('',#7292);
#7294=CARTESIAN_POINT('',(1.535E1,7.395625849961E0,3.1E0));
#7295=CARTESIAN_POINT('',(1.535E1,-7.395625849961E0,3.1E0));
#7296=VERTEX_POINT('',#7294);
#7297=VERTEX_POINT('',#7295);
#7298=CARTESIAN_POINT('',(1.535E1,7.434038696402E0,2.E0));
#7299=VERTEX_POINT('',#7298);
#7300=CARTESIAN_POINT('',(1.535E1,8.65E0,2.E0));
#7301=VERTEX_POINT('',#7300);
#7302=CARTESIAN_POINT('',(1.535E1,-8.65E0,2.E0));
#7303=VERTEX_POINT('',#7302);
#7304=CARTESIAN_POINT('',(1.535E1,-7.434038696402E0,2.E0));
#7305=VERTEX_POINT('',#7304);
#7306=CARTESIAN_POINT('',(1.515E1,7.381657542164E0,3.5E0));
#7307=VERTEX_POINT('',#7306);
#7308=CARTESIAN_POINT('',(1.515E1,-7.381657542164E0,3.5E0));
#7309=VERTEX_POINT('',#7308);
#7310=CARTESIAN_POINT('',(1.485E1,7.381657542164E0,3.5E0));
#7311=VERTEX_POINT('',#7310);
#7312=CARTESIAN_POINT('',(1.485E1,7.434038696402E0,2.E0));
#7313=VERTEX_POINT('',#7312);
#7314=CARTESIAN_POINT('',(1.485E1,-7.381657542164E0,3.5E0));
#7315=VERTEX_POINT('',#7314);
#7316=CARTESIAN_POINT('',(1.485E1,-7.434038696402E0,2.E0));
#7317=VERTEX_POINT('',#7316);
#7318=CARTESIAN_POINT('',(1.465E1,-9.35E0,2.E0));
#7319=CARTESIAN_POINT('',(1.335E1,-9.35E0,2.E0));
#7320=VERTEX_POINT('',#7318);
#7321=VERTEX_POINT('',#7319);
#7322=CARTESIAN_POINT('',(1.335E1,-8.85E0,2.E0));
#7323=VERTEX_POINT('',#7322);
#7324=CARTESIAN_POINT('',(1.465E1,-8.85E0,2.E0));
#7325=VERTEX_POINT('',#7324);
#7326=CARTESIAN_POINT('',(1.485E1,-8.65E0,2.E0));
#7327=VERTEX_POINT('',#7326);
#7328=CARTESIAN_POINT('',(1.331158715356E1,-9.35E0,3.1E0));
#7329=CARTESIAN_POINT('',(-1.331158715356E1,-9.35E0,3.1E0));
#7330=VERTEX_POINT('',#7328);
#7331=VERTEX_POINT('',#7329);
#7332=CARTESIAN_POINT('',(-1.465E1,-9.35E0,2.E0));
#7333=VERTEX_POINT('',#7332);
#7334=CARTESIAN_POINT('',(-1.335E1,-9.35E0,2.E0));
#7335=VERTEX_POINT('',#7334);
#7336=CARTESIAN_POINT('',(8.6E0,-9.35E0,2.E0));
#7337=CARTESIAN_POINT('',(7.4E0,-9.35E0,2.E0));
#7338=VERTEX_POINT('',#7336);
#7339=VERTEX_POINT('',#7337);
#7340=CARTESIAN_POINT('',(-7.4E0,-9.35E0,2.E0));
#7341=CARTESIAN_POINT('',(-8.6E0,-9.35E0,2.E0));
#7342=VERTEX_POINT('',#7340);
#7343=VERTEX_POINT('',#7341);
#7344=CARTESIAN_POINT('',(1.329761884576E1,-9.15E0,3.5E0));
#7345=VERTEX_POINT('',#7344);
#7346=CARTESIAN_POINT('',(-1.329761884576E1,-9.15E0,3.5E0));
#7347=VERTEX_POINT('',#7346);
#7348=CARTESIAN_POINT('',(1.329761884576E1,-8.85E0,3.5E0));
#7349=VERTEX_POINT('',#7348);
#7350=CARTESIAN_POINT('',(-1.329761884576E1,-8.85E0,3.5E0));
#7351=VERTEX_POINT('',#7350);
#7352=CARTESIAN_POINT('',(-1.335E1,-8.85E0,2.E0));
#7353=VERTEX_POINT('',#7352);
#7354=CARTESIAN_POINT('',(-1.535E1,-8.65E0,2.E0));
#7355=VERTEX_POINT('',#7354);
#7356=CARTESIAN_POINT('',(-1.535E1,-7.434038696402E0,2.E0));
#7357=VERTEX_POINT('',#7356);
#7358=CARTESIAN_POINT('',(-1.485E1,-7.434038696402E0,2.E0));
#7359=VERTEX_POINT('',#7358);
#7360=CARTESIAN_POINT('',(-1.485E1,-8.65E0,2.E0));
#7361=VERTEX_POINT('',#7360);
#7362=CARTESIAN_POINT('',(-1.465E1,-8.85E0,2.E0));
#7363=VERTEX_POINT('',#7362);
#7364=CARTESIAN_POINT('',(-1.535E1,-7.395625849961E0,3.1E0));
#7365=CARTESIAN_POINT('',(-1.535E1,7.395625849961E0,3.1E0));
#7366=VERTEX_POINT('',#7364);
#7367=VERTEX_POINT('',#7365);
#7368=CARTESIAN_POINT('',(-1.535E1,8.65E0,2.E0));
#7369=VERTEX_POINT('',#7368);
#7370=CARTESIAN_POINT('',(-1.535E1,7.434038696402E0,2.E0));
#7371=VERTEX_POINT('',#7370);
#7372=CARTESIAN_POINT('',(-1.515E1,-7.381657542164E0,3.5E0));
#7373=VERTEX_POINT('',#7372);
#7374=CARTESIAN_POINT('',(-1.515E1,7.381657542164E0,3.5E0));
#7375=VERTEX_POINT('',#7374);
#7376=CARTESIAN_POINT('',(-1.485E1,-7.381657542164E0,3.5E0));
#7377=VERTEX_POINT('',#7376);
#7378=CARTESIAN_POINT('',(-1.485E1,7.381657542164E0,3.5E0));
#7379=VERTEX_POINT('',#7378);
#7380=CARTESIAN_POINT('',(-1.485E1,7.434038696402E0,2.E0));
#7381=VERTEX_POINT('',#7380);
#7382=CARTESIAN_POINT('',(-1.465E1,9.35E0,2.E0));
#7383=VERTEX_POINT('',#7382);
#7384=CARTESIAN_POINT('',(-1.335E1,9.35E0,2.E0));
#7385=VERTEX_POINT('',#7384);
#7386=CARTESIAN_POINT('',(-1.335E1,8.85E0,2.E0));
#7387=VERTEX_POINT('',#7386);
#7388=CARTESIAN_POINT('',(-1.465E1,8.85E0,2.E0));
#7389=VERTEX_POINT('',#7388);
#7390=CARTESIAN_POINT('',(-1.485E1,8.65E0,2.E0));
#7391=VERTEX_POINT('',#7390);
#7392=CARTESIAN_POINT('',(-1.331158715356E1,9.35E0,3.1E0));
#7393=CARTESIAN_POINT('',(1.331158715356E1,9.35E0,3.1E0));
#7394=VERTEX_POINT('',#7392);
#7395=VERTEX_POINT('',#7393);
#7396=CARTESIAN_POINT('',(1.465E1,9.35E0,2.E0));
#7397=VERTEX_POINT('',#7396);
#7398=CARTESIAN_POINT('',(1.335E1,9.35E0,2.E0));
#7399=VERTEX_POINT('',#7398);
#7400=CARTESIAN_POINT('',(7.4E0,9.35E0,2.E0));
#7401=CARTESIAN_POINT('',(8.6E0,9.35E0,2.E0));
#7402=VERTEX_POINT('',#7400);
#7403=VERTEX_POINT('',#7401);
#7404=CARTESIAN_POINT('',(-8.6E0,9.35E0,2.E0));
#7405=CARTESIAN_POINT('',(-7.4E0,9.35E0,2.E0));
#7406=VERTEX_POINT('',#7404);
#7407=VERTEX_POINT('',#7405);
#7408=CARTESIAN_POINT('',(-1.329761884576E1,9.15E0,3.5E0));
#7409=VERTEX_POINT('',#7408);
#7410=CARTESIAN_POINT('',(1.329761884576E1,9.15E0,3.5E0));
#7411=VERTEX_POINT('',#7410);
#7412=CARTESIAN_POINT('',(-1.329761884576E1,8.85E0,3.5E0));
#7413=VERTEX_POINT('',#7412);
#7414=CARTESIAN_POINT('',(1.329761884576E1,8.85E0,3.5E0));
#7415=VERTEX_POINT('',#7414);
#7416=CARTESIAN_POINT('',(1.335E1,8.85E0,2.E0));
#7417=VERTEX_POINT('',#7416);
#7418=CARTESIAN_POINT('',(1.485E1,8.65E0,2.E0));
#7419=VERTEX_POINT('',#7418);
#7420=CARTESIAN_POINT('',(1.465E1,8.85E0,2.E0));
#7421=VERTEX_POINT('',#7420);
#7422=CARTESIAN_POINT('',(1.485E1,-2.5E-1,3.E0));
#7423=CARTESIAN_POINT('',(1.485E1,-2.5E-1,1.E0));
#7424=VERTEX_POINT('',#7422);
#7425=VERTEX_POINT('',#7423);
#7426=CARTESIAN_POINT('',(1.485E1,2.5E-1,3.E0));
#7427=VERTEX_POINT('',#7426);
#7428=CARTESIAN_POINT('',(1.485E1,2.5E-1,1.E0));
#7429=VERTEX_POINT('',#7428);
#7430=CARTESIAN_POINT('',(1.485E1,8.65E0,1.E0));
#7431=VERTEX_POINT('',#7430);
#7432=CARTESIAN_POINT('',(1.485E1,-8.65E0,1.E0));
#7433=VERTEX_POINT('',#7432);
#7434=CARTESIAN_POINT('',(1.435E1,-2.5E-1,1.E0));
#7435=VERTEX_POINT('',#7434);
#7436=CARTESIAN_POINT('',(1.39E1,-2.5E-1,1.E0));
#7437=VERTEX_POINT('',#7436);
#7438=CARTESIAN_POINT('',(1.39E1,-2.5E-1,1.2E0));
#7439=VERTEX_POINT('',#7438);
#7440=CARTESIAN_POINT('',(1.465E1,-2.5E-1,3.E0));
#7441=VERTEX_POINT('',#7440);
#7442=CARTESIAN_POINT('',(4.E-1,-6.8E0,1.E0));
#7443=CARTESIAN_POINT('',(4.E-1,-8.85E0,1.E0));
#7444=VERTEX_POINT('',#7442);
#7445=VERTEX_POINT('',#7443);
#7446=CARTESIAN_POINT('',(1.405E1,-6.8E0,1.E0));
#7447=VERTEX_POINT('',#7446);
#7448=CARTESIAN_POINT('',(1.435E1,-6.5E0,1.E0));
#7449=VERTEX_POINT('',#7448);
#7450=CARTESIAN_POINT('',(1.465E1,-8.85E0,1.E0));
#7451=VERTEX_POINT('',#7450);
#7452=CARTESIAN_POINT('',(7.936730192915E-1,-7.62E0,1.E0));
#7453=CARTESIAN_POINT('',(1.746326980709E0,-7.62E0,1.E0));
#7454=VERTEX_POINT('',#7452);
#7455=VERTEX_POINT('',#7453);
#7456=CARTESIAN_POINT('',(8.413673019292E0,-7.62E0,1.E0));
#7457=CARTESIAN_POINT('',(9.366326980708E0,-7.62E0,1.E0));
#7458=VERTEX_POINT('',#7456);
#7459=VERTEX_POINT('',#7457);
#7460=CARTESIAN_POINT('',(3.333673019291E0,-7.62E0,1.E0));
#7461=CARTESIAN_POINT('',(4.286326980709E0,-7.62E0,1.E0));
#7462=VERTEX_POINT('',#7460);
#7463=VERTEX_POINT('',#7461);
#7464=CARTESIAN_POINT('',(1.349367301929E1,-7.62E0,1.E0));
#7465=CARTESIAN_POINT('',(1.444632698071E1,-7.62E0,1.E0));
#7466=VERTEX_POINT('',#7464);
#7467=VERTEX_POINT('',#7465);
#7468=CARTESIAN_POINT('',(5.873673019292E0,-7.62E0,1.E0));
#7469=CARTESIAN_POINT('',(6.826326980708E0,-7.62E0,1.E0));
#7470=VERTEX_POINT('',#7468);
#7471=VERTEX_POINT('',#7469);
#7472=CARTESIAN_POINT('',(1.095367301929E1,-7.62E0,1.E0));
#7473=CARTESIAN_POINT('',(1.190632698071E1,-7.62E0,1.E0));
#7474=VERTEX_POINT('',#7472);
#7475=VERTEX_POINT('',#7473);
#7476=CARTESIAN_POINT('',(4.E-1,-8.85E0,1.2E0));
#7477=VERTEX_POINT('',#7476);
#7478=CARTESIAN_POINT('',(4.E-1,-6.8E0,1.2E0));
#7479=VERTEX_POINT('',#7478);
#7480=CARTESIAN_POINT('',(-4.E-1,-8.85E0,1.2E0));
#7481=VERTEX_POINT('',#7480);
#7482=CARTESIAN_POINT('',(-1.465E1,-8.85E0,1.E0));
#7483=VERTEX_POINT('',#7482);
#7484=CARTESIAN_POINT('',(-4.E-1,-8.85E0,1.E0));
#7485=VERTEX_POINT('',#7484);
#7486=CARTESIAN_POINT('',(-8.6E0,-8.85E0,2.E0));
#7487=CARTESIAN_POINT('',(-7.4E0,-8.85E0,2.E0));
#7488=VERTEX_POINT('',#7486);
#7489=VERTEX_POINT('',#7487);
#7490=CARTESIAN_POINT('',(7.4E0,-8.85E0,2.E0));
#7491=CARTESIAN_POINT('',(8.6E0,-8.85E0,2.E0));
#7492=VERTEX_POINT('',#7490);
#7493=VERTEX_POINT('',#7491);
#7494=CARTESIAN_POINT('',(-4.E-1,-6.8E0,1.2E0));
#7495=VERTEX_POINT('',#7494);
#7496=CARTESIAN_POINT('',(-4.E-1,-6.8E0,1.E0));
#7497=VERTEX_POINT('',#7496);
#7498=CARTESIAN_POINT('',(-1.485E1,-8.65E0,1.E0));
#7499=VERTEX_POINT('',#7498);
#7500=CARTESIAN_POINT('',(-1.485E1,-2.5E-1,1.E0));
#7501=VERTEX_POINT('',#7500);
#7502=CARTESIAN_POINT('',(-1.435E1,-2.5E-1,1.E0));
#7503=VERTEX_POINT('',#7502);
#7504=CARTESIAN_POINT('',(-1.435E1,-6.5E0,1.E0));
#7505=VERTEX_POINT('',#7504);
#7506=CARTESIAN_POINT('',(-1.405E1,-6.8E0,1.E0));
#7507=VERTEX_POINT('',#7506);
#7508=CARTESIAN_POINT('',(-6.826326980709E0,-7.62E0,1.E0));
#7509=CARTESIAN_POINT('',(-5.873673019291E0,-7.62E0,1.E0));
#7510=VERTEX_POINT('',#7508);
#7511=VERTEX_POINT('',#7509);
#7512=CARTESIAN_POINT('',(-4.286326980709E0,-7.62E0,1.E0));
#7513=CARTESIAN_POINT('',(-3.333673019291E0,-7.62E0,1.E0));
#7514=VERTEX_POINT('',#7512);
#7515=VERTEX_POINT('',#7513);
#7516=CARTESIAN_POINT('',(-1.746326980709E0,-7.62E0,1.E0));
#7517=CARTESIAN_POINT('',(-7.936730192915E-1,-7.62E0,1.E0));
#7518=VERTEX_POINT('',#7516);
#7519=VERTEX_POINT('',#7517);
#7520=CARTESIAN_POINT('',(-9.366326980708E0,-7.62E0,1.E0));
#7521=CARTESIAN_POINT('',(-8.413673019292E0,-7.62E0,1.E0));
#7522=VERTEX_POINT('',#7520);
#7523=VERTEX_POINT('',#7521);
#7524=CARTESIAN_POINT('',(-1.190632698071E1,-7.62E0,1.E0));
#7525=CARTESIAN_POINT('',(-1.095367301929E1,-7.62E0,1.E0));
#7526=VERTEX_POINT('',#7524);
#7527=VERTEX_POINT('',#7525);
#7528=CARTESIAN_POINT('',(-1.444632698071E1,-7.62E0,1.E0));
#7529=CARTESIAN_POINT('',(-1.349367301929E1,-7.62E0,1.E0));
#7530=VERTEX_POINT('',#7528);
#7531=VERTEX_POINT('',#7529);
#7532=CARTESIAN_POINT('',(-1.485E1,-2.5E-1,3.E0));
#7533=VERTEX_POINT('',#7532);
#7534=CARTESIAN_POINT('',(-1.485E1,8.65E0,1.E0));
#7535=VERTEX_POINT('',#7534);
#7536=CARTESIAN_POINT('',(-1.485E1,2.5E-1,1.E0));
#7537=VERTEX_POINT('',#7536);
#7538=CARTESIAN_POINT('',(-1.485E1,2.5E-1,3.E0));
#7539=VERTEX_POINT('',#7538);
#7540=CARTESIAN_POINT('',(-1.465E1,-2.5E-1,3.E0));
#7541=VERTEX_POINT('',#7540);
#7542=CARTESIAN_POINT('',(-1.39E1,-2.5E-1,1.2E0));
#7543=VERTEX_POINT('',#7542);
#7544=CARTESIAN_POINT('',(-1.39E1,-2.5E-1,1.E0));
#7545=VERTEX_POINT('',#7544);
#7546=CARTESIAN_POINT('',(-1.465E1,2.5E-1,3.E0));
#7547=VERTEX_POINT('',#7546);
#7548=CARTESIAN_POINT('',(-1.435E1,2.5E-1,1.E0));
#7549=VERTEX_POINT('',#7548);
#7550=CARTESIAN_POINT('',(-1.39E1,2.5E-1,1.E0));
#7551=VERTEX_POINT('',#7550);
#7552=CARTESIAN_POINT('',(-1.39E1,2.5E-1,1.2E0));
#7553=VERTEX_POINT('',#7552);
#7554=CARTESIAN_POINT('',(-4.E-1,6.8E0,1.E0));
#7555=CARTESIAN_POINT('',(-4.E-1,8.85E0,1.E0));
#7556=VERTEX_POINT('',#7554);
#7557=VERTEX_POINT('',#7555);
#7558=CARTESIAN_POINT('',(-1.405E1,6.8E0,1.E0));
#7559=VERTEX_POINT('',#7558);
#7560=CARTESIAN_POINT('',(-1.435E1,6.5E0,1.E0));
#7561=VERTEX_POINT('',#7560);
#7562=CARTESIAN_POINT('',(-1.465E1,8.85E0,1.E0));
#7563=VERTEX_POINT('',#7562);
#7564=CARTESIAN_POINT('',(-1.402632698071E1,7.62E0,1.E0));
#7565=CARTESIAN_POINT('',(-1.307367301929E1,7.62E0,1.E0));
#7566=VERTEX_POINT('',#7564);
#7567=VERTEX_POINT('',#7565);
#7568=CARTESIAN_POINT('',(-6.826326980709E0,7.62E0,1.E0));
#7569=CARTESIAN_POINT('',(-5.873673019291E0,7.62E0,1.E0));
#7570=VERTEX_POINT('',#7568);
#7571=VERTEX_POINT('',#7569);
#7572=CARTESIAN_POINT('',(-4.286326980709E0,7.62E0,1.E0));
#7573=CARTESIAN_POINT('',(-3.333673019291E0,7.62E0,1.E0));
#7574=VERTEX_POINT('',#7572);
#7575=VERTEX_POINT('',#7573);
#7576=CARTESIAN_POINT('',(-1.746326980709E0,7.62E0,1.E0));
#7577=CARTESIAN_POINT('',(-7.936730192915E-1,7.62E0,1.E0));
#7578=VERTEX_POINT('',#7576);
#7579=VERTEX_POINT('',#7577);
#7580=CARTESIAN_POINT('',(-9.366326980708E0,7.62E0,1.E0));
#7581=CARTESIAN_POINT('',(-8.413673019292E0,7.62E0,1.E0));
#7582=VERTEX_POINT('',#7580);
#7583=VERTEX_POINT('',#7581);
#7584=CARTESIAN_POINT('',(-1.190632698071E1,7.62E0,1.E0));
#7585=CARTESIAN_POINT('',(-1.095367301929E1,7.62E0,1.E0));
#7586=VERTEX_POINT('',#7584);
#7587=VERTEX_POINT('',#7585);
#7588=CARTESIAN_POINT('',(-4.E-1,8.85E0,1.2E0));
#7589=VERTEX_POINT('',#7588);
#7590=CARTESIAN_POINT('',(-4.E-1,6.8E0,1.2E0));
#7591=VERTEX_POINT('',#7590);
#7592=CARTESIAN_POINT('',(4.E-1,8.85E0,1.2E0));
#7593=VERTEX_POINT('',#7592);
#7594=CARTESIAN_POINT('',(1.465E1,8.85E0,1.E0));
#7595=VERTEX_POINT('',#7594);
#7596=CARTESIAN_POINT('',(4.E-1,8.85E0,1.E0));
#7597=VERTEX_POINT('',#7596);
#7598=CARTESIAN_POINT('',(-7.4E0,8.85E0,2.E0));
#7599=CARTESIAN_POINT('',(-8.6E0,8.85E0,2.E0));
#7600=VERTEX_POINT('',#7598);
#7601=VERTEX_POINT('',#7599);
#7602=CARTESIAN_POINT('',(8.6E0,8.85E0,2.E0));
#7603=CARTESIAN_POINT('',(7.4E0,8.85E0,2.E0));
#7604=VERTEX_POINT('',#7602);
#7605=VERTEX_POINT('',#7603);
#7606=CARTESIAN_POINT('',(4.E-1,6.8E0,1.2E0));
#7607=VERTEX_POINT('',#7606);
#7608=CARTESIAN_POINT('',(4.E-1,6.8E0,1.E0));
#7609=VERTEX_POINT('',#7608);
#7610=CARTESIAN_POINT('',(1.435E1,2.5E-1,1.E0));
#7611=VERTEX_POINT('',#7610);
#7612=CARTESIAN_POINT('',(1.435E1,6.5E0,1.E0));
#7613=VERTEX_POINT('',#7612);
#7614=CARTESIAN_POINT('',(1.405E1,6.8E0,1.E0));
#7615=VERTEX_POINT('',#7614);
#7616=CARTESIAN_POINT('',(7.936730192915E-1,7.62E0,1.E0));
#7617=CARTESIAN_POINT('',(1.746326980709E0,7.62E0,1.E0));
#7618=VERTEX_POINT('',#7616);
#7619=VERTEX_POINT('',#7617);
#7620=CARTESIAN_POINT('',(3.333673019291E0,7.62E0,1.E0));
#7621=CARTESIAN_POINT('',(4.286326980709E0,7.62E0,1.E0));
#7622=VERTEX_POINT('',#7620);
#7623=VERTEX_POINT('',#7621);
#7624=CARTESIAN_POINT('',(8.413673019292E0,7.62E0,1.E0));
#7625=CARTESIAN_POINT('',(9.366326980708E0,7.62E0,1.E0));
#7626=VERTEX_POINT('',#7624);
#7627=VERTEX_POINT('',#7625);
#7628=CARTESIAN_POINT('',(1.349367301929E1,7.62E0,1.E0));
#7629=CARTESIAN_POINT('',(1.444632698071E1,7.62E0,1.E0));
#7630=VERTEX_POINT('',#7628);
#7631=VERTEX_POINT('',#7629);
#7632=CARTESIAN_POINT('',(1.095367301929E1,7.62E0,1.E0));
#7633=CARTESIAN_POINT('',(1.190632698071E1,7.62E0,1.E0));
#7634=VERTEX_POINT('',#7632);
#7635=VERTEX_POINT('',#7633);
#7636=CARTESIAN_POINT('',(5.873673019292E0,7.62E0,1.E0));
#7637=CARTESIAN_POINT('',(6.826326980708E0,7.62E0,1.E0));
#7638=VERTEX_POINT('',#7636);
#7639=VERTEX_POINT('',#7637);
#7640=CARTESIAN_POINT('',(1.465E1,2.5E-1,3.E0));
#7641=VERTEX_POINT('',#7640);
#7642=CARTESIAN_POINT('',(1.39E1,2.5E-1,1.2E0));
#7643=VERTEX_POINT('',#7642);
#7644=CARTESIAN_POINT('',(1.39E1,2.5E-1,1.E0));
#7645=VERTEX_POINT('',#7644);
#7646=CARTESIAN_POINT('',(1.435E1,-6.5E0,7.E-1));
#7647=VERTEX_POINT('',#7646);
#7648=CARTESIAN_POINT('',(1.435E1,6.5E0,7.E-1));
#7649=VERTEX_POINT('',#7648);
#7650=CARTESIAN_POINT('',(1.405E1,-6.8E0,7.E-1));
#7651=VERTEX_POINT('',#7650);
#7652=CARTESIAN_POINT('',(-1.405E1,-6.8E0,7.E-1));
#7653=CARTESIAN_POINT('',(-1.435E1,-6.5E0,7.E-1));
#7654=VERTEX_POINT('',#7652);
#7655=VERTEX_POINT('',#7653);
#7656=CARTESIAN_POINT('',(-1.435E1,6.5E0,7.E-1));
#7657=VERTEX_POINT('',#7656);
#7658=CARTESIAN_POINT('',(-1.405E1,6.8E0,7.E-1));
#7659=VERTEX_POINT('',#7658);
#7660=CARTESIAN_POINT('',(1.405E1,6.8E0,7.E-1));
#7661=VERTEX_POINT('',#7660);
#7662=CARTESIAN_POINT('',(9.523673019291E-1,7.62E0,9.999999999999E-2));
#7663=VERTEX_POINT('',#7662);
#7664=CARTESIAN_POINT('',(1.587632698071E0,7.62E0,9.999999999998E-2));
#7665=VERTEX_POINT('',#7664);
#7666=CARTESIAN_POINT('',(3.492367301929E0,7.62E0,9.999999999999E-2));
#7667=VERTEX_POINT('',#7666);
#7668=CARTESIAN_POINT('',(4.127632698071E0,7.62E0,9.999999999998E-2));
#7669=VERTEX_POINT('',#7668);
#7670=CARTESIAN_POINT('',(1.365236730193E1,7.62E0,9.999999999999E-2));
#7671=VERTEX_POINT('',#7670);
#7672=CARTESIAN_POINT('',(1.428763269807E1,7.62E0,9.999999999998E-2));
#7673=VERTEX_POINT('',#7672);
#7674=CARTESIAN_POINT('',(-1.386763269807E1,7.62E0,9.999999999999E-2));
#7675=VERTEX_POINT('',#7674);
#7676=CARTESIAN_POINT('',(-1.323236730193E1,7.62E0,9.999999999998E-2));
#7677=VERTEX_POINT('',#7676);
#7678=CARTESIAN_POINT('',(-6.667632698071E0,7.62E0,9.999999999999E-2));
#7679=VERTEX_POINT('',#7678);
#7680=CARTESIAN_POINT('',(-6.032367301929E0,7.62E0,9.999999999998E-2));
#7681=VERTEX_POINT('',#7680);
#7682=CARTESIAN_POINT('',(-4.127632698071E0,7.62E0,9.999999999999E-2));
#7683=VERTEX_POINT('',#7682);
#7684=CARTESIAN_POINT('',(-3.492367301929E0,7.62E0,9.999999999998E-2));
#7685=VERTEX_POINT('',#7684);
#7686=CARTESIAN_POINT('',(-1.587632698071E0,7.62E0,9.999999999999E-2));
#7687=VERTEX_POINT('',#7686);
#7688=CARTESIAN_POINT('',(-9.523673019291E-1,7.62E0,9.999999999998E-2));
#7689=VERTEX_POINT('',#7688);
#7690=CARTESIAN_POINT('',(-6.667632698071E0,-7.62E0,9.999999999999E-2));
#7691=VERTEX_POINT('',#7690);
#7692=CARTESIAN_POINT('',(-6.032367301929E0,-7.62E0,9.999999999998E-2));
#7693=VERTEX_POINT('',#7692);
#7694=CARTESIAN_POINT('',(-4.127632698071E0,-7.62E0,9.999999999999E-2));
#7695=VERTEX_POINT('',#7694);
#7696=CARTESIAN_POINT('',(-3.492367301929E0,-7.62E0,9.999999999998E-2));
#7697=VERTEX_POINT('',#7696);
#7698=CARTESIAN_POINT('',(-1.587632698071E0,-7.62E0,9.999999999999E-2));
#7699=VERTEX_POINT('',#7698);
#7700=CARTESIAN_POINT('',(-9.523673019291E-1,-7.62E0,9.999999999998E-2));
#7701=VERTEX_POINT('',#7700);
#7702=CARTESIAN_POINT('',(9.523673019291E-1,-7.62E0,9.999999999999E-2));
#7703=VERTEX_POINT('',#7702);
#7704=CARTESIAN_POINT('',(1.587632698071E0,-7.62E0,9.999999999998E-2));
#7705=VERTEX_POINT('',#7704);
#7706=CARTESIAN_POINT('',(3.492367301929E0,-7.62E0,9.999999999999E-2));
#7707=VERTEX_POINT('',#7706);
#7708=CARTESIAN_POINT('',(4.127632698071E0,-7.62E0,9.999999999998E-2));
#7709=VERTEX_POINT('',#7708);
#7710=CARTESIAN_POINT('',(1.365236730193E1,-7.62E0,9.999999999999E-2));
#7711=VERTEX_POINT('',#7710);
#7712=CARTESIAN_POINT('',(1.428763269807E1,-7.62E0,9.999999999998E-2));
#7713=VERTEX_POINT('',#7712);
#7714=CARTESIAN_POINT('',(0.E0,0.E0,0.E0));
#7715=DIRECTION('',(0.E0,0.E0,1.E0));
#7716=DIRECTION('',(1.E0,0.E0,0.E0));
#7717=AXIS2_PLACEMENT_3D('',#7714,#7715,#7716);
#7718=PLANE('',#7717);
#7720=ORIENTED_EDGE('',*,*,#7719,.F.);
#7722=ORIENTED_EDGE('',*,*,#7721,.T.);
#7724=ORIENTED_EDGE('',*,*,#7723,.F.);
#7726=ORIENTED_EDGE('',*,*,#7725,.T.);
#7728=ORIENTED_EDGE('',*,*,#7727,.F.);
#7730=ORIENTED_EDGE('',*,*,#7729,.T.);
#7732=ORIENTED_EDGE('',*,*,#7731,.F.);
#7734=ORIENTED_EDGE('',*,*,#7733,.T.);
#7735=EDGE_LOOP('',(#7720,#7722,#7724,#7726,#7728,#7730,#7732,#7734));
#7736=FACE_OUTER_BOUND('',#7735,.F.);
#7738=ORIENTED_EDGE('',*,*,#7737,.T.);
#7740=ORIENTED_EDGE('',*,*,#7739,.T.);
#7741=EDGE_LOOP('',(#7738,#7740));
#7742=FACE_BOUND('',#7741,.F.);
#7744=ORIENTED_EDGE('',*,*,#7743,.T.);
#7746=ORIENTED_EDGE('',*,*,#7745,.T.);
#7747=EDGE_LOOP('',(#7744,#7746));
#7748=FACE_BOUND('',#7747,.F.);
#7750=ORIENTED_EDGE('',*,*,#7749,.T.);
#7752=ORIENTED_EDGE('',*,*,#7751,.T.);
#7753=EDGE_LOOP('',(#7750,#7752));
#7754=FACE_BOUND('',#7753,.F.);
#7756=ORIENTED_EDGE('',*,*,#7755,.T.);
#7758=ORIENTED_EDGE('',*,*,#7757,.T.);
#7759=EDGE_LOOP('',(#7756,#7758));
#7760=FACE_BOUND('',#7759,.F.);
#7762=ORIENTED_EDGE('',*,*,#7761,.T.);
#7764=ORIENTED_EDGE('',*,*,#7763,.T.);
#7765=EDGE_LOOP('',(#7762,#7764));
#7766=FACE_BOUND('',#7765,.F.);
#7768=ORIENTED_EDGE('',*,*,#7767,.T.);
#7770=ORIENTED_EDGE('',*,*,#7769,.T.);
#7771=EDGE_LOOP('',(#7768,#7770));
#7772=FACE_BOUND('',#7771,.F.);
#7774=ORIENTED_EDGE('',*,*,#7773,.T.);
#7776=ORIENTED_EDGE('',*,*,#7775,.T.);
#7777=EDGE_LOOP('',(#7774,#7776));
#7778=FACE_BOUND('',#7777,.F.);
#7780=ORIENTED_EDGE('',*,*,#7779,.T.);
#7782=ORIENTED_EDGE('',*,*,#7781,.T.);
#7783=EDGE_LOOP('',(#7780,#7782));
#7784=FACE_BOUND('',#7783,.F.);
#7786=ORIENTED_EDGE('',*,*,#7785,.T.);
#7788=ORIENTED_EDGE('',*,*,#7787,.T.);
#7789=EDGE_LOOP('',(#7786,#7788));
#7790=FACE_BOUND('',#7789,.F.);
#7792=ORIENTED_EDGE('',*,*,#7791,.T.);
#7794=ORIENTED_EDGE('',*,*,#7793,.T.);
#7795=EDGE_LOOP('',(#7792,#7794));
#7796=FACE_BOUND('',#7795,.F.);
#7798=ORIENTED_EDGE('',*,*,#7797,.T.);
#7800=ORIENTED_EDGE('',*,*,#7799,.T.);
#7801=EDGE_LOOP('',(#7798,#7800));
#7802=FACE_BOUND('',#7801,.F.);
#7804=CARTESIAN_POINT('',(-1.57E1,-9.382779321780E0,3.E-1));
#7805=DIRECTION('',(0.E0,1.E0,0.E0));
#7806=DIRECTION('',(0.E0,0.E0,-1.E0));
#7807=AXIS2_PLACEMENT_3D('',#7804,#7805,#7806);
#7808=CYLINDRICAL_SURFACE('',#7807,3.E-1);
#7809=ORIENTED_EDGE('',*,*,#7719,.T.);
#7811=ORIENTED_EDGE('',*,*,#7810,.F.);
#7813=ORIENTED_EDGE('',*,*,#7812,.T.);
#7815=ORIENTED_EDGE('',*,*,#7814,.F.);
#7816=EDGE_LOOP('',(#7809,#7811,#7813,#7815));
#7817=FACE_OUTER_BOUND('',#7816,.F.);
#7819=CARTESIAN_POINT('',(-1.53E1,9.3E0,3.E-1));
#7820=DIRECTION('',(0.E0,0.E0,-1.E0));
#7821=DIRECTION('',(-9.965370171975E-1,-8.315030580342E-2,0.E0));
#7822=AXIS2_PLACEMENT_3D('',#7819,#7820,#7821);
#7823=TOROIDAL_SURFACE('',#7822,4.E-1,3.E-1);
#7824=ORIENTED_EDGE('',*,*,#7733,.F.);
#7826=ORIENTED_EDGE('',*,*,#7825,.T.);
#7828=ORIENTED_EDGE('',*,*,#7827,.T.);
#7829=ORIENTED_EDGE('',*,*,#7810,.T.);
#7830=EDGE_LOOP('',(#7824,#7826,#7828,#7829));
#7831=FACE_OUTER_BOUND('',#7830,.F.);
#7833=CARTESIAN_POINT('',(-1.538277932178E1,9.7E0,3.E-1));
#7834=DIRECTION('',(1.E0,0.E0,0.E0));
#7835=DIRECTION('',(0.E0,0.E0,-1.E0));
#7836=AXIS2_PLACEMENT_3D('',#7833,#7834,#7835);
#7837=CYLINDRICAL_SURFACE('',#7836,3.E-1);
#7838=ORIENTED_EDGE('',*,*,#7731,.T.);
#7840=ORIENTED_EDGE('',*,*,#7839,.F.);
#7842=ORIENTED_EDGE('',*,*,#7841,.T.);
#7843=ORIENTED_EDGE('',*,*,#7825,.F.);
#7844=EDGE_LOOP('',(#7838,#7840,#7842,#7843));
#7845=FACE_OUTER_BOUND('',#7844,.F.);
#7847=CARTESIAN_POINT('',(1.53E1,9.3E0,3.E-1));
#7848=DIRECTION('',(0.E0,0.E0,-1.E0));
#7849=DIRECTION('',(-8.315030580342E-2,9.965370171975E-1,0.E0));
#7850=AXIS2_PLACEMENT_3D('',#7847,#7848,#7849);
#7851=TOROIDAL_SURFACE('',#7850,4.E-1,3.E-1);
#7852=ORIENTED_EDGE('',*,*,#7729,.F.);
#7854=ORIENTED_EDGE('',*,*,#7853,.T.);
#7856=ORIENTED_EDGE('',*,*,#7855,.T.);
#7857=ORIENTED_EDGE('',*,*,#7839,.T.);
#7858=EDGE_LOOP('',(#7852,#7854,#7856,#7857));
#7859=FACE_OUTER_BOUND('',#7858,.F.);
#7861=CARTESIAN_POINT('',(1.57E1,9.382779321780E0,3.E-1));
#7862=DIRECTION('',(0.E0,-1.E0,0.E0));
#7863=DIRECTION('',(0.E0,0.E0,-1.E0));
#7864=AXIS2_PLACEMENT_3D('',#7861,#7862,#7863);
#7865=CYLINDRICAL_SURFACE('',#7864,3.E-1);
#7866=ORIENTED_EDGE('',*,*,#7727,.T.);
#7868=ORIENTED_EDGE('',*,*,#7867,.F.);
#7870=ORIENTED_EDGE('',*,*,#7869,.T.);
#7871=ORIENTED_EDGE('',*,*,#7853,.F.);
#7872=EDGE_LOOP('',(#7866,#7868,#7870,#7871));
#7873=FACE_OUTER_BOUND('',#7872,.F.);
#7875=CARTESIAN_POINT('',(1.53E1,-9.3E0,3.E-1));
#7876=DIRECTION('',(0.E0,0.E0,-1.E0));
#7877=DIRECTION('',(9.965370171975E-1,8.315030580342E-2,0.E0));
#7878=AXIS2_PLACEMENT_3D('',#7875,#7876,#7877);
#7879=TOROIDAL_SURFACE('',#7878,4.E-1,3.E-1);
#7880=ORIENTED_EDGE('',*,*,#7725,.F.);
#7882=ORIENTED_EDGE('',*,*,#7881,.T.);
#7884=ORIENTED_EDGE('',*,*,#7883,.T.);
#7885=ORIENTED_EDGE('',*,*,#7867,.T.);
#7886=EDGE_LOOP('',(#7880,#7882,#7884,#7885));
#7887=FACE_OUTER_BOUND('',#7886,.F.);
#7889=CARTESIAN_POINT('',(1.538277932178E1,-9.7E0,3.E-1));
#7890=DIRECTION('',(-1.E0,0.E0,0.E0));
#7891=DIRECTION('',(0.E0,0.E0,-1.E0));
#7892=AXIS2_PLACEMENT_3D('',#7889,#7890,#7891);
#7893=CYLINDRICAL_SURFACE('',#7892,3.E-1);
#7894=ORIENTED_EDGE('',*,*,#7723,.T.);
#7896=ORIENTED_EDGE('',*,*,#7895,.F.);
#7898=ORIENTED_EDGE('',*,*,#7897,.T.);
#7899=ORIENTED_EDGE('',*,*,#7881,.F.);
#7900=EDGE_LOOP('',(#7894,#7896,#7898,#7899));
#7901=FACE_OUTER_BOUND('',#7900,.F.);
#7903=CARTESIAN_POINT('',(-1.53E1,-9.3E0,3.E-1));
#7904=DIRECTION('',(0.E0,0.E0,-1.E0));
#7905=DIRECTION('',(8.315030580342E-2,-9.965370171975E-1,0.E0));
#7906=AXIS2_PLACEMENT_3D('',#7903,#7904,#7905);
#7907=TOROIDAL_SURFACE('',#7906,4.E-1,3.E-1);
#7908=ORIENTED_EDGE('',*,*,#7721,.F.);
#7909=ORIENTED_EDGE('',*,*,#7814,.T.);
#7911=ORIENTED_EDGE('',*,*,#7910,.T.);
#7912=ORIENTED_EDGE('',*,*,#7895,.T.);
#7913=EDGE_LOOP('',(#7908,#7909,#7911,#7912));
#7914=FACE_OUTER_BOUND('',#7913,.F.);
#7916=CARTESIAN_POINT('',(-1.53E1,-9.3E0,8.0626E0));
#7917=DIRECTION('',(0.E0,0.E0,-1.E0));
#7918=DIRECTION('',(0.E0,-1.E0,0.E0));
#7919=AXIS2_PLACEMENT_3D('',#7916,#7917,#7918);
#7920=CYLINDRICAL_SURFACE('',#7919,7.E-1);
#7921=ORIENTED_EDGE('',*,*,#7910,.F.);
#7923=ORIENTED_EDGE('',*,*,#7922,.T.);
#7925=ORIENTED_EDGE('',*,*,#7924,.F.);
#7927=ORIENTED_EDGE('',*,*,#7926,.T.);
#7928=EDGE_LOOP('',(#7921,#7923,#7925,#7927));
#7929=FACE_OUTER_BOUND('',#7928,.F.);
#7931=CARTESIAN_POINT('',(-1.6E1,1.E1,0.E0));
#7932=DIRECTION('',(-1.E0,0.E0,0.E0));
#7933=DIRECTION('',(0.E0,-1.E0,0.E0));
#7934=AXIS2_PLACEMENT_3D('',#7931,#7932,#7933);
#7935=PLANE('',#7934);
#7936=ORIENTED_EDGE('',*,*,#7812,.F.);
#7938=ORIENTED_EDGE('',*,*,#7937,.F.);
#7940=ORIENTED_EDGE('',*,*,#7939,.F.);
#7941=ORIENTED_EDGE('',*,*,#7922,.F.);
#7942=EDGE_LOOP('',(#7936,#7938,#7940,#7941));
#7943=FACE_OUTER_BOUND('',#7942,.F.);
#7945=CARTESIAN_POINT('',(-1.53E1,9.3E0,8.0626E0));
#7946=DIRECTION('',(0.E0,0.E0,-1.E0));
#7947=DIRECTION('',(-1.E0,0.E0,0.E0));
#7948=AXIS2_PLACEMENT_3D('',#7945,#7946,#7947);
#7949=CYLINDRICAL_SURFACE('',#7948,7.E-1);
#7950=ORIENTED_EDGE('',*,*,#7827,.F.);
#7952=ORIENTED_EDGE('',*,*,#7951,.T.);
#7954=ORIENTED_EDGE('',*,*,#7953,.F.);
#7955=ORIENTED_EDGE('',*,*,#7937,.T.);
#7956=EDGE_LOOP('',(#7950,#7952,#7954,#7955));
#7957=FACE_OUTER_BOUND('',#7956,.F.);
#7959=CARTESIAN_POINT('',(1.6E1,1.E1,0.E0));
#7960=DIRECTION('',(0.E0,1.E0,0.E0));
#7961=DIRECTION('',(-1.E0,0.E0,0.E0));
#7962=AXIS2_PLACEMENT_3D('',#7959,#7960,#7961);
#7963=PLANE('',#7962);
#7964=ORIENTED_EDGE('',*,*,#7841,.F.);
#7966=ORIENTED_EDGE('',*,*,#7965,.F.);
#7968=ORIENTED_EDGE('',*,*,#7967,.F.);
#7969=ORIENTED_EDGE('',*,*,#7951,.F.);
#7970=EDGE_LOOP('',(#7964,#7966,#7968,#7969));
#7971=FACE_OUTER_BOUND('',#7970,.F.);
#7973=CARTESIAN_POINT('',(1.53E1,9.3E0,8.0626E0));
#7974=DIRECTION('',(0.E0,0.E0,-1.E0));
#7975=DIRECTION('',(0.E0,1.E0,0.E0));
#7976=AXIS2_PLACEMENT_3D('',#7973,#7974,#7975);
#7977=CYLINDRICAL_SURFACE('',#7976,7.E-1);
#7978=ORIENTED_EDGE('',*,*,#7855,.F.);
#7980=ORIENTED_EDGE('',*,*,#7979,.T.);
#7982=ORIENTED_EDGE('',*,*,#7981,.F.);
#7983=ORIENTED_EDGE('',*,*,#7965,.T.);
#7984=EDGE_LOOP('',(#7978,#7980,#7982,#7983));
#7985=FACE_OUTER_BOUND('',#7984,.F.);
#7987=CARTESIAN_POINT('',(1.6E1,-1.E1,0.E0));
#7988=DIRECTION('',(1.E0,0.E0,0.E0));
#7989=DIRECTION('',(0.E0,1.E0,0.E0));
#7990=AXIS2_PLACEMENT_3D('',#7987,#7988,#7989);
#7991=PLANE('',#7990);
#7992=ORIENTED_EDGE('',*,*,#7869,.F.);
#7994=ORIENTED_EDGE('',*,*,#7993,.F.);
#7996=ORIENTED_EDGE('',*,*,#7995,.F.);
#7997=ORIENTED_EDGE('',*,*,#7979,.F.);
#7998=EDGE_LOOP('',(#7992,#7994,#7996,#7997));
#7999=FACE_OUTER_BOUND('',#7998,.F.);
#8001=CARTESIAN_POINT('',(1.53E1,-9.3E0,8.0626E0));
#8002=DIRECTION('',(0.E0,0.E0,-1.E0));
#8003=DIRECTION('',(1.E0,0.E0,0.E0));
#8004=AXIS2_PLACEMENT_3D('',#8001,#8002,#8003);
#8005=CYLINDRICAL_SURFACE('',#8004,7.E-1);
#8006=ORIENTED_EDGE('',*,*,#7883,.F.);
#8008=ORIENTED_EDGE('',*,*,#8007,.T.);
#8010=ORIENTED_EDGE('',*,*,#8009,.F.);
#8011=ORIENTED_EDGE('',*,*,#7993,.T.);
#8012=EDGE_LOOP('',(#8006,#8008,#8010,#8011));
#8013=FACE_OUTER_BOUND('',#8012,.F.);
#8015=CARTESIAN_POINT('',(-1.6E1,-1.E1,0.E0));
#8016=DIRECTION('',(0.E0,-1.E0,0.E0));
#8017=DIRECTION('',(1.E0,0.E0,0.E0));
#8018=AXIS2_PLACEMENT_3D('',#8015,#8016,#8017);
#8019=PLANE('',#8018);
#8020=ORIENTED_EDGE('',*,*,#7897,.F.);
#8021=ORIENTED_EDGE('',*,*,#7926,.F.);
#8023=ORIENTED_EDGE('',*,*,#8022,.F.);
#8024=ORIENTED_EDGE('',*,*,#8007,.F.);
#8025=EDGE_LOOP('',(#8020,#8021,#8023,#8024));
#8026=FACE_OUTER_BOUND('',#8025,.F.);
#8028=CARTESIAN_POINT('',(0.E0,0.E0,5.E-1));
#8029=DIRECTION('',(0.E0,0.E0,1.E0));
#8030=DIRECTION('',(1.E0,0.E0,0.E0));
#8031=AXIS2_PLACEMENT_3D('',#8028,#8029,#8030);
#8032=PLANE('',#8031);
#8033=ORIENTED_EDGE('',*,*,#7981,.T.);
#8034=ORIENTED_EDGE('',*,*,#7995,.T.);
#8035=ORIENTED_EDGE('',*,*,#8009,.T.);
#8036=ORIENTED_EDGE('',*,*,#8022,.T.);
#8037=ORIENTED_EDGE('',*,*,#7924,.T.);
#8038=ORIENTED_EDGE('',*,*,#7939,.T.);
#8039=ORIENTED_EDGE('',*,*,#7953,.T.);
#8040=ORIENTED_EDGE('',*,*,#7967,.T.);
#8041=EDGE_LOOP('',(#8033,#8034,#8035,#8036,#8037,#8038,#8039,#8040));
#8042=FACE_OUTER_BOUND('',#8041,.F.);
#8044=ORIENTED_EDGE('',*,*,#8043,.F.);
#8046=ORIENTED_EDGE('',*,*,#8045,.T.);
#8048=ORIENTED_EDGE('',*,*,#8047,.F.);
#8050=ORIENTED_EDGE('',*,*,#8049,.T.);
#8052=ORIENTED_EDGE('',*,*,#8051,.F.);
#8054=ORIENTED_EDGE('',*,*,#8053,.T.);
#8056=ORIENTED_EDGE('',*,*,#8055,.F.);
#8058=ORIENTED_EDGE('',*,*,#8057,.T.);
#8059=EDGE_LOOP('',(#8044,#8046,#8048,#8050,#8052,#8054,#8056,#8058));
#8060=FACE_BOUND('',#8059,.F.);
#8062=CARTESIAN_POINT('',(1.535E1,-9.35E0,5.E-1));
#8063=DIRECTION('',(1.E0,0.E0,0.E0));
#8064=DIRECTION('',(0.E0,1.E0,0.E0));
#8065=AXIS2_PLACEMENT_3D('',#8062,#8063,#8064);
#8066=PLANE('',#8065);
#8068=ORIENTED_EDGE('',*,*,#8067,.F.);
#8070=ORIENTED_EDGE('',*,*,#8069,.T.);
#8072=ORIENTED_EDGE('',*,*,#8071,.F.);
#8074=ORIENTED_EDGE('',*,*,#8073,.F.);
#8075=ORIENTED_EDGE('',*,*,#8043,.T.);
#8077=ORIENTED_EDGE('',*,*,#8076,.F.);
#8079=ORIENTED_EDGE('',*,*,#8078,.F.);
#8081=ORIENTED_EDGE('',*,*,#8080,.T.);
#8082=EDGE_LOOP('',(#8068,#8070,#8072,#8074,#8075,#8077,#8079,#8081));
#8083=FACE_OUTER_BOUND('',#8082,.F.);
#8085=CARTESIAN_POINT('',(1.525E1,0.E0,3.3E0));
#8086=DIRECTION('',(8.944271909999E-1,0.E0,4.472135955E-1));
#8087=DIRECTION('',(4.472135955E-1,0.E0,-8.944271909999E-1));
#8088=AXIS2_PLACEMENT_3D('',#8085,#8086,#8087);
#8089=PLANE('',#8088);
#8091=ORIENTED_EDGE('',*,*,#8090,.F.);
#8092=ORIENTED_EDGE('',*,*,#8067,.T.);
#8094=ORIENTED_EDGE('',*,*,#8093,.F.);
#8096=ORIENTED_EDGE('',*,*,#8095,.F.);
#8097=EDGE_LOOP('',(#8091,#8092,#8094,#8096));
#8098=FACE_OUTER_BOUND('',#8097,.F.);
#8100=CARTESIAN_POINT('',(1.339522533052E1,7.434038696402E0,2.E0));
#8101=DIRECTION('',(0.E0,-9.993908270191E-1,-3.489949670250E-2));
#8102=DIRECTION('',(1.E0,0.E0,0.E0));
#8103=AXIS2_PLACEMENT_3D('',#8100,#8101,#8102);
#8104=PLANE('',#8103);
#8105=ORIENTED_EDGE('',*,*,#8090,.T.);
#8107=ORIENTED_EDGE('',*,*,#8106,.F.);
#8109=ORIENTED_EDGE('',*,*,#8108,.F.);
#8111=ORIENTED_EDGE('',*,*,#8110,.F.);
#8112=ORIENTED_EDGE('',*,*,#8069,.F.);
#8113=EDGE_LOOP('',(#8105,#8107,#8109,#8111,#8112));
#8114=FACE_OUTER_BOUND('',#8113,.F.);
#8116=CARTESIAN_POINT('',(0.E0,0.E0,3.5E0));
#8117=DIRECTION('',(0.E0,0.E0,1.E0));
#8118=DIRECTION('',(1.E0,0.E0,0.E0));
#8119=AXIS2_PLACEMENT_3D('',#8116,#8117,#8118);
#8120=PLANE('',#8119);
#8121=ORIENTED_EDGE('',*,*,#8095,.T.);
#8123=ORIENTED_EDGE('',*,*,#8122,.F.);
#8125=ORIENTED_EDGE('',*,*,#8124,.F.);
#8126=ORIENTED_EDGE('',*,*,#8106,.T.);
#8127=EDGE_LOOP('',(#8121,#8123,#8125,#8126));
#8128=FACE_OUTER_BOUND('',#8127,.F.);
#8130=CARTESIAN_POINT('',(1.680477466948E1,-7.434038696402E0,2.E0));
#8131=DIRECTION('',(0.E0,9.993908270191E-1,-3.489949670250E-2));
#8132=DIRECTION('',(-1.E0,0.E0,0.E0));
#8133=AXIS2_PLACEMENT_3D('',#8130,#8131,#8132);
#8134=PLANE('',#8133);
#8135=ORIENTED_EDGE('',*,*,#8093,.T.);
#8136=ORIENTED_EDGE('',*,*,#8080,.F.);
#8138=ORIENTED_EDGE('',*,*,#8137,.F.);
#8140=ORIENTED_EDGE('',*,*,#8139,.F.);
#8141=ORIENTED_EDGE('',*,*,#8122,.T.);
#8142=EDGE_LOOP('',(#8135,#8136,#8138,#8140,#8141));
#8143=FACE_OUTER_BOUND('',#8142,.F.);
#8145=CARTESIAN_POINT('',(0.E0,0.E0,2.E0));
#8146=DIRECTION('',(0.E0,0.E0,1.E0));
#8147=DIRECTION('',(0.E0,-1.E0,0.E0));
#8148=AXIS2_PLACEMENT_3D('',#8145,#8146,#8147);
#8149=PLANE('',#8148);
#8151=ORIENTED_EDGE('',*,*,#8150,.T.);
#8153=ORIENTED_EDGE('',*,*,#8152,.T.);
#8155=ORIENTED_EDGE('',*,*,#8154,.F.);
#8157=ORIENTED_EDGE('',*,*,#8156,.T.);
#8159=ORIENTED_EDGE('',*,*,#8158,.F.);
#8160=ORIENTED_EDGE('',*,*,#8137,.T.);
#8161=ORIENTED_EDGE('',*,*,#8078,.T.);
#8163=ORIENTED_EDGE('',*,*,#8162,.T.);
#8164=EDGE_LOOP('',(#8151,#8153,#8155,#8157,#8159,#8160,#8161,#8163));
#8165=FACE_OUTER_BOUND('',#8164,.F.);
#8167=CARTESIAN_POINT('',(-1.535E1,-9.35E0,5.E-1));
#8168=DIRECTION('',(0.E0,-1.E0,0.E0));
#8169=DIRECTION('',(1.E0,0.E0,0.E0));
#8170=AXIS2_PLACEMENT_3D('',#8167,#8168,#8169);
#8171=PLANE('',#8170);
#8173=ORIENTED_EDGE('',*,*,#8172,.F.);
#8175=ORIENTED_EDGE('',*,*,#8174,.T.);
#8176=ORIENTED_EDGE('',*,*,#8150,.F.);
#8178=ORIENTED_EDGE('',*,*,#8177,.F.);
#8179=ORIENTED_EDGE('',*,*,#8055,.T.);
#8181=ORIENTED_EDGE('',*,*,#8180,.F.);
#8183=ORIENTED_EDGE('',*,*,#8182,.F.);
#8185=ORIENTED_EDGE('',*,*,#8184,.T.);
#8186=EDGE_LOOP('',(#8173,#8175,#8176,#8178,#8179,#8181,#8183,#8185));
#8187=FACE_OUTER_BOUND('',#8186,.F.);
#8189=ORIENTED_EDGE('',*,*,#8188,.T.);
#8191=ORIENTED_EDGE('',*,*,#8190,.T.);
#8192=EDGE_LOOP('',(#8189,#8191));
#8193=FACE_BOUND('',#8192,.F.);
#8195=ORIENTED_EDGE('',*,*,#8194,.T.);
#8197=ORIENTED_EDGE('',*,*,#8196,.T.);
#8198=EDGE_LOOP('',(#8195,#8197));
#8199=FACE_BOUND('',#8198,.F.);
#8201=CARTESIAN_POINT('',(3.197442310920E-14,-9.25E0,3.3E0));
#8202=DIRECTION('',(0.E0,-8.944271909999E-1,4.472135955E-1));
#8203=DIRECTION('',(0.E0,-4.472135955E-1,-8.944271909999E-1));
#8204=AXIS2_PLACEMENT_3D('',#8201,#8202,#8203);
#8205=PLANE('',#8204);
#8207=ORIENTED_EDGE('',*,*,#8206,.F.);
#8208=ORIENTED_EDGE('',*,*,#8172,.T.);
#8210=ORIENTED_EDGE('',*,*,#8209,.F.);
#8212=ORIENTED_EDGE('',*,*,#8211,.F.);
#8213=EDGE_LOOP('',(#8207,#8208,#8210,#8212));
#8214=FACE_OUTER_BOUND('',#8213,.F.);
#8216=CARTESIAN_POINT('',(1.335E1,-7.395225330521E0,2.E0));
#8217=DIRECTION('',(-9.993908270191E-1,0.E0,-3.489949670250E-2));
#8218=DIRECTION('',(0.E0,-1.E0,0.E0));
#8219=AXIS2_PLACEMENT_3D('',#8216,#8217,#8218);
#8220=PLANE('',#8219);
#8221=ORIENTED_EDGE('',*,*,#8206,.T.);
#8223=ORIENTED_EDGE('',*,*,#8222,.F.);
#8225=ORIENTED_EDGE('',*,*,#8224,.F.);
#8226=ORIENTED_EDGE('',*,*,#8152,.F.);
#8227=ORIENTED_EDGE('',*,*,#8174,.F.);
#8228=EDGE_LOOP('',(#8221,#8223,#8225,#8226,#8227));
#8229=FACE_OUTER_BOUND('',#8228,.F.);
#8231=CARTESIAN_POINT('',(0.E0,0.E0,3.5E0));
#8232=DIRECTION('',(0.E0,0.E0,1.E0));
#8233=DIRECTION('',(1.E0,0.E0,0.E0));
#8234=AXIS2_PLACEMENT_3D('',#8231,#8232,#8233);
#8235=PLANE('',#8234);
#8236=ORIENTED_EDGE('',*,*,#8211,.T.);
#8238=ORIENTED_EDGE('',*,*,#8237,.F.);
#8240=ORIENTED_EDGE('',*,*,#8239,.F.);
#8241=ORIENTED_EDGE('',*,*,#8222,.T.);
#8242=EDGE_LOOP('',(#8236,#8238,#8240,#8241));
#8243=FACE_OUTER_BOUND('',#8242,.F.);
#8245=CARTESIAN_POINT('',(-1.335E1,-1.080477466948E1,2.E0));
#8246=DIRECTION('',(9.993908270191E-1,0.E0,-3.489949670250E-2));
#8247=DIRECTION('',(0.E0,1.E0,0.E0));
#8248=AXIS2_PLACEMENT_3D('',#8245,#8246,#8247);
#8249=PLANE('',#8248);
#8250=ORIENTED_EDGE('',*,*,#8209,.T.);
#8251=ORIENTED_EDGE('',*,*,#8184,.F.);
#8253=ORIENTED_EDGE('',*,*,#8252,.F.);
#8255=ORIENTED_EDGE('',*,*,#8254,.F.);
#8256=ORIENTED_EDGE('',*,*,#8237,.T.);
#8257=EDGE_LOOP('',(#8250,#8251,#8253,#8255,#8256));
#8258=FACE_OUTER_BOUND('',#8257,.F.);
#8260=CARTESIAN_POINT('',(0.E0,0.E0,2.E0));
#8261=DIRECTION('',(0.E0,0.E0,1.E0));
#8262=DIRECTION('',(0.E0,-1.E0,0.E0));
#8263=AXIS2_PLACEMENT_3D('',#8260,#8261,#8262);
#8264=PLANE('',#8263);
#8265=ORIENTED_EDGE('',*,*,#8182,.T.);
#8267=ORIENTED_EDGE('',*,*,#8266,.T.);
#8269=ORIENTED_EDGE('',*,*,#8268,.T.);
#8271=ORIENTED_EDGE('',*,*,#8270,.T.);
#8273=ORIENTED_EDGE('',*,*,#8272,.F.);
#8275=ORIENTED_EDGE('',*,*,#8274,.T.);
#8277=ORIENTED_EDGE('',*,*,#8276,.F.);
#8278=ORIENTED_EDGE('',*,*,#8252,.T.);
#8279=EDGE_LOOP('',(#8265,#8267,#8269,#8271,#8273,#8275,#8277,#8278));
#8280=FACE_OUTER_BOUND('',#8279,.F.);
#8282=CARTESIAN_POINT('',(-1.465E1,-8.65E0,8.0626E0));
#8283=DIRECTION('',(0.E0,0.E0,-1.E0));
#8284=DIRECTION('',(0.E0,-1.E0,0.E0));
#8285=AXIS2_PLACEMENT_3D('',#8282,#8283,#8284);
#8286=CYLINDRICAL_SURFACE('',#8285,7.E-1);
#8287=ORIENTED_EDGE('',*,*,#8266,.F.);
#8288=ORIENTED_EDGE('',*,*,#8180,.T.);
#8289=ORIENTED_EDGE('',*,*,#8053,.F.);
#8291=ORIENTED_EDGE('',*,*,#8290,.T.);
#8292=EDGE_LOOP('',(#8287,#8288,#8289,#8291));
#8293=FACE_OUTER_BOUND('',#8292,.F.);
#8295=CARTESIAN_POINT('',(-1.535E1,9.35E0,5.E-1));
#8296=DIRECTION('',(-1.E0,0.E0,0.E0));
#8297=DIRECTION('',(0.E0,-1.E0,0.E0));
#8298=AXIS2_PLACEMENT_3D('',#8295,#8296,#8297);
#8299=PLANE('',#8298);
#8301=ORIENTED_EDGE('',*,*,#8300,.F.);
#8303=ORIENTED_EDGE('',*,*,#8302,.T.);
#8304=ORIENTED_EDGE('',*,*,#8268,.F.);
#8305=ORIENTED_EDGE('',*,*,#8290,.F.);
#8306=ORIENTED_EDGE('',*,*,#8051,.T.);
#8308=ORIENTED_EDGE('',*,*,#8307,.F.);
#8310=ORIENTED_EDGE('',*,*,#8309,.F.);
#8312=ORIENTED_EDGE('',*,*,#8311,.T.);
#8313=EDGE_LOOP('',(#8301,#8303,#8304,#8305,#8306,#8308,#8310,#8312));
#8314=FACE_OUTER_BOUND('',#8313,.F.);
#8316=CARTESIAN_POINT('',(-1.525E1,0.E0,3.3E0));
#8317=DIRECTION('',(-8.944271909999E-1,0.E0,4.472135955E-1));
#8318=DIRECTION('',(-4.472135955E-1,0.E0,-8.944271909999E-1));
#8319=AXIS2_PLACEMENT_3D('',#8316,#8317,#8318);
#8320=PLANE('',#8319);
#8322=ORIENTED_EDGE('',*,*,#8321,.F.);
#8323=ORIENTED_EDGE('',*,*,#8300,.T.);
#8325=ORIENTED_EDGE('',*,*,#8324,.F.);
#8327=ORIENTED_EDGE('',*,*,#8326,.F.);
#8328=EDGE_LOOP('',(#8322,#8323,#8325,#8327));
#8329=FACE_OUTER_BOUND('',#8328,.F.);
#8331=CARTESIAN_POINT('',(-1.339522533052E1,-7.434038696402E0,2.E0));
#8332=DIRECTION('',(0.E0,9.993908270191E-1,-3.489949670250E-2));
#8333=DIRECTION('',(-1.E0,0.E0,0.E0));
#8334=AXIS2_PLACEMENT_3D('',#8331,#8332,#8333);
#8335=PLANE('',#8334);
#8336=ORIENTED_EDGE('',*,*,#8321,.T.);
#8338=ORIENTED_EDGE('',*,*,#8337,.F.);
#8340=ORIENTED_EDGE('',*,*,#8339,.F.);
#8341=ORIENTED_EDGE('',*,*,#8270,.F.);
#8342=ORIENTED_EDGE('',*,*,#8302,.F.);
#8343=EDGE_LOOP('',(#8336,#8338,#8340,#8341,#8342));
#8344=FACE_OUTER_BOUND('',#8343,.F.);
#8346=CARTESIAN_POINT('',(0.E0,0.E0,3.5E0));
#8347=DIRECTION('',(0.E0,0.E0,1.E0));
#8348=DIRECTION('',(1.E0,0.E0,0.E0));
#8349=AXIS2_PLACEMENT_3D('',#8346,#8347,#8348);
#8350=PLANE('',#8349);
#8351=ORIENTED_EDGE('',*,*,#8326,.T.);
#8353=ORIENTED_EDGE('',*,*,#8352,.F.);
#8355=ORIENTED_EDGE('',*,*,#8354,.F.);
#8356=ORIENTED_EDGE('',*,*,#8337,.T.);
#8357=EDGE_LOOP('',(#8351,#8353,#8355,#8356));
#8358=FACE_OUTER_BOUND('',#8357,.F.);
#8360=CARTESIAN_POINT('',(-1.680477466948E1,7.434038696402E0,2.E0));
#8361=DIRECTION('',(0.E0,-9.993908270191E-1,-3.489949670250E-2));
#8362=DIRECTION('',(1.E0,0.E0,0.E0));
#8363=AXIS2_PLACEMENT_3D('',#8360,#8361,#8362);
#8364=PLANE('',#8363);
#8365=ORIENTED_EDGE('',*,*,#8324,.T.);
#8366=ORIENTED_EDGE('',*,*,#8311,.F.);
#8368=ORIENTED_EDGE('',*,*,#8367,.F.);
#8370=ORIENTED_EDGE('',*,*,#8369,.F.);
#8371=ORIENTED_EDGE('',*,*,#8352,.T.);
#8372=EDGE_LOOP('',(#8365,#8366,#8368,#8370,#8371));
#8373=FACE_OUTER_BOUND('',#8372,.F.);
#8375=CARTESIAN_POINT('',(0.E0,0.E0,2.E0));
#8376=DIRECTION('',(0.E0,0.E0,1.E0));
#8377=DIRECTION('',(0.E0,-1.E0,0.E0));
#8378=AXIS2_PLACEMENT_3D('',#8375,#8376,#8377);
#8379=PLANE('',#8378);
#8380=ORIENTED_EDGE('',*,*,#8309,.T.);
#8382=ORIENTED_EDGE('',*,*,#8381,.T.);
#8384=ORIENTED_EDGE('',*,*,#8383,.T.);
#8386=ORIENTED_EDGE('',*,*,#8385,.T.);
#8388=ORIENTED_EDGE('',*,*,#8387,.F.);
#8390=ORIENTED_EDGE('',*,*,#8389,.T.);
#8392=ORIENTED_EDGE('',*,*,#8391,.F.);
#8393=ORIENTED_EDGE('',*,*,#8367,.T.);
#8394=EDGE_LOOP('',(#8380,#8382,#8384,#8386,#8388,#8390,#8392,#8393));
#8395=FACE_OUTER_BOUND('',#8394,.F.);
#8397=CARTESIAN_POINT('',(-1.465E1,8.65E0,8.0626E0));
#8398=DIRECTION('',(0.E0,0.E0,-1.E0));
#8399=DIRECTION('',(-1.E0,0.E0,0.E0));
#8400=AXIS2_PLACEMENT_3D('',#8397,#8398,#8399);
#8401=CYLINDRICAL_SURFACE('',#8400,7.E-1);
#8402=ORIENTED_EDGE('',*,*,#8381,.F.);
#8403=ORIENTED_EDGE('',*,*,#8307,.T.);
#8404=ORIENTED_EDGE('',*,*,#8049,.F.);
#8406=ORIENTED_EDGE('',*,*,#8405,.T.);
#8407=EDGE_LOOP('',(#8402,#8403,#8404,#8406));
#8408=FACE_OUTER_BOUND('',#8407,.F.);
#8410=CARTESIAN_POINT('',(1.535E1,9.35E0,5.E-1));
#8411=DIRECTION('',(0.E0,1.E0,0.E0));
#8412=DIRECTION('',(-1.E0,0.E0,0.E0));
#8413=AXIS2_PLACEMENT_3D('',#8410,#8411,#8412);
#8414=PLANE('',#8413);
#8416=ORIENTED_EDGE('',*,*,#8415,.F.);
#8418=ORIENTED_EDGE('',*,*,#8417,.T.);
#8419=ORIENTED_EDGE('',*,*,#8383,.F.);
#8420=ORIENTED_EDGE('',*,*,#8405,.F.);
#8421=ORIENTED_EDGE('',*,*,#8047,.T.);
#8423=ORIENTED_EDGE('',*,*,#8422,.F.);
#8425=ORIENTED_EDGE('',*,*,#8424,.F.);
#8427=ORIENTED_EDGE('',*,*,#8426,.T.);
#8428=EDGE_LOOP('',(#8416,#8418,#8419,#8420,#8421,#8423,#8425,#8427));
#8429=FACE_OUTER_BOUND('',#8428,.F.);
#8431=ORIENTED_EDGE('',*,*,#8430,.T.);
#8433=ORIENTED_EDGE('',*,*,#8432,.T.);
#8434=EDGE_LOOP('',(#8431,#8433));
#8435=FACE_BOUND('',#8434,.F.);
#8437=ORIENTED_EDGE('',*,*,#8436,.T.);
#8439=ORIENTED_EDGE('',*,*,#8438,.T.);
#8440=EDGE_LOOP('',(#8437,#8439));
#8441=FACE_BOUND('',#8440,.F.);
#8443=CARTESIAN_POINT('',(1.421085471520E-14,9.25E0,3.3E0));
#8444=DIRECTION('',(0.E0,8.944271909999E-1,4.472135955E-1));
#8445=DIRECTION('',(0.E0,4.472135955E-1,-8.944271909999E-1));
#8446=AXIS2_PLACEMENT_3D('',#8443,#8444,#8445);
#8447=PLANE('',#8446);
#8449=ORIENTED_EDGE('',*,*,#8448,.F.);
#8450=ORIENTED_EDGE('',*,*,#8415,.T.);
#8452=ORIENTED_EDGE('',*,*,#8451,.F.);
#8454=ORIENTED_EDGE('',*,*,#8453,.F.);
#8455=EDGE_LOOP('',(#8449,#8450,#8452,#8454));
#8456=FACE_OUTER_BOUND('',#8455,.F.);
#8458=CARTESIAN_POINT('',(-1.335E1,7.395225330521E0,2.E0));
#8459=DIRECTION('',(9.993908270191E-1,0.E0,-3.489949670250E-2));
#8460=DIRECTION('',(0.E0,1.E0,0.E0));
#8461=AXIS2_PLACEMENT_3D('',#8458,#8459,#8460);
#8462=PLANE('',#8461);
#8463=ORIENTED_EDGE('',*,*,#8448,.T.);
#8465=ORIENTED_EDGE('',*,*,#8464,.F.);
#8467=ORIENTED_EDGE('',*,*,#8466,.F.);
#8468=ORIENTED_EDGE('',*,*,#8385,.F.);
#8469=ORIENTED_EDGE('',*,*,#8417,.F.);
#8470=EDGE_LOOP('',(#8463,#8465,#8467,#8468,#8469));
#8471=FACE_OUTER_BOUND('',#8470,.F.);
#8473=CARTESIAN_POINT('',(0.E0,0.E0,3.5E0));
#8474=DIRECTION('',(0.E0,0.E0,1.E0));
#8475=DIRECTION('',(1.E0,0.E0,0.E0));
#8476=AXIS2_PLACEMENT_3D('',#8473,#8474,#8475);
#8477=PLANE('',#8476);
#8478=ORIENTED_EDGE('',*,*,#8453,.T.);
#8480=ORIENTED_EDGE('',*,*,#8479,.F.);
#8482=ORIENTED_EDGE('',*,*,#8481,.F.);
#8483=ORIENTED_EDGE('',*,*,#8464,.T.);
#8484=EDGE_LOOP('',(#8478,#8480,#8482,#8483));
#8485=FACE_OUTER_BOUND('',#8484,.F.);
#8487=CARTESIAN_POINT('',(1.335E1,1.080477466948E1,2.E0));
#8488=DIRECTION('',(-9.993908270191E-1,0.E0,-3.489949670250E-2));
#8489=DIRECTION('',(0.E0,-1.E0,0.E0));
#8490=AXIS2_PLACEMENT_3D('',#8487,#8488,#8489);
#8491=PLANE('',#8490);
#8492=ORIENTED_EDGE('',*,*,#8451,.T.);
#8493=ORIENTED_EDGE('',*,*,#8426,.F.);
#8495=ORIENTED_EDGE('',*,*,#8494,.F.);
#8497=ORIENTED_EDGE('',*,*,#8496,.F.);
#8498=ORIENTED_EDGE('',*,*,#8479,.T.);
#8499=EDGE_LOOP('',(#8492,#8493,#8495,#8497,#8498));
#8500=FACE_OUTER_BOUND('',#8499,.F.);
#8502=CARTESIAN_POINT('',(0.E0,0.E0,2.E0));
#8503=DIRECTION('',(0.E0,0.E0,1.E0));
#8504=DIRECTION('',(0.E0,-1.E0,0.E0));
#8505=AXIS2_PLACEMENT_3D('',#8502,#8503,#8504);
#8506=PLANE('',#8505);
#8507=ORIENTED_EDGE('',*,*,#8071,.T.);
#8508=ORIENTED_EDGE('',*,*,#8110,.T.);
#8510=ORIENTED_EDGE('',*,*,#8509,.F.);
#8512=ORIENTED_EDGE('',*,*,#8511,.T.);
#8514=ORIENTED_EDGE('',*,*,#8513,.F.);
#8515=ORIENTED_EDGE('',*,*,#8494,.T.);
#8516=ORIENTED_EDGE('',*,*,#8424,.T.);
#8518=ORIENTED_EDGE('',*,*,#8517,.T.);
#8519=EDGE_LOOP('',(#8507,#8508,#8510,#8512,#8514,#8515,#8516,#8518));
#8520=FACE_OUTER_BOUND('',#8519,.F.);
#8522=CARTESIAN_POINT('',(1.485E1,-9.35E0,5.E-1));
#8523=DIRECTION('',(1.E0,0.E0,0.E0));
#8524=DIRECTION('',(0.E0,1.E0,0.E0));
#8525=AXIS2_PLACEMENT_3D('',#8522,#8523,#8524);
#8526=PLANE('',#8525);
#8528=ORIENTED_EDGE('',*,*,#8527,.F.);
#8530=ORIENTED_EDGE('',*,*,#8529,.F.);
#8532=ORIENTED_EDGE('',*,*,#8531,.T.);
#8534=ORIENTED_EDGE('',*,*,#8533,.F.);
#8536=ORIENTED_EDGE('',*,*,#8535,.F.);
#8537=ORIENTED_EDGE('',*,*,#8509,.T.);
#8538=ORIENTED_EDGE('',*,*,#8108,.T.);
#8539=ORIENTED_EDGE('',*,*,#8124,.T.);
#8540=ORIENTED_EDGE('',*,*,#8139,.T.);
#8541=ORIENTED_EDGE('',*,*,#8158,.T.);
#8543=ORIENTED_EDGE('',*,*,#8542,.F.);
#8545=ORIENTED_EDGE('',*,*,#8544,.F.);
#8546=EDGE_LOOP('',(#8528,#8530,#8532,#8534,#8536,#8537,#8538,#8539,#8540,#8541,
#8543,#8545));
#8547=FACE_OUTER_BOUND('',#8546,.F.);
#8549=CARTESIAN_POINT('',(0.E0,-2.5E-1,0.E0));
#8550=DIRECTION('',(0.E0,1.E0,0.E0));
#8551=DIRECTION('',(0.E0,0.E0,1.E0));
#8552=AXIS2_PLACEMENT_3D('',#8549,#8550,#8551);
#8553=PLANE('',#8552);
#8554=ORIENTED_EDGE('',*,*,#8527,.T.);
#8556=ORIENTED_EDGE('',*,*,#8555,.T.);
#8558=ORIENTED_EDGE('',*,*,#8557,.F.);
#8560=ORIENTED_EDGE('',*,*,#8559,.F.);
#8562=ORIENTED_EDGE('',*,*,#8561,.T.);
#8564=ORIENTED_EDGE('',*,*,#8563,.F.);
#8565=EDGE_LOOP('',(#8554,#8556,#8558,#8560,#8562,#8564));
#8566=FACE_OUTER_BOUND('',#8565,.F.);
#8568=FILL_AREA_STYLE_COLOUR('',#42);
#8569=FILL_AREA_STYLE('',(#8568));
#8570=SURFACE_STYLE_FILL_AREA(#8569);
#8571=SURFACE_SIDE_STYLE('',(#8570));
#8572=SURFACE_STYLE_USAGE(.NEGATIVE.,#8571);
#8573=PRESENTATION_STYLE_ASSIGNMENT((#8572));
#8574=OVER_RIDING_STYLED_ITEM('',(#8573),#8567,#4215);
#8575=CARTESIAN_POINT('',(0.E0,0.E0,1.E0));
#8576=DIRECTION('',(0.E0,0.E0,1.E0));
#8577=DIRECTION('',(1.E0,0.E0,0.E0));
#8578=AXIS2_PLACEMENT_3D('',#8575,#8576,#8577);
#8579=PLANE('',#8578);
#8581=ORIENTED_EDGE('',*,*,#8580,.F.);
#8583=ORIENTED_EDGE('',*,*,#8582,.T.);
#8585=ORIENTED_EDGE('',*,*,#8584,.T.);
#8587=ORIENTED_EDGE('',*,*,#8586,.T.);
#8588=ORIENTED_EDGE('',*,*,#8555,.F.);
#8589=ORIENTED_EDGE('',*,*,#8544,.T.);
#8591=ORIENTED_EDGE('',*,*,#8590,.T.);
#8593=ORIENTED_EDGE('',*,*,#8592,.T.);
#8594=EDGE_LOOP('',(#8581,#8583,#8585,#8587,#8588,#8589,#8591,#8593));
#8595=FACE_OUTER_BOUND('',#8594,.F.);
#8597=ORIENTED_EDGE('',*,*,#8596,.T.);
#8599=ORIENTED_EDGE('',*,*,#8598,.T.);
#8600=EDGE_LOOP('',(#8597,#8599));
#8601=FACE_BOUND('',#8600,.F.);
#8603=ORIENTED_EDGE('',*,*,#8602,.T.);
#8605=ORIENTED_EDGE('',*,*,#8604,.T.);
#8606=EDGE_LOOP('',(#8603,#8605));
#8607=FACE_BOUND('',#8606,.F.);
#8609=ORIENTED_EDGE('',*,*,#8608,.T.);
#8611=ORIENTED_EDGE('',*,*,#8610,.T.);
#8612=EDGE_LOOP('',(#8609,#8611));
#8613=FACE_BOUND('',#8612,.F.);
#8615=ORIENTED_EDGE('',*,*,#8614,.T.);
#8617=ORIENTED_EDGE('',*,*,#8616,.T.);
#8618=EDGE_LOOP('',(#8615,#8617));
#8619=FACE_BOUND('',#8618,.F.);
#8621=ORIENTED_EDGE('',*,*,#8620,.T.);
#8623=ORIENTED_EDGE('',*,*,#8622,.T.);
#8624=EDGE_LOOP('',(#8621,#8623));
#8625=FACE_BOUND('',#8624,.F.);
#8627=ORIENTED_EDGE('',*,*,#8626,.T.);
#8629=ORIENTED_EDGE('',*,*,#8628,.T.);
#8630=EDGE_LOOP('',(#8627,#8629));
#8631=FACE_BOUND('',#8630,.F.);
#8633=CARTESIAN_POINT('',(4.E-1,-8.85E0,1.E0));
#8634=DIRECTION('',(1.E0,0.E0,0.E0));
#8635=DIRECTION('',(0.E0,1.E0,0.E0));
#8636=AXIS2_PLACEMENT_3D('',#8633,#8634,#8635);
#8637=PLANE('',#8636);
#8639=ORIENTED_EDGE('',*,*,#8638,.F.);
#8641=ORIENTED_EDGE('',*,*,#8640,.F.);
#8643=ORIENTED_EDGE('',*,*,#8642,.T.);
#8644=ORIENTED_EDGE('',*,*,#8580,.T.);
#8645=EDGE_LOOP('',(#8639,#8641,#8643,#8644));
#8646=FACE_OUTER_BOUND('',#8645,.F.);
#8648=FILL_AREA_STYLE_COLOUR('',#42);
#8649=FILL_AREA_STYLE('',(#8648));
#8650=SURFACE_STYLE_FILL_AREA(#8649);
#8651=SURFACE_SIDE_STYLE('',(#8650));
#8652=SURFACE_STYLE_USAGE(.POSITIVE.,#8651);
#8653=PRESENTATION_STYLE_ASSIGNMENT((#8652));
#8654=OVER_RIDING_STYLED_ITEM('',(#8653),#8647,#4215);
#8655=CARTESIAN_POINT('',(-1.535E1,-8.85E0,5.E-1));
#8656=DIRECTION('',(0.E0,-1.E0,0.E0));
#8657=DIRECTION('',(1.E0,0.E0,0.E0));
#8658=AXIS2_PLACEMENT_3D('',#8655,#8656,#8657);
#8659=PLANE('',#8658);
#8661=ORIENTED_EDGE('',*,*,#8660,.F.);
#8662=ORIENTED_EDGE('',*,*,#8638,.T.);
#8663=ORIENTED_EDGE('',*,*,#8592,.F.);
#8665=ORIENTED_EDGE('',*,*,#8664,.F.);
#8666=ORIENTED_EDGE('',*,*,#8154,.T.);
#8667=ORIENTED_EDGE('',*,*,#8224,.T.);
#8668=ORIENTED_EDGE('',*,*,#8239,.T.);
#8669=ORIENTED_EDGE('',*,*,#8254,.T.);
#8670=ORIENTED_EDGE('',*,*,#8276,.T.);
#8672=ORIENTED_EDGE('',*,*,#8671,.F.);
#8674=ORIENTED_EDGE('',*,*,#8673,.F.);
#8676=ORIENTED_EDGE('',*,*,#8675,.F.);
#8677=EDGE_LOOP('',(#8661,#8662,#8663,#8665,#8666,#8667,#8668,#8669,#8670,#8672,
#8674,#8676));
#8678=FACE_OUTER_BOUND('',#8677,.F.);
#8680=ORIENTED_EDGE('',*,*,#8679,.T.);
#8682=ORIENTED_EDGE('',*,*,#8681,.T.);
#8683=EDGE_LOOP('',(#8680,#8682));
#8684=FACE_BOUND('',#8683,.F.);
#8686=ORIENTED_EDGE('',*,*,#8685,.T.);
#8688=ORIENTED_EDGE('',*,*,#8687,.T.);
#8689=EDGE_LOOP('',(#8686,#8688));
#8690=FACE_BOUND('',#8689,.F.);
#8692=CARTESIAN_POINT('',(0.E0,0.E0,1.2E0));
#8693=DIRECTION('',(0.E0,0.E0,1.E0));
#8694=DIRECTION('',(1.E0,0.E0,0.E0));
#8695=AXIS2_PLACEMENT_3D('',#8692,#8693,#8694);
#8696=PLANE('',#8695);
#8697=ORIENTED_EDGE('',*,*,#8660,.T.);
#8699=ORIENTED_EDGE('',*,*,#8698,.T.);
#8701=ORIENTED_EDGE('',*,*,#8700,.T.);
#8702=ORIENTED_EDGE('',*,*,#8640,.T.);
#8703=EDGE_LOOP('',(#8697,#8699,#8701,#8702));
#8704=FACE_OUTER_BOUND('',#8703,.F.);
#8706=FILL_AREA_STYLE_COLOUR('',#42);
#8707=FILL_AREA_STYLE('',(#8706));
#8708=SURFACE_STYLE_FILL_AREA(#8707);
#8709=SURFACE_SIDE_STYLE('',(#8708));
#8710=SURFACE_STYLE_USAGE(.POSITIVE.,#8709);
#8711=PRESENTATION_STYLE_ASSIGNMENT((#8710));
#8712=OVER_RIDING_STYLED_ITEM('',(#8711),#8705,#4215);
#8713=CARTESIAN_POINT('',(-4.E-1,-6.8E0,1.E0));
#8714=DIRECTION('',(-1.E0,0.E0,0.E0));
#8715=DIRECTION('',(0.E0,-1.E0,0.E0));
#8716=AXIS2_PLACEMENT_3D('',#8713,#8714,#8715);
#8717=PLANE('',#8716);
#8718=ORIENTED_EDGE('',*,*,#8675,.T.);
#8720=ORIENTED_EDGE('',*,*,#8719,.F.);
#8722=ORIENTED_EDGE('',*,*,#8721,.F.);
#8723=ORIENTED_EDGE('',*,*,#8698,.F.);
#8724=EDGE_LOOP('',(#8718,#8720,#8722,#8723));
#8725=FACE_OUTER_BOUND('',#8724,.F.);
#8727=FILL_AREA_STYLE_COLOUR('',#42);
#8728=FILL_AREA_STYLE('',(#8727));
#8729=SURFACE_STYLE_FILL_AREA(#8728);
#8730=SURFACE_SIDE_STYLE('',(#8729));
#8731=SURFACE_STYLE_USAGE(.POSITIVE.,#8730);
#8732=PRESENTATION_STYLE_ASSIGNMENT((#8731));
#8733=OVER_RIDING_STYLED_ITEM('',(#8732),#8726,#4215);
#8734=CARTESIAN_POINT('',(0.E0,0.E0,1.E0));
#8735=DIRECTION('',(0.E0,0.E0,1.E0));
#8736=DIRECTION('',(1.E0,0.E0,0.E0));
#8737=AXIS2_PLACEMENT_3D('',#8734,#8735,#8736);
#8738=PLANE('',#8737);
#8739=ORIENTED_EDGE('',*,*,#8719,.T.);
#8740=ORIENTED_EDGE('',*,*,#8673,.T.);
#8742=ORIENTED_EDGE('',*,*,#8741,.T.);
#8744=ORIENTED_EDGE('',*,*,#8743,.T.);
#8746=ORIENTED_EDGE('',*,*,#8745,.T.);
#8748=ORIENTED_EDGE('',*,*,#8747,.T.);
#8750=ORIENTED_EDGE('',*,*,#8749,.T.);
#8752=ORIENTED_EDGE('',*,*,#8751,.T.);
#8753=EDGE_LOOP('',(#8739,#8740,#8742,#8744,#8746,#8748,#8750,#8752));
#8754=FACE_OUTER_BOUND('',#8753,.F.);
#8756=ORIENTED_EDGE('',*,*,#8755,.T.);
#8758=ORIENTED_EDGE('',*,*,#8757,.T.);
#8759=EDGE_LOOP('',(#8756,#8758));
#8760=FACE_BOUND('',#8759,.F.);
#8762=ORIENTED_EDGE('',*,*,#8761,.T.);
#8764=ORIENTED_EDGE('',*,*,#8763,.T.);
#8765=EDGE_LOOP('',(#8762,#8764));
#8766=FACE_BOUND('',#8765,.F.);
#8768=ORIENTED_EDGE('',*,*,#8767,.T.);
#8770=ORIENTED_EDGE('',*,*,#8769,.T.);
#8771=EDGE_LOOP('',(#8768,#8770));
#8772=FACE_BOUND('',#8771,.F.);
#8774=ORIENTED_EDGE('',*,*,#8773,.T.);
#8776=ORIENTED_EDGE('',*,*,#8775,.T.);
#8777=EDGE_LOOP('',(#8774,#8776));
#8778=FACE_BOUND('',#8777,.F.);
#8780=ORIENTED_EDGE('',*,*,#8779,.T.);
#8782=ORIENTED_EDGE('',*,*,#8781,.T.);
#8783=EDGE_LOOP('',(#8780,#8782));
#8784=FACE_BOUND('',#8783,.F.);
#8786=ORIENTED_EDGE('',*,*,#8785,.T.);
#8788=ORIENTED_EDGE('',*,*,#8787,.T.);
#8789=EDGE_LOOP('',(#8786,#8788));
#8790=FACE_BOUND('',#8789,.F.);
#8792=CARTESIAN_POINT('',(-1.465E1,-8.65E0,8.0626E0));
#8793=DIRECTION('',(0.E0,0.E0,-1.E0));
#8794=DIRECTION('',(0.E0,-1.E0,0.E0));
#8795=AXIS2_PLACEMENT_3D('',#8792,#8793,#8794);
#8796=CYLINDRICAL_SURFACE('',#8795,2.E-1);
#8797=ORIENTED_EDGE('',*,*,#8741,.F.);
#8798=ORIENTED_EDGE('',*,*,#8671,.T.);
#8799=ORIENTED_EDGE('',*,*,#8274,.F.);
#8801=ORIENTED_EDGE('',*,*,#8800,.T.);
#8802=EDGE_LOOP('',(#8797,#8798,#8799,#8801));
#8803=FACE_OUTER_BOUND('',#8802,.F.);
#8805=CARTESIAN_POINT('',(-1.485E1,9.35E0,5.E-1));
#8806=DIRECTION('',(-1.E0,0.E0,0.E0));
#8807=DIRECTION('',(0.E0,-1.E0,0.E0));
#8808=AXIS2_PLACEMENT_3D('',#8805,#8806,#8807);
#8809=PLANE('',#8808);
#8811=ORIENTED_EDGE('',*,*,#8810,.T.);
#8812=ORIENTED_EDGE('',*,*,#8743,.F.);
#8813=ORIENTED_EDGE('',*,*,#8800,.F.);
#8814=ORIENTED_EDGE('',*,*,#8272,.T.);
#8815=ORIENTED_EDGE('',*,*,#8339,.T.);
#8816=ORIENTED_EDGE('',*,*,#8354,.T.);
#8817=ORIENTED_EDGE('',*,*,#8369,.T.);
#8818=ORIENTED_EDGE('',*,*,#8391,.T.);
#8820=ORIENTED_EDGE('',*,*,#8819,.F.);
#8822=ORIENTED_EDGE('',*,*,#8821,.F.);
#8824=ORIENTED_EDGE('',*,*,#8823,.F.);
#8826=ORIENTED_EDGE('',*,*,#8825,.T.);
#8827=EDGE_LOOP('',(#8811,#8812,#8813,#8814,#8815,#8816,#8817,#8818,#8820,#8822,
#8824,#8826));
#8828=FACE_OUTER_BOUND('',#8827,.F.);
#8830=CARTESIAN_POINT('',(0.E0,-2.5E-1,0.E0));
#8831=DIRECTION('',(0.E0,1.E0,0.E0));
#8832=DIRECTION('',(0.E0,0.E0,1.E0));
#8833=AXIS2_PLACEMENT_3D('',#8830,#8831,#8832);
#8834=PLANE('',#8833);
#8835=ORIENTED_EDGE('',*,*,#8745,.F.);
#8836=ORIENTED_EDGE('',*,*,#8810,.F.);
#8838=ORIENTED_EDGE('',*,*,#8837,.F.);
#8840=ORIENTED_EDGE('',*,*,#8839,.T.);
#8842=ORIENTED_EDGE('',*,*,#8841,.F.);
#8844=ORIENTED_EDGE('',*,*,#8843,.F.);
#8845=EDGE_LOOP('',(#8835,#8836,#8838,#8840,#8842,#8844));
#8846=FACE_OUTER_BOUND('',#8845,.F.);
#8848=FILL_AREA_STYLE_COLOUR('',#42);
#8849=FILL_AREA_STYLE('',(#8848));
#8850=SURFACE_STYLE_FILL_AREA(#8849);
#8851=SURFACE_SIDE_STYLE('',(#8850));
#8852=SURFACE_STYLE_USAGE(.NEGATIVE.,#8851);
#8853=PRESENTATION_STYLE_ASSIGNMENT((#8852));
#8854=OVER_RIDING_STYLED_ITEM('',(#8853),#8847,#4215);
#8855=CARTESIAN_POINT('',(-1.485E1,-2.5E-1,3.E0));
#8856=DIRECTION('',(0.E0,0.E0,1.E0));
#8857=DIRECTION('',(1.E0,0.E0,0.E0));
#8858=AXIS2_PLACEMENT_3D('',#8855,#8856,#8857);
#8859=PLANE('',#8858);
#8860=ORIENTED_EDGE('',*,*,#8825,.F.);
#8862=ORIENTED_EDGE('',*,*,#8861,.F.);
#8864=ORIENTED_EDGE('',*,*,#8863,.T.);
#8865=ORIENTED_EDGE('',*,*,#8837,.T.);
#8866=EDGE_LOOP('',(#8860,#8862,#8864,#8865));
#8867=FACE_OUTER_BOUND('',#8866,.F.);
#8869=FILL_AREA_STYLE_COLOUR('',#42);
#8870=FILL_AREA_STYLE('',(#8869));
#8871=SURFACE_STYLE_FILL_AREA(#8870);
#8872=SURFACE_SIDE_STYLE('',(#8871));
#8873=SURFACE_STYLE_USAGE(.POSITIVE.,#8872);
#8874=PRESENTATION_STYLE_ASSIGNMENT((#8873));
#8875=OVER_RIDING_STYLED_ITEM('',(#8874),#8868,#4215);
#8876=CARTESIAN_POINT('',(0.E0,2.5E-1,0.E0));
#8877=DIRECTION('',(0.E0,1.E0,0.E0));
#8878=DIRECTION('',(0.E0,0.E0,1.E0));
#8879=AXIS2_PLACEMENT_3D('',#8876,#8877,#8878);
#8880=PLANE('',#8879);
#8882=ORIENTED_EDGE('',*,*,#8881,.T.);
#8884=ORIENTED_EDGE('',*,*,#8883,.T.);
#8886=ORIENTED_EDGE('',*,*,#8885,.T.);
#8888=ORIENTED_EDGE('',*,*,#8887,.T.);
#8889=ORIENTED_EDGE('',*,*,#8861,.T.);
#8890=ORIENTED_EDGE('',*,*,#8823,.T.);
#8891=EDGE_LOOP('',(#8882,#8884,#8886,#8888,#8889,#8890));
#8892=FACE_OUTER_BOUND('',#8891,.F.);
#8894=FILL_AREA_STYLE_COLOUR('',#42);
#8895=FILL_AREA_STYLE('',(#8894));
#8896=SURFACE_STYLE_FILL_AREA(#8895);
#8897=SURFACE_SIDE_STYLE('',(#8896));
#8898=SURFACE_STYLE_USAGE(.POSITIVE.,#8897);
#8899=PRESENTATION_STYLE_ASSIGNMENT((#8898));
#8900=OVER_RIDING_STYLED_ITEM('',(#8899),#8893,#4215);
#8901=CARTESIAN_POINT('',(0.E0,0.E0,1.E0));
#8902=DIRECTION('',(0.E0,0.E0,1.E0));
#8903=DIRECTION('',(1.E0,0.E0,0.E0));
#8904=AXIS2_PLACEMENT_3D('',#8901,#8902,#8903);
#8905=PLANE('',#8904);
#8907=ORIENTED_EDGE('',*,*,#8906,.F.);
#8909=ORIENTED_EDGE('',*,*,#8908,.T.);
#8911=ORIENTED_EDGE('',*,*,#8910,.T.);
#8913=ORIENTED_EDGE('',*,*,#8912,.T.);
#8914=ORIENTED_EDGE('',*,*,#8881,.F.);
#8915=ORIENTED_EDGE('',*,*,#8821,.T.);
#8917=ORIENTED_EDGE('',*,*,#8916,.T.);
#8919=ORIENTED_EDGE('',*,*,#8918,.T.);
#8920=EDGE_LOOP('',(#8907,#8909,#8911,#8913,#8914,#8915,#8917,#8919));
#8921=FACE_OUTER_BOUND('',#8920,.F.);
#8923=ORIENTED_EDGE('',*,*,#8922,.T.);
#8925=ORIENTED_EDGE('',*,*,#8924,.T.);
#8926=EDGE_LOOP('',(#8923,#8925));
#8927=FACE_BOUND('',#8926,.F.);
#8929=ORIENTED_EDGE('',*,*,#8928,.T.);
#8931=ORIENTED_EDGE('',*,*,#8930,.T.);
#8932=EDGE_LOOP('',(#8929,#8931));
#8933=FACE_BOUND('',#8932,.F.);
#8935=ORIENTED_EDGE('',*,*,#8934,.T.);
#8937=ORIENTED_EDGE('',*,*,#8936,.T.);
#8938=EDGE_LOOP('',(#8935,#8937));
#8939=FACE_BOUND('',#8938,.F.);
#8941=ORIENTED_EDGE('',*,*,#8940,.T.);
#8943=ORIENTED_EDGE('',*,*,#8942,.T.);
#8944=EDGE_LOOP('',(#8941,#8943));
#8945=FACE_BOUND('',#8944,.F.);
#8947=ORIENTED_EDGE('',*,*,#8946,.T.);
#8949=ORIENTED_EDGE('',*,*,#8948,.T.);
#8950=EDGE_LOOP('',(#8947,#8949));
#8951=FACE_BOUND('',#8950,.F.);
#8953=ORIENTED_EDGE('',*,*,#8952,.T.);
#8955=ORIENTED_EDGE('',*,*,#8954,.T.);
#8956=EDGE_LOOP('',(#8953,#8955));
#8957=FACE_BOUND('',#8956,.F.);
#8959=CARTESIAN_POINT('',(-4.E-1,8.85E0,1.E0));
#8960=DIRECTION('',(-1.E0,0.E0,0.E0));
#8961=DIRECTION('',(0.E0,-1.E0,0.E0));
#8962=AXIS2_PLACEMENT_3D('',#8959,#8960,#8961);
#8963=PLANE('',#8962);
#8965=ORIENTED_EDGE('',*,*,#8964,.F.);
#8967=ORIENTED_EDGE('',*,*,#8966,.F.);
#8969=ORIENTED_EDGE('',*,*,#8968,.T.);
#8970=ORIENTED_EDGE('',*,*,#8906,.T.);
#8971=EDGE_LOOP('',(#8965,#8967,#8969,#8970));
#8972=FACE_OUTER_BOUND('',#8971,.F.);
#8974=FILL_AREA_STYLE_COLOUR('',#42);
#8975=FILL_AREA_STYLE('',(#8974));
#8976=SURFACE_STYLE_FILL_AREA(#8975);
#8977=SURFACE_SIDE_STYLE('',(#8976));
#8978=SURFACE_STYLE_USAGE(.POSITIVE.,#8977);
#8979=PRESENTATION_STYLE_ASSIGNMENT((#8978));
#8980=OVER_RIDING_STYLED_ITEM('',(#8979),#8973,#4215);
#8981=CARTESIAN_POINT('',(1.535E1,8.85E0,5.E-1));
#8982=DIRECTION('',(0.E0,1.E0,0.E0));
#8983=DIRECTION('',(-1.E0,0.E0,0.E0));
#8984=AXIS2_PLACEMENT_3D('',#8981,#8982,#8983);
#8985=PLANE('',#8984);
#8987=ORIENTED_EDGE('',*,*,#8986,.T.);
#8988=ORIENTED_EDGE('',*,*,#8964,.T.);
#8989=ORIENTED_EDGE('',*,*,#8918,.F.);
#8991=ORIENTED_EDGE('',*,*,#8990,.F.);
#8992=ORIENTED_EDGE('',*,*,#8387,.T.);
#8993=ORIENTED_EDGE('',*,*,#8466,.T.);
#8994=ORIENTED_EDGE('',*,*,#8481,.T.);
#8995=ORIENTED_EDGE('',*,*,#8496,.T.);
#8996=ORIENTED_EDGE('',*,*,#8513,.T.);
#8998=ORIENTED_EDGE('',*,*,#8997,.F.);
#9000=ORIENTED_EDGE('',*,*,#8999,.F.);
#9002=ORIENTED_EDGE('',*,*,#9001,.F.);
#9003=EDGE_LOOP('',(#8987,#8988,#8989,#8991,#8992,#8993,#8994,#8995,#8996,#8998,
#9000,#9002));
#9004=FACE_OUTER_BOUND('',#9003,.F.);
#9006=ORIENTED_EDGE('',*,*,#9005,.T.);
#9008=ORIENTED_EDGE('',*,*,#9007,.T.);
#9009=EDGE_LOOP('',(#9006,#9008));
#9010=FACE_BOUND('',#9009,.F.);
#9012=ORIENTED_EDGE('',*,*,#9011,.T.);
#9014=ORIENTED_EDGE('',*,*,#9013,.T.);
#9015=EDGE_LOOP('',(#9012,#9014));
#9016=FACE_BOUND('',#9015,.F.);
#9018=CARTESIAN_POINT('',(0.E0,0.E0,1.2E0));
#9019=DIRECTION('',(0.E0,0.E0,1.E0));
#9020=DIRECTION('',(1.E0,0.E0,0.E0));
#9021=AXIS2_PLACEMENT_3D('',#9018,#9019,#9020);
#9022=PLANE('',#9021);
#9023=ORIENTED_EDGE('',*,*,#8986,.F.);
#9025=ORIENTED_EDGE('',*,*,#9024,.T.);
#9027=ORIENTED_EDGE('',*,*,#9026,.T.);
#9028=ORIENTED_EDGE('',*,*,#8966,.T.);
#9029=EDGE_LOOP('',(#9023,#9025,#9027,#9028));
#9030=FACE_OUTER_BOUND('',#9029,.F.);
#9032=FILL_AREA_STYLE_COLOUR('',#42);
#9033=FILL_AREA_STYLE('',(#9032));
#9034=SURFACE_STYLE_FILL_AREA(#9033);
#9035=SURFACE_SIDE_STYLE('',(#9034));
#9036=SURFACE_STYLE_USAGE(.POSITIVE.,#9035);
#9037=PRESENTATION_STYLE_ASSIGNMENT((#9036));
#9038=OVER_RIDING_STYLED_ITEM('',(#9037),#9031,#4215);
#9039=CARTESIAN_POINT('',(4.E-1,6.8E0,1.E0));
#9040=DIRECTION('',(1.E0,0.E0,0.E0));
#9041=DIRECTION('',(0.E0,1.E0,0.E0));
#9042=AXIS2_PLACEMENT_3D('',#9039,#9040,#9041);
#9043=PLANE('',#9042);
#9044=ORIENTED_EDGE('',*,*,#9001,.T.);
#9046=ORIENTED_EDGE('',*,*,#9045,.F.);
#9048=ORIENTED_EDGE('',*,*,#9047,.F.);
#9049=ORIENTED_EDGE('',*,*,#9024,.F.);
#9050=EDGE_LOOP('',(#9044,#9046,#9048,#9049));
#9051=FACE_OUTER_BOUND('',#9050,.F.);
#9053=FILL_AREA_STYLE_COLOUR('',#42);
#9054=FILL_AREA_STYLE('',(#9053));
#9055=SURFACE_STYLE_FILL_AREA(#9054);
#9056=SURFACE_SIDE_STYLE('',(#9055));
#9057=SURFACE_STYLE_USAGE(.POSITIVE.,#9056);
#9058=PRESENTATION_STYLE_ASSIGNMENT((#9057));
#9059=OVER_RIDING_STYLED_ITEM('',(#9058),#9052,#4215);
#9060=CARTESIAN_POINT('',(0.E0,0.E0,1.E0));
#9061=DIRECTION('',(0.E0,0.E0,1.E0));
#9062=DIRECTION('',(1.E0,0.E0,0.E0));
#9063=AXIS2_PLACEMENT_3D('',#9060,#9061,#9062);
#9064=PLANE('',#9063);
#9065=ORIENTED_EDGE('',*,*,#9045,.T.);
#9066=ORIENTED_EDGE('',*,*,#8999,.T.);
#9068=ORIENTED_EDGE('',*,*,#9067,.T.);
#9069=ORIENTED_EDGE('',*,*,#8533,.T.);
#9071=ORIENTED_EDGE('',*,*,#9070,.T.);
#9073=ORIENTED_EDGE('',*,*,#9072,.T.);
#9075=ORIENTED_EDGE('',*,*,#9074,.T.);
#9077=ORIENTED_EDGE('',*,*,#9076,.T.);
#9078=EDGE_LOOP('',(#9065,#9066,#9068,#9069,#9071,#9073,#9075,#9077));
#9079=FACE_OUTER_BOUND('',#9078,.F.);
#9081=ORIENTED_EDGE('',*,*,#9080,.T.);
#9083=ORIENTED_EDGE('',*,*,#9082,.T.);
#9084=EDGE_LOOP('',(#9081,#9083));
#9085=FACE_BOUND('',#9084,.F.);
#9087=ORIENTED_EDGE('',*,*,#9086,.T.);
#9089=ORIENTED_EDGE('',*,*,#9088,.T.);
#9090=EDGE_LOOP('',(#9087,#9089));
#9091=FACE_BOUND('',#9090,.F.);
#9093=ORIENTED_EDGE('',*,*,#9092,.T.);
#9095=ORIENTED_EDGE('',*,*,#9094,.T.);
#9096=EDGE_LOOP('',(#9093,#9095));
#9097=FACE_BOUND('',#9096,.F.);
#9099=ORIENTED_EDGE('',*,*,#9098,.T.);
#9101=ORIENTED_EDGE('',*,*,#9100,.T.);
#9102=EDGE_LOOP('',(#9099,#9101));
#9103=FACE_BOUND('',#9102,.F.);
#9105=ORIENTED_EDGE('',*,*,#9104,.T.);
#9107=ORIENTED_EDGE('',*,*,#9106,.T.);
#9108=EDGE_LOOP('',(#9105,#9107));
#9109=FACE_BOUND('',#9108,.F.);
#9111=ORIENTED_EDGE('',*,*,#9110,.T.);
#9113=ORIENTED_EDGE('',*,*,#9112,.T.);
#9114=EDGE_LOOP('',(#9111,#9113));
#9115=FACE_BOUND('',#9114,.F.);
#9117=CARTESIAN_POINT('',(1.465E1,8.65E0,8.0626E0));
#9118=DIRECTION('',(0.E0,0.E0,-1.E0));
#9119=DIRECTION('',(0.E0,1.E0,0.E0));
#9120=AXIS2_PLACEMENT_3D('',#9117,#9118,#9119);
#9121=CYLINDRICAL_SURFACE('',#9120,2.E-1);
#9122=ORIENTED_EDGE('',*,*,#9067,.F.);
#9123=ORIENTED_EDGE('',*,*,#8997,.T.);
#9124=ORIENTED_EDGE('',*,*,#8511,.F.);
#9125=ORIENTED_EDGE('',*,*,#8535,.T.);
#9126=EDGE_LOOP('',(#9122,#9123,#9124,#9125));
#9127=FACE_OUTER_BOUND('',#9126,.F.);
#9129=CARTESIAN_POINT('',(0.E0,2.5E-1,0.E0));
#9130=DIRECTION('',(0.E0,1.E0,0.E0));
#9131=DIRECTION('',(0.E0,0.E0,1.E0));
#9132=AXIS2_PLACEMENT_3D('',#9129,#9130,#9131);
#9133=PLANE('',#9132);
#9134=ORIENTED_EDGE('',*,*,#8531,.F.);
#9136=ORIENTED_EDGE('',*,*,#9135,.T.);
#9138=ORIENTED_EDGE('',*,*,#9137,.T.);
#9140=ORIENTED_EDGE('',*,*,#9139,.T.);
#9142=ORIENTED_EDGE('',*,*,#9141,.T.);
#9143=ORIENTED_EDGE('',*,*,#9070,.F.);
#9144=EDGE_LOOP('',(#9134,#9136,#9138,#9140,#9142,#9143));
#9145=FACE_OUTER_BOUND('',#9144,.F.);
#9147=FILL_AREA_STYLE_COLOUR('',#42);
#9148=FILL_AREA_STYLE('',(#9147));
#9149=SURFACE_STYLE_FILL_AREA(#9148);
#9150=SURFACE_SIDE_STYLE('',(#9149));
#9151=SURFACE_STYLE_USAGE(.POSITIVE.,#9150);
#9152=PRESENTATION_STYLE_ASSIGNMENT((#9151));
#9153=OVER_RIDING_STYLED_ITEM('',(#9152),#9146,#4215);
#9154=CARTESIAN_POINT('',(1.465E1,-2.5E-1,3.E0));
#9155=DIRECTION('',(0.E0,0.E0,1.E0));
#9156=DIRECTION('',(1.E0,0.E0,0.E0));
#9157=AXIS2_PLACEMENT_3D('',#9154,#9155,#9156);
#9158=PLANE('',#9157);
#9159=ORIENTED_EDGE('',*,*,#8529,.T.);
#9160=ORIENTED_EDGE('',*,*,#8563,.T.);
#9162=ORIENTED_EDGE('',*,*,#9161,.F.);
#9163=ORIENTED_EDGE('',*,*,#9135,.F.);
#9164=EDGE_LOOP('',(#9159,#9160,#9162,#9163));
#9165=FACE_OUTER_BOUND('',#9164,.F.);
#9167=FILL_AREA_STYLE_COLOUR('',#42);
#9168=FILL_AREA_STYLE('',(#9167));
#9169=SURFACE_STYLE_FILL_AREA(#9168);
#9170=SURFACE_SIDE_STYLE('',(#9169));
#9171=SURFACE_STYLE_USAGE(.POSITIVE.,#9170);
#9172=PRESENTATION_STYLE_ASSIGNMENT((#9171));
#9173=OVER_RIDING_STYLED_ITEM('',(#9172),#9166,#4215);
#9174=CARTESIAN_POINT('',(1.39E1,-2.5E-1,1.2E0));
#9175=DIRECTION('',(-9.230769230769E-1,0.E0,3.846153846154E-1));
#9176=DIRECTION('',(3.846153846154E-1,0.E0,9.230769230769E-1));
#9177=AXIS2_PLACEMENT_3D('',#9174,#9175,#9176);
#9178=PLANE('',#9177);
#9179=ORIENTED_EDGE('',*,*,#8561,.F.);
#9181=ORIENTED_EDGE('',*,*,#9180,.F.);
#9182=ORIENTED_EDGE('',*,*,#9137,.F.);
#9183=ORIENTED_EDGE('',*,*,#9161,.T.);
#9184=EDGE_LOOP('',(#9179,#9181,#9182,#9183));
#9185=FACE_OUTER_BOUND('',#9184,.F.);
#9187=FILL_AREA_STYLE_COLOUR('',#42);
#9188=FILL_AREA_STYLE('',(#9187));
#9189=SURFACE_STYLE_FILL_AREA(#9188);
#9190=SURFACE_SIDE_STYLE('',(#9189));
#9191=SURFACE_STYLE_USAGE(.POSITIVE.,#9190);
#9192=PRESENTATION_STYLE_ASSIGNMENT((#9191));
#9193=OVER_RIDING_STYLED_ITEM('',(#9192),#9186,#4215);
#9194=CARTESIAN_POINT('',(1.39E1,-2.5E-1,1.E0));
#9195=DIRECTION('',(-1.E0,0.E0,0.E0));
#9196=DIRECTION('',(0.E0,0.E0,1.E0));
#9197=AXIS2_PLACEMENT_3D('',#9194,#9195,#9196);
#9198=PLANE('',#9197);
#9199=ORIENTED_EDGE('',*,*,#8559,.T.);
#9201=ORIENTED_EDGE('',*,*,#9200,.F.);
#9202=ORIENTED_EDGE('',*,*,#9139,.F.);
#9203=ORIENTED_EDGE('',*,*,#9180,.T.);
#9204=EDGE_LOOP('',(#9199,#9201,#9202,#9203));
#9205=FACE_OUTER_BOUND('',#9204,.F.);
#9207=FILL_AREA_STYLE_COLOUR('',#42);
#9208=FILL_AREA_STYLE('',(#9207));
#9209=SURFACE_STYLE_FILL_AREA(#9208);
#9210=SURFACE_SIDE_STYLE('',(#9209));
#9211=SURFACE_STYLE_USAGE(.POSITIVE.,#9210);
#9212=PRESENTATION_STYLE_ASSIGNMENT((#9211));
#9213=OVER_RIDING_STYLED_ITEM('',(#9212),#9206,#4215);
#9214=CARTESIAN_POINT('',(1.485E1,-2.5E-1,1.E0));
#9215=DIRECTION('',(0.E0,0.E0,-1.E0));
#9216=DIRECTION('',(-1.E0,0.E0,0.E0));
#9217=AXIS2_PLACEMENT_3D('',#9214,#9215,#9216);
#9218=PLANE('',#9217);
#9220=ORIENTED_EDGE('',*,*,#9219,.F.);
#9221=ORIENTED_EDGE('',*,*,#9141,.F.);
#9222=ORIENTED_EDGE('',*,*,#9200,.T.);
#9223=ORIENTED_EDGE('',*,*,#8557,.T.);
#9224=EDGE_LOOP('',(#9220,#9221,#9222,#9223));
#9225=FACE_OUTER_BOUND('',#9224,.F.);
#9227=CARTESIAN_POINT('',(1.435E1,8.35E0,5.E-1));
#9228=DIRECTION('',(-1.E0,0.E0,0.E0));
#9229=DIRECTION('',(0.E0,-1.E0,0.E0));
#9230=AXIS2_PLACEMENT_3D('',#9227,#9228,#9229);
#9231=PLANE('',#9230);
#9233=ORIENTED_EDGE('',*,*,#9232,.F.);
#9235=ORIENTED_EDGE('',*,*,#9234,.F.);
#9237=ORIENTED_EDGE('',*,*,#9236,.F.);
#9238=ORIENTED_EDGE('',*,*,#9072,.F.);
#9239=ORIENTED_EDGE('',*,*,#9219,.T.);
#9240=ORIENTED_EDGE('',*,*,#8586,.F.);
#9241=EDGE_LOOP('',(#9233,#9235,#9237,#9238,#9239,#9240));
#9242=FACE_OUTER_BOUND('',#9241,.F.);
#9244=CARTESIAN_POINT('',(1.405E1,-6.5E0,8.0626E0));
#9245=DIRECTION('',(0.E0,0.E0,-1.E0));
#9246=DIRECTION('',(1.E0,0.E0,0.E0));
#9247=AXIS2_PLACEMENT_3D('',#9244,#9245,#9246);
#9248=CYLINDRICAL_SURFACE('',#9247,3.E-1);
#9250=ORIENTED_EDGE('',*,*,#9249,.F.);
#9251=ORIENTED_EDGE('',*,*,#9232,.T.);
#9252=ORIENTED_EDGE('',*,*,#8584,.F.);
#9254=ORIENTED_EDGE('',*,*,#9253,.T.);
#9255=EDGE_LOOP('',(#9250,#9251,#9252,#9254));
#9256=FACE_OUTER_BOUND('',#9255,.F.);
#9258=CARTESIAN_POINT('',(0.E0,0.E0,7.E-1));
#9259=DIRECTION('',(0.E0,0.E0,1.E0));
#9260=DIRECTION('',(1.E0,0.E0,0.E0));
#9261=AXIS2_PLACEMENT_3D('',#9258,#9259,#9260);
#9262=PLANE('',#9261);
#9264=ORIENTED_EDGE('',*,*,#9263,.T.);
#9266=ORIENTED_EDGE('',*,*,#9265,.F.);
#9268=ORIENTED_EDGE('',*,*,#9267,.T.);
#9270=ORIENTED_EDGE('',*,*,#9269,.F.);
#9272=ORIENTED_EDGE('',*,*,#9271,.T.);
#9273=ORIENTED_EDGE('',*,*,#9234,.T.);
#9274=ORIENTED_EDGE('',*,*,#9249,.T.);
#9276=ORIENTED_EDGE('',*,*,#9275,.T.);
#9277=EDGE_LOOP('',(#9264,#9266,#9268,#9270,#9272,#9273,#9274,#9276));
#9278=FACE_OUTER_BOUND('',#9277,.F.);
#9280=CARTESIAN_POINT('',(-1.405E1,-6.5E0,-4.5626E0));
#9281=DIRECTION('',(0.E0,0.E0,1.E0));
#9282=DIRECTION('',(-1.E0,0.E0,0.E0));
#9283=AXIS2_PLACEMENT_3D('',#9280,#9281,#9282);
#9284=CYLINDRICAL_SURFACE('',#9283,3.E-1);
#9286=ORIENTED_EDGE('',*,*,#9285,.T.);
#9287=ORIENTED_EDGE('',*,*,#9263,.F.);
#9289=ORIENTED_EDGE('',*,*,#9288,.T.);
#9290=ORIENTED_EDGE('',*,*,#8749,.F.);
#9291=EDGE_LOOP('',(#9286,#9287,#9289,#9290));
#9292=FACE_OUTER_BOUND('',#9291,.F.);
#9294=CARTESIAN_POINT('',(-1.435E1,-6.87E0,5.E-1));
#9295=DIRECTION('',(1.E0,0.E0,0.E0));
#9296=DIRECTION('',(0.E0,1.E0,0.E0));
#9297=AXIS2_PLACEMENT_3D('',#9294,#9295,#9296);
#9298=PLANE('',#9297);
#9299=ORIENTED_EDGE('',*,*,#9285,.F.);
#9300=ORIENTED_EDGE('',*,*,#8747,.F.);
#9302=ORIENTED_EDGE('',*,*,#9301,.F.);
#9303=ORIENTED_EDGE('',*,*,#8912,.F.);
#9305=ORIENTED_EDGE('',*,*,#9304,.F.);
#9306=ORIENTED_EDGE('',*,*,#9265,.T.);
#9307=EDGE_LOOP('',(#9299,#9300,#9302,#9303,#9305,#9306));
#9308=FACE_OUTER_BOUND('',#9307,.F.);
#9310=CARTESIAN_POINT('',(-1.39E1,-2.5E-1,1.E0));
#9311=DIRECTION('',(0.E0,0.E0,-1.E0));
#9312=DIRECTION('',(-1.E0,0.E0,0.E0));
#9313=AXIS2_PLACEMENT_3D('',#9310,#9311,#9312);
#9314=PLANE('',#9313);
#9315=ORIENTED_EDGE('',*,*,#9301,.T.);
#9316=ORIENTED_EDGE('',*,*,#8843,.T.);
#9318=ORIENTED_EDGE('',*,*,#9317,.F.);
#9319=ORIENTED_EDGE('',*,*,#8883,.F.);
#9320=EDGE_LOOP('',(#9315,#9316,#9318,#9319));
#9321=FACE_OUTER_BOUND('',#9320,.F.);
#9323=CARTESIAN_POINT('',(-1.39E1,-2.5E-1,1.2E0));
#9324=DIRECTION('',(1.E0,0.E0,0.E0));
#9325=DIRECTION('',(0.E0,0.E0,-1.E0));
#9326=AXIS2_PLACEMENT_3D('',#9323,#9324,#9325);
#9327=PLANE('',#9326);
#9328=ORIENTED_EDGE('',*,*,#8841,.T.);
#9330=ORIENTED_EDGE('',*,*,#9329,.F.);
#9331=ORIENTED_EDGE('',*,*,#8885,.F.);
#9332=ORIENTED_EDGE('',*,*,#9317,.T.);
#9333=EDGE_LOOP('',(#9328,#9330,#9331,#9332));
#9334=FACE_OUTER_BOUND('',#9333,.F.);
#9336=FILL_AREA_STYLE_COLOUR('',#42);
#9337=FILL_AREA_STYLE('',(#9336));
#9338=SURFACE_STYLE_FILL_AREA(#9337);
#9339=SURFACE_SIDE_STYLE('',(#9338));
#9340=SURFACE_STYLE_USAGE(.POSITIVE.,#9339);
#9341=PRESENTATION_STYLE_ASSIGNMENT((#9340));
#9342=OVER_RIDING_STYLED_ITEM('',(#9341),#9335,#4215);
#9343=CARTESIAN_POINT('',(-1.465E1,-2.5E-1,3.E0));
#9344=DIRECTION('',(9.230769230769E-1,0.E0,3.846153846154E-1));
#9345=DIRECTION('',(3.846153846154E-1,0.E0,-9.230769230769E-1));
#9346=AXIS2_PLACEMENT_3D('',#9343,#9344,#9345);
#9347=PLANE('',#9346);
#9348=ORIENTED_EDGE('',*,*,#8839,.F.);
#9349=ORIENTED_EDGE('',*,*,#8863,.F.);
#9350=ORIENTED_EDGE('',*,*,#8887,.F.);
#9351=ORIENTED_EDGE('',*,*,#9329,.T.);
#9352=EDGE_LOOP('',(#9348,#9349,#9350,#9351));
#9353=FACE_OUTER_BOUND('',#9352,.F.);
#9355=FILL_AREA_STYLE_COLOUR('',#42);
#9356=FILL_AREA_STYLE('',(#9355));
#9357=SURFACE_STYLE_FILL_AREA(#9356);
#9358=SURFACE_SIDE_STYLE('',(#9357));
#9359=SURFACE_STYLE_USAGE(.POSITIVE.,#9358);
#9360=PRESENTATION_STYLE_ASSIGNMENT((#9359));
#9361=OVER_RIDING_STYLED_ITEM('',(#9360),#9354,#4215);
#9362=CARTESIAN_POINT('',(-1.405E1,6.5E0,8.0626E0));
#9363=DIRECTION('',(0.E0,0.E0,-1.E0));
#9364=DIRECTION('',(-1.E0,0.E0,0.E0));
#9365=AXIS2_PLACEMENT_3D('',#9362,#9363,#9364);
#9366=CYLINDRICAL_SURFACE('',#9365,3.E-1);
#9367=ORIENTED_EDGE('',*,*,#9267,.F.);
#9368=ORIENTED_EDGE('',*,*,#9304,.T.);
#9369=ORIENTED_EDGE('',*,*,#8910,.F.);
#9371=ORIENTED_EDGE('',*,*,#9370,.T.);
#9372=EDGE_LOOP('',(#9367,#9368,#9369,#9371));
#9373=FACE_OUTER_BOUND('',#9372,.F.);
#9375=CARTESIAN_POINT('',(-1.435E1,6.8E0,7.E-1));
#9376=DIRECTION('',(0.E0,-1.E0,0.E0));
#9377=DIRECTION('',(1.E0,0.E0,0.E0));
#9378=AXIS2_PLACEMENT_3D('',#9375,#9376,#9377);
#9379=PLANE('',#9378);
#9380=ORIENTED_EDGE('',*,*,#8908,.F.);
#9381=ORIENTED_EDGE('',*,*,#8968,.F.);
#9382=ORIENTED_EDGE('',*,*,#9026,.F.);
#9383=ORIENTED_EDGE('',*,*,#9047,.T.);
#9384=ORIENTED_EDGE('',*,*,#9076,.F.);
#9386=ORIENTED_EDGE('',*,*,#9385,.F.);
#9387=ORIENTED_EDGE('',*,*,#9269,.T.);
#9388=ORIENTED_EDGE('',*,*,#9370,.F.);
#9389=EDGE_LOOP('',(#9380,#9381,#9382,#9383,#9384,#9386,#9387,#9388));
#9390=FACE_OUTER_BOUND('',#9389,.F.);
#9392=CARTESIAN_POINT('',(1.405E1,6.5E0,-4.5626E0));
#9393=DIRECTION('',(0.E0,0.E0,1.E0));
#9394=DIRECTION('',(1.E0,0.E0,0.E0));
#9395=AXIS2_PLACEMENT_3D('',#9392,#9393,#9394);
#9396=CYLINDRICAL_SURFACE('',#9395,3.E-1);
#9397=ORIENTED_EDGE('',*,*,#9236,.T.);
#9398=ORIENTED_EDGE('',*,*,#9271,.F.);
#9399=ORIENTED_EDGE('',*,*,#9385,.T.);
#9400=ORIENTED_EDGE('',*,*,#9074,.F.);
#9401=EDGE_LOOP('',(#9397,#9398,#9399,#9400));
#9402=FACE_OUTER_BOUND('',#9401,.F.);
#9404=CARTESIAN_POINT('',(1.435E1,-6.8E0,7.E-1));
#9405=DIRECTION('',(0.E0,1.E0,0.E0));
#9406=DIRECTION('',(-1.E0,0.E0,0.E0));
#9407=AXIS2_PLACEMENT_3D('',#9404,#9405,#9406);
#9408=PLANE('',#9407);
#9409=ORIENTED_EDGE('',*,*,#8582,.F.);
#9410=ORIENTED_EDGE('',*,*,#8642,.F.);
#9411=ORIENTED_EDGE('',*,*,#8700,.F.);
#9412=ORIENTED_EDGE('',*,*,#8721,.T.);
#9413=ORIENTED_EDGE('',*,*,#8751,.F.);
#9414=ORIENTED_EDGE('',*,*,#9288,.F.);
#9415=ORIENTED_EDGE('',*,*,#9275,.F.);
#9416=ORIENTED_EDGE('',*,*,#9253,.F.);
#9417=EDGE_LOOP('',(#9409,#9410,#9411,#9412,#9413,#9414,#9415,#9416));
#9418=FACE_OUTER_BOUND('',#9417,.F.);
#9420=CARTESIAN_POINT('',(1.27E0,7.62E0,5.5E-1));
#9421=DIRECTION('',(0.E0,0.E0,1.E0));
#9422=DIRECTION('',(-1.E0,0.E0,0.E0));
#9423=AXIS2_PLACEMENT_3D('',#9420,#9421,#9422);
#9424=CONICAL_SURFACE('',#9423,3.969798393897E-1,1.E1);
#9426=ORIENTED_EDGE('',*,*,#9425,.T.);
#9428=ORIENTED_EDGE('',*,*,#9427,.F.);
#9430=ORIENTED_EDGE('',*,*,#9429,.F.);
#9431=ORIENTED_EDGE('',*,*,#9080,.F.);
#9432=EDGE_LOOP('',(#9426,#9428,#9430,#9431));
#9433=FACE_OUTER_BOUND('',#9432,.F.);
#9435=CARTESIAN_POINT('',(1.27E0,7.62E0,5.5E-1));
#9436=DIRECTION('',(0.E0,0.E0,1.E0));
#9437=DIRECTION('',(-1.E0,0.E0,0.E0));
#9438=AXIS2_PLACEMENT_3D('',#9435,#9436,#9437);
#9439=CONICAL_SURFACE('',#9438,3.969798393897E-1,1.E1);
#9440=ORIENTED_EDGE('',*,*,#9425,.F.);
#9441=ORIENTED_EDGE('',*,*,#9082,.F.);
#9442=ORIENTED_EDGE('',*,*,#9429,.T.);
#9444=ORIENTED_EDGE('',*,*,#9443,.F.);
#9445=EDGE_LOOP('',(#9440,#9441,#9442,#9444));
#9446=FACE_OUTER_BOUND('',#9445,.F.);
#9448=CARTESIAN_POINT('',(0.E0,0.E0,1.E-1));
#9449=DIRECTION('',(0.E0,0.E0,1.E0));
#9450=DIRECTION('',(-1.E0,0.E0,0.E0));
#9451=AXIS2_PLACEMENT_3D('',#9448,#9449,#9450);
#9452=PLANE('',#9451);
#9453=ORIENTED_EDGE('',*,*,#9427,.T.);
#9454=ORIENTED_EDGE('',*,*,#9443,.T.);
#9455=EDGE_LOOP('',(#9453,#9454));
#9456=FACE_OUTER_BOUND('',#9455,.F.);
#9458=CARTESIAN_POINT('',(3.81E0,7.62E0,5.5E-1));
#9459=DIRECTION('',(0.E0,0.E0,1.E0));
#9460=DIRECTION('',(-1.E0,0.E0,0.E0));
#9461=AXIS2_PLACEMENT_3D('',#9458,#9459,#9460);
#9462=CONICAL_SURFACE('',#9461,3.969798393897E-1,1.E1);
#9464=ORIENTED_EDGE('',*,*,#9463,.T.);
#9466=ORIENTED_EDGE('',*,*,#9465,.F.);
#9468=ORIENTED_EDGE('',*,*,#9467,.F.);
#9469=ORIENTED_EDGE('',*,*,#9086,.F.);
#9470=EDGE_LOOP('',(#9464,#9466,#9468,#9469));
#9471=FACE_OUTER_BOUND('',#9470,.F.);
#9473=CARTESIAN_POINT('',(3.81E0,7.62E0,5.5E-1));
#9474=DIRECTION('',(0.E0,0.E0,1.E0));
#9475=DIRECTION('',(-1.E0,0.E0,0.E0));
#9476=AXIS2_PLACEMENT_3D('',#9473,#9474,#9475);
#9477=CONICAL_SURFACE('',#9476,3.969798393897E-1,1.E1);
#9478=ORIENTED_EDGE('',*,*,#9463,.F.);
#9479=ORIENTED_EDGE('',*,*,#9088,.F.);
#9480=ORIENTED_EDGE('',*,*,#9467,.T.);
#9482=ORIENTED_EDGE('',*,*,#9481,.F.);
#9483=EDGE_LOOP('',(#9478,#9479,#9480,#9482));
#9484=FACE_OUTER_BOUND('',#9483,.F.);
#9486=CARTESIAN_POINT('',(0.E0,0.E0,1.E-1));
#9487=DIRECTION('',(0.E0,0.E0,1.E0));
#9488=DIRECTION('',(-1.E0,0.E0,0.E0));
#9489=AXIS2_PLACEMENT_3D('',#9486,#9487,#9488);
#9490=PLANE('',#9489);
#9491=ORIENTED_EDGE('',*,*,#9465,.T.);
#9492=ORIENTED_EDGE('',*,*,#9481,.T.);
#9493=EDGE_LOOP('',(#9491,#9492));
#9494=FACE_OUTER_BOUND('',#9493,.F.);
#9496=CARTESIAN_POINT('',(8.89E0,7.62E0,5.E-1));
#9497=DIRECTION('',(0.E0,0.E0,1.E0));
#9498=DIRECTION('',(1.E0,0.E0,0.E0));
#9499=AXIS2_PLACEMENT_3D('',#9496,#9497,#9498);
#9500=CONICAL_SURFACE('',#9499,3.881634903542E-1,1.E1);
#9502=ORIENTED_EDGE('',*,*,#9501,.T.);
#9503=ORIENTED_EDGE('',*,*,#9092,.F.);
#9505=ORIENTED_EDGE('',*,*,#9504,.T.);
#9506=ORIENTED_EDGE('',*,*,#7791,.F.);
#9507=EDGE_LOOP('',(#9502,#9503,#9505,#9506));
#9508=FACE_OUTER_BOUND('',#9507,.F.);
#9510=CARTESIAN_POINT('',(8.89E0,7.62E0,5.E-1));
#9511=DIRECTION('',(0.E0,0.E0,1.E0));
#9512=DIRECTION('',(1.E0,0.E0,0.E0));
#9513=AXIS2_PLACEMENT_3D('',#9510,#9511,#9512);
#9514=CONICAL_SURFACE('',#9513,3.881634903542E-1,1.E1);
#9515=ORIENTED_EDGE('',*,*,#9504,.F.);
#9516=ORIENTED_EDGE('',*,*,#9094,.F.);
#9517=ORIENTED_EDGE('',*,*,#9501,.F.);
#9518=ORIENTED_EDGE('',*,*,#7793,.F.);
#9519=EDGE_LOOP('',(#9515,#9516,#9517,#9518));
#9520=FACE_OUTER_BOUND('',#9519,.F.);
#9522=CARTESIAN_POINT('',(1.397E1,7.62E0,5.5E-1));
#9523=DIRECTION('',(0.E0,0.E0,1.E0));
#9524=DIRECTION('',(-1.E0,0.E0,0.E0));
#9525=AXIS2_PLACEMENT_3D('',#9522,#9523,#9524);
#9526=CONICAL_SURFACE('',#9525,3.969798393897E-1,1.E1);
#9528=ORIENTED_EDGE('',*,*,#9527,.T.);
#9530=ORIENTED_EDGE('',*,*,#9529,.F.);
#9532=ORIENTED_EDGE('',*,*,#9531,.F.);
#9533=ORIENTED_EDGE('',*,*,#9098,.F.);
#9534=EDGE_LOOP('',(#9528,#9530,#9532,#9533));
#9535=FACE_OUTER_BOUND('',#9534,.F.);
#9537=CARTESIAN_POINT('',(1.397E1,7.62E0,5.5E-1));
#9538=DIRECTION('',(0.E0,0.E0,1.E0));
#9539=DIRECTION('',(-1.E0,0.E0,0.E0));
#9540=AXIS2_PLACEMENT_3D('',#9537,#9538,#9539);
#9541=CONICAL_SURFACE('',#9540,3.969798393897E-1,1.E1);
#9542=ORIENTED_EDGE('',*,*,#9527,.F.);
#9543=ORIENTED_EDGE('',*,*,#9100,.F.);
#9544=ORIENTED_EDGE('',*,*,#9531,.T.);
#9546=ORIENTED_EDGE('',*,*,#9545,.F.);
#9547=EDGE_LOOP('',(#9542,#9543,#9544,#9546));
#9548=FACE_OUTER_BOUND('',#9547,.F.);
#9550=CARTESIAN_POINT('',(0.E0,0.E0,1.E-1));
#9551=DIRECTION('',(0.E0,0.E0,1.E0));
#9552=DIRECTION('',(-1.E0,0.E0,0.E0));
#9553=AXIS2_PLACEMENT_3D('',#9550,#9551,#9552);
#9554=PLANE('',#9553);
#9555=ORIENTED_EDGE('',*,*,#9529,.T.);
#9556=ORIENTED_EDGE('',*,*,#9545,.T.);
#9557=EDGE_LOOP('',(#9555,#9556));
#9558=FACE_OUTER_BOUND('',#9557,.F.);
#9560=CARTESIAN_POINT('',(1.143E1,7.62E0,5.E-1));
#9561=DIRECTION('',(0.E0,0.E0,1.E0));
#9562=DIRECTION('',(1.E0,0.E0,0.E0));
#9563=AXIS2_PLACEMENT_3D('',#9560,#9561,#9562);
#9564=CONICAL_SURFACE('',#9563,3.881634903542E-1,1.E1);
#9566=ORIENTED_EDGE('',*,*,#9565,.T.);
#9567=ORIENTED_EDGE('',*,*,#9104,.F.);
#9569=ORIENTED_EDGE('',*,*,#9568,.T.);
#9570=ORIENTED_EDGE('',*,*,#7773,.F.);
#9571=EDGE_LOOP('',(#9566,#9567,#9569,#9570));
#9572=FACE_OUTER_BOUND('',#9571,.F.);
#9574=CARTESIAN_POINT('',(1.143E1,7.62E0,5.E-1));
#9575=DIRECTION('',(0.E0,0.E0,1.E0));
#9576=DIRECTION('',(1.E0,0.E0,0.E0));
#9577=AXIS2_PLACEMENT_3D('',#9574,#9575,#9576);
#9578=CONICAL_SURFACE('',#9577,3.881634903542E-1,1.E1);
#9579=ORIENTED_EDGE('',*,*,#9568,.F.);
#9580=ORIENTED_EDGE('',*,*,#9106,.F.);
#9581=ORIENTED_EDGE('',*,*,#9565,.F.);
#9582=ORIENTED_EDGE('',*,*,#7775,.F.);
#9583=EDGE_LOOP('',(#9579,#9580,#9581,#9582));
#9584=FACE_OUTER_BOUND('',#9583,.F.);
#9586=CARTESIAN_POINT('',(6.35E0,7.62E0,5.E-1));
#9587=DIRECTION('',(0.E0,0.E0,1.E0));
#9588=DIRECTION('',(1.E0,0.E0,0.E0));
#9589=AXIS2_PLACEMENT_3D('',#9586,#9587,#9588);
#9590=CONICAL_SURFACE('',#9589,3.881634903542E-1,1.E1);
#9592=ORIENTED_EDGE('',*,*,#9591,.T.);
#9593=ORIENTED_EDGE('',*,*,#9110,.F.);
#9595=ORIENTED_EDGE('',*,*,#9594,.T.);
#9596=ORIENTED_EDGE('',*,*,#7779,.F.);
#9597=EDGE_LOOP('',(#9592,#9593,#9595,#9596));
#9598=FACE_OUTER_BOUND('',#9597,.F.);
#9600=CARTESIAN_POINT('',(6.35E0,7.62E0,5.E-1));
#9601=DIRECTION('',(0.E0,0.E0,1.E0));
#9602=DIRECTION('',(1.E0,0.E0,0.E0));
#9603=AXIS2_PLACEMENT_3D('',#9600,#9601,#9602);
#9604=CONICAL_SURFACE('',#9603,3.881634903542E-1,1.E1);
#9605=ORIENTED_EDGE('',*,*,#9594,.F.);
#9606=ORIENTED_EDGE('',*,*,#9112,.F.);
#9607=ORIENTED_EDGE('',*,*,#9591,.F.);
#9608=ORIENTED_EDGE('',*,*,#7781,.F.);
#9609=EDGE_LOOP('',(#9605,#9606,#9607,#9608));
#9610=FACE_OUTER_BOUND('',#9609,.F.);
#9612=CARTESIAN_POINT('',(-1.465E1,8.65E0,8.0626E0));
#9613=DIRECTION('',(0.E0,0.E0,-1.E0));
#9614=DIRECTION('',(-1.E0,0.E0,0.E0));
#9615=AXIS2_PLACEMENT_3D('',#9612,#9613,#9614);
#9616=CYLINDRICAL_SURFACE('',#9615,2.E-1);
#9617=ORIENTED_EDGE('',*,*,#8916,.F.);
#9618=ORIENTED_EDGE('',*,*,#8819,.T.);
#9619=ORIENTED_EDGE('',*,*,#8389,.F.);
#9620=ORIENTED_EDGE('',*,*,#8990,.T.);
#9621=EDGE_LOOP('',(#9617,#9618,#9619,#9620));
#9622=FACE_OUTER_BOUND('',#9621,.F.);
#9624=CARTESIAN_POINT('',(-8.E0,9.35E0,2.E0));
#9625=DIRECTION('',(0.E0,-1.E0,0.E0));
#9626=DIRECTION('',(1.E0,0.E0,0.E0));
#9627=AXIS2_PLACEMENT_3D('',#9624,#9625,#9626);
#9628=CYLINDRICAL_SURFACE('',#9627,6.E-1);
#9630=ORIENTED_EDGE('',*,*,#9629,.T.);
#9631=ORIENTED_EDGE('',*,*,#8436,.F.);
#9633=ORIENTED_EDGE('',*,*,#9632,.F.);
#9634=ORIENTED_EDGE('',*,*,#9005,.F.);
#9635=EDGE_LOOP('',(#9630,#9631,#9633,#9634));
#9636=FACE_OUTER_BOUND('',#9635,.F.);
#9638=CARTESIAN_POINT('',(-8.E0,9.35E0,2.E0));
#9639=DIRECTION('',(0.E0,-1.E0,0.E0));
#9640=DIRECTION('',(1.E0,0.E0,0.E0));
#9641=AXIS2_PLACEMENT_3D('',#9638,#9639,#9640);
#9642=CYLINDRICAL_SURFACE('',#9641,6.E-1);
#9643=ORIENTED_EDGE('',*,*,#9629,.F.);
#9644=ORIENTED_EDGE('',*,*,#9007,.F.);
#9645=ORIENTED_EDGE('',*,*,#9632,.T.);
#9646=ORIENTED_EDGE('',*,*,#8438,.F.);
#9647=EDGE_LOOP('',(#9643,#9644,#9645,#9646));
#9648=FACE_OUTER_BOUND('',#9647,.F.);
#9650=CARTESIAN_POINT('',(8.E0,9.35E0,2.E0));
#9651=DIRECTION('',(0.E0,-1.E0,0.E0));
#9652=DIRECTION('',(1.E0,0.E0,0.E0));
#9653=AXIS2_PLACEMENT_3D('',#9650,#9651,#9652);
#9654=CYLINDRICAL_SURFACE('',#9653,6.E-1);
#9656=ORIENTED_EDGE('',*,*,#9655,.T.);
#9657=ORIENTED_EDGE('',*,*,#8430,.F.);
#9659=ORIENTED_EDGE('',*,*,#9658,.F.);
#9660=ORIENTED_EDGE('',*,*,#9011,.F.);
#9661=EDGE_LOOP('',(#9656,#9657,#9659,#9660));
#9662=FACE_OUTER_BOUND('',#9661,.F.);
#9664=CARTESIAN_POINT('',(8.E0,9.35E0,2.E0));
#9665=DIRECTION('',(0.E0,-1.E0,0.E0));
#9666=DIRECTION('',(1.E0,0.E0,0.E0));
#9667=AXIS2_PLACEMENT_3D('',#9664,#9665,#9666);
#9668=CYLINDRICAL_SURFACE('',#9667,6.E-1);
#9669=ORIENTED_EDGE('',*,*,#9655,.F.);
#9670=ORIENTED_EDGE('',*,*,#9013,.F.);
#9671=ORIENTED_EDGE('',*,*,#9658,.T.);
#9672=ORIENTED_EDGE('',*,*,#8432,.F.);
#9673=EDGE_LOOP('',(#9669,#9670,#9671,#9672));
#9674=FACE_OUTER_BOUND('',#9673,.F.);
#9676=CARTESIAN_POINT('',(-1.355E1,7.62E0,5.5E-1));
#9677=DIRECTION('',(0.E0,0.E0,1.E0));
#9678=DIRECTION('',(-1.E0,0.E0,0.E0));
#9679=AXIS2_PLACEMENT_3D('',#9676,#9677,#9678);
#9680=CONICAL_SURFACE('',#9679,3.969798393897E-1,1.E1);
#9682=ORIENTED_EDGE('',*,*,#9681,.T.);
#9684=ORIENTED_EDGE('',*,*,#9683,.F.);
#9686=ORIENTED_EDGE('',*,*,#9685,.F.);
#9687=ORIENTED_EDGE('',*,*,#8922,.F.);
#9688=EDGE_LOOP('',(#9682,#9684,#9686,#9687));
#9689=FACE_OUTER_BOUND('',#9688,.F.);
#9691=CARTESIAN_POINT('',(-1.355E1,7.62E0,5.5E-1));
#9692=DIRECTION('',(0.E0,0.E0,1.E0));
#9693=DIRECTION('',(-1.E0,0.E0,0.E0));
#9694=AXIS2_PLACEMENT_3D('',#9691,#9692,#9693);
#9695=CONICAL_SURFACE('',#9694,3.969798393897E-1,1.E1);
#9696=ORIENTED_EDGE('',*,*,#9681,.F.);
#9697=ORIENTED_EDGE('',*,*,#8924,.F.);
#9698=ORIENTED_EDGE('',*,*,#9685,.T.);
#9700=ORIENTED_EDGE('',*,*,#9699,.F.);
#9701=EDGE_LOOP('',(#9696,#9697,#9698,#9700));
#9702=FACE_OUTER_BOUND('',#9701,.F.);
#9704=CARTESIAN_POINT('',(0.E0,0.E0,1.E-1));
#9705=DIRECTION('',(0.E0,0.E0,1.E0));
#9706=DIRECTION('',(-1.E0,0.E0,0.E0));
#9707=AXIS2_PLACEMENT_3D('',#9704,#9705,#9706);
#9708=PLANE('',#9707);
#9709=ORIENTED_EDGE('',*,*,#9683,.T.);
#9710=ORIENTED_EDGE('',*,*,#9699,.T.);
#9711=EDGE_LOOP('',(#9709,#9710));
#9712=FACE_OUTER_BOUND('',#9711,.F.);
#9714=CARTESIAN_POINT('',(-6.35E0,7.62E0,5.5E-1));
#9715=DIRECTION('',(0.E0,0.E0,1.E0));
#9716=DIRECTION('',(-1.E0,0.E0,0.E0));
#9717=AXIS2_PLACEMENT_3D('',#9714,#9715,#9716);
#9718=CONICAL_SURFACE('',#9717,3.969798393897E-1,1.E1);
#9720=ORIENTED_EDGE('',*,*,#9719,.T.);
#9722=ORIENTED_EDGE('',*,*,#9721,.F.);
#9724=ORIENTED_EDGE('',*,*,#9723,.F.);
#9725=ORIENTED_EDGE('',*,*,#8928,.F.);
#9726=EDGE_LOOP('',(#9720,#9722,#9724,#9725));
#9727=FACE_OUTER_BOUND('',#9726,.F.);
#9729=CARTESIAN_POINT('',(-6.35E0,7.62E0,5.5E-1));
#9730=DIRECTION('',(0.E0,0.E0,1.E0));
#9731=DIRECTION('',(-1.E0,0.E0,0.E0));
#9732=AXIS2_PLACEMENT_3D('',#9729,#9730,#9731);
#9733=CONICAL_SURFACE('',#9732,3.969798393897E-1,1.E1);
#9734=ORIENTED_EDGE('',*,*,#9719,.F.);
#9735=ORIENTED_EDGE('',*,*,#8930,.F.);
#9736=ORIENTED_EDGE('',*,*,#9723,.T.);
#9738=ORIENTED_EDGE('',*,*,#9737,.F.);
#9739=EDGE_LOOP('',(#9734,#9735,#9736,#9738));
#9740=FACE_OUTER_BOUND('',#9739,.F.);
#9742=CARTESIAN_POINT('',(0.E0,0.E0,1.E-1));
#9743=DIRECTION('',(0.E0,0.E0,1.E0));
#9744=DIRECTION('',(-1.E0,0.E0,0.E0));
#9745=AXIS2_PLACEMENT_3D('',#9742,#9743,#9744);
#9746=PLANE('',#9745);
#9747=ORIENTED_EDGE('',*,*,#9721,.T.);
#9748=ORIENTED_EDGE('',*,*,#9737,.T.);
#9749=EDGE_LOOP('',(#9747,#9748));
#9750=FACE_OUTER_BOUND('',#9749,.F.);
#9752=CARTESIAN_POINT('',(-3.81E0,7.62E0,5.5E-1));
#9753=DIRECTION('',(0.E0,0.E0,1.E0));
#9754=DIRECTION('',(-1.E0,0.E0,0.E0));
#9755=AXIS2_PLACEMENT_3D('',#9752,#9753,#9754);
#9756=CONICAL_SURFACE('',#9755,3.969798393897E-1,1.E1);
#9758=ORIENTED_EDGE('',*,*,#9757,.T.);
#9760=ORIENTED_EDGE('',*,*,#9759,.F.);
#9762=ORIENTED_EDGE('',*,*,#9761,.F.);
#9763=ORIENTED_EDGE('',*,*,#8934,.F.);
#9764=EDGE_LOOP('',(#9758,#9760,#9762,#9763));
#9765=FACE_OUTER_BOUND('',#9764,.F.);
#9767=CARTESIAN_POINT('',(-3.81E0,7.62E0,5.5E-1));
#9768=DIRECTION('',(0.E0,0.E0,1.E0));
#9769=DIRECTION('',(-1.E0,0.E0,0.E0));
#9770=AXIS2_PLACEMENT_3D('',#9767,#9768,#9769);
#9771=CONICAL_SURFACE('',#9770,3.969798393897E-1,1.E1);
#9772=ORIENTED_EDGE('',*,*,#9757,.F.);
#9773=ORIENTED_EDGE('',*,*,#8936,.F.);
#9774=ORIENTED_EDGE('',*,*,#9761,.T.);
#9776=ORIENTED_EDGE('',*,*,#9775,.F.);
#9777=EDGE_LOOP('',(#9772,#9773,#9774,#9776));
#9778=FACE_OUTER_BOUND('',#9777,.F.);
#9780=CARTESIAN_POINT('',(0.E0,0.E0,1.E-1));
#9781=DIRECTION('',(0.E0,0.E0,1.E0));
#9782=DIRECTION('',(-1.E0,0.E0,0.E0));
#9783=AXIS2_PLACEMENT_3D('',#9780,#9781,#9782);
#9784=PLANE('',#9783);
#9785=ORIENTED_EDGE('',*,*,#9759,.T.);
#9786=ORIENTED_EDGE('',*,*,#9775,.T.);
#9787=EDGE_LOOP('',(#9785,#9786));
#9788=FACE_OUTER_BOUND('',#9787,.F.);
#9790=CARTESIAN_POINT('',(-1.27E0,7.62E0,5.5E-1));
#9791=DIRECTION('',(0.E0,0.E0,1.E0));
#9792=DIRECTION('',(-1.E0,0.E0,0.E0));
#9793=AXIS2_PLACEMENT_3D('',#9790,#9791,#9792);
#9794=CONICAL_SURFACE('',#9793,3.969798393897E-1,1.E1);
#9796=ORIENTED_EDGE('',*,*,#9795,.T.);
#9798=ORIENTED_EDGE('',*,*,#9797,.F.);
#9800=ORIENTED_EDGE('',*,*,#9799,.F.);
#9801=ORIENTED_EDGE('',*,*,#8940,.F.);
#9802=EDGE_LOOP('',(#9796,#9798,#9800,#9801));
#9803=FACE_OUTER_BOUND('',#9802,.F.);
#9805=CARTESIAN_POINT('',(-1.27E0,7.62E0,5.5E-1));
#9806=DIRECTION('',(0.E0,0.E0,1.E0));
#9807=DIRECTION('',(-1.E0,0.E0,0.E0));
#9808=AXIS2_PLACEMENT_3D('',#9805,#9806,#9807);
#9809=CONICAL_SURFACE('',#9808,3.969798393897E-1,1.E1);
#9810=ORIENTED_EDGE('',*,*,#9795,.F.);
#9811=ORIENTED_EDGE('',*,*,#8942,.F.);
#9812=ORIENTED_EDGE('',*,*,#9799,.T.);
#9814=ORIENTED_EDGE('',*,*,#9813,.F.);
#9815=EDGE_LOOP('',(#9810,#9811,#9812,#9814));
#9816=FACE_OUTER_BOUND('',#9815,.F.);
#9818=CARTESIAN_POINT('',(0.E0,0.E0,1.E-1));
#9819=DIRECTION('',(0.E0,0.E0,1.E0));
#9820=DIRECTION('',(-1.E0,0.E0,0.E0));
#9821=AXIS2_PLACEMENT_3D('',#9818,#9819,#9820);
#9822=PLANE('',#9821);
#9823=ORIENTED_EDGE('',*,*,#9797,.T.);
#9824=ORIENTED_EDGE('',*,*,#9813,.T.);
#9825=EDGE_LOOP('',(#9823,#9824));
#9826=FACE_OUTER_BOUND('',#9825,.F.);
#9828=CARTESIAN_POINT('',(-8.89E0,7.62E0,5.E-1));
#9829=DIRECTION('',(0.E0,0.E0,1.E0));
#9830=DIRECTION('',(1.E0,0.E0,0.E0));
#9831=AXIS2_PLACEMENT_3D('',#9828,#9829,#9830);
#9832=CONICAL_SURFACE('',#9831,3.881634903542E-1,1.E1);
#9834=ORIENTED_EDGE('',*,*,#9833,.T.);
#9835=ORIENTED_EDGE('',*,*,#8946,.F.);
#9837=ORIENTED_EDGE('',*,*,#9836,.T.);
#9838=ORIENTED_EDGE('',*,*,#7767,.F.);
#9839=EDGE_LOOP('',(#9834,#9835,#9837,#9838));
#9840=FACE_OUTER_BOUND('',#9839,.F.);
#9842=CARTESIAN_POINT('',(-8.89E0,7.62E0,5.E-1));
#9843=DIRECTION('',(0.E0,0.E0,1.E0));
#9844=DIRECTION('',(1.E0,0.E0,0.E0));
#9845=AXIS2_PLACEMENT_3D('',#9842,#9843,#9844);
#9846=CONICAL_SURFACE('',#9845,3.881634903542E-1,1.E1);
#9847=ORIENTED_EDGE('',*,*,#9836,.F.);
#9848=ORIENTED_EDGE('',*,*,#8948,.F.);
#9849=ORIENTED_EDGE('',*,*,#9833,.F.);
#9850=ORIENTED_EDGE('',*,*,#7769,.F.);
#9851=EDGE_LOOP('',(#9847,#9848,#9849,#9850));
#9852=FACE_OUTER_BOUND('',#9851,.F.);
#9854=CARTESIAN_POINT('',(-1.143E1,7.62E0,5.E-1));
#9855=DIRECTION('',(0.E0,0.E0,1.E0));
#9856=DIRECTION('',(1.E0,0.E0,0.E0));
#9857=AXIS2_PLACEMENT_3D('',#9854,#9855,#9856);
#9858=CONICAL_SURFACE('',#9857,3.881634903542E-1,1.E1);
#9860=ORIENTED_EDGE('',*,*,#9859,.T.);
#9861=ORIENTED_EDGE('',*,*,#8952,.F.);
#9863=ORIENTED_EDGE('',*,*,#9862,.T.);
#9864=ORIENTED_EDGE('',*,*,#7761,.F.);
#9865=EDGE_LOOP('',(#9860,#9861,#9863,#9864));
#9866=FACE_OUTER_BOUND('',#9865,.F.);
#9868=CARTESIAN_POINT('',(-1.143E1,7.62E0,5.E-1));
#9869=DIRECTION('',(0.E0,0.E0,1.E0));
#9870=DIRECTION('',(1.E0,0.E0,0.E0));
#9871=AXIS2_PLACEMENT_3D('',#9868,#9869,#9870);
#9872=CONICAL_SURFACE('',#9871,3.881634903542E-1,1.E1);
#9873=ORIENTED_EDGE('',*,*,#9862,.F.);
#9874=ORIENTED_EDGE('',*,*,#8954,.F.);
#9875=ORIENTED_EDGE('',*,*,#9859,.F.);
#9876=ORIENTED_EDGE('',*,*,#7763,.F.);
#9877=EDGE_LOOP('',(#9873,#9874,#9875,#9876));
#9878=FACE_OUTER_BOUND('',#9877,.F.);
#9880=CARTESIAN_POINT('',(-6.35E0,-7.62E0,5.5E-1));
#9881=DIRECTION('',(0.E0,0.E0,1.E0));
#9882=DIRECTION('',(-1.E0,0.E0,0.E0));
#9883=AXIS2_PLACEMENT_3D('',#9880,#9881,#9882);
#9884=CONICAL_SURFACE('',#9883,3.969798393897E-1,1.E1);
#9886=ORIENTED_EDGE('',*,*,#9885,.T.);
#9888=ORIENTED_EDGE('',*,*,#9887,.F.);
#9890=ORIENTED_EDGE('',*,*,#9889,.F.);
#9891=ORIENTED_EDGE('',*,*,#8755,.F.);
#9892=EDGE_LOOP('',(#9886,#9888,#9890,#9891));
#9893=FACE_OUTER_BOUND('',#9892,.F.);
#9895=CARTESIAN_POINT('',(-6.35E0,-7.62E0,5.5E-1));
#9896=DIRECTION('',(0.E0,0.E0,1.E0));
#9897=DIRECTION('',(-1.E0,0.E0,0.E0));
#9898=AXIS2_PLACEMENT_3D('',#9895,#9896,#9897);
#9899=CONICAL_SURFACE('',#9898,3.969798393897E-1,1.E1);
#9900=ORIENTED_EDGE('',*,*,#9885,.F.);
#9901=ORIENTED_EDGE('',*,*,#8757,.F.);
#9902=ORIENTED_EDGE('',*,*,#9889,.T.);
#9904=ORIENTED_EDGE('',*,*,#9903,.F.);
#9905=EDGE_LOOP('',(#9900,#9901,#9902,#9904));
#9906=FACE_OUTER_BOUND('',#9905,.F.);
#9908=CARTESIAN_POINT('',(0.E0,0.E0,1.E-1));
#9909=DIRECTION('',(0.E0,0.E0,1.E0));
#9910=DIRECTION('',(-1.E0,0.E0,0.E0));
#9911=AXIS2_PLACEMENT_3D('',#9908,#9909,#9910);
#9912=PLANE('',#9911);
#9913=ORIENTED_EDGE('',*,*,#9887,.T.);
#9914=ORIENTED_EDGE('',*,*,#9903,.T.);
#9915=EDGE_LOOP('',(#9913,#9914));
#9916=FACE_OUTER_BOUND('',#9915,.F.);
#9918=CARTESIAN_POINT('',(-3.81E0,-7.62E0,5.5E-1));
#9919=DIRECTION('',(0.E0,0.E0,1.E0));
#9920=DIRECTION('',(-1.E0,0.E0,0.E0));
#9921=AXIS2_PLACEMENT_3D('',#9918,#9919,#9920);
#9922=CONICAL_SURFACE('',#9921,3.969798393897E-1,1.E1);
#9924=ORIENTED_EDGE('',*,*,#9923,.T.);
#9926=ORIENTED_EDGE('',*,*,#9925,.F.);
#9928=ORIENTED_EDGE('',*,*,#9927,.F.);
#9929=ORIENTED_EDGE('',*,*,#8761,.F.);
#9930=EDGE_LOOP('',(#9924,#9926,#9928,#9929));
#9931=FACE_OUTER_BOUND('',#9930,.F.);
#9933=CARTESIAN_POINT('',(-3.81E0,-7.62E0,5.5E-1));
#9934=DIRECTION('',(0.E0,0.E0,1.E0));
#9935=DIRECTION('',(-1.E0,0.E0,0.E0));
#9936=AXIS2_PLACEMENT_3D('',#9933,#9934,#9935);
#9937=CONICAL_SURFACE('',#9936,3.969798393897E-1,1.E1);
#9938=ORIENTED_EDGE('',*,*,#9923,.F.);
#9939=ORIENTED_EDGE('',*,*,#8763,.F.);
#9940=ORIENTED_EDGE('',*,*,#9927,.T.);
#9942=ORIENTED_EDGE('',*,*,#9941,.F.);
#9943=EDGE_LOOP('',(#9938,#9939,#9940,#9942));
#9944=FACE_OUTER_BOUND('',#9943,.F.);
#9946=CARTESIAN_POINT('',(0.E0,0.E0,1.E-1));
#9947=DIRECTION('',(0.E0,0.E0,1.E0));
#9948=DIRECTION('',(-1.E0,0.E0,0.E0));
#9949=AXIS2_PLACEMENT_3D('',#9946,#9947,#9948);
#9950=PLANE('',#9949);
#9951=ORIENTED_EDGE('',*,*,#9925,.T.);
#9952=ORIENTED_EDGE('',*,*,#9941,.T.);
#9953=EDGE_LOOP('',(#9951,#9952));
#9954=FACE_OUTER_BOUND('',#9953,.F.);
#9956=CARTESIAN_POINT('',(-1.27E0,-7.62E0,5.5E-1));
#9957=DIRECTION('',(0.E0,0.E0,1.E0));
#9958=DIRECTION('',(-1.E0,0.E0,0.E0));
#9959=AXIS2_PLACEMENT_3D('',#9956,#9957,#9958);
#9960=CONICAL_SURFACE('',#9959,3.969798393897E-1,1.E1);
#9962=ORIENTED_EDGE('',*,*,#9961,.T.);
#9964=ORIENTED_EDGE('',*,*,#9963,.F.);
#9966=ORIENTED_EDGE('',*,*,#9965,.F.);
#9967=ORIENTED_EDGE('',*,*,#8767,.F.);
#9968=EDGE_LOOP('',(#9962,#9964,#9966,#9967));
#9969=FACE_OUTER_BOUND('',#9968,.F.);
#9971=CARTESIAN_POINT('',(-1.27E0,-7.62E0,5.5E-1));
#9972=DIRECTION('',(0.E0,0.E0,1.E0));
#9973=DIRECTION('',(-1.E0,0.E0,0.E0));
#9974=AXIS2_PLACEMENT_3D('',#9971,#9972,#9973);
#9975=CONICAL_SURFACE('',#9974,3.969798393897E-1,1.E1);
#9976=ORIENTED_EDGE('',*,*,#9961,.F.);
#9977=ORIENTED_EDGE('',*,*,#8769,.F.);
#9978=ORIENTED_EDGE('',*,*,#9965,.T.);
#9980=ORIENTED_EDGE('',*,*,#9979,.F.);
#9981=EDGE_LOOP('',(#9976,#9977,#9978,#9980));
#9982=FACE_OUTER_BOUND('',#9981,.F.);
#9984=CARTESIAN_POINT('',(0.E0,0.E0,1.E-1));
#9985=DIRECTION('',(0.E0,0.E0,1.E0));
#9986=DIRECTION('',(-1.E0,0.E0,0.E0));
#9987=AXIS2_PLACEMENT_3D('',#9984,#9985,#9986);
#9988=PLANE('',#9987);
#9989=ORIENTED_EDGE('',*,*,#9963,.T.);
#9990=ORIENTED_EDGE('',*,*,#9979,.T.);
#9991=EDGE_LOOP('',(#9989,#9990));
#9992=FACE_OUTER_BOUND('',#9991,.F.);
#9994=CARTESIAN_POINT('',(-8.89E0,-7.62E0,5.E-1));
#9995=DIRECTION('',(0.E0,0.E0,1.E0));
#9996=DIRECTION('',(1.E0,0.E0,0.E0));
#9997=AXIS2_PLACEMENT_3D('',#9994,#9995,#9996);
#9998=CONICAL_SURFACE('',#9997,3.881634903542E-1,1.E1);
#10000=ORIENTED_EDGE('',*,*,#9999,.T.);
#10001=ORIENTED_EDGE('',*,*,#8773,.F.);
#10003=ORIENTED_EDGE('',*,*,#10002,.T.);
#10004=ORIENTED_EDGE('',*,*,#7743,.F.);
#10005=EDGE_LOOP('',(#10000,#10001,#10003,#10004));
#10006=FACE_OUTER_BOUND('',#10005,.F.);
#10008=CARTESIAN_POINT('',(-8.89E0,-7.62E0,5.E-1));
#10009=DIRECTION('',(0.E0,0.E0,1.E0));
#10010=DIRECTION('',(1.E0,0.E0,0.E0));
#10011=AXIS2_PLACEMENT_3D('',#10008,#10009,#10010);
#10012=CONICAL_SURFACE('',#10011,3.881634903542E-1,1.E1);
#10013=ORIENTED_EDGE('',*,*,#10002,.F.);
#10014=ORIENTED_EDGE('',*,*,#8775,.F.);
#10015=ORIENTED_EDGE('',*,*,#9999,.F.);
#10016=ORIENTED_EDGE('',*,*,#7745,.F.);
#10017=EDGE_LOOP('',(#10013,#10014,#10015,#10016));
#10018=FACE_OUTER_BOUND('',#10017,.F.);
#10020=CARTESIAN_POINT('',(-1.143E1,-7.62E0,5.E-1));
#10021=DIRECTION('',(0.E0,0.E0,1.E0));
#10022=DIRECTION('',(1.E0,0.E0,0.E0));
#10023=AXIS2_PLACEMENT_3D('',#10020,#10021,#10022);
#10024=CONICAL_SURFACE('',#10023,3.881634903542E-1,1.E1);
#10026=ORIENTED_EDGE('',*,*,#10025,.T.);
#10027=ORIENTED_EDGE('',*,*,#8779,.F.);
#10029=ORIENTED_EDGE('',*,*,#10028,.T.);
#10030=ORIENTED_EDGE('',*,*,#7737,.F.);
#10031=EDGE_LOOP('',(#10026,#10027,#10029,#10030));
#10032=FACE_OUTER_BOUND('',#10031,.F.);
#10034=CARTESIAN_POINT('',(-1.143E1,-7.62E0,5.E-1));
#10035=DIRECTION('',(0.E0,0.E0,1.E0));
#10036=DIRECTION('',(1.E0,0.E0,0.E0));
#10037=AXIS2_PLACEMENT_3D('',#10034,#10035,#10036);
#10038=CONICAL_SURFACE('',#10037,3.881634903542E-1,1.E1);
#10039=ORIENTED_EDGE('',*,*,#10028,.F.);
#10040=ORIENTED_EDGE('',*,*,#8781,.F.);
#10041=ORIENTED_EDGE('',*,*,#10025,.F.);
#10042=ORIENTED_EDGE('',*,*,#7739,.F.);
#10043=EDGE_LOOP('',(#10039,#10040,#10041,#10042));
#10044=FACE_OUTER_BOUND('',#10043,.F.);
#10046=CARTESIAN_POINT('',(-1.397E1,-7.62E0,5.E-1));
#10047=DIRECTION('',(0.E0,0.E0,1.E0));
#10048=DIRECTION('',(1.E0,0.E0,0.E0));
#10049=AXIS2_PLACEMENT_3D('',#10046,#10047,#10048);
#10050=CONICAL_SURFACE('',#10049,3.881634903542E-1,1.E1);
#10052=ORIENTED_EDGE('',*,*,#10051,.T.);
#10053=ORIENTED_EDGE('',*,*,#8785,.F.);
#10055=ORIENTED_EDGE('',*,*,#10054,.T.);
#10056=ORIENTED_EDGE('',*,*,#7785,.F.);
#10057=EDGE_LOOP('',(#10052,#10053,#10055,#10056));
#10058=FACE_OUTER_BOUND('',#10057,.F.);
#10060=CARTESIAN_POINT('',(-1.397E1,-7.62E0,5.E-1));
#10061=DIRECTION('',(0.E0,0.E0,1.E0));
#10062=DIRECTION('',(1.E0,0.E0,0.E0));
#10063=AXIS2_PLACEMENT_3D('',#10060,#10061,#10062);
#10064=CONICAL_SURFACE('',#10063,3.881634903542E-1,1.E1);
#10065=ORIENTED_EDGE('',*,*,#10054,.F.);
#10066=ORIENTED_EDGE('',*,*,#8787,.F.);
#10067=ORIENTED_EDGE('',*,*,#10051,.F.);
#10068=ORIENTED_EDGE('',*,*,#7787,.F.);
#10069=EDGE_LOOP('',(#10065,#10066,#10067,#10068));
#10070=FACE_OUTER_BOUND('',#10069,.F.);
#10072=CARTESIAN_POINT('',(1.465E1,-8.65E0,8.0626E0));
#10073=DIRECTION('',(0.E0,0.E0,-1.E0));
#10074=DIRECTION('',(1.E0,0.E0,0.E0));
#10075=AXIS2_PLACEMENT_3D('',#10072,#10073,#10074);
#10076=CYLINDRICAL_SURFACE('',#10075,2.E-1);
#10077=ORIENTED_EDGE('',*,*,#8590,.F.);
#10078=ORIENTED_EDGE('',*,*,#8542,.T.);
#10079=ORIENTED_EDGE('',*,*,#8156,.F.);
#10080=ORIENTED_EDGE('',*,*,#8664,.T.);
#10081=EDGE_LOOP('',(#10077,#10078,#10079,#10080));
#10082=FACE_OUTER_BOUND('',#10081,.F.);
#10084=CARTESIAN_POINT('',(-8.E0,-9.35E0,2.E0));
#10085=DIRECTION('',(0.E0,-1.E0,0.E0));
#10086=DIRECTION('',(1.E0,0.E0,0.E0));
#10087=AXIS2_PLACEMENT_3D('',#10084,#10085,#10086);
#10088=CYLINDRICAL_SURFACE('',#10087,6.E-1);
#10089=ORIENTED_EDGE('',*,*,#8194,.F.);
#10091=ORIENTED_EDGE('',*,*,#10090,.F.);
#10092=ORIENTED_EDGE('',*,*,#8679,.F.);
#10094=ORIENTED_EDGE('',*,*,#10093,.T.);
#10095=EDGE_LOOP('',(#10089,#10091,#10092,#10094));
#10096=FACE_OUTER_BOUND('',#10095,.F.);
#10098=CARTESIAN_POINT('',(-8.E0,-9.35E0,2.E0));
#10099=DIRECTION('',(0.E0,-1.E0,0.E0));
#10100=DIRECTION('',(1.E0,0.E0,0.E0));
#10101=AXIS2_PLACEMENT_3D('',#10098,#10099,#10100);
#10102=CYLINDRICAL_SURFACE('',#10101,6.E-1);
#10103=ORIENTED_EDGE('',*,*,#8196,.F.);
#10104=ORIENTED_EDGE('',*,*,#10093,.F.);
#10105=ORIENTED_EDGE('',*,*,#8681,.F.);
#10106=ORIENTED_EDGE('',*,*,#10090,.T.);
#10107=EDGE_LOOP('',(#10103,#10104,#10105,#10106));
#10108=FACE_OUTER_BOUND('',#10107,.F.);
#10110=CARTESIAN_POINT('',(8.E0,-9.35E0,2.E0));
#10111=DIRECTION('',(0.E0,-1.E0,0.E0));
#10112=DIRECTION('',(1.E0,0.E0,0.E0));
#10113=AXIS2_PLACEMENT_3D('',#10110,#10111,#10112);
#10114=CYLINDRICAL_SURFACE('',#10113,6.E-1);
#10115=ORIENTED_EDGE('',*,*,#8188,.F.);
#10117=ORIENTED_EDGE('',*,*,#10116,.F.);
#10118=ORIENTED_EDGE('',*,*,#8685,.F.);
#10120=ORIENTED_EDGE('',*,*,#10119,.T.);
#10121=EDGE_LOOP('',(#10115,#10117,#10118,#10120));
#10122=FACE_OUTER_BOUND('',#10121,.F.);
#10124=CARTESIAN_POINT('',(8.E0,-9.35E0,2.E0));
#10125=DIRECTION('',(0.E0,-1.E0,0.E0));
#10126=DIRECTION('',(1.E0,0.E0,0.E0));
#10127=AXIS2_PLACEMENT_3D('',#10124,#10125,#10126);
#10128=CYLINDRICAL_SURFACE('',#10127,6.E-1);
#10129=ORIENTED_EDGE('',*,*,#8190,.F.);
#10130=ORIENTED_EDGE('',*,*,#10119,.F.);
#10131=ORIENTED_EDGE('',*,*,#8687,.F.);
#10132=ORIENTED_EDGE('',*,*,#10116,.T.);
#10133=EDGE_LOOP('',(#10129,#10130,#10131,#10132));
#10134=FACE_OUTER_BOUND('',#10133,.F.);
#10136=CARTESIAN_POINT('',(1.27E0,-7.62E0,5.5E-1));
#10137=DIRECTION('',(0.E0,0.E0,1.E0));
#10138=DIRECTION('',(-1.E0,0.E0,0.E0));
#10139=AXIS2_PLACEMENT_3D('',#10136,#10137,#10138);
#10140=CONICAL_SURFACE('',#10139,3.969798393897E-1,1.E1);
#10142=ORIENTED_EDGE('',*,*,#10141,.T.);
#10144=ORIENTED_EDGE('',*,*,#10143,.F.);
#10146=ORIENTED_EDGE('',*,*,#10145,.F.);
#10147=ORIENTED_EDGE('',*,*,#8596,.F.);
#10148=EDGE_LOOP('',(#10142,#10144,#10146,#10147));
#10149=FACE_OUTER_BOUND('',#10148,.F.);
#10151=CARTESIAN_POINT('',(1.27E0,-7.62E0,5.5E-1));
#10152=DIRECTION('',(0.E0,0.E0,1.E0));
#10153=DIRECTION('',(-1.E0,0.E0,0.E0));
#10154=AXIS2_PLACEMENT_3D('',#10151,#10152,#10153);
#10155=CONICAL_SURFACE('',#10154,3.969798393897E-1,1.E1);
#10156=ORIENTED_EDGE('',*,*,#10141,.F.);
#10157=ORIENTED_EDGE('',*,*,#8598,.F.);
#10158=ORIENTED_EDGE('',*,*,#10145,.T.);
#10160=ORIENTED_EDGE('',*,*,#10159,.F.);
#10161=EDGE_LOOP('',(#10156,#10157,#10158,#10160));
#10162=FACE_OUTER_BOUND('',#10161,.F.);
#10164=CARTESIAN_POINT('',(0.E0,0.E0,1.E-1));
#10165=DIRECTION('',(0.E0,0.E0,1.E0));
#10166=DIRECTION('',(-1.E0,0.E0,0.E0));
#10167=AXIS2_PLACEMENT_3D('',#10164,#10165,#10166);
#10168=PLANE('',#10167);
#10169=ORIENTED_EDGE('',*,*,#10143,.T.);
#10170=ORIENTED_EDGE('',*,*,#10159,.T.);
#10171=EDGE_LOOP('',(#10169,#10170));
#10172=FACE_OUTER_BOUND('',#10171,.F.);
#10174=CARTESIAN_POINT('',(8.89E0,-7.62E0,5.E-1));
#10175=DIRECTION('',(0.E0,0.E0,1.E0));
#10176=DIRECTION('',(1.E0,0.E0,0.E0));
#10177=AXIS2_PLACEMENT_3D('',#10174,#10175,#10176);
#10178=CONICAL_SURFACE('',#10177,3.881634903542E-1,1.E1);
#10180=ORIENTED_EDGE('',*,*,#10179,.T.);
#10181=ORIENTED_EDGE('',*,*,#8602,.F.);
#10183=ORIENTED_EDGE('',*,*,#10182,.T.);
#10184=ORIENTED_EDGE('',*,*,#7797,.F.);
#10185=EDGE_LOOP('',(#10180,#10181,#10183,#10184));
#10186=FACE_OUTER_BOUND('',#10185,.F.);
#10188=CARTESIAN_POINT('',(8.89E0,-7.62E0,5.E-1));
#10189=DIRECTION('',(0.E0,0.E0,1.E0));
#10190=DIRECTION('',(1.E0,0.E0,0.E0));
#10191=AXIS2_PLACEMENT_3D('',#10188,#10189,#10190);
#10192=CONICAL_SURFACE('',#10191,3.881634903542E-1,1.E1);
#10193=ORIENTED_EDGE('',*,*,#10182,.F.);
#10194=ORIENTED_EDGE('',*,*,#8604,.F.);
#10195=ORIENTED_EDGE('',*,*,#10179,.F.);
#10196=ORIENTED_EDGE('',*,*,#7799,.F.);
#10197=EDGE_LOOP('',(#10193,#10194,#10195,#10196));
#10198=FACE_OUTER_BOUND('',#10197,.F.);
#10200=CARTESIAN_POINT('',(3.81E0,-7.62E0,5.5E-1));
#10201=DIRECTION('',(0.E0,0.E0,1.E0));
#10202=DIRECTION('',(-1.E0,0.E0,0.E0));
#10203=AXIS2_PLACEMENT_3D('',#10200,#10201,#10202);
#10204=CONICAL_SURFACE('',#10203,3.969798393897E-1,1.E1);
#10206=ORIENTED_EDGE('',*,*,#10205,.T.);
#10208=ORIENTED_EDGE('',*,*,#10207,.F.);
#10210=ORIENTED_EDGE('',*,*,#10209,.F.);
#10211=ORIENTED_EDGE('',*,*,#8608,.F.);
#10212=EDGE_LOOP('',(#10206,#10208,#10210,#10211));
#10213=FACE_OUTER_BOUND('',#10212,.F.);
#10215=CARTESIAN_POINT('',(3.81E0,-7.62E0,5.5E-1));
#10216=DIRECTION('',(0.E0,0.E0,1.E0));
#10217=DIRECTION('',(-1.E0,0.E0,0.E0));
#10218=AXIS2_PLACEMENT_3D('',#10215,#10216,#10217);
#10219=CONICAL_SURFACE('',#10218,3.969798393897E-1,1.E1);
#10220=ORIENTED_EDGE('',*,*,#10205,.F.);
#10221=ORIENTED_EDGE('',*,*,#8610,.F.);
#10222=ORIENTED_EDGE('',*,*,#10209,.T.);
#10224=ORIENTED_EDGE('',*,*,#10223,.F.);
#10225=EDGE_LOOP('',(#10220,#10221,#10222,#10224));
#10226=FACE_OUTER_BOUND('',#10225,.F.);
#10228=CARTESIAN_POINT('',(0.E0,0.E0,1.E-1));
#10229=DIRECTION('',(0.E0,0.E0,1.E0));
#10230=DIRECTION('',(-1.E0,0.E0,0.E0));
#10231=AXIS2_PLACEMENT_3D('',#10228,#10229,#10230);
#10232=PLANE('',#10231);
#10233=ORIENTED_EDGE('',*,*,#10207,.T.);
#10234=ORIENTED_EDGE('',*,*,#10223,.T.);
#10235=EDGE_LOOP('',(#10233,#10234));
#10236=FACE_OUTER_BOUND('',#10235,.F.);
#10238=CARTESIAN_POINT('',(1.397E1,-7.62E0,5.5E-1));
#10239=DIRECTION('',(0.E0,0.E0,1.E0));
#10240=DIRECTION('',(-1.E0,0.E0,0.E0));
#10241=AXIS2_PLACEMENT_3D('',#10238,#10239,#10240);
#10242=CONICAL_SURFACE('',#10241,3.969798393897E-1,1.E1);
#10244=ORIENTED_EDGE('',*,*,#10243,.T.);
#10246=ORIENTED_EDGE('',*,*,#10245,.F.);
#10248=ORIENTED_EDGE('',*,*,#10247,.F.);
#10249=ORIENTED_EDGE('',*,*,#8614,.F.);
#10250=EDGE_LOOP('',(#10244,#10246,#10248,#10249));
#10251=FACE_OUTER_BOUND('',#10250,.F.);
#10253=CARTESIAN_POINT('',(1.397E1,-7.62E0,5.5E-1));
#10254=DIRECTION('',(0.E0,0.E0,1.E0));
#10255=DIRECTION('',(-1.E0,0.E0,0.E0));
#10256=AXIS2_PLACEMENT_3D('',#10253,#10254,#10255);
#10257=CONICAL_SURFACE('',#10256,3.969798393897E-1,1.E1);
#10258=ORIENTED_EDGE('',*,*,#10243,.F.);
#10259=ORIENTED_EDGE('',*,*,#8616,.F.);
#10260=ORIENTED_EDGE('',*,*,#10247,.T.);
#10262=ORIENTED_EDGE('',*,*,#10261,.F.);
#10263=EDGE_LOOP('',(#10258,#10259,#10260,#10262));
#10264=FACE_OUTER_BOUND('',#10263,.F.);
#10266=CARTESIAN_POINT('',(0.E0,0.E0,1.E-1));
#10267=DIRECTION('',(0.E0,0.E0,1.E0));
#10268=DIRECTION('',(-1.E0,0.E0,0.E0));
#10269=AXIS2_PLACEMENT_3D('',#10266,#10267,#10268);
#10270=PLANE('',#10269);
#10271=ORIENTED_EDGE('',*,*,#10245,.T.);
#10272=ORIENTED_EDGE('',*,*,#10261,.T.);
#10273=EDGE_LOOP('',(#10271,#10272));
#10274=FACE_OUTER_BOUND('',#10273,.F.);
#10276=CARTESIAN_POINT('',(6.35E0,-7.62E0,5.E-1));
#10277=DIRECTION('',(0.E0,0.E0,1.E0));
#10278=DIRECTION('',(1.E0,0.E0,0.E0));
#10279=AXIS2_PLACEMENT_3D('',#10276,#10277,#10278);
#10280=CONICAL_SURFACE('',#10279,3.881634903542E-1,1.E1);
#10282=ORIENTED_EDGE('',*,*,#10281,.T.);
#10283=ORIENTED_EDGE('',*,*,#8620,.F.);
#10285=ORIENTED_EDGE('',*,*,#10284,.T.);
#10286=ORIENTED_EDGE('',*,*,#7749,.F.);
#10287=EDGE_LOOP('',(#10282,#10283,#10285,#10286));
#10288=FACE_OUTER_BOUND('',#10287,.F.);
#10290=CARTESIAN_POINT('',(6.35E0,-7.62E0,5.E-1));
#10291=DIRECTION('',(0.E0,0.E0,1.E0));
#10292=DIRECTION('',(1.E0,0.E0,0.E0));
#10293=AXIS2_PLACEMENT_3D('',#10290,#10291,#10292);
#10294=CONICAL_SURFACE('',#10293,3.881634903542E-1,1.E1);
#10295=ORIENTED_EDGE('',*,*,#10284,.F.);
#10296=ORIENTED_EDGE('',*,*,#8622,.F.);
#10297=ORIENTED_EDGE('',*,*,#10281,.F.);
#10298=ORIENTED_EDGE('',*,*,#7751,.F.);
#10299=EDGE_LOOP('',(#10295,#10296,#10297,#10298));
#10300=FACE_OUTER_BOUND('',#10299,.F.);
#10302=CARTESIAN_POINT('',(1.143E1,-7.62E0,5.E-1));
#10303=DIRECTION('',(0.E0,0.E0,1.E0));
#10304=DIRECTION('',(1.E0,0.E0,0.E0));
#10305=AXIS2_PLACEMENT_3D('',#10302,#10303,#10304);
#10306=CONICAL_SURFACE('',#10305,3.881634903542E-1,1.E1);
#10308=ORIENTED_EDGE('',*,*,#10307,.T.);
#10309=ORIENTED_EDGE('',*,*,#8626,.F.);
#10311=ORIENTED_EDGE('',*,*,#10310,.T.);
#10312=ORIENTED_EDGE('',*,*,#7755,.F.);
#10313=EDGE_LOOP('',(#10308,#10309,#10311,#10312));
#10314=FACE_OUTER_BOUND('',#10313,.F.);
#10316=CARTESIAN_POINT('',(1.143E1,-7.62E0,5.E-1));
#10317=DIRECTION('',(0.E0,0.E0,1.E0));
#10318=DIRECTION('',(1.E0,0.E0,0.E0));
#10319=AXIS2_PLACEMENT_3D('',#10316,#10317,#10318);
#10320=CONICAL_SURFACE('',#10319,3.881634903542E-1,1.E1);
#10321=ORIENTED_EDGE('',*,*,#10310,.F.);
#10322=ORIENTED_EDGE('',*,*,#8628,.F.);
#10323=ORIENTED_EDGE('',*,*,#10307,.F.);
#10324=ORIENTED_EDGE('',*,*,#7757,.F.);
#10325=EDGE_LOOP('',(#10321,#10322,#10323,#10324));
#10326=FACE_OUTER_BOUND('',#10325,.F.);
#10328=CARTESIAN_POINT('',(1.465E1,8.65E0,8.0626E0));
#10329=DIRECTION('',(0.E0,0.E0,-1.E0));
#10330=DIRECTION('',(0.E0,1.E0,0.E0));
#10331=AXIS2_PLACEMENT_3D('',#10328,#10329,#10330);
#10332=CYLINDRICAL_SURFACE('',#10331,7.E-1);
#10333=ORIENTED_EDGE('',*,*,#8517,.F.);
#10334=ORIENTED_EDGE('',*,*,#8422,.T.);
#10335=ORIENTED_EDGE('',*,*,#8045,.F.);
#10336=ORIENTED_EDGE('',*,*,#8073,.T.);
#10337=EDGE_LOOP('',(#10333,#10334,#10335,#10336));
#10338=FACE_OUTER_BOUND('',#10337,.F.);
#10340=CARTESIAN_POINT('',(1.465E1,-8.65E0,8.0626E0));
#10341=DIRECTION('',(0.E0,0.E0,-1.E0));
#10342=DIRECTION('',(1.E0,0.E0,0.E0));
#10343=AXIS2_PLACEMENT_3D('',#10340,#10341,#10342);
#10344=CYLINDRICAL_SURFACE('',#10343,7.E-1);
#10345=ORIENTED_EDGE('',*,*,#8162,.F.);
#10346=ORIENTED_EDGE('',*,*,#8076,.T.);
#10347=ORIENTED_EDGE('',*,*,#8057,.F.);
#10348=ORIENTED_EDGE('',*,*,#8177,.T.);
#10349=EDGE_LOOP('',(#10345,#10346,#10347,#10348));
#10350=FACE_OUTER_BOUND('',#10349,.F.);
#10352=CLOSED_SHELL('',(#7803,#7818,#7832,#7846,#7860,#7874,#7888,#7902,#7915,
#7930,#7944,#7958,#7972,#7986,#8000,#8014,#8027,#8061,#8084,#8099,#8115,#8129,
#8144,#8166,#8200,#8215,#8230,#8244,#8259,#8281,#8294,#8315,#8330,#8345,#8359,
#8374,#8396,#8409,#8442,#8457,#8472,#8486,#8501,#8521,#8548,#8567,#8632,#8647,
#8691,#8705,#8726,#8791,#8804,#8829,#8847,#8868,#8893,#8958,#8973,#9017,#9031,
#9052,#9116,#9128,#9146,#9166,#9186,#9206,#9226,#9243,#9257,#9279,#9293,#9309,
#9322,#9335,#9354,#9374,#9391,#9403,#9419,#9434,#9447,#9457,#9472,#9485,#9495,
#9509,#9521,#9536,#9549,#9559,#9573,#9585,#9599,#9611,#9623,#9637,#9649,#9663,
#9675,#9690,#9703,#9713,#9728,#9741,#9751,#9766,#9779,#9789,#9804,#9817,#9827,
#9841,#9853,#9867,#9879,#9894,#9907,#9917,#9932,#9945,#9955,#9970,#9983,#9993,
#10007,#10019,#10033,#10045,#10059,#10071,#10083,#10097,#10109,#10123,#10135,
#10150,#10163,#10173,#10187,#10199,#10214,#10227,#10237,#10252,#10265,#10275,
#10289,#10301,#10315,#10327,#10339,#10351));
#10353=MANIFOLD_SOLID_BREP('',#10352);
#10354=FILL_AREA_STYLE_COLOUR('',#17);
#10355=FILL_AREA_STYLE('',(#10354));
#10356=SURFACE_STYLE_FILL_AREA(#10355);
#10357=SURFACE_SIDE_STYLE('',(#10356));
#10358=SURFACE_STYLE_USAGE(.BOTH.,#10357);
#10359=PRESENTATION_STYLE_ASSIGNMENT((#10358));
#4215=STYLED_ITEM('',(#10359),#10353);
#10362=PLANE_ANGLE_MEASURE_WITH_UNIT(PLANE_ANGLE_MEASURE(1.745329251994E-2),
#10361);
#10363=(CONVERSION_BASED_UNIT('DEGREE',#10362)NAMED_UNIT(*)PLANE_ANGLE_UNIT());
#10365=UNCERTAINTY_MEASURE_WITH_UNIT(LENGTH_MEASURE(3.789637320771E-3),#10360,
'distance_accuracy_value',
'Maximum model space distance between geometric entities at asserted connectivities');
#10367=CARTESIAN_POINT('',(0.E0,0.E0,0.E0));
#10368=DIRECTION('',(0.E0,0.E0,1.E0));
#10369=DIRECTION('',(1.E0,0.E0,0.E0));
#10372=PRODUCT_CONTEXT('',#4146,'mechanical');
#10373=PRODUCT('BASE_32X20_79_1_1','BASE_32X20_79_1_1','NOT SPECIFIED',
(#10372));
#10374=PRODUCT_DEFINITION_FORMATION('1','LAST_VERSION',#10373);
#10382=DERIVED_UNIT_ELEMENT(#10381,2.E0);
#10383=DERIVED_UNIT((#10382));
#10384=MEASURE_REPRESENTATION_ITEM('surface area measure',AREA_MEASURE(
1.871089989331E3),#10383);
#10389=DERIVED_UNIT_ELEMENT(#10388,3.E0);
#10390=DERIVED_UNIT((#10389));
#10391=MEASURE_REPRESENTATION_ITEM('volume measure',VOLUME_MEASURE(
5.829257147194E2),#10390);
#10395=CARTESIAN_POINT('centre point',(-2.600386703264E-4,3.917476141222E-4,
7.188939255863E-1));
#10400=DERIVED_UNIT_ELEMENT(#10399,2.E0);
#10401=DERIVED_UNIT((#10400));
#10402=MEASURE_REPRESENTATION_ITEM('surface area measure',AREA_MEASURE(
1.871089989331E3),#10401);
#10407=DERIVED_UNIT_ELEMENT(#10406,3.E0);
#10408=DERIVED_UNIT((#10407));
#10409=MEASURE_REPRESENTATION_ITEM('volume measure',VOLUME_MEASURE(
5.829257147194E2),#10408);
#10413=CARTESIAN_POINT('centre point',(-2.600386703264E-4,3.917476141222E-4,
7.188939255863E-1));
#10420=CARTESIAN_POINT('centre point',(-2.600386703264E-4,1.008110607441E1,
-4.960825238588E-2));
#10424=CARTESIAN_POINT('',(0.E0,1.08E1,-5.E-2));
#10425=DIRECTION('',(0.E0,-1.E0,0.E0));
#10426=DIRECTION('',(1.E0,0.E0,0.E0));
#10427=AXIS2_PLACEMENT_3D('',#10424,#10425,#10426);
#10428=ITEM_DEFINED_TRANSFORMATION('','',#10370,#10427);
#10429=CARTESIAN_POINT('',(0.E0,0.E0,0.E0));
#10430=DIRECTION('',(0.E0,0.E0,1.E0));
#10431=DIRECTION('',(1.E0,0.E0,0.E0));
#10433=(REPRESENTATION_RELATIONSHIP('','',#10371,#4197)REPRESENTATION_RELATIONSHIP_WITH_TRANSFORMATION(#10428)SHAPE_REPRESENTATION_RELATIONSHIP());
#10434=CONTEXT_DEPENDENT_SHAPE_REPRESENTATION(#10433,#10419);
#10437=PLANE_ANGLE_MEASURE_WITH_UNIT(PLANE_ANGLE_MEASURE(1.745329251994E-2),
#10436);
#10438=(CONVERSION_BASED_UNIT('DEGREE',#10437)NAMED_UNIT(*)PLANE_ANGLE_UNIT());
#10440=UNCERTAINTY_MEASURE_WITH_UNIT(LENGTH_MEASURE(3.927491681809E-3),#10435,
'distance_accuracy_value',
'Maximum model space distance between geometric entities at asserted connectivities');
#10442=CARTESIAN_POINT('',(0.E0,0.E0,0.E0));
#10443=DIRECTION('',(0.E0,0.E0,1.E0));
#10444=DIRECTION('',(1.E0,0.E0,0.E0));
#10446=PRODUCT_DEFINITION_CONTEXT('part definition',#4146,'design');
#10447=PRODUCT_CONTEXT('',#4146,'mechanical');
#10448=PRODUCT('32X20_ASM_41_ASM_1_ASM_1_ASM','32X20_ASM_41_ASM_1_ASM_1_ASM',
'NOT SPECIFIED',(#10447));
#10449=PRODUCT_DEFINITION_FORMATION('1','LAST_VERSION',#10448);
#10452=DERIVED_UNIT_ELEMENT(#10451,2.E0);
#10453=DERIVED_UNIT((#10452));
#10454=MEASURE_REPRESENTATION_ITEM('surface area measure',AREA_MEASURE(
5.137453643106E3),#10453);
#10459=DERIVED_UNIT_ELEMENT(#10458,3.E0);
#10460=DERIVED_UNIT((#10459));
#10461=MEASURE_REPRESENTATION_ITEM('volume measure',VOLUME_MEASURE(
1.543743838557E3),#10460);
#10465=CARTESIAN_POINT('centre point',(-1.033414496545E-4,5.955067910154E0,
-1.872980044570E-2));
#10474=CARTESIAN_POINT('centre point',(-1.033414496545E-4,5.955067910154E0,
-1.872980044570E-2));
#10478=CARTESIAN_POINT('',(0.E0,0.E0,0.E0));
#10479=DIRECTION('',(0.E0,0.E0,1.E0));
#10480=DIRECTION('',(1.E0,0.E0,0.E0));
#10481=AXIS2_PLACEMENT_3D('',#10478,#10479,#10480);
#10482=ITEM_DEFINED_TRANSFORMATION('','',#4212,#10481);
#10483=CARTESIAN_POINT('',(0.E0,0.E0,0.E0));
#10484=DIRECTION('',(0.E0,0.E0,1.E0));
#10485=DIRECTION('',(1.E0,0.E0,0.E0));
#10487=(REPRESENTATION_RELATIONSHIP('','',#4197,#10471)REPRESENTATION_RELATIONSHIP_WITH_TRANSFORMATION(#10482)SHAPE_REPRESENTATION_RELATIONSHIP());
#10488=CONTEXT_DEPENDENT_SHAPE_REPRESENTATION(#10487,#10473);
#10489=CARTESIAN_POINT('',(0.E0,0.E0,0.E0));
#10490=DIRECTION('',(0.E0,-1.E0,0.E0));
#10491=DIRECTION('',(-5.E-1,0.E0,-8.660254037844E-1));
#10492=AXIS2_PLACEMENT_3D('',#10489,#10490,#10491);
#10494=CARTESIAN_POINT('',(0.E0,0.E0,0.E0));
#10495=DIRECTION('',(0.E0,-1.E0,0.E0));
#10496=DIRECTION('',(5.E-1,0.E0,8.660254037844E-1));
#10497=AXIS2_PLACEMENT_3D('',#10494,#10495,#10496);
#10499=DIRECTION('',(0.E0,-1.E0,0.E0));
#10500=VECTOR('',#10499,4.E-1);
#10501=CARTESIAN_POINT('',(-2.5E-1,0.E0,-4.330127018922E-1));
#10502=LINE('',#10501,#10500);
#10503=DIRECTION('',(0.E0,1.E0,0.E0));
#10504=VECTOR('',#10503,4.E-1);
#10505=CARTESIAN_POINT('',(2.5E-1,-4.E-1,-4.330127018922E-1));
#10506=LINE('',#10505,#10504);
#10507=DIRECTION('',(0.E0,0.E0,1.E0));
#10508=VECTOR('',#10507,8.660254037844E-1);
#10509=CARTESIAN_POINT('',(-2.5E-1,0.E0,-4.330127018922E-1));
#10510=LINE('',#10509,#10508);
#10511=CARTESIAN_POINT('',(0.E0,-4.E-1,0.E0));
#10512=DIRECTION('',(0.E0,-1.E0,0.E0));
#10513=DIRECTION('',(-1.E0,0.E0,0.E0));
#10514=AXIS2_PLACEMENT_3D('',#10511,#10512,#10513);
#10516=DIRECTION('',(0.E0,0.E0,-1.E0));
#10517=VECTOR('',#10516,4.330127018922E-1);
#10518=CARTESIAN_POINT('',(2.5E-1,-4.E-1,0.E0));
#10519=LINE('',#10518,#10517);
#10520=CARTESIAN_POINT('',(0.E0,-4.E-1,0.E0));
#10521=DIRECTION('',(0.E0,1.E0,0.E0));
#10522=DIRECTION('',(5.E-1,0.E0,-8.660254037844E-1));
#10523=AXIS2_PLACEMENT_3D('',#10520,#10521,#10522);
#10525=DIRECTION('',(0.E0,0.E0,1.E0));
#10526=VECTOR('',#10525,4.330127018922E-1);
#10527=CARTESIAN_POINT('',(-2.5E-1,-4.E-1,-4.330127018922E-1));
#10528=LINE('',#10527,#10526);
#10529=DIRECTION('',(0.E0,-1.E0,0.E0));
#10530=VECTOR('',#10529,1.1904E1);
#10531=CARTESIAN_POINT('',(-2.5E-1,-4.E-1,0.E0));
#10532=LINE('',#10531,#10530);
#10533=DIRECTION('',(0.E0,-1.E0,0.E0));
#10534=VECTOR('',#10533,1.1904E1);
#10535=CARTESIAN_POINT('',(2.5E-1,-4.E-1,0.E0));
#10536=LINE('',#10535,#10534);
#10537=CARTESIAN_POINT('',(0.E0,-4.E-1,0.E0));
#10538=DIRECTION('',(0.E0,-1.E0,0.E0));
#10539=DIRECTION('',(1.E0,0.E0,0.E0));
#10540=AXIS2_PLACEMENT_3D('',#10537,#10538,#10539);
#10542=DIRECTION('',(0.E0,0.E0,1.E0));
#10543=VECTOR('',#10542,4.330127018922E-1);
#10544=CARTESIAN_POINT('',(-2.5E-1,-4.E-1,0.E0));
#10545=LINE('',#10544,#10543);
#10546=CARTESIAN_POINT('',(0.E0,-4.E-1,0.E0));
#10547=DIRECTION('',(0.E0,1.E0,0.E0));
#10548=DIRECTION('',(-5.E-1,0.E0,8.660254037844E-1));
#10549=AXIS2_PLACEMENT_3D('',#10546,#10547,#10548);
#10551=DIRECTION('',(0.E0,0.E0,-1.E0));
#10552=VECTOR('',#10551,4.330127018922E-1);
#10553=CARTESIAN_POINT('',(2.5E-1,-4.E-1,4.330127018922E-1));
#10554=LINE('',#10553,#10552);
#10555=DIRECTION('',(0.E0,-1.E0,0.E0));
#10556=VECTOR('',#10555,4.E-1);
#10557=CARTESIAN_POINT('',(2.5E-1,0.E0,4.330127018922E-1));
#10558=LINE('',#10557,#10556);
#10559=DIRECTION('',(0.E0,1.E0,0.E0));
#10560=VECTOR('',#10559,4.E-1);
#10561=CARTESIAN_POINT('',(-2.5E-1,-4.E-1,4.330127018922E-1));
#10562=LINE('',#10561,#10560);
#10563=DIRECTION('',(0.E0,0.E0,-1.E0));
#10564=VECTOR('',#10563,8.660254037844E-1);
#10565=CARTESIAN_POINT('',(2.5E-1,0.E0,4.330127018922E-1));
#10566=LINE('',#10565,#10564);
#10567=CARTESIAN_POINT('',(0.E0,-1.2304E1,0.E0));
#10568=DIRECTION('',(0.E0,1.E0,0.E0));
#10569=DIRECTION('',(1.E0,0.E0,0.E0));
#10570=AXIS2_PLACEMENT_3D('',#10567,#10568,#10569);
#10572=CARTESIAN_POINT('',(0.E0,-1.2304E1,0.E0));
#10573=DIRECTION('',(0.E0,1.E0,0.E0));
#10574=DIRECTION('',(-1.E0,0.E0,0.E0));
#10575=AXIS2_PLACEMENT_3D('',#10572,#10573,#10574);
#10577=CARTESIAN_POINT('',(-2.5E-1,0.E0,-4.330127018922E-1));
#10578=CARTESIAN_POINT('',(2.5E-1,0.E0,-4.330127018922E-1));
#10579=VERTEX_POINT('',#10577);
#10580=VERTEX_POINT('',#10578);
#10581=CARTESIAN_POINT('',(2.5E-1,0.E0,4.330127018922E-1));
#10582=VERTEX_POINT('',#10581);
#10583=CARTESIAN_POINT('',(-2.5E-1,0.E0,4.330127018922E-1));
#10584=VERTEX_POINT('',#10583);
#10585=CARTESIAN_POINT('',(-2.5E-1,-4.E-1,-4.330127018922E-1));
#10586=VERTEX_POINT('',#10585);
#10587=CARTESIAN_POINT('',(2.5E-1,-4.E-1,-4.330127018922E-1));
#10588=VERTEX_POINT('',#10587);
#10589=CARTESIAN_POINT('',(-2.5E-1,-4.E-1,0.E0));
#10590=VERTEX_POINT('',#10589);
#10591=CARTESIAN_POINT('',(-2.5E-1,-4.E-1,4.330127018922E-1));
#10592=VERTEX_POINT('',#10591);
#10593=CARTESIAN_POINT('',(2.5E-1,-4.E-1,0.E0));
#10594=VERTEX_POINT('',#10593);
#10595=CARTESIAN_POINT('',(-2.5E-1,-1.2304E1,0.E0));
#10596=VERTEX_POINT('',#10595);
#10597=CARTESIAN_POINT('',(2.5E-1,-1.2304E1,0.E0));
#10598=VERTEX_POINT('',#10597);
#10599=CARTESIAN_POINT('',(2.5E-1,-4.E-1,4.330127018922E-1));
#10600=VERTEX_POINT('',#10599);
#10601=CARTESIAN_POINT('',(0.E0,0.E0,0.E0));
#10602=DIRECTION('',(0.E0,1.E0,0.E0));
#10603=DIRECTION('',(1.E0,0.E0,0.E0));
#10604=AXIS2_PLACEMENT_3D('',#10601,#10602,#10603);
#10605=PLANE('',#10604);
#10607=ORIENTED_EDGE('',*,*,#10606,.T.);
#10609=ORIENTED_EDGE('',*,*,#10608,.F.);
#10611=ORIENTED_EDGE('',*,*,#10610,.T.);
#10613=ORIENTED_EDGE('',*,*,#10612,.F.);
#10614=EDGE_LOOP('',(#10607,#10609,#10611,#10613));
#10615=FACE_OUTER_BOUND('',#10614,.F.);
#10617=CARTESIAN_POINT('',(0.E0,0.E0,0.E0));
#10618=DIRECTION('',(0.E0,1.E0,0.E0));
#10619=DIRECTION('',(1.E0,0.E0,0.E0));
#10620=AXIS2_PLACEMENT_3D('',#10617,#10618,#10619);
#10621=CYLINDRICAL_SURFACE('',#10620,5.E-1);
#10622=ORIENTED_EDGE('',*,*,#10606,.F.);
#10624=ORIENTED_EDGE('',*,*,#10623,.T.);
#10626=ORIENTED_EDGE('',*,*,#10625,.F.);
#10628=ORIENTED_EDGE('',*,*,#10627,.T.);
#10629=EDGE_LOOP('',(#10622,#10624,#10626,#10628));
#10630=FACE_OUTER_BOUND('',#10629,.F.);
#10632=CARTESIAN_POINT('',(-2.5E-1,0.E0,-4.330127018922E-1));
#10633=DIRECTION('',(-1.E0,0.E0,0.E0));
#10634=DIRECTION('',(0.E0,0.E0,1.E0));
#10635=AXIS2_PLACEMENT_3D('',#10632,#10633,#10634);
#10636=PLANE('',#10635);
#10638=ORIENTED_EDGE('',*,*,#10637,.F.);
#10639=ORIENTED_EDGE('',*,*,#10623,.F.);
#10640=ORIENTED_EDGE('',*,*,#10612,.T.);
#10642=ORIENTED_EDGE('',*,*,#10641,.F.);
#10644=ORIENTED_EDGE('',*,*,#10643,.F.);
#10645=EDGE_LOOP('',(#10638,#10639,#10640,#10642,#10644));
#10646=FACE_OUTER_BOUND('',#10645,.F.);
#10648=CARTESIAN_POINT('',(0.E0,-4.E-1,0.E0));
#10649=DIRECTION('',(0.E0,1.E0,0.E0));
#10650=DIRECTION('',(1.E0,0.E0,0.E0));
#10651=AXIS2_PLACEMENT_3D('',#10648,#10649,#10650);
#10652=PLANE('',#10651);
#10654=ORIENTED_EDGE('',*,*,#10653,.T.);
#10656=ORIENTED_EDGE('',*,*,#10655,.T.);
#10657=ORIENTED_EDGE('',*,*,#10625,.T.);
#10658=ORIENTED_EDGE('',*,*,#10637,.T.);
#10659=EDGE_LOOP('',(#10654,#10656,#10657,#10658));
#10660=FACE_OUTER_BOUND('',#10659,.F.);
#10662=CARTESIAN_POINT('',(0.E0,-4.E-1,0.E0));
#10663=DIRECTION('',(0.E0,-1.E0,0.E0));
#10664=DIRECTION('',(-1.E0,0.E0,0.E0));
#10665=AXIS2_PLACEMENT_3D('',#10662,#10663,#10664);
#10666=CYLINDRICAL_SURFACE('',#10665,2.5E-1);
#10667=ORIENTED_EDGE('',*,*,#10653,.F.);
#10669=ORIENTED_EDGE('',*,*,#10668,.T.);
#10671=ORIENTED_EDGE('',*,*,#10670,.F.);
#10673=ORIENTED_EDGE('',*,*,#10672,.F.);
#10674=EDGE_LOOP('',(#10667,#10669,#10671,#10673));
#10675=FACE_OUTER_BOUND('',#10674,.F.);
#10677=CARTESIAN_POINT('',(0.E0,-4.E-1,0.E0));
#10678=DIRECTION('',(0.E0,-1.E0,0.E0));
#10679=DIRECTION('',(-1.E0,0.E0,0.E0));
#10680=AXIS2_PLACEMENT_3D('',#10677,#10678,#10679);
#10681=CYLINDRICAL_SURFACE('',#10680,2.5E-1);
#10683=ORIENTED_EDGE('',*,*,#10682,.F.);
#10684=ORIENTED_EDGE('',*,*,#10672,.T.);
#10686=ORIENTED_EDGE('',*,*,#10685,.F.);
#10687=ORIENTED_EDGE('',*,*,#10668,.F.);
#10688=EDGE_LOOP('',(#10683,#10684,#10686,#10687));
#10689=FACE_OUTER_BOUND('',#10688,.F.);
#10691=CARTESIAN_POINT('',(0.E0,-4.E-1,0.E0));
#10692=DIRECTION('',(0.E0,1.E0,0.E0));
#10693=DIRECTION('',(1.E0,0.E0,0.E0));
#10694=AXIS2_PLACEMENT_3D('',#10691,#10692,#10693);
#10695=PLANE('',#10694);
#10696=ORIENTED_EDGE('',*,*,#10682,.T.);
#10697=ORIENTED_EDGE('',*,*,#10643,.T.);
#10699=ORIENTED_EDGE('',*,*,#10698,.T.);
#10701=ORIENTED_EDGE('',*,*,#10700,.T.);
#10702=EDGE_LOOP('',(#10696,#10697,#10699,#10701));
#10703=FACE_OUTER_BOUND('',#10702,.F.);
#10705=CARTESIAN_POINT('',(0.E0,0.E0,0.E0));
#10706=DIRECTION('',(0.E0,1.E0,0.E0));
#10707=DIRECTION('',(1.E0,0.E0,0.E0));
#10708=AXIS2_PLACEMENT_3D('',#10705,#10706,#10707);
#10709=CYLINDRICAL_SURFACE('',#10708,5.E-1);
#10710=ORIENTED_EDGE('',*,*,#10610,.F.);
#10712=ORIENTED_EDGE('',*,*,#10711,.T.);
#10713=ORIENTED_EDGE('',*,*,#10698,.F.);
#10714=ORIENTED_EDGE('',*,*,#10641,.T.);
#10715=EDGE_LOOP('',(#10710,#10712,#10713,#10714));
#10716=FACE_OUTER_BOUND('',#10715,.F.);
#10718=CARTESIAN_POINT('',(2.5E-1,0.E0,4.330127018922E-1));
#10719=DIRECTION('',(1.E0,0.E0,0.E0));
#10720=DIRECTION('',(0.E0,0.E0,-1.E0));
#10721=AXIS2_PLACEMENT_3D('',#10718,#10719,#10720);
#10722=PLANE('',#10721);
#10723=ORIENTED_EDGE('',*,*,#10700,.F.);
#10724=ORIENTED_EDGE('',*,*,#10711,.F.);
#10725=ORIENTED_EDGE('',*,*,#10608,.T.);
#10726=ORIENTED_EDGE('',*,*,#10627,.F.);
#10727=ORIENTED_EDGE('',*,*,#10655,.F.);
#10728=EDGE_LOOP('',(#10723,#10724,#10725,#10726,#10727));
#10729=FACE_OUTER_BOUND('',#10728,.F.);
#10731=CARTESIAN_POINT('',(0.E0,-1.2304E1,0.E0));
#10732=DIRECTION('',(0.E0,-1.E0,0.E0));
#10733=DIRECTION('',(-1.E0,0.E0,0.E0));
#10734=AXIS2_PLACEMENT_3D('',#10731,#10732,#10733);
#10735=PLANE('',#10734);
#10736=ORIENTED_EDGE('',*,*,#10670,.T.);
#10737=ORIENTED_EDGE('',*,*,#10685,.T.);
#10738=EDGE_LOOP('',(#10736,#10737));
#10739=FACE_OUTER_BOUND('',#10738,.F.);
#10741=CLOSED_SHELL('',(#10616,#10631,#10647,#10661,#10676,#10690,#10704,#10717,
#10730,#10740));
#10742=MANIFOLD_SOLID_BREP('',#10741);
#10745=PLANE_ANGLE_MEASURE_WITH_UNIT(PLANE_ANGLE_MEASURE(1.745329251994E-2),
#10744);
#10746=(CONVERSION_BASED_UNIT('DEGREE',#10745)NAMED_UNIT(*)PLANE_ANGLE_UNIT());
#10748=UNCERTAINTY_MEASURE_WITH_UNIT(LENGTH_MEASURE(1.235432609714E-3),#10743,
'distance_accuracy_value',
'Maximum model space distance between geometric entities at asserted connectivities');
#10750=CARTESIAN_POINT('',(0.E0,0.E0,0.E0));
#10751=DIRECTION('',(0.E0,0.E0,1.E0));
#10752=DIRECTION('',(1.E0,0.E0,0.E0));
#10755=PRODUCT_CONTEXT('',#4146,'mechanical');
#10756=PRODUCT('1601003_2_1','1601003_2_1','NOT SPECIFIED',(#10755));
#10757=PRODUCT_DEFINITION_FORMATION('1','LAST_VERSION',#10756);
#10765=DERIVED_UNIT_ELEMENT(#10764,2.E0);
#10766=DERIVED_UNIT((#10765));
#10767=MEASURE_REPRESENTATION_ITEM('surface area measure',AREA_MEASURE(
2.076707029516E1),#10766);
#10772=DERIVED_UNIT_ELEMENT(#10771,3.E0);
#10773=DERIVED_UNIT((#10772));
#10774=MEASURE_REPRESENTATION_ITEM('volume measure',VOLUME_MEASURE(
2.528667226299E0),#10773);
#10778=CARTESIAN_POINT('centre point',(0.E0,-5.886531570620E0,
-2.309957040708E-11));
#10783=DERIVED_UNIT_ELEMENT(#10782,2.E0);
#10784=DERIVED_UNIT((#10783));
#10785=MEASURE_REPRESENTATION_ITEM('surface area measure',AREA_MEASURE(
2.076707029516E1),#10784);
#10790=DERIVED_UNIT_ELEMENT(#10789,3.E0);
#10791=DERIVED_UNIT((#10790));
#10792=MEASURE_REPRESENTATION_ITEM('volume measure',VOLUME_MEASURE(
2.528667226299E0),#10791);
#10796=CARTESIAN_POINT('centre point',(0.E0,-5.886531570620E0,
-2.309957040708E-11));
#10802=GENERAL_PROPERTY('','DESCRIPTION','user defined attribute');
#10803=GENERAL_PROPERTY_ASSOCIATION('user defined attribute','',#10802,#10801);
#10804=DESCRIPTIVE_REPRESENTATION_ITEM('DESCRIPTION','');
#10808=GENERAL_PROPERTY('','MODELED_BY','user defined attribute');
#10809=GENERAL_PROPERTY_ASSOCIATION('user defined attribute','',#10808,#10807);
#10810=DESCRIPTIVE_REPRESENTATION_ITEM('MODELED_BY','');
#10815=CARTESIAN_POINT('centre point',(1.143E1,8.182531570620E0,
7.569999999977E0));
#10819=CARTESIAN_POINT('',(1.143E1,2.296E0,7.57E0));
#10820=DIRECTION('',(0.E0,0.E0,1.E0));
#10821=DIRECTION('',(-1.E0,0.E0,0.E0));
#10822=AXIS2_PLACEMENT_3D('',#10819,#10820,#10821);
#10823=ITEM_DEFINED_TRANSFORMATION('','',#10753,#10822);
#10824=CARTESIAN_POINT('',(0.E0,0.E0,0.E0));
#10825=DIRECTION('',(0.E0,0.E0,1.E0));
#10826=DIRECTION('',(1.E0,0.E0,0.E0));
#10828=(REPRESENTATION_RELATIONSHIP('','',#10754,#10471)REPRESENTATION_RELATIONSHIP_WITH_TRANSFORMATION(#10823)SHAPE_REPRESENTATION_RELATIONSHIP());
#10829=CONTEXT_DEPENDENT_SHAPE_REPRESENTATION(#10828,#10814);
#10832=CARTESIAN_POINT('centre point',(6.35E0,8.182531570620E0,
7.569999999977E0));
#10836=CARTESIAN_POINT('',(6.35E0,2.296E0,7.57E0));
#10837=DIRECTION('',(0.E0,0.E0,1.E0));
#10838=DIRECTION('',(-1.E0,0.E0,0.E0));
#10839=AXIS2_PLACEMENT_3D('',#10836,#10837,#10838);
#10840=ITEM_DEFINED_TRANSFORMATION('','',#10753,#10839);
#10841=CARTESIAN_POINT('',(0.E0,0.E0,0.E0));
#10842=DIRECTION('',(0.E0,0.E0,1.E0));
#10843=DIRECTION('',(1.E0,0.E0,0.E0));
#10845=(REPRESENTATION_RELATIONSHIP('','',#10754,#10471)REPRESENTATION_RELATIONSHIP_WITH_TRANSFORMATION(#10840)SHAPE_REPRESENTATION_RELATIONSHIP());
#10846=CONTEXT_DEPENDENT_SHAPE_REPRESENTATION(#10845,#10831);
#10849=CARTESIAN_POINT('centre point',(-8.89E0,8.182531570620E0,
7.569999999977E0));
#10853=CARTESIAN_POINT('',(-8.89E0,2.296E0,7.57E0));
#10854=DIRECTION('',(0.E0,0.E0,1.E0));
#10855=DIRECTION('',(-1.E0,0.E0,0.E0));
#10856=AXIS2_PLACEMENT_3D('',#10853,#10854,#10855);
#10857=ITEM_DEFINED_TRANSFORMATION('','',#10753,#10856);
#10858=CARTESIAN_POINT('',(0.E0,0.E0,0.E0));
#10859=DIRECTION('',(0.E0,0.E0,1.E0));
#10860=DIRECTION('',(1.E0,0.E0,0.E0));
#10862=(REPRESENTATION_RELATIONSHIP('','',#10754,#10471)REPRESENTATION_RELATIONSHIP_WITH_TRANSFORMATION(#10857)SHAPE_REPRESENTATION_RELATIONSHIP());
#10863=CONTEXT_DEPENDENT_SHAPE_REPRESENTATION(#10862,#10848);
#10866=CARTESIAN_POINT('centre point',(-1.143E1,8.182531570620E0,
7.569999999977E0));
#10870=CARTESIAN_POINT('',(-1.143E1,2.296E0,7.57E0));
#10871=DIRECTION('',(0.E0,0.E0,1.E0));
#10872=DIRECTION('',(-1.E0,0.E0,0.E0));
#10873=AXIS2_PLACEMENT_3D('',#10870,#10871,#10872);
#10874=ITEM_DEFINED_TRANSFORMATION('','',#10753,#10873);
#10875=CARTESIAN_POINT('',(0.E0,0.E0,0.E0));
#10876=DIRECTION('',(0.E0,0.E0,1.E0));
#10877=DIRECTION('',(1.E0,0.E0,0.E0));
#10879=(REPRESENTATION_RELATIONSHIP('','',#10754,#10471)REPRESENTATION_RELATIONSHIP_WITH_TRANSFORMATION(#10874)SHAPE_REPRESENTATION_RELATIONSHIP());
#10880=CONTEXT_DEPENDENT_SHAPE_REPRESENTATION(#10879,#10865);
#10883=CARTESIAN_POINT('centre point',(1.143E1,8.182531570620E0,
-7.670000000023E0));
#10887=CARTESIAN_POINT('',(1.143E1,2.296E0,-7.67E0));
#10888=DIRECTION('',(0.E0,0.E0,1.E0));
#10889=DIRECTION('',(-1.E0,0.E0,0.E0));
#10890=AXIS2_PLACEMENT_3D('',#10887,#10888,#10889);
#10891=ITEM_DEFINED_TRANSFORMATION('','',#10753,#10890);
#10892=CARTESIAN_POINT('',(0.E0,0.E0,0.E0));
#10893=DIRECTION('',(0.E0,0.E0,1.E0));
#10894=DIRECTION('',(1.E0,0.E0,0.E0));
#10896=(REPRESENTATION_RELATIONSHIP('','',#10754,#10471)REPRESENTATION_RELATIONSHIP_WITH_TRANSFORMATION(#10891)SHAPE_REPRESENTATION_RELATIONSHIP());
#10897=CONTEXT_DEPENDENT_SHAPE_REPRESENTATION(#10896,#10882);
#10900=CARTESIAN_POINT('centre point',(-8.89E0,8.182531570620E0,
-7.670000000023E0));
#10904=CARTESIAN_POINT('',(-8.89E0,2.296E0,-7.67E0));
#10905=DIRECTION('',(0.E0,0.E0,1.E0));
#10906=DIRECTION('',(-1.E0,0.E0,0.E0));
#10907=AXIS2_PLACEMENT_3D('',#10904,#10905,#10906);
#10908=ITEM_DEFINED_TRANSFORMATION('','',#10753,#10907);
#10909=CARTESIAN_POINT('',(0.E0,0.E0,0.E0));
#10910=DIRECTION('',(0.E0,0.E0,1.E0));
#10911=DIRECTION('',(1.E0,0.E0,0.E0));
#10913=(REPRESENTATION_RELATIONSHIP('','',#10754,#10471)REPRESENTATION_RELATIONSHIP_WITH_TRANSFORMATION(#10908)SHAPE_REPRESENTATION_RELATIONSHIP());
#10914=CONTEXT_DEPENDENT_SHAPE_REPRESENTATION(#10913,#10899);
#10917=CARTESIAN_POINT('centre point',(-1.143E1,8.182531570620E0,
-7.670000000023E0));
#10921=CARTESIAN_POINT('',(-1.143E1,2.296E0,-7.67E0));
#10922=DIRECTION('',(0.E0,0.E0,1.E0));
#10923=DIRECTION('',(-1.E0,0.E0,0.E0));
#10924=AXIS2_PLACEMENT_3D('',#10921,#10922,#10923);
#10925=ITEM_DEFINED_TRANSFORMATION('','',#10753,#10924);
#10926=CARTESIAN_POINT('',(0.E0,0.E0,0.E0));
#10927=DIRECTION('',(0.E0,0.E0,1.E0));
#10928=DIRECTION('',(1.E0,0.E0,0.E0));
#10930=(REPRESENTATION_RELATIONSHIP('','',#10754,#10471)REPRESENTATION_RELATIONSHIP_WITH_TRANSFORMATION(#10925)SHAPE_REPRESENTATION_RELATIONSHIP());
#10931=CONTEXT_DEPENDENT_SHAPE_REPRESENTATION(#10930,#10916);
#10934=CARTESIAN_POINT('centre point',(-1.397E1,8.182531570620E0,
-7.670000000023E0));
#10938=CARTESIAN_POINT('',(-1.397E1,2.296E0,-7.67E0));
#10939=DIRECTION('',(0.E0,0.E0,1.E0));
#10940=DIRECTION('',(-1.E0,0.E0,0.E0));
#10941=AXIS2_PLACEMENT_3D('',#10938,#10939,#10940);
#10942=ITEM_DEFINED_TRANSFORMATION('','',#10753,#10941);
#10943=CARTESIAN_POINT('',(0.E0,0.E0,0.E0));
#10944=DIRECTION('',(0.E0,0.E0,1.E0));
#10945=DIRECTION('',(1.E0,0.E0,0.E0));
#10947=(REPRESENTATION_RELATIONSHIP('','',#10754,#10471)REPRESENTATION_RELATIONSHIP_WITH_TRANSFORMATION(#10942)SHAPE_REPRESENTATION_RELATIONSHIP());
#10948=CONTEXT_DEPENDENT_SHAPE_REPRESENTATION(#10947,#10933);
#10951=CARTESIAN_POINT('centre point',(6.35E0,8.182531570620E0,
-7.670000000023E0));
#10955=CARTESIAN_POINT('',(6.35E0,2.296E0,-7.67E0));
#10956=DIRECTION('',(0.E0,0.E0,1.E0));
#10957=DIRECTION('',(-1.E0,0.E0,0.E0));
#10958=AXIS2_PLACEMENT_3D('',#10955,#10956,#10957);
#10959=ITEM_DEFINED_TRANSFORMATION('','',#10753,#10958);
#10960=CARTESIAN_POINT('',(0.E0,0.E0,0.E0));
#10961=DIRECTION('',(0.E0,0.E0,1.E0));
#10962=DIRECTION('',(1.E0,0.E0,0.E0));
#10964=(REPRESENTATION_RELATIONSHIP('','',#10754,#10471)REPRESENTATION_RELATIONSHIP_WITH_TRANSFORMATION(#10959)SHAPE_REPRESENTATION_RELATIONSHIP());
#10965=CONTEXT_DEPENDENT_SHAPE_REPRESENTATION(#10964,#10950);
#10968=PLANE_ANGLE_MEASURE_WITH_UNIT(PLANE_ANGLE_MEASURE(1.745329251994E-2),
#10967);
#10969=(CONVERSION_BASED_UNIT('DEGREE',#10968)NAMED_UNIT(*)PLANE_ANGLE_UNIT());
#10971=UNCERTAINTY_MEASURE_WITH_UNIT(LENGTH_MEASURE(4.048495238509E-3),#10966,
'distance_accuracy_value',
'Maximum model space distance between geometric entities at asserted connectivities');
#10973=CARTESIAN_POINT('',(0.E0,0.E0,0.E0));
#10974=DIRECTION('',(0.E0,0.E0,1.E0));
#10975=DIRECTION('',(1.E0,0.E0,0.E0));
#10977=PRODUCT_DEFINITION_CONTEXT('part definition',#4146,'design');
#10978=PRODUCT_CONTEXT('',#4146,'mechanical');
#10979=PRODUCT('1102001601_ASM_1_ASM_1_ASM','1102001601_ASM_1_ASM_1_ASM',
'NOT SPECIFIED',(#10978));
#10980=PRODUCT_DEFINITION_FORMATION('1','LAST_VERSION',#10979);
#10983=DERIVED_UNIT_ELEMENT(#10982,2.E0);
#10984=DERIVED_UNIT((#10983));
#10985=MEASURE_REPRESENTATION_ITEM('surface area measure',AREA_MEASURE(
5.324357275763E3),#10984);
#10990=DERIVED_UNIT_ELEMENT(#10989,3.E0);
#10991=DERIVED_UNIT((#10990));
#10992=MEASURE_REPRESENTATION_ITEM('volume measure',VOLUME_MEASURE(
1.566501843594E3),#10991);
#10996=CARTESIAN_POINT('centre point',(-3.085259272743E-2,5.987428312033E0,
-3.148439228075E-2));
#11005=CARTESIAN_POINT('centre point',(-3.085259272743E-2,5.987428312033E0,
-3.148439228075E-2));
#11009=CARTESIAN_POINT('',(0.E0,0.E0,0.E0));
#11010=DIRECTION('',(0.E0,0.E0,1.E0));
#11011=DIRECTION('',(1.E0,0.E0,0.E0));
#11012=AXIS2_PLACEMENT_3D('',#11009,#11010,#11011);
#11013=ITEM_DEFINED_TRANSFORMATION('','',#10486,#11012);
#11014=CARTESIAN_POINT('',(0.E0,0.E0,0.E0));
#11015=DIRECTION('',(0.E0,0.E0,1.E0));
#11016=DIRECTION('',(1.E0,0.E0,0.E0));
#11018=(REPRESENTATION_RELATIONSHIP('','',#10471,#11002)REPRESENTATION_RELATIONSHIP_WITH_TRANSFORMATION(#11013)SHAPE_REPRESENTATION_RELATIONSHIP());
#11019=CONTEXT_DEPENDENT_SHAPE_REPRESENTATION(#11018,#11004);
#11022=PLANE_ANGLE_MEASURE_WITH_UNIT(PLANE_ANGLE_MEASURE(1.745329251994E-2),
#11021);
#11023=(CONVERSION_BASED_UNIT('DEGREE',#11022)NAMED_UNIT(*)PLANE_ANGLE_UNIT());
#11025=UNCERTAINTY_MEASURE_WITH_UNIT(LENGTH_MEASURE(4.048495238509E-3),#11020,
'distance_accuracy_value',
'Maximum model space distance between geometric entities at asserted connectivities');
#11027=CARTESIAN_POINT('',(0.E0,0.E0,0.E0));
#11028=DIRECTION('',(0.E0,0.E0,1.E0));
#11029=DIRECTION('',(1.E0,0.E0,0.E0));
#11031=PRODUCT_CONTEXT('',#4146,'mechanical');
#11032=PRODUCT('URA_ZP-10WR3_ASM_1_ASM','URA_ZP-10WR3_ASM_1_ASM',
'NOT SPECIFIED',(#11031));
#11033=PRODUCT_DEFINITION_FORMATION('1','LAST_VERSION',#11032);
#11036=DERIVED_UNIT_ELEMENT(#11035,2.E0);
#11037=DERIVED_UNIT((#11036));
#11038=MEASURE_REPRESENTATION_ITEM('surface area measure',AREA_MEASURE(
5.324357275763E3),#11037);
#11043=DERIVED_UNIT_ELEMENT(#11042,3.E0);
#11044=DERIVED_UNIT((#11043));
#11045=MEASURE_REPRESENTATION_ITEM('volume measure',VOLUME_MEASURE(
1.566501843594E3),#11044);
#11049=CARTESIAN_POINT('centre point',(-3.085259272743E-2,5.987428312033E0,
-3.148439228075E-2));
#11058=CARTESIAN_POINT('centre point',(-3.085259272743E-2,5.987428312033E0,
-3.148439228075E-2));
#11062=CARTESIAN_POINT('',(0.E0,0.E0,0.E0));
#11063=DIRECTION('',(0.E0,0.E0,1.E0));
#11064=DIRECTION('',(1.E0,0.E0,0.E0));
#11065=AXIS2_PLACEMENT_3D('',#11062,#11063,#11064);
#11066=ITEM_DEFINED_TRANSFORMATION('','',#11017,#11065);
#11067=(REPRESENTATION_RELATIONSHIP('','',#11002,#11055)REPRESENTATION_RELATIONSHIP_WITH_TRANSFORMATION(#11066)SHAPE_REPRESENTATION_RELATIONSHIP());
#11068=CONTEXT_DEPENDENT_SHAPE_REPRESENTATION(#11067,#11057);
#11071=PLANE_ANGLE_MEASURE_WITH_UNIT(PLANE_ANGLE_MEASURE(1.745329251994E-2),
#11070);
#11072=(CONVERSION_BASED_UNIT('DEGREE',#11071)NAMED_UNIT(*)PLANE_ANGLE_UNIT());
#11074=UNCERTAINTY_MEASURE_WITH_UNIT(LENGTH_MEASURE(4.048495238509E-3),#11069,
'distance_accuracy_value',
'Maximum model space distance between geometric entities at asserted connectivities');
#11076=CARTESIAN_POINT('',(0.E0,0.E0,0.E0));
#11077=DIRECTION('',(0.E0,0.E0,1.E0));
#11078=DIRECTION('',(1.E0,0.E0,0.E0));
#11080=MECHANICAL_DESIGN_GEOMETRIC_PRESENTATION_REPRESENTATION('',(#60,#67,#75,
#83,#91,#99,#106,#113,#121,#128,#136,#143,#151,#158,#166,#173,#181,#189,#197,
#205,#212,#219,#227,#235,#243,#250,#257,#265,#273,#281,#288,#295,#302,#309,#317,
#325,#333,#340,#347,#355,#363,#371,#379,#386,#393,#401,#409,#417,#425,#433,#441,
#449,#457,#465,#473,#481,#488,#495,#502,#509,#534,#559,#584,#609,#616,#623,#630,
#637,#644,#651,#676,#701,#726,#751,#758,#765,#773,#781,#789,#796,#803,#810,#817,
#825,#833,#841,#848,#855,#863,#871,#879,#887,#895,#903,#910,#917,#932,#957,#982,
#997,#1012,#1037,#1062,#1077,#1092,#1117,#1142,#1157,#1172,#1197,#1222,#1237,
#1245,#1253,#1269,#1285,#1293,#1301,#1317,#1333,#52,#4223,#4231,#4239,#4247,
#4255,#4263,#4271,#4279,#4287,#4295,#4303,#4311,#4319,#4327,#4335,#4343,#4351,
#4359,#4367,#4375,#4383,#4391,#4399,#4407,#4415,#4423,#4430,#4437,#4445,#4453,
#4461,#4468,#4475,#4483,#4491,#4499,#4506,#4513,#4521,#4529,#4537,#4544,#4551,
#4559,#4567,#4575,#4582,#4589,#4596,#4603,#4610,#4617,#4624,#4631,#4639,#4646,
#4654,#4661,#4669,#4676,#4684,#4691,#4699,#4707,#4715,#4723,#4730,#4737,#4744,
#4751,#4758,#4765,#4772,#4779,#4786,#4793,#4800,#4808,#4815,#4822,#4830,#4837,
#4844,#4851,#4859,#4867,#4875,#4883,#4890,#4897,#4904,#4911,#4918,#4925,#4932,
#4940,#4947,#4954,#4962,#4969,#4976,#4983,#4990,#4997,#5004,#5011,#5018,#5025,
#5032,#5039,#5046,#5053,#5061,#5068,#5075,#5083,#5090,#5097,#5104,#5111,#5118,
#5125,#5133,#5141,#5149,#5157,#5164,#5171,#5178,#5185,#5192,#5199,#5206,#5213,
#5221,#5228,#5235,#5243,#5250,#5257,#5264,#5271,#5278,#5285,#5292,#5299,#5306,
#5313,#5321,#5328,#5335,#5343,#5350,#5358,#5366,#5374,#5382,#5390,#5398,#5406,
#5414,#5422,#5430,#5438,#5446,#5453,#5460,#5467,#5474,#5481,#5488,#5495,#5502,
#5510,#5518,#5526,#5534,#5541,#5548,#5555,#5562,#5569,#5576,#5583,#5591,#5598,
#5605,#5612,#5620,#5627,#5635,#5643,#5651,#5659,#5667,#5675,#5683,#5691,#5699,
#5707,#5715,#5723,#5730,#5737,#5744,#5751,#5758,#5765,#5772,#5779,#5786,#5793,
#5800,#5807,#5814,#5821,#5828,#5835,#5842,#5849,#5856,#5864,#5871,#5878,#5886,
#5893,#5901,#5909,#5917,#5925,#5933,#5941,#5949,#5957,#5965,#5973,#5981,#5989,
#5996,#6003,#6010,#6017,#6024,#6031,#6038,#6045,#6052,#6060,#6068,#6076,#6084,
#6091,#6098,#6105,#6112,#6119,#6126,#6134,#6141,#6148,#6155,#6163,#6170,#6178,
#6186,#6194,#6202,#6210,#6218,#6226,#6234,#6242,#6250,#6258,#6266,#6273,#6280,
#6287,#6294,#6301,#6308,#6315,#6322,#6329,#6336,#6343,#6350,#6357,#6364,#6371,
#6378,#6386,#6394,#6402,#6409,#6417,#6424,#6431,#6438,#6445,#6452,#6459,#6466,
#6473,#6480,#6487,#6494,#6501,#6508,#6515,#6522,#6529,#6536,#6543,#6551,#6559,
#6566,#6573,#6581,#6589,#6596,#6603,#6610,#6617,#6625,#6633,#6640,#6647,#6654,
#6661,#6668,#6675,#6682,#6689,#6696,#6703,#6710,#6717,#6725,#6733,#6740,#6747,
#6755,#6763,#6770,#6777,#6785,#6793,#6800,#6807,#6815,#6823,#6830,#6837,#6844,
#6851,#6858,#6865,#6873,#6881,#6888,#6895,#6903,#6911,#6918,#6925,#6933,#6941,
#6948,#6955,#6962,#6969,#6976,#6983,#6990,#6997,#7004,#7011,#7018,#7025,#7032,
#7039,#7047,#7055,#7062,#7069,#7076,#7083,#7091,#7099,#7106,#7113,#7121,#7129,
#7136,#7143,#7150,#7157,#7164,#7171,#7178,#7185,#8574,#8654,#8712,#8733,#8854,
#8875,#8900,#8980,#9038,#9059,#9153,#9173,#9193,#9213,#9342,#9361,#4215),
#11075);
#11081=PRODUCT_DEFINITION_CONTEXT('part definition',#4146,'design');
#11082=PRODUCT_CONTEXT('',#4146,'mechanical');
#11083=PRODUCT('URA_ZP-10WR3_ASM','URA_ZP-10WR3_ASM','NOT SPECIFIED',(#11082));
#11084=PRODUCT_DEFINITION_FORMATION('1','LAST_VERSION',#11083);
#11087=DERIVED_UNIT_ELEMENT(#11086,2.E0);
#11088=DERIVED_UNIT((#11087));
#11089=MEASURE_REPRESENTATION_ITEM('surface area measure',AREA_MEASURE(
5.324357275763E3),#11088);
#11094=DERIVED_UNIT_ELEMENT(#11093,3.E0);
#11095=DERIVED_UNIT((#11094));
#11096=MEASURE_REPRESENTATION_ITEM('volume measure',VOLUME_MEASURE(
1.566501843594E3),#11095);
#11100=CARTESIAN_POINT('centre point',(-3.085259272743E-2,5.987428312033E0,
-3.148439228075E-2));
#11104=PRODUCT_RELATED_PRODUCT_CATEGORY('part','',(#10448,#10979,#11032,#11083,
#4150,#10373,#10756));
#1=DRAUGHTING_PRE_DEFINED_COLOUR('black');
#2=COLOUR_RGB('',0.E0,5.019607843137E-1,0.E0);
#3=COLOUR_RGB('',0.E0,6.588235294118E-1,1.E0);
#4=DRAUGHTING_PRE_DEFINED_COLOUR('green');
#5=COLOUR_RGB('',1.1E-2,1.2E-2,1.E0);
#6=COLOUR_RGB('',6.666666666667E-2,8.E-1,1.E0);
#7=COLOUR_RGB('',9.019607843137E-2,2.235294117647E-1,4.196078431373E-1);
#8=COLOUR_RGB('',1.098039215686E-1,1.098039215686E-1,1.098039215686E-1);
#9=COLOUR_RGB('',1.411764705882E-1,4.705882352941E-1,1.960784313725E-1);
#10=COLOUR_RGB('',1.803921568627E-1,1.803921568627E-1,1.803921568627E-1);
#11=COLOUR_RGB('',1.882352941176E-1,1.E0,2.745098039216E-2);
#12=COLOUR_RGB('',2.E-1,2.E-1,6.E-1);
#13=COLOUR_RGB('',2.117647058824E-1,7.607843137255E-1,7.411764705882E-1);
#14=COLOUR_RGB('',2.509803921569E-1,2.509803921569E-1,2.509803921569E-1);
#15=COLOUR_RGB('',2.588235294118E-1,6.901960784314E-1,1.E0);
#16=COLOUR_RGB('',3.529411764706E-1,3.529411764706E-1,3.529411764706E-1);
#17=COLOUR_RGB('',3.843137254902E-1,6.196078431373E-1,6.039215686275E-1);
#18=COLOUR_RGB('',3.92E-1,1.2E-2,1.2E-2);
#19=COLOUR_RGB('',4.1E-1,0.E0,2.2E-1);
#20=COLOUR_RGB('',4.431372549020E-1,6.352941176471E-1,1.E0);
#21=COLOUR_RGB('',5.019607843137E-1,5.019607843137E-1,5.019607843137E-1);
#22=COLOUR_RGB('',5.137254901961E-1,0.E0,0.E0);
#23=COLOUR_RGB('',5.764705882353E-1,6.470588235294E-1,1.E0);
#24=COLOUR_RGB('',5.882352941176E-1,8.196078431373E-1,9.098039215686E-1);
#25=COLOUR_RGB('',6.117647058824E-1,5.647058823529E-1,3.647058823529E-1);
#26=COLOUR_RGB('',6.392156862745E-1,4.E-1,2.078431372549E-1);
#27=COLOUR_RGB('',6.627450980392E-1,9.411764705882E-1,5.843137254902E-1);
#28=COLOUR_RGB('',6.666666666667E-1,6.392156862745E-1,6.196078431373E-1);
#29=COLOUR_RGB('',6.952E-1,7.426E-1,7.9E-1);
#30=COLOUR_RGB('',6.980392156863E-1,4.392156862745E-1,3.803921568627E-1);
#31=COLOUR_RGB('',7.568627450980E-1,7.882352941176E-1,1.098039215686E-1);
#32=COLOUR_RGB('',7.607843137255E-1,5.176470588235E-1,6.274509803922E-1);
#33=COLOUR_RGB('',7.647058823529E-1,9.921568627451E-1,1.E0);
#34=COLOUR_RGB('',7.84314E-1,7.84314E-1,7.84314E-1);
#35=COLOUR_RGB('',7.960784313725E-1,8.235294117647E-1,9.372549019608E-1);
#36=COLOUR_RGB('',8.392156862745E-1,4.470588235294E-1,3.882352941176E-1);
#37=COLOUR_RGB('',8.784E-1,9.49E-1,1.E0);
#38=COLOUR_RGB('',9.490196078431E-1,7.568627450980E-1,1.764705882353E-1);
#39=COLOUR_RGB('',9.6E-1,9.6E-1,9.6E-1);
#40=COLOUR_RGB('',9.8E-1,6.27E-1,0.E0);
#41=COLOUR_RGB('',9.882352941176E-1,7.686274509804E-1,8.E-1);
#42=DRAUGHTING_PRE_DEFINED_COLOUR('red');
#43=COLOUR_RGB('',1.E0,3.529411764706E-2,1.098039215686E-1);
#44=COLOUR_RGB('',1.E0,1.647058823529E-1,2.196078431373E-1);
#45=COLOUR_RGB('',1.E0,4.470588235294E-1,3.333333333333E-1);
#46=COLOUR_RGB('',1.E0,4.823529411765E-1,3.529411764706E-2);
#47=COLOUR_RGB('',1.E0,8.078431372549E-1,4.588235294118E-1);
#48=COLOUR_RGB('',1.E0,8.705882352941E-1,2.745098039216E-2);
#49=DRAUGHTING_PRE_DEFINED_COLOUR('yellow');
#50=COLOUR_RGB('',1.E0,1.E0,9.49E-1);
#51=DRAUGHTING_PRE_DEFINED_COLOUR('white');
#72=CIRCLE('',#71,6.742640687119E-1);
#80=CIRCLE('',#79,6.742640687119E-1);
#88=CIRCLE('',#87,6.742640687119E-1);
#96=CIRCLE('',#95,6.742640687119E-1);
#118=CIRCLE('',#117,7.E-1);
#133=CIRCLE('',#132,7.E-1);
#148=CIRCLE('',#147,7.E-1);
#163=CIRCLE('',#162,7.E-1);
#178=CIRCLE('',#177,1.E-1);
#186=CIRCLE('',#185,1.E-1);
#194=CIRCLE('',#193,1.E-1);
#202=CIRCLE('',#201,1.E-1);
#224=CIRCLE('',#223,7.E-1);
#232=CIRCLE('',#231,7.E-1);
#240=CIRCLE('',#239,7.E-1);
#262=CIRCLE('',#261,7.E-1);
#270=CIRCLE('',#269,7.E-1);
#278=CIRCLE('',#277,7.E-1);
#314=CIRCLE('',#313,7.E-1);
#322=CIRCLE('',#321,7.E-1);
#330=CIRCLE('',#329,7.E-1);
#352=CIRCLE('',#351,6.742640687119E-1);
#360=CIRCLE('',#359,6.742640687119E-1);
#368=CIRCLE('',#367,6.742640687119E-1);
#376=CIRCLE('',#375,6.742640687119E-1);
#398=CIRCLE('',#397,4.5E-1);
#406=CIRCLE('',#405,4.5E-1);
#414=CIRCLE('',#413,2.5E-1);
#422=CIRCLE('',#421,2.5E-1);
#430=CIRCLE('',#429,4.5E-1);
#438=CIRCLE('',#437,4.5E-1);
#446=CIRCLE('',#445,2.5E-1);
#454=CIRCLE('',#453,2.5E-1);
#462=CIRCLE('',#461,7.E-1);
#470=CIRCLE('',#469,7.E-1);
#478=CIRCLE('',#477,7.E-1);
#531=B_SPLINE_CURVE_WITH_KNOTS('',3,(#510,#511,#512,#513,#514,#515,#516,#517,
#518,#519,#520,#521,#522,#523,#524,#525,#526,#527,#528,#529,#530),.UNSPECIFIED.,
.F.,.F.,(4,1,1,1,1,1,1,1,1,1,1,1,1,1,1,1,1,1,4),(0.E0,4.306779984850E-2,
1.083437941473E-1,1.736197884462E-1,2.388957827450E-1,3.041717770438E-1,
3.694477713427E-1,4.347237656415E-1,4.673617627909E-1,4.999997599403E-1,
5.326377570897E-1,5.652757542392E-1,6.305517485380E-1,6.958277428368E-1,
7.611037371357E-1,8.263797314345E-1,8.916557257333E-1,9.569317200322E-1,1.E0),
.UNSPECIFIED.);
#556=B_SPLINE_CURVE_WITH_KNOTS('',3,(#535,#536,#537,#538,#539,#540,#541,#542,
#543,#544,#545,#546,#547,#548,#549,#550,#551,#552,#553,#554,#555),.UNSPECIFIED.,
.F.,.F.,(4,1,1,1,1,1,1,1,1,1,1,1,1,1,1,1,1,1,4),(0.E0,4.306779984877E-2,
1.083437941476E-1,1.736197884464E-1,2.388957827452E-1,3.041717770440E-1,
3.694477713428E-1,4.347237656417E-1,4.673617627911E-1,4.999997599405E-1,
5.326377570899E-1,5.652757542393E-1,6.305517485381E-1,6.958277428369E-1,
7.611037371357E-1,8.263797314345E-1,8.916557257334E-1,9.569317200322E-1,1.E0),
.UNSPECIFIED.);
#581=B_SPLINE_CURVE_WITH_KNOTS('',3,(#560,#561,#562,#563,#564,#565,#566,#567,
#568,#569,#570,#571,#572,#573,#574,#575,#576,#577,#578,#579,#580),.UNSPECIFIED.,
.F.,.F.,(4,1,1,1,1,1,1,1,1,1,1,1,1,1,1,1,1,1,4),(0.E0,4.306779984880E-2,
1.083437941476E-1,1.736197884464E-1,2.388957827452E-1,3.041717770440E-1,
3.694477713429E-1,4.347237656417E-1,4.673617627911E-1,4.999997599405E-1,
5.326377570899E-1,5.652757542393E-1,6.305517485381E-1,6.958277428369E-1,
7.611037371357E-1,8.263797314345E-1,8.916557257334E-1,9.569317200322E-1,1.E0),
.UNSPECIFIED.);
#606=B_SPLINE_CURVE_WITH_KNOTS('',3,(#585,#586,#587,#588,#589,#590,#591,#592,
#593,#594,#595,#596,#597,#598,#599,#600,#601,#602,#603,#604,#605),.UNSPECIFIED.,
.F.,.F.,(4,1,1,1,1,1,1,1,1,1,1,1,1,1,1,1,1,1,4),(0.E0,4.306779984864E-2,
1.083437941475E-1,1.736197884463E-1,2.388957827451E-1,3.041717770439E-1,
3.694477713427E-1,4.347237656416E-1,4.673617627910E-1,4.999997599404E-1,
5.326377570898E-1,5.652757542392E-1,6.305517485380E-1,6.958277428369E-1,
7.611037371357E-1,8.263797314345E-1,8.916557257333E-1,9.569317200321E-1,1.E0),
.UNSPECIFIED.);
#673=B_SPLINE_CURVE_WITH_KNOTS('',3,(#652,#653,#654,#655,#656,#657,#658,#659,
#660,#661,#662,#663,#664,#665,#666,#667,#668,#669,#670,#671,#672),.UNSPECIFIED.,
.F.,.F.,(4,1,1,1,1,1,1,1,1,1,1,1,1,1,1,1,1,1,4),(0.E0,4.306780077316E-2,
1.083437937609E-1,1.736197867486E-1,2.388957797363E-1,3.041717727240E-1,
3.694477657117E-1,4.347237586994E-1,4.673617551933E-1,4.999997516871E-1,
5.326377481810E-1,5.652757446748E-1,6.305517376625E-1,6.958277306503E-1,
7.611037236380E-1,8.263797166257E-1,8.916557096134E-1,9.569317026011E-1,1.E0),
.UNSPECIFIED.);
#698=B_SPLINE_CURVE_WITH_KNOTS('',3,(#677,#678,#679,#680,#681,#682,#683,#684,
#685,#686,#687,#688,#689,#690,#691,#692,#693,#694,#695,#696,#697),.UNSPECIFIED.,
.F.,.F.,(4,1,1,1,1,1,1,1,1,1,1,1,1,1,1,1,1,1,4),(0.E0,4.306780077285E-2,
1.083437937606E-1,1.736197867483E-1,2.388957797361E-1,3.041717727238E-1,
3.694477657115E-1,4.347237586993E-1,4.673617551931E-1,4.999997516870E-1,
5.326377481809E-1,5.652757446747E-1,6.305517376625E-1,6.958277306502E-1,
7.611037236380E-1,8.263797166257E-1,8.916557096134E-1,9.569317026012E-1,1.E0),
.UNSPECIFIED.);
#723=B_SPLINE_CURVE_WITH_KNOTS('',3,(#702,#703,#704,#705,#706,#707,#708,#709,
#710,#711,#712,#713,#714,#715,#716,#717,#718,#719,#720,#721,#722),.UNSPECIFIED.,
.F.,.F.,(4,1,1,1,1,1,1,1,1,1,1,1,1,1,1,1,1,1,4),(0.E0,4.306780077284E-2,
1.083437937606E-1,1.736197867483E-1,2.388957797361E-1,3.041717727238E-1,
3.694477657115E-1,4.347237586993E-1,4.673617551931E-1,4.999997516870E-1,
5.326377481809E-1,5.652757446748E-1,6.305517376625E-1,6.958277306502E-1,
7.611037236380E-1,8.263797166257E-1,8.916557096135E-1,9.569317026012E-1,1.E0),
.UNSPECIFIED.);
#748=B_SPLINE_CURVE_WITH_KNOTS('',3,(#727,#728,#729,#730,#731,#732,#733,#734,
#735,#736,#737,#738,#739,#740,#741,#742,#743,#744,#745,#746,#747),.UNSPECIFIED.,
.F.,.F.,(4,1,1,1,1,1,1,1,1,1,1,1,1,1,1,1,1,1,4),(0.E0,4.306780077327E-2,
1.083437937610E-1,1.736197867487E-1,2.388957797364E-1,3.041717727241E-1,
3.694477657118E-1,4.347237586995E-1,4.673617551933E-1,4.999997516872E-1,
5.326377481810E-1,5.652757446749E-1,6.305517376626E-1,6.958277306503E-1,
7.611037236380E-1,8.263797166257E-1,8.916557096134E-1,9.569317026011E-1,1.E0),
.UNSPECIFIED.);
#770=CIRCLE('',#769,1.E-1);
#778=CIRCLE('',#777,1.E-1);
#786=CIRCLE('',#785,1.E-1);
#822=CIRCLE('',#821,1.E-1);
#830=CIRCLE('',#829,1.E-1);
#838=CIRCLE('',#837,1.E-1);
#860=CIRCLE('',#859,1.E-1);
#868=CIRCLE('',#867,1.E-1);
#876=CIRCLE('',#875,1.E-1);
#884=CIRCLE('',#883,1.E-1);
#892=CIRCLE('',#891,1.E-1);
#900=CIRCLE('',#899,1.E-1);
#929=B_SPLINE_CURVE_WITH_KNOTS('',3,(#918,#919,#920,#921,#922,#923,#924,#925,
#926,#927,#928),.UNSPECIFIED.,.F.,.F.,(4,1,1,1,1,1,1,1,4),(0.E0,
1.073325521416E-1,2.364139967430E-1,3.654954413444E-1,4.945768859458E-1,
6.236583305473E-1,7.527397751487E-1,8.818212197501E-1,1.E0),.UNSPECIFIED.);
#954=B_SPLINE_CURVE_WITH_KNOTS('',3,(#933,#934,#935,#936,#937,#938,#939,#940,
#941,#942,#943,#944,#945,#946,#947,#948,#949,#950,#951,#952,#953),.UNSPECIFIED.,
.F.,.F.,(4,1,1,1,1,1,1,1,1,1,1,1,1,1,1,1,1,1,4),(0.E0,4.305708511911E-2,
1.083330780991E-1,1.736090710791E-1,2.388850640592E-1,3.041610570392E-1,
3.694370500192E-1,4.347130429992E-1,4.673510394892E-1,4.999890359792E-1,
5.326270324692E-1,5.652650289592E-1,6.305410219393E-1,6.958170149193E-1,
7.610930078993E-1,8.263690008793E-1,8.916449938593E-1,9.569209868394E-1,1.E0),
.UNSPECIFIED.);
#979=B_SPLINE_CURVE_WITH_KNOTS('',3,(#958,#959,#960,#961,#962,#963,#964,#965,
#966,#967,#968,#969,#970,#971,#972,#973,#974,#975,#976,#977,#978),.UNSPECIFIED.,
.F.,.F.,(4,1,1,1,1,1,1,1,1,1,1,1,1,1,1,1,1,1,4),(0.E0,4.305708511764E-2,
1.083330780977E-1,1.736090710777E-1,2.388850640577E-1,3.041610570378E-1,
3.694370500178E-1,4.347130429978E-1,4.673510394879E-1,4.999890359779E-1,
5.326270324679E-1,5.652650289579E-1,6.305410219379E-1,6.958170149180E-1,
7.610930078980E-1,8.263690008780E-1,8.916449938581E-1,9.569209868381E-1,1.E0),
.UNSPECIFIED.);
#994=B_SPLINE_CURVE_WITH_KNOTS('',3,(#983,#984,#985,#986,#987,#988,#989,#990,
#991,#992,#993),.UNSPECIFIED.,.F.,.F.,(4,1,1,1,1,1,1,1,4),(0.E0,
1.073325521411E-1,2.364139967426E-1,3.654954413441E-1,4.945768859456E-1,
6.236583305471E-1,7.527397751486E-1,8.818212197501E-1,1.E0),.UNSPECIFIED.);
#1009=B_SPLINE_CURVE_WITH_KNOTS('',3,(#998,#999,#1000,#1001,#1002,#1003,#1004,
#1005,#1006,#1007,#1008),.UNSPECIFIED.,.F.,.F.,(4,1,1,1,1,1,1,1,4),(0.E0,
1.073325521419E-1,2.364139967433E-1,3.654954413447E-1,4.945768859461E-1,
6.236583305475E-1,7.527397751488E-1,8.818212197502E-1,1.E0),.UNSPECIFIED.);
#1034=B_SPLINE_CURVE_WITH_KNOTS('',3,(#1013,#1014,#1015,#1016,#1017,#1018,#1019,
#1020,#1021,#1022,#1023,#1024,#1025,#1026,#1027,#1028,#1029,#1030,#1031,#1032,
#1033),.UNSPECIFIED.,.F.,.F.,(4,1,1,1,1,1,1,1,1,1,1,1,1,1,1,1,1,1,4),(0.E0,
4.305708511276E-2,1.083330780932E-1,1.736090710737E-1,2.388850640542E-1,
3.041610570346E-1,3.694370500151E-1,4.347130429956E-1,4.673510394858E-1,
4.999890359761E-1,5.326270324663E-1,5.652650289565E-1,6.305410219370E-1,
6.958170149175E-1,7.610930078979E-1,8.263690008784E-1,8.916449938589E-1,
9.569209868393E-1,1.E0),.UNSPECIFIED.);
#1059=B_SPLINE_CURVE_WITH_KNOTS('',3,(#1038,#1039,#1040,#1041,#1042,#1043,#1044,
#1045,#1046,#1047,#1048,#1049,#1050,#1051,#1052,#1053,#1054,#1055,#1056,#1057,
#1058),.UNSPECIFIED.,.F.,.F.,(4,1,1,1,1,1,1,1,1,1,1,1,1,1,1,1,1,1,4),(0.E0,
4.305708511737E-2,1.083330780974E-1,1.736090710775E-1,2.388850640575E-1,
3.041610570376E-1,3.694370500176E-1,4.347130429977E-1,4.673510394877E-1,
4.999890359777E-1,5.326270324677E-1,5.652650289578E-1,6.305410219378E-1,
6.958170149179E-1,7.610930078979E-1,8.263690008780E-1,8.916449938580E-1,
9.569209868381E-1,1.E0),.UNSPECIFIED.);
#1074=B_SPLINE_CURVE_WITH_KNOTS('',3,(#1063,#1064,#1065,#1066,#1067,#1068,#1069,
#1070,#1071,#1072,#1073),.UNSPECIFIED.,.F.,.F.,(4,1,1,1,1,1,1,1,4),(0.E0,
1.073325521419E-1,2.364139967433E-1,3.654954413448E-1,4.945768859462E-1,
6.236583305476E-1,7.527397751490E-1,8.818212197504E-1,1.E0),.UNSPECIFIED.);
#1089=B_SPLINE_CURVE_WITH_KNOTS('',3,(#1078,#1079,#1080,#1081,#1082,#1083,#1084,
#1085,#1086,#1087,#1088),.UNSPECIFIED.,.F.,.F.,(4,1,1,1,1,1,1,1,4),(0.E0,
1.086466962470E-1,2.390979545506E-1,3.695492128542E-1,5.000004711577E-1,
6.304517294613E-1,7.609029877649E-1,8.913542460685E-1,1.E0),.UNSPECIFIED.);
#1114=B_SPLINE_CURVE_WITH_KNOTS('',3,(#1093,#1094,#1095,#1096,#1097,#1098,#1099,
#1100,#1101,#1102,#1103,#1104,#1105,#1106,#1107,#1108,#1109,#1110,#1111,#1112,
#1113),.UNSPECIFIED.,.F.,.F.,(4,1,1,1,1,1,1,1,1,1,1,1,1,1,1,1,1,1,4),(0.E0,
4.305726893029E-2,1.083332632216E-1,1.736092575129E-1,2.388852518042E-1,
3.041612460955E-1,3.694372403868E-1,4.347132346781E-1,4.673512318238E-1,
4.999892289694E-1,5.326272261151E-1,5.652652232607E-1,6.305412175520E-1,
6.958172118434E-1,7.610932061347E-1,8.263692004260E-1,8.916451947173E-1,
9.569211890086E-1,1.E0),.UNSPECIFIED.);
#1139=B_SPLINE_CURVE_WITH_KNOTS('',3,(#1118,#1119,#1120,#1121,#1122,#1123,#1124,
#1125,#1126,#1127,#1128,#1129,#1130,#1131,#1132,#1133,#1134,#1135,#1136,#1137,
#1138),.UNSPECIFIED.,.F.,.F.,(4,1,1,1,1,1,1,1,1,1,1,1,1,1,1,1,1,1,4),(0.E0,
4.305726893032E-2,1.083332632216E-1,1.736092575129E-1,2.388852518042E-1,
3.041612460956E-1,3.694372403869E-1,4.347132346782E-1,4.673512318238E-1,
4.999892289695E-1,5.326272261151E-1,5.652652232608E-1,6.305412175521E-1,
6.958172118434E-1,7.610932061347E-1,8.263692004260E-1,8.916451947173E-1,
9.569211890086E-1,1.E0),.UNSPECIFIED.);
#1154=B_SPLINE_CURVE_WITH_KNOTS('',3,(#1143,#1144,#1145,#1146,#1147,#1148,#1149,
#1150,#1151,#1152,#1153),.UNSPECIFIED.,.F.,.F.,(4,1,1,1,1,1,1,1,4),(0.E0,
1.086466962470E-1,2.390979545505E-1,3.695492128541E-1,5.000004711577E-1,
6.304517294613E-1,7.609029877649E-1,8.913542460685E-1,1.E0),.UNSPECIFIED.);
#1169=B_SPLINE_CURVE_WITH_KNOTS('',3,(#1158,#1159,#1160,#1161,#1162,#1163,#1164,
#1165,#1166,#1167,#1168),.UNSPECIFIED.,.F.,.F.,(4,1,1,1,1,1,1,1,4),(0.E0,
1.086466962470E-1,2.390979545505E-1,3.695492128541E-1,5.000004711577E-1,
6.304517294613E-1,7.609029877649E-1,8.913542460685E-1,1.E0),.UNSPECIFIED.);
#1194=B_SPLINE_CURVE_WITH_KNOTS('',3,(#1173,#1174,#1175,#1176,#1177,#1178,#1179,
#1180,#1181,#1182,#1183,#1184,#1185,#1186,#1187,#1188,#1189,#1190,#1191,#1192,
#1193),.UNSPECIFIED.,.F.,.F.,(4,1,1,1,1,1,1,1,1,1,1,1,1,1,1,1,1,1,4),(0.E0,
4.305726893028E-2,1.083332632216E-1,1.736092575129E-1,2.388852518042E-1,
3.041612460955E-1,3.694372403868E-1,4.347132346781E-1,4.673512318238E-1,
4.999892289694E-1,5.326272261151E-1,5.652652232607E-1,6.305412175520E-1,
6.958172118433E-1,7.610932061346E-1,8.263692004259E-1,8.916451947172E-1,
9.569211890086E-1,1.E0),.UNSPECIFIED.);
#1219=B_SPLINE_CURVE_WITH_KNOTS('',3,(#1198,#1199,#1200,#1201,#1202,#1203,#1204,
#1205,#1206,#1207,#1208,#1209,#1210,#1211,#1212,#1213,#1214,#1215,#1216,#1217,
#1218),.UNSPECIFIED.,.F.,.F.,(4,1,1,1,1,1,1,1,1,1,1,1,1,1,1,1,1,1,4),(0.E0,
4.305726893030E-2,1.083332632216E-1,1.736092575129E-1,2.388852518043E-1,
3.041612460956E-1,3.694372403869E-1,4.347132346782E-1,4.673512318239E-1,
4.999892289695E-1,5.326272261152E-1,5.652652232609E-1,6.305412175522E-1,
6.958172118435E-1,7.610932061348E-1,8.263692004261E-1,8.916451947175E-1,
9.569211890088E-1,1.E0),.UNSPECIFIED.);
#1234=B_SPLINE_CURVE_WITH_KNOTS('',3,(#1223,#1224,#1225,#1226,#1227,#1228,#1229,
#1230,#1231,#1232,#1233),.UNSPECIFIED.,.F.,.F.,(4,1,1,1,1,1,1,1,4),(0.E0,
1.086466962469E-1,2.390979545505E-1,3.695492128541E-1,5.000004711577E-1,
6.304517294613E-1,7.609029877649E-1,8.913542460685E-1,1.E0),.UNSPECIFIED.);
#1242=CIRCLE('',#1241,4.5E-1);
#1250=CIRCLE('',#1249,4.5E-1);
#1266=B_SPLINE_CURVE_WITH_KNOTS('',3,(#1254,#1255,#1256,#1257,#1258,#1259,#1260,
#1261,#1262,#1263,#1264,#1265),.UNSPECIFIED.,.F.,.F.,(4,1,1,1,1,1,1,1,1,4),
(0.E0,1.111111111111E-1,2.222222222222E-1,3.333333333333E-1,4.444444444444E-1,
5.555555555556E-1,6.666666666667E-1,7.777777777778E-1,8.888888888889E-1,1.E0),
.UNSPECIFIED.);
#1282=B_SPLINE_CURVE_WITH_KNOTS('',3,(#1270,#1271,#1272,#1273,#1274,#1275,#1276,
#1277,#1278,#1279,#1280,#1281),.UNSPECIFIED.,.F.,.F.,(4,1,1,1,1,1,1,1,1,4),
(0.E0,1.111111111111E-1,2.222222222222E-1,3.333333333333E-1,4.444444444444E-1,
5.555555555556E-1,6.666666666667E-1,7.777777777778E-1,8.888888888889E-1,1.E0),
.UNSPECIFIED.);
#1290=CIRCLE('',#1289,4.5E-1);
#1298=CIRCLE('',#1297,4.5E-1);
#1314=B_SPLINE_CURVE_WITH_KNOTS('',3,(#1302,#1303,#1304,#1305,#1306,#1307,#1308,
#1309,#1310,#1311,#1312,#1313),.UNSPECIFIED.,.F.,.F.,(4,1,1,1,1,1,1,1,1,4),
(0.E0,1.111111111111E-1,2.222222222222E-1,3.333333333333E-1,4.444444444444E-1,
5.555555555556E-1,6.666666666667E-1,7.777777777778E-1,8.888888888889E-1,1.E0),
.UNSPECIFIED.);
#1330=B_SPLINE_CURVE_WITH_KNOTS('',3,(#1318,#1319,#1320,#1321,#1322,#1323,#1324,
#1325,#1326,#1327,#1328,#1329),.UNSPECIFIED.,.F.,.F.,(4,1,1,1,1,1,1,1,1,4),
(0.E0,1.111111111111E-1,2.222222222222E-1,3.333333333333E-1,4.444444444444E-1,
5.555555555556E-1,6.666666666667E-1,7.777777777778E-1,8.888888888889E-1,1.E0),
.UNSPECIFIED.);
#1465=EDGE_CURVE('',#1336,#1337,#64,.T.);
#1467=EDGE_CURVE('',#1339,#1336,#292,.T.);
#1469=EDGE_CURVE('',#1341,#1339,#247,.T.);
#1471=EDGE_CURVE('',#1337,#1341,#209,.T.);
#1475=ADVANCED_FACE('',(#1474),#1464,.F.);
#1481=EDGE_CURVE('',#1344,#1345,#56,.T.);
#1483=EDGE_CURVE('',#1336,#1345,#322,.T.);
#1486=EDGE_CURVE('',#1344,#1337,#478,.T.);
#1490=ADVANCED_FACE('',(#1489),#1480,.T.);
#1496=EDGE_CURVE('',#1429,#1344,#103,.T.);
#1498=EDGE_CURVE('',#1431,#1429,#170,.T.);
#1500=EDGE_CURVE('',#1345,#1431,#306,.T.);
#1505=EDGE_CURVE('',#1348,#1349,#72,.T.);
#1507=EDGE_CURVE('',#1349,#1348,#80,.T.);
#1511=EDGE_CURVE('',#1352,#1353,#88,.T.);
#1513=EDGE_CURVE('',#1353,#1352,#96,.T.);
#1517=ADVANCED_FACE('',(#1504,#1510,#1516),#1495,.T.);
#1523=EDGE_CURVE('',#1429,#1433,#118,.T.);
#1526=EDGE_CURVE('',#1355,#1344,#470,.T.);
#1528=EDGE_CURVE('',#1355,#1433,#110,.T.);
#1532=ADVANCED_FACE('',(#1531),#1522,.T.);
#1539=EDGE_CURVE('',#1433,#1435,#125,.T.);
#1541=EDGE_CURVE('',#1435,#1437,#133,.T.);
#1543=EDGE_CURVE('',#1437,#1439,#140,.T.);
#1545=EDGE_CURVE('',#1439,#1441,#148,.T.);
#1547=EDGE_CURVE('',#1441,#1443,#155,.T.);
#1549=EDGE_CURVE('',#1443,#1431,#163,.T.);
#1554=EDGE_CURVE('',#1446,#1447,#485,.T.);
#1556=EDGE_CURVE('',#1446,#1449,#178,.T.);
#1558=EDGE_CURVE('',#1451,#1449,#648,.T.);
#1560=EDGE_CURVE('',#1451,#1453,#186,.T.);
#1562=EDGE_CURVE('',#1455,#1453,#627,.T.);
#1564=EDGE_CURVE('',#1455,#1457,#194,.T.);
#1566=EDGE_CURVE('',#1459,#1457,#506,.T.);
#1568=EDGE_CURVE('',#1459,#1447,#202,.T.);
#1572=ADVANCED_FACE('',(#1553,#1571),#1537,.T.);
#1579=EDGE_CURVE('',#1357,#1355,#216,.T.);
#1581=EDGE_CURVE('',#1435,#1357,#383,.T.);
#1586=ADVANCED_FACE('',(#1585),#1577,.T.);
#1593=EDGE_CURVE('',#1357,#1341,#224,.T.);
#1596=EDGE_CURVE('',#1337,#1355,#462,.T.);
#1600=ADVANCED_FACE('',(#1599),#1591,.T.);
#1607=EDGE_CURVE('',#1341,#1359,#232,.T.);
#1609=EDGE_CURVE('',#1359,#1357,#240,.T.);
#1613=ADVANCED_FACE('',(#1612),#1605,.T.);
#1620=EDGE_CURVE('',#1361,#1339,#262,.T.);
#1622=EDGE_CURVE('',#1361,#1359,#254,.T.);
#1627=ADVANCED_FACE('',(#1626),#1618,.T.);
#1634=EDGE_CURVE('',#1339,#1363,#270,.T.);
#1636=EDGE_CURVE('',#1363,#1361,#278,.T.);
#1640=ADVANCED_FACE('',(#1639),#1632,.T.);
#1646=EDGE_CURVE('',#1365,#1363,#285,.T.);
#1650=EDGE_CURVE('',#1365,#1336,#314,.T.);
#1654=ADVANCED_FACE('',(#1653),#1645,.T.);
#1660=EDGE_CURVE('',#1443,#1365,#299,.T.);
#1663=EDGE_CURVE('',#1363,#1441,#344,.T.);
#1668=ADVANCED_FACE('',(#1667),#1659,.T.);
#1676=EDGE_CURVE('',#1345,#1365,#330,.T.);
#1681=ADVANCED_FACE('',(#1680),#1673,.T.);
#1692=ADVANCED_FACE('',(#1691),#1686,.T.);
#1699=EDGE_CURVE('',#1439,#1361,#337,.T.);
#1705=ADVANCED_FACE('',(#1704),#1697,.T.);
#1713=EDGE_CURVE('',#1359,#1437,#390,.T.);
#1718=EDGE_CURVE('',#1368,#1369,#352,.T.);
#1720=EDGE_CURVE('',#1369,#1368,#360,.T.);
#1724=EDGE_CURVE('',#1372,#1373,#368,.T.);
#1726=EDGE_CURVE('',#1373,#1372,#376,.T.);
#1730=ADVANCED_FACE('',(#1717,#1723,#1729),#1710,.T.);
#1742=ADVANCED_FACE('',(#1741),#1735,.T.);
#1749=EDGE_CURVE('',#1375,#1368,#406,.T.);
#1751=EDGE_CURVE('',#1377,#1375,#414,.T.);
#1753=EDGE_CURVE('',#1377,#1369,#398,.T.);
#1757=ADVANCED_FACE('',(#1756),#1747,.T.);
#1765=EDGE_CURVE('',#1375,#1377,#422,.T.);
#1770=ADVANCED_FACE('',(#1769),#1762,.T.);
#1780=ADVANCED_FACE('',(#1779),#1775,.T.);
#1787=EDGE_CURVE('',#1379,#1372,#438,.T.);
#1789=EDGE_CURVE('',#1381,#1379,#446,.T.);
#1791=EDGE_CURVE('',#1381,#1373,#430,.T.);
#1795=ADVANCED_FACE('',(#1794),#1785,.T.);
#1803=EDGE_CURVE('',#1379,#1381,#454,.T.);
#1808=ADVANCED_FACE('',(#1807),#1800,.T.);
#1818=ADVANCED_FACE('',(#1817),#1813,.T.);
#1829=ADVANCED_FACE('',(#1828),#1823,.T.);
#1836=EDGE_CURVE('',#1385,#1447,#499,.T.);
#1838=EDGE_CURVE('',#1384,#1385,#907,.T.);
#1840=EDGE_CURVE('',#1446,#1384,#755,.T.);
#1844=ADVANCED_FACE('',(#1843),#1834,.F.);
#1851=EDGE_CURVE('',#1459,#1387,#492,.T.);
#1853=EDGE_CURVE('',#1385,#1387,#892,.T.);
#1858=ADVANCED_FACE('',(#1857),#1849,.F.);
#1865=EDGE_CURVE('',#1389,#1457,#620,.T.);
#1867=EDGE_CURVE('',#1387,#1389,#807,.T.);
#1872=EDGE_CURVE('',#1390,#1391,#531,.T.);
#1874=EDGE_CURVE('',#1391,#1390,#556,.T.);
#1878=EDGE_CURVE('',#1392,#1393,#581,.T.);
#1880=EDGE_CURVE('',#1393,#1392,#606,.T.);
#1884=ADVANCED_FACE('',(#1871,#1877,#1883),#1863,.F.);
#1891=EDGE_CURVE('',#1455,#1395,#613,.T.);
#1893=EDGE_CURVE('',#1389,#1395,#838,.T.);
#1898=ADVANCED_FACE('',(#1897),#1889,.F.);
#1905=EDGE_CURVE('',#1397,#1453,#641,.T.);
#1907=EDGE_CURVE('',#1395,#1397,#852,.T.);
#1912=ADVANCED_FACE('',(#1911),#1903,.F.);
#1919=EDGE_CURVE('',#1451,#1399,#634,.T.);
#1921=EDGE_CURVE('',#1397,#1399,#868,.T.);
#1926=ADVANCED_FACE('',(#1925),#1917,.F.);
#1933=EDGE_CURVE('',#1401,#1449,#762,.T.);
#1935=EDGE_CURVE('',#1399,#1401,#800,.T.);
#1940=EDGE_CURVE('',#1402,#1403,#673,.T.);
#1942=EDGE_CURVE('',#1403,#1402,#698,.T.);
#1946=EDGE_CURVE('',#1404,#1405,#723,.T.);
#1948=EDGE_CURVE('',#1405,#1404,#748,.T.);
#1952=ADVANCED_FACE('',(#1939,#1945,#1951),#1931,.F.);
#1960=EDGE_CURVE('',#1401,#1384,#778,.T.);
#1965=ADVANCED_FACE('',(#1964),#1957,.F.);
#1971=EDGE_CURVE('',#1407,#1401,#770,.T.);
#1974=EDGE_CURVE('',#1384,#1407,#786,.T.);
#1978=ADVANCED_FACE('',(#1977),#1970,.F.);
#1984=EDGE_CURVE('',#1407,#1409,#793,.T.);
#1986=EDGE_CURVE('',#1399,#1409,#876,.T.);
#1992=ADVANCED_FACE('',(#1991),#1983,.F.);
#1998=EDGE_CURVE('',#1412,#1413,#814,.T.);
#2000=EDGE_CURVE('',#1409,#1412,#845,.T.);
#2003=EDGE_CURVE('',#1413,#1407,#914,.T.);
#2007=ADVANCED_FACE('',(#2006),#1997,.T.);
#2014=EDGE_CURVE('',#1412,#1389,#830,.T.);
#2017=EDGE_CURVE('',#1387,#1413,#900,.T.);
#2021=ADVANCED_FACE('',(#2020),#2012,.F.);
#2027=EDGE_CURVE('',#1395,#1412,#822,.T.);
#2033=ADVANCED_FACE('',(#2032),#2026,.F.);
#2042=EDGE_CURVE('',#1409,#1397,#860,.T.);
#2046=ADVANCED_FACE('',(#2045),#2038,.F.);
#2057=ADVANCED_FACE('',(#2056),#2051,.F.);
#2063=EDGE_CURVE('',#1413,#1385,#884,.T.);
#2069=ADVANCED_FACE('',(#2068),#2062,.F.);
#2081=ADVANCED_FACE('',(#2080),#2074,.F.);
#2314=EDGE_CURVE('',#1414,#1415,#954,.T.);
#2316=EDGE_CURVE('',#1403,#1414,#994,.T.);
#2319=EDGE_CURVE('',#1402,#1415,#929,.T.);
#2323=ADVANCED_FACE('',(#2322),#2313,.T.);
#2330=EDGE_CURVE('',#1415,#1414,#979,.T.);
#2334=ADVANCED_FACE('',(#2333),#2328,.F.);
#2573=ADVANCED_FACE('',(#2572),#2566,.T.);
#2806=EDGE_CURVE('',#1416,#1417,#1034,.T.);
#2808=EDGE_CURVE('',#1405,#1416,#1074,.T.);
#2811=EDGE_CURVE('',#1404,#1417,#1009,.T.);
#2815=ADVANCED_FACE('',(#2814),#2805,.T.);
#2822=EDGE_CURVE('',#1417,#1416,#1059,.T.);
#2826=ADVANCED_FACE('',(#2825),#2820,.F.);
#3065=ADVANCED_FACE('',(#3064),#3058,.T.);
#3298=EDGE_CURVE('',#1418,#1419,#1114,.T.);
#3300=EDGE_CURVE('',#1391,#1418,#1154,.T.);
#3303=EDGE_CURVE('',#1390,#1419,#1089,.T.);
#3307=ADVANCED_FACE('',(#3306),#3297,.T.);
#3314=EDGE_CURVE('',#1419,#1418,#1139,.T.);
#3318=ADVANCED_FACE('',(#3317),#3312,.T.);
#3557=ADVANCED_FACE('',(#3556),#3550,.T.);
#3790=EDGE_CURVE('',#1420,#1421,#1194,.T.);
#3792=EDGE_CURVE('',#1393,#1420,#1234,.T.);
#3795=EDGE_CURVE('',#1392,#1421,#1169,.T.);
#3799=ADVANCED_FACE('',(#3798),#3789,.T.);
#3806=EDGE_CURVE('',#1421,#1420,#1219,.T.);
#3810=ADVANCED_FACE('',(#3809),#3804,.T.);
#4049=ADVANCED_FACE('',(#4048),#4042,.T.);
#4056=EDGE_CURVE('',#1423,#1348,#1250,.T.);
#4058=EDGE_CURVE('',#1424,#1423,#1266,.T.);
#4060=EDGE_CURVE('',#1424,#1349,#1242,.T.);
#4064=ADVANCED_FACE('',(#4063),#4054,.T.);
#4072=EDGE_CURVE('',#1423,#1424,#1282,.T.);
#4077=ADVANCED_FACE('',(#4076),#4069,.T.);
#4087=ADVANCED_FACE('',(#4086),#4082,.F.);
#4094=EDGE_CURVE('',#1426,#1352,#1298,.T.);
#4096=EDGE_CURVE('',#1427,#1426,#1314,.T.);
#4098=EDGE_CURVE('',#1427,#1353,#1290,.T.);
#4102=ADVANCED_FACE('',(#4101),#4092,.T.);
#4110=EDGE_CURVE('',#1426,#1427,#1330,.T.);
#4115=ADVANCED_FACE('',(#4114),#4107,.T.);
#4125=ADVANCED_FACE('',(#4124),#4120,.F.);
#4134=(LENGTH_UNIT()NAMED_UNIT(*)SI_UNIT(.MILLI.,.METRE.));
#4135=(NAMED_UNIT(*)PLANE_ANGLE_UNIT()SI_UNIT($,.RADIAN.));
#4138=(NAMED_UNIT(*)SI_UNIT($,.STERADIAN.)SOLID_ANGLE_UNIT());
#4140=(GEOMETRIC_REPRESENTATION_CONTEXT(3)GLOBAL_UNCERTAINTY_ASSIGNED_CONTEXT((
#4139))GLOBAL_UNIT_ASSIGNED_CONTEXT((#4134,#4137,#4138))REPRESENTATION_CONTEXT(
'ID1','3'));
#4144=AXIS2_PLACEMENT_3D('',#4141,#4142,#4143);
#4145=ADVANCED_BREP_SHAPE_REPRESENTATION('',(#4144,#4127),#4140);
#4152=PRODUCT_DEFINITION('part definition','',#4151,#4148);
#4153=PRODUCT_DEFINITION_SHAPE('','SHAPE FOR SHE11_32X20_15_1_1.',#4152);
#4154=SHAPE_ASPECT('','solid data associated with SHE11_32X20_15_1_1',#4153,
.F.);
#4155=PROPERTY_DEFINITION('',
'shape for solid data with which properties are associated',#4154);
#4156=SHAPE_REPRESENTATION('',(#4127),#4140);
#4157=SHAPE_DEFINITION_REPRESENTATION(#4155,#4156);
#4158=(LENGTH_UNIT()NAMED_UNIT(*)SI_UNIT(.MILLI.,.METRE.));
#4162=PROPERTY_DEFINITION('geometric validation property',
'area of SHE11_32X20_15_1_1',#4154);
#4163=REPRESENTATION('surface area',(#4161),#4140);
#4164=PROPERTY_DEFINITION_REPRESENTATION(#4162,#4163);
#4165=(LENGTH_UNIT()NAMED_UNIT(*)SI_UNIT(.MILLI.,.METRE.));
#4169=PROPERTY_DEFINITION('geometric validation property',
'volume of SHE11_32X20_15_1_1',#4154);
#4170=REPRESENTATION('volume',(#4168),#4140);
#4171=PROPERTY_DEFINITION_REPRESENTATION(#4169,#4170);
#4173=PROPERTY_DEFINITION('geometric validation property',
'centroid of SHE11_32X20_15_1_1',#4154);
#4174=REPRESENTATION('centroid',(#4172),#4140);
#4175=PROPERTY_DEFINITION_REPRESENTATION(#4173,#4174);
#4176=(LENGTH_UNIT()NAMED_UNIT(*)SI_UNIT(.MILLI.,.METRE.));
#4180=PROPERTY_DEFINITION('geometric validation property',
'area of SHE11_32X20_15_1_1',#4153);
#4181=REPRESENTATION('surface area',(#4179),#4140);
#4182=PROPERTY_DEFINITION_REPRESENTATION(#4180,#4181);
#4183=(LENGTH_UNIT()NAMED_UNIT(*)SI_UNIT(.MILLI.,.METRE.));
#4187=PROPERTY_DEFINITION('geometric validation property',
'volume of SHE11_32X20_15_1_1',#4153);
#4188=REPRESENTATION('volume',(#4186),#4140);
#4189=PROPERTY_DEFINITION_REPRESENTATION(#4187,#4188);
#4191=PROPERTY_DEFINITION('geometric validation property',
'centroid of SHE11_32X20_15_1_1',#4153);
#4192=REPRESENTATION('centroid',(#4190),#4140);
#4193=PROPERTY_DEFINITION_REPRESENTATION(#4191,#4192);
#4194=SHAPE_DEFINITION_REPRESENTATION(#4153,#4145);
#4195=SHAPE_DEFINITION_REPRESENTATION(#4196,#4197);
#4196=PRODUCT_DEFINITION_SHAPE('','SHAPE FOR 32X20_ASM_41_ASM_1_ASM_1_ASM.',
#10450);
#4197=SHAPE_REPRESENTATION('',(#4212,#4207,#10432,#10427,#10445),#10441);
#4198=NEXT_ASSEMBLY_USAGE_OCCURRENCE('590','Next assembly relationship',
'SHE11_32X20',#10450,#4152,$);
#4199=PRODUCT_DEFINITION_SHAPE('Placement #590',
'Placement of SHE11_32X20_15_1_1 with respect to 32X20_ASM_41_ASM_1_ASM_1_ASM',
#4198);
#4201=PROPERTY_DEFINITION('geometric validation property',
'centroid of SHE11_32X20',#4199);
#4202=REPRESENTATION('centroid',(#4200),#4140);
#4203=PROPERTY_DEFINITION_REPRESENTATION(#4201,#4202);
#4212=AXIS2_PLACEMENT_3D('',#4209,#4210,#4211);
#4220=CIRCLE('',#4219,4.E-1);
#4228=CIRCLE('',#4227,4.E-1);
#4236=CIRCLE('',#4235,4.E-1);
#4244=CIRCLE('',#4243,4.E-1);
#4252=CIRCLE('',#4251,3.E-1);
#4260=CIRCLE('',#4259,3.E-1);
#4268=CIRCLE('',#4267,3.E-1);
#4276=CIRCLE('',#4275,3.E-1);
#4284=CIRCLE('',#4283,3.E-1);
#4292=CIRCLE('',#4291,3.E-1);
#4300=CIRCLE('',#4299,3.E-1);
#4308=CIRCLE('',#4307,3.E-1);
#4316=CIRCLE('',#4315,3.E-1);
#4324=CIRCLE('',#4323,3.E-1);
#4332=CIRCLE('',#4331,3.E-1);
#4340=CIRCLE('',#4339,3.E-1);
#4348=CIRCLE('',#4347,3.E-1);
#4356=CIRCLE('',#4355,3.E-1);
#4364=CIRCLE('',#4363,3.E-1);
#4372=CIRCLE('',#4371,3.E-1);
#4380=CIRCLE('',#4379,3.E-1);
#4388=CIRCLE('',#4387,3.E-1);
#4396=CIRCLE('',#4395,3.E-1);
#4404=CIRCLE('',#4403,3.E-1);
#4412=CIRCLE('',#4411,3.E-1);
#4420=CIRCLE('',#4419,3.E-1);
#4442=CIRCLE('',#4441,3.E-1);
#4450=CIRCLE('',#4449,7.E-1);
#4458=CIRCLE('',#4457,3.E-1);
#4480=CIRCLE('',#4479,3.E-1);
#4488=CIRCLE('',#4487,7.E-1);
#4496=CIRCLE('',#4495,3.E-1);
#4518=CIRCLE('',#4517,3.E-1);
#4526=CIRCLE('',#4525,7.E-1);
#4534=CIRCLE('',#4533,3.E-1);
#4556=CIRCLE('',#4555,3.E-1);
#4564=CIRCLE('',#4563,7.E-1);
#4572=CIRCLE('',#4571,3.E-1);
#4636=CIRCLE('',#4635,7.E-1);
#4651=CIRCLE('',#4650,7.E-1);
#4666=CIRCLE('',#4665,7.E-1);
#4681=CIRCLE('',#4680,7.E-1);
#4696=CIRCLE('',#4695,7.E-1);
#4704=CIRCLE('',#4703,7.E-1);
#4712=CIRCLE('',#4711,7.E-1);
#4720=CIRCLE('',#4719,7.E-1);
#4805=CIRCLE('',#4804,2.E-1);
#4827=CIRCLE('',#4826,7.E-1);
#4856=CIRCLE('',#4855,6.E-1);
#4864=CIRCLE('',#4863,6.E-1);
#4872=CIRCLE('',#4871,6.E-1);
#4880=CIRCLE('',#4879,6.E-1);
#4937=CIRCLE('',#4936,7.E-1);
#4959=CIRCLE('',#4958,2.E-1);
#5058=CIRCLE('',#5057,7.E-1);
#5080=CIRCLE('',#5079,2.E-1);
#5130=CIRCLE('',#5129,6.E-1);
#5138=CIRCLE('',#5137,6.E-1);
#5146=CIRCLE('',#5145,6.E-1);
#5154=CIRCLE('',#5153,6.E-1);
#5218=CIRCLE('',#5217,2.E-1);
#5240=CIRCLE('',#5239,7.E-1);
#5318=CIRCLE('',#5317,3.E-1);
#5340=CIRCLE('',#5339,2.E-1);
#5355=CIRCLE('',#5354,4.763269807085E-1);
#5363=CIRCLE('',#5362,4.763269807085E-1);
#5371=CIRCLE('',#5370,4.763269807084E-1);
#5379=CIRCLE('',#5378,4.763269807084E-1);
#5387=CIRCLE('',#5386,4.763269807085E-1);
#5395=CIRCLE('',#5394,4.763269807085E-1);
#5403=CIRCLE('',#5402,4.763269807085E-1);
#5411=CIRCLE('',#5410,4.763269807085E-1);
#5419=CIRCLE('',#5418,4.763269807084E-1);
#5427=CIRCLE('',#5426,4.763269807084E-1);
#5435=CIRCLE('',#5434,4.763269807084E-1);
#5443=CIRCLE('',#5442,4.763269807084E-1);
#5507=CIRCLE('',#5506,6.E-1);
#5515=CIRCLE('',#5514,6.E-1);
#5523=CIRCLE('',#5522,6.E-1);
#5531=CIRCLE('',#5530,6.E-1);
#5588=CIRCLE('',#5587,2.E-1);
#5617=CIRCLE('',#5616,3.E-1);
#5632=CIRCLE('',#5631,4.763269807085E-1);
#5640=CIRCLE('',#5639,4.763269807085E-1);
#5648=CIRCLE('',#5647,4.763269807085E-1);
#5656=CIRCLE('',#5655,4.763269807085E-1);
#5664=CIRCLE('',#5663,4.763269807085E-1);
#5672=CIRCLE('',#5671,4.763269807085E-1);
#5680=CIRCLE('',#5679,4.763269807084E-1);
#5688=CIRCLE('',#5687,4.763269807084E-1);
#5696=CIRCLE('',#5695,4.763269807084E-1);
#5704=CIRCLE('',#5703,4.763269807084E-1);
#5712=CIRCLE('',#5711,4.763269807084E-1);
#5720=CIRCLE('',#5719,4.763269807084E-1);
#5861=CIRCLE('',#5860,3.E-1);
#5883=CIRCLE('',#5882,2.E-1);
#5898=CIRCLE('',#5897,4.763269807085E-1);
#5906=CIRCLE('',#5905,4.763269807085E-1);
#5914=CIRCLE('',#5913,4.763269807085E-1);
#5922=CIRCLE('',#5921,4.763269807085E-1);
#5930=CIRCLE('',#5929,4.763269807085E-1);
#5938=CIRCLE('',#5937,4.763269807085E-1);
#5946=CIRCLE('',#5945,4.763269807085E-1);
#5954=CIRCLE('',#5953,4.763269807085E-1);
#5962=CIRCLE('',#5961,4.763269807084E-1);
#5970=CIRCLE('',#5969,4.763269807084E-1);
#5978=CIRCLE('',#5977,4.763269807084E-1);
#5986=CIRCLE('',#5985,4.763269807084E-1);
#6057=CIRCLE('',#6056,6.E-1);
#6065=CIRCLE('',#6064,6.E-1);
#6073=CIRCLE('',#6072,6.E-1);
#6081=CIRCLE('',#6080,6.E-1);
#6131=CIRCLE('',#6130,2.E-1);
#6160=CIRCLE('',#6159,3.E-1);
#6175=CIRCLE('',#6174,4.763269807085E-1);
#6183=CIRCLE('',#6182,4.763269807085E-1);
#6191=CIRCLE('',#6190,4.763269807085E-1);
#6199=CIRCLE('',#6198,4.763269807085E-1);
#6207=CIRCLE('',#6206,4.763269807084E-1);
#6215=CIRCLE('',#6214,4.763269807084E-1);
#6223=CIRCLE('',#6222,4.763269807085E-1);
#6231=CIRCLE('',#6230,4.763269807085E-1);
#6239=CIRCLE('',#6238,4.763269807084E-1);
#6247=CIRCLE('',#6246,4.763269807084E-1);
#6255=CIRCLE('',#6254,4.763269807084E-1);
#6263=CIRCLE('',#6262,4.763269807084E-1);
#6383=CIRCLE('',#6382,3.E-1);
#6391=CIRCLE('',#6390,3.E-1);
#6399=CIRCLE('',#6398,3.E-1);
#6414=CIRCLE('',#6413,3.E-1);
#6548=CIRCLE('',#6547,3.176326980709E-1);
#6556=CIRCLE('',#6555,3.176326980709E-1);
#6578=CIRCLE('',#6577,3.176326980709E-1);
#6586=CIRCLE('',#6585,3.176326980709E-1);
#6622=CIRCLE('',#6621,3.176326980709E-1);
#6630=CIRCLE('',#6629,3.176326980709E-1);
#6722=CIRCLE('',#6721,3.176326980709E-1);
#6730=CIRCLE('',#6729,3.176326980709E-1);
#6752=CIRCLE('',#6751,3.176326980709E-1);
#6760=CIRCLE('',#6759,3.176326980709E-1);
#6782=CIRCLE('',#6781,3.176326980709E-1);
#6790=CIRCLE('',#6789,3.176326980709E-1);
#6812=CIRCLE('',#6811,3.176326980709E-1);
#6820=CIRCLE('',#6819,3.176326980709E-1);
#6870=CIRCLE('',#6869,3.176326980709E-1);
#6878=CIRCLE('',#6877,3.176326980709E-1);
#6900=CIRCLE('',#6899,3.176326980709E-1);
#6908=CIRCLE('',#6907,3.176326980709E-1);
#6930=CIRCLE('',#6929,3.176326980709E-1);
#6938=CIRCLE('',#6937,3.176326980709E-1);
#7044=CIRCLE('',#7043,3.176326980709E-1);
#7052=CIRCLE('',#7051,3.176326980709E-1);
#7088=CIRCLE('',#7087,3.176326980709E-1);
#7096=CIRCLE('',#7095,3.176326980709E-1);
#7118=CIRCLE('',#7117,3.176326980709E-1);
#7126=CIRCLE('',#7125,3.176326980709E-1);
#7719=EDGE_CURVE('',#7188,#7189,#4427,.T.);
#7721=EDGE_CURVE('',#7188,#7191,#4220,.T.);
#7723=EDGE_CURVE('',#7193,#7191,#4541,.T.);
#7725=EDGE_CURVE('',#7193,#7195,#4228,.T.);
#7727=EDGE_CURVE('',#7197,#7195,#4503,.T.);
#7729=EDGE_CURVE('',#7197,#7199,#4236,.T.);
#7731=EDGE_CURVE('',#7201,#7199,#4465,.T.);
#7733=EDGE_CURVE('',#7201,#7189,#4244,.T.);
#7737=EDGE_CURVE('',#7204,#7205,#4252,.T.);
#7739=EDGE_CURVE('',#7205,#7204,#4260,.T.);
#7743=EDGE_CURVE('',#7208,#7209,#4268,.T.);
#7745=EDGE_CURVE('',#7209,#7208,#4276,.T.);
#7749=EDGE_CURVE('',#7212,#7213,#4284,.T.);
#7751=EDGE_CURVE('',#7213,#7212,#4292,.T.);
#7755=EDGE_CURVE('',#7216,#7217,#4300,.T.);
#7757=EDGE_CURVE('',#7217,#7216,#4308,.T.);
#7761=EDGE_CURVE('',#7220,#7221,#4316,.T.);
#7763=EDGE_CURVE('',#7221,#7220,#4324,.T.);
#7767=EDGE_CURVE('',#7224,#7225,#4332,.T.);
#7769=EDGE_CURVE('',#7225,#7224,#4340,.T.);
#7773=EDGE_CURVE('',#7228,#7229,#4348,.T.);
#7775=EDGE_CURVE('',#7229,#7228,#4356,.T.);
#7779=EDGE_CURVE('',#7232,#7233,#4364,.T.);
#7781=EDGE_CURVE('',#7233,#7232,#4372,.T.);
#7785=EDGE_CURVE('',#7236,#7237,#4380,.T.);
#7787=EDGE_CURVE('',#7237,#7236,#4388,.T.);
#7791=EDGE_CURVE('',#7240,#7241,#4396,.T.);
#7793=EDGE_CURVE('',#7241,#7240,#4404,.T.);
#7797=EDGE_CURVE('',#7244,#7245,#4412,.T.);
#7799=EDGE_CURVE('',#7245,#7244,#4420,.T.);
#7803=ADVANCED_FACE('',(#7736,#7742,#7748,#7754,#7760,#7766,#7772,#7778,#7784,
#7790,#7796,#7802),#7718,.F.);
#7810=EDGE_CURVE('',#7247,#7189,#4458,.T.);
#7812=EDGE_CURVE('',#7247,#7249,#4434,.T.);
#7814=EDGE_CURVE('',#7188,#7249,#4556,.T.);
#7818=ADVANCED_FACE('',(#7817),#7808,.T.);
#7825=EDGE_CURVE('',#7201,#7251,#4442,.T.);
#7827=EDGE_CURVE('',#7251,#7247,#4450,.T.);
#7832=ADVANCED_FACE('',(#7831),#7823,.T.);
#7839=EDGE_CURVE('',#7253,#7199,#4496,.T.);
#7841=EDGE_CURVE('',#7253,#7251,#4472,.T.);
#7846=ADVANCED_FACE('',(#7845),#7837,.T.);
#7853=EDGE_CURVE('',#7197,#7255,#4480,.T.);
#7855=EDGE_CURVE('',#7255,#7253,#4488,.T.);
#7860=ADVANCED_FACE('',(#7859),#7851,.T.);
#7867=EDGE_CURVE('',#7257,#7195,#4534,.T.);
#7869=EDGE_CURVE('',#7257,#7255,#4510,.T.);
#7874=ADVANCED_FACE('',(#7873),#7865,.T.);
#7881=EDGE_CURVE('',#7193,#7259,#4518,.T.);
#7883=EDGE_CURVE('',#7259,#7257,#4526,.T.);
#7888=ADVANCED_FACE('',(#7887),#7879,.T.);
#7895=EDGE_CURVE('',#7261,#7191,#4572,.T.);
#7897=EDGE_CURVE('',#7261,#7259,#4548,.T.);
#7902=ADVANCED_FACE('',(#7901),#7893,.T.);
#7910=EDGE_CURVE('',#7249,#7261,#4564,.T.);
#7915=ADVANCED_FACE('',(#7914),#7907,.T.);
#7922=EDGE_CURVE('',#7249,#7263,#4579,.T.);
#7924=EDGE_CURVE('',#7265,#7263,#4666,.T.);
#7926=EDGE_CURVE('',#7265,#7261,#4586,.T.);
#7930=ADVANCED_FACE('',(#7929),#7920,.T.);
#7937=EDGE_CURVE('',#7267,#7247,#4600,.T.);
#7939=EDGE_CURVE('',#7263,#7267,#4673,.T.);
#7944=ADVANCED_FACE('',(#7943),#7935,.T.);
#7951=EDGE_CURVE('',#7251,#7269,#4593,.T.);
#7953=EDGE_CURVE('',#7267,#7269,#4681,.T.);
#7958=ADVANCED_FACE('',(#7957),#7949,.T.);
#7965=EDGE_CURVE('',#7271,#7253,#4614,.T.);
#7967=EDGE_CURVE('',#7269,#7271,#4688,.T.);
#7972=ADVANCED_FACE('',(#7971),#7963,.T.);
#7979=EDGE_CURVE('',#7255,#7273,#4607,.T.);
#7981=EDGE_CURVE('',#7271,#7273,#4636,.T.);
#7986=ADVANCED_FACE('',(#7985),#7977,.T.);
#7993=EDGE_CURVE('',#7275,#7257,#4628,.T.);
#7995=EDGE_CURVE('',#7273,#7275,#4643,.T.);
#8000=ADVANCED_FACE('',(#7999),#7991,.T.);
#8007=EDGE_CURVE('',#7259,#7277,#4621,.T.);
#8009=EDGE_CURVE('',#7275,#7277,#4651,.T.);
#8014=ADVANCED_FACE('',(#8013),#8005,.T.);
#8022=EDGE_CURVE('',#7277,#7265,#4658,.T.);
#8027=ADVANCED_FACE('',(#8026),#8019,.T.);
#8043=EDGE_CURVE('',#7280,#7281,#4734,.T.);
#8045=EDGE_CURVE('',#7280,#7283,#4696,.T.);
#8047=EDGE_CURVE('',#7285,#7283,#5115,.T.);
#8049=EDGE_CURVE('',#7285,#7287,#4704,.T.);
#8051=EDGE_CURVE('',#7289,#7287,#4994,.T.);
#8053=EDGE_CURVE('',#7289,#7291,#4712,.T.);
#8055=EDGE_CURVE('',#7293,#7291,#4841,.T.);
#8057=EDGE_CURVE('',#7293,#7281,#4720,.T.);
#8061=ADVANCED_FACE('',(#8042,#8060),#8032,.T.);
#8067=EDGE_CURVE('',#7296,#7297,#4748,.T.);
#8069=EDGE_CURVE('',#7296,#7299,#4727,.T.);
#8071=EDGE_CURVE('',#7301,#7299,#5203,.T.);
#8073=EDGE_CURVE('',#7280,#7301,#7168,.T.);
#8076=EDGE_CURVE('',#7303,#7281,#7175,.T.);
#8078=EDGE_CURVE('',#7305,#7303,#4819,.T.);
#8080=EDGE_CURVE('',#7305,#7297,#4741,.T.);
#8084=ADVANCED_FACE('',(#8083),#8066,.T.);
#8090=EDGE_CURVE('',#7296,#7307,#4755,.T.);
#8093=EDGE_CURVE('',#7309,#7297,#4776,.T.);
#8095=EDGE_CURVE('',#7307,#7309,#4762,.T.);
#8099=ADVANCED_FACE('',(#8098),#8089,.T.);
#8106=EDGE_CURVE('',#7311,#7307,#4769,.T.);
#8108=EDGE_CURVE('',#7313,#7311,#5261,.T.);
#8110=EDGE_CURVE('',#7299,#7313,#5210,.T.);
#8115=ADVANCED_FACE('',(#8114),#8104,.F.);
#8122=EDGE_CURVE('',#7315,#7309,#4783,.T.);
#8124=EDGE_CURVE('',#7311,#7315,#5268,.T.);
#8129=ADVANCED_FACE('',(#8128),#8120,.T.);
#8137=EDGE_CURVE('',#7317,#7305,#4812,.T.);
#8139=EDGE_CURVE('',#7315,#7317,#5275,.T.);
#8144=ADVANCED_FACE('',(#8143),#8134,.F.);
#8150=EDGE_CURVE('',#7320,#7321,#4790,.T.);
#8152=EDGE_CURVE('',#7321,#7323,#4797,.T.);
#8154=EDGE_CURVE('',#7325,#7323,#5471,.T.);
#8156=EDGE_CURVE('',#7325,#7327,#4805,.T.);
#8158=EDGE_CURVE('',#7317,#7327,#5282,.T.);
#8162=EDGE_CURVE('',#7303,#7320,#4827,.T.);
#8166=ADVANCED_FACE('',(#8165),#8149,.T.);
#8172=EDGE_CURVE('',#7330,#7331,#4887,.T.);
#8174=EDGE_CURVE('',#7330,#7321,#4834,.T.);
#8177=EDGE_CURVE('',#7293,#7320,#7182,.T.);
#8180=EDGE_CURVE('',#7333,#7291,#4973,.T.);
#8182=EDGE_CURVE('',#7335,#7333,#4929,.T.);
#8184=EDGE_CURVE('',#7335,#7331,#4848,.T.);
#8188=EDGE_CURVE('',#7338,#7339,#4856,.T.);
#8190=EDGE_CURVE('',#7339,#7338,#4864,.T.);
#8194=EDGE_CURVE('',#7342,#7343,#4872,.T.);
#8196=EDGE_CURVE('',#7343,#7342,#4880,.T.);
#8200=ADVANCED_FACE('',(#8187,#8193,#8199),#8171,.T.);
#8206=EDGE_CURVE('',#7330,#7345,#4894,.T.);
#8209=EDGE_CURVE('',#7347,#7331,#4915,.T.);
#8211=EDGE_CURVE('',#7345,#7347,#4901,.T.);
#8215=ADVANCED_FACE('',(#8214),#8205,.T.);
#8222=EDGE_CURVE('',#7349,#7345,#4908,.T.);
#8224=EDGE_CURVE('',#7323,#7349,#5478,.T.);
#8230=ADVANCED_FACE('',(#8229),#8220,.F.);
#8237=EDGE_CURVE('',#7351,#7347,#4922,.T.);
#8239=EDGE_CURVE('',#7349,#7351,#5485,.T.);
#8244=ADVANCED_FACE('',(#8243),#8235,.T.);
#8252=EDGE_CURVE('',#7353,#7335,#4966,.T.);
#8254=EDGE_CURVE('',#7351,#7353,#5492,.T.);
#8259=ADVANCED_FACE('',(#8258),#8249,.F.);
#8266=EDGE_CURVE('',#7333,#7355,#4937,.T.);
#8268=EDGE_CURVE('',#7355,#7357,#4944,.T.);
#8270=EDGE_CURVE('',#7357,#7359,#4951,.T.);
#8272=EDGE_CURVE('',#7361,#7359,#5748,.T.);
#8274=EDGE_CURVE('',#7361,#7363,#4959,.T.);
#8276=EDGE_CURVE('',#7353,#7363,#5499,.T.);
#8281=ADVANCED_FACE('',(#8280),#8264,.T.);
#8290=EDGE_CURVE('',#7289,#7355,#4980,.T.);
#8294=ADVANCED_FACE('',(#8293),#8286,.T.);
#8300=EDGE_CURVE('',#7366,#7367,#5008,.T.);
#8302=EDGE_CURVE('',#7366,#7357,#4987,.T.);
#8307=EDGE_CURVE('',#7369,#7287,#5094,.T.);
#8309=EDGE_CURVE('',#7371,#7369,#5050,.T.);
#8311=EDGE_CURVE('',#7371,#7367,#5001,.T.);
#8315=ADVANCED_FACE('',(#8314),#8299,.T.);
#8321=EDGE_CURVE('',#7366,#7373,#5015,.T.);
#8324=EDGE_CURVE('',#7375,#7367,#5036,.T.);
#8326=EDGE_CURVE('',#7373,#7375,#5022,.T.);
#8330=ADVANCED_FACE('',(#8329),#8320,.T.);
#8337=EDGE_CURVE('',#7377,#7373,#5029,.T.);
#8339=EDGE_CURVE('',#7359,#7377,#5755,.T.);
#8345=ADVANCED_FACE('',(#8344),#8335,.F.);
#8352=EDGE_CURVE('',#7379,#7375,#5043,.T.);
#8354=EDGE_CURVE('',#7377,#7379,#5762,.T.);
#8359=ADVANCED_FACE('',(#8358),#8350,.T.);
#8367=EDGE_CURVE('',#7381,#7371,#5087,.T.);
#8369=EDGE_CURVE('',#7379,#7381,#5769,.T.);
#8374=ADVANCED_FACE('',(#8373),#8364,.F.);
#8381=EDGE_CURVE('',#7369,#7383,#5058,.T.);
#8383=EDGE_CURVE('',#7383,#7385,#5065,.T.);
#8385=EDGE_CURVE('',#7385,#7387,#5072,.T.);
#8387=EDGE_CURVE('',#7389,#7387,#6021,.T.);
#8389=EDGE_CURVE('',#7389,#7391,#5080,.T.);
#8391=EDGE_CURVE('',#7381,#7391,#5776,.T.);
#8396=ADVANCED_FACE('',(#8395),#8379,.T.);
#8405=EDGE_CURVE('',#7285,#7383,#5101,.T.);
#8409=ADVANCED_FACE('',(#8408),#8401,.T.);
#8415=EDGE_CURVE('',#7394,#7395,#5161,.T.);
#8417=EDGE_CURVE('',#7394,#7385,#5108,.T.);
#8422=EDGE_CURVE('',#7397,#7283,#7161,.T.);
#8424=EDGE_CURVE('',#7399,#7397,#5232,.T.);
#8426=EDGE_CURVE('',#7399,#7395,#5122,.T.);
#8430=EDGE_CURVE('',#7402,#7403,#5130,.T.);
#8432=EDGE_CURVE('',#7403,#7402,#5138,.T.);
#8436=EDGE_CURVE('',#7406,#7407,#5146,.T.);
#8438=EDGE_CURVE('',#7407,#7406,#5154,.T.);
#8442=ADVANCED_FACE('',(#8429,#8435,#8441),#8414,.T.);
#8448=EDGE_CURVE('',#7394,#7409,#5168,.T.);
#8451=EDGE_CURVE('',#7411,#7395,#5189,.T.);
#8453=EDGE_CURVE('',#7409,#7411,#5175,.T.);
#8457=ADVANCED_FACE('',(#8456),#8447,.T.);
#8464=EDGE_CURVE('',#7413,#7409,#5182,.T.);
#8466=EDGE_CURVE('',#7387,#7413,#6028,.T.);
#8472=ADVANCED_FACE('',(#8471),#8462,.F.);
#8479=EDGE_CURVE('',#7415,#7411,#5196,.T.);
#8481=EDGE_CURVE('',#7413,#7415,#6035,.T.);
#8486=ADVANCED_FACE('',(#8485),#8477,.T.);
#8494=EDGE_CURVE('',#7417,#7399,#5225,.T.);
#8496=EDGE_CURVE('',#7415,#7417,#6042,.T.);
#8501=ADVANCED_FACE('',(#8500),#8491,.F.);
#8509=EDGE_CURVE('',#7419,#7313,#5254,.T.);
#8511=EDGE_CURVE('',#7419,#7421,#5218,.T.);
#8513=EDGE_CURVE('',#7417,#7421,#6049,.T.);
#8517=EDGE_CURVE('',#7397,#7301,#5240,.T.);
#8521=ADVANCED_FACE('',(#8520),#8506,.T.);
#8527=EDGE_CURVE('',#7424,#7425,#5289,.T.);
#8529=EDGE_CURVE('',#7427,#7424,#6312,.T.);
#8531=EDGE_CURVE('',#7427,#7429,#5247,.T.);
#8533=EDGE_CURVE('',#7431,#7429,#6138,.T.);
#8535=EDGE_CURVE('',#7419,#7431,#6277,.T.);
#8542=EDGE_CURVE('',#7433,#7327,#6987,.T.);
#8544=EDGE_CURVE('',#7425,#7433,#5332,.T.);
#8548=ADVANCED_FACE('',(#8547),#8526,.F.);
#8555=EDGE_CURVE('',#7425,#7435,#5296,.T.);
#8557=EDGE_CURVE('',#7437,#7435,#6354,.T.);
#8559=EDGE_CURVE('',#7439,#7437,#6333,.T.);
#8561=EDGE_CURVE('',#7439,#7441,#5303,.T.);
#8563=EDGE_CURVE('',#7424,#7441,#6319,.T.);
#8567=ADVANCED_FACE('',(#8566),#8553,.F.);
#8580=EDGE_CURVE('',#7444,#7445,#5457,.T.);
#8582=EDGE_CURVE('',#7444,#7447,#5310,.T.);
#8584=EDGE_CURVE('',#7447,#7449,#5318,.T.);
#8586=EDGE_CURVE('',#7449,#7435,#5325,.T.);
#8590=EDGE_CURVE('',#7433,#7451,#5340,.T.);
#8592=EDGE_CURVE('',#7451,#7445,#5347,.T.);
#8596=EDGE_CURVE('',#7454,#7455,#5355,.T.);
#8598=EDGE_CURVE('',#7455,#7454,#5363,.T.);
#8602=EDGE_CURVE('',#7458,#7459,#5371,.T.);
#8604=EDGE_CURVE('',#7459,#7458,#5379,.T.);
#8608=EDGE_CURVE('',#7462,#7463,#5387,.T.);
#8610=EDGE_CURVE('',#7463,#7462,#5395,.T.);
#8614=EDGE_CURVE('',#7466,#7467,#5403,.T.);
#8616=EDGE_CURVE('',#7467,#7466,#5411,.T.);
#8620=EDGE_CURVE('',#7470,#7471,#5419,.T.);
#8622=EDGE_CURVE('',#7471,#7470,#5427,.T.);
#8626=EDGE_CURVE('',#7474,#7475,#5435,.T.);
#8628=EDGE_CURVE('',#7475,#7474,#5443,.T.);
#8632=ADVANCED_FACE('',(#8595,#8601,#8607,#8613,#8619,#8625,#8631),#8579,.T.);
#8638=EDGE_CURVE('',#7477,#7445,#5464,.T.);
#8640=EDGE_CURVE('',#7479,#7477,#5559,.T.);
#8642=EDGE_CURVE('',#7479,#7444,#5450,.T.);
#8647=ADVANCED_FACE('',(#8646),#8637,.T.);
#8660=EDGE_CURVE('',#7477,#7481,#5538,.T.);
#8664=EDGE_CURVE('',#7325,#7451,#6994,.T.);
#8671=EDGE_CURVE('',#7483,#7363,#5727,.T.);
#8673=EDGE_CURVE('',#7485,#7483,#5580,.T.);
#8675=EDGE_CURVE('',#7481,#7485,#5566,.T.);
#8679=EDGE_CURVE('',#7488,#7489,#5507,.T.);
#8681=EDGE_CURVE('',#7489,#7488,#5515,.T.);
#8685=EDGE_CURVE('',#7492,#7493,#5523,.T.);
#8687=EDGE_CURVE('',#7493,#7492,#5531,.T.);
#8691=ADVANCED_FACE('',(#8678,#8684,#8690),#8659,.F.);
#8698=EDGE_CURVE('',#7481,#7495,#5545,.T.);
#8700=EDGE_CURVE('',#7495,#7479,#5552,.T.);
#8705=ADVANCED_FACE('',(#8704),#8696,.T.);
#8719=EDGE_CURVE('',#7497,#7485,#5573,.T.);
#8721=EDGE_CURVE('',#7495,#7497,#6526,.T.);
#8726=ADVANCED_FACE('',(#8725),#8717,.T.);
#8741=EDGE_CURVE('',#7483,#7499,#5588,.T.);
#8743=EDGE_CURVE('',#7499,#7501,#5595,.T.);
#8745=EDGE_CURVE('',#7501,#7503,#5602,.T.);
#8747=EDGE_CURVE('',#7503,#7505,#5609,.T.);
#8749=EDGE_CURVE('',#7505,#7507,#5617,.T.);
#8751=EDGE_CURVE('',#7507,#7497,#5624,.T.);
#8755=EDGE_CURVE('',#7510,#7511,#5632,.T.);
#8757=EDGE_CURVE('',#7511,#7510,#5640,.T.);
#8761=EDGE_CURVE('',#7514,#7515,#5648,.T.);
#8763=EDGE_CURVE('',#7515,#7514,#5656,.T.);
#8767=EDGE_CURVE('',#7518,#7519,#5664,.T.);
#8769=EDGE_CURVE('',#7519,#7518,#5672,.T.);
#8773=EDGE_CURVE('',#7522,#7523,#5680,.T.);
#8775=EDGE_CURVE('',#7523,#7522,#5688,.T.);
#8779=EDGE_CURVE('',#7526,#7527,#5696,.T.);
#8781=EDGE_CURVE('',#7527,#7526,#5704,.T.);
#8785=EDGE_CURVE('',#7530,#7531,#5712,.T.);
#8787=EDGE_CURVE('',#7531,#7530,#5720,.T.);
#8791=ADVANCED_FACE('',(#8754,#8760,#8766,#8772,#8778,#8784,#8790),#8738,.T.);
#8800=EDGE_CURVE('',#7361,#7499,#5734,.T.);
#8804=ADVANCED_FACE('',(#8803),#8796,.F.);
#8810=EDGE_CURVE('',#7533,#7501,#5741,.T.);
#8819=EDGE_CURVE('',#7535,#7391,#6665,.T.);
#8821=EDGE_CURVE('',#7537,#7535,#5875,.T.);
#8823=EDGE_CURVE('',#7539,#7537,#5846,.T.);
#8825=EDGE_CURVE('',#7539,#7533,#5783,.T.);
#8829=ADVANCED_FACE('',(#8828),#8809,.F.);
#8837=EDGE_CURVE('',#7541,#7533,#5804,.T.);
#8839=EDGE_CURVE('',#7541,#7543,#5790,.T.);
#8841=EDGE_CURVE('',#7545,#7543,#6463,.T.);
#8843=EDGE_CURVE('',#7503,#7545,#6456,.T.);
#8847=ADVANCED_FACE('',(#8846),#8834,.F.);
#8861=EDGE_CURVE('',#7547,#7539,#5839,.T.);
#8863=EDGE_CURVE('',#7547,#7541,#5797,.T.);
#8868=ADVANCED_FACE('',(#8867),#8859,.T.);
#8881=EDGE_CURVE('',#7537,#7549,#5811,.T.);
#8883=EDGE_CURVE('',#7549,#7551,#5818,.T.);
#8885=EDGE_CURVE('',#7551,#7553,#5825,.T.);
#8887=EDGE_CURVE('',#7553,#7547,#5832,.T.);
#8893=ADVANCED_FACE('',(#8892),#8880,.T.);
#8906=EDGE_CURVE('',#7556,#7557,#6000,.T.);
#8908=EDGE_CURVE('',#7556,#7559,#5853,.T.);
#8910=EDGE_CURVE('',#7559,#7561,#5861,.T.);
#8912=EDGE_CURVE('',#7561,#7549,#5868,.T.);
#8916=EDGE_CURVE('',#7535,#7563,#5883,.T.);
#8918=EDGE_CURVE('',#7563,#7557,#5890,.T.);
#8922=EDGE_CURVE('',#7566,#7567,#5898,.T.);
#8924=EDGE_CURVE('',#7567,#7566,#5906,.T.);
#8928=EDGE_CURVE('',#7570,#7571,#5914,.T.);
#8930=EDGE_CURVE('',#7571,#7570,#5922,.T.);
#8934=EDGE_CURVE('',#7574,#7575,#5930,.T.);
#8936=EDGE_CURVE('',#7575,#7574,#5938,.T.);
#8940=EDGE_CURVE('',#7578,#7579,#5946,.T.);
#8942=EDGE_CURVE('',#7579,#7578,#5954,.T.);
#8946=EDGE_CURVE('',#7582,#7583,#5962,.T.);
#8948=EDGE_CURVE('',#7583,#7582,#5970,.T.);
#8952=EDGE_CURVE('',#7586,#7587,#5978,.T.);
#8954=EDGE_CURVE('',#7587,#7586,#5986,.T.);
#8958=ADVANCED_FACE('',(#8921,#8927,#8933,#8939,#8945,#8951,#8957),#8905,.T.);
#8964=EDGE_CURVE('',#7589,#7557,#6014,.T.);
#8966=EDGE_CURVE('',#7591,#7589,#6102,.T.);
#8968=EDGE_CURVE('',#7591,#7556,#5993,.T.);
#8973=ADVANCED_FACE('',(#8972),#8963,.T.);
#8986=EDGE_CURVE('',#7593,#7589,#6007,.T.);
#8990=EDGE_CURVE('',#7389,#7563,#6672,.T.);
#8997=EDGE_CURVE('',#7595,#7421,#6270,.T.);
#8999=EDGE_CURVE('',#7597,#7595,#6123,.T.);
#9001=EDGE_CURVE('',#7593,#7597,#6109,.T.);
#9005=EDGE_CURVE('',#7600,#7601,#6057,.T.);
#9007=EDGE_CURVE('',#7601,#7600,#6065,.T.);
#9011=EDGE_CURVE('',#7604,#7605,#6073,.T.);
#9013=EDGE_CURVE('',#7605,#7604,#6081,.T.);
#9017=ADVANCED_FACE('',(#9004,#9010,#9016),#8985,.F.);
#9024=EDGE_CURVE('',#7593,#7607,#6088,.T.);
#9026=EDGE_CURVE('',#7607,#7591,#6095,.T.);
#9031=ADVANCED_FACE('',(#9030),#9022,.T.);
#9045=EDGE_CURVE('',#7609,#7597,#6116,.T.);
#9047=EDGE_CURVE('',#7607,#7609,#6498,.T.);
#9052=ADVANCED_FACE('',(#9051),#9043,.T.);
#9067=EDGE_CURVE('',#7595,#7431,#6131,.T.);
#9070=EDGE_CURVE('',#7429,#7611,#6145,.T.);
#9072=EDGE_CURVE('',#7611,#7613,#6152,.T.);
#9074=EDGE_CURVE('',#7613,#7615,#6160,.T.);
#9076=EDGE_CURVE('',#7615,#7609,#6167,.T.);
#9080=EDGE_CURVE('',#7618,#7619,#6175,.T.);
#9082=EDGE_CURVE('',#7619,#7618,#6183,.T.);
#9086=EDGE_CURVE('',#7622,#7623,#6191,.T.);
#9088=EDGE_CURVE('',#7623,#7622,#6199,.T.);
#9092=EDGE_CURVE('',#7626,#7627,#6207,.T.);
#9094=EDGE_CURVE('',#7627,#7626,#6215,.T.);
#9098=EDGE_CURVE('',#7630,#7631,#6223,.T.);
#9100=EDGE_CURVE('',#7631,#7630,#6231,.T.);
#9104=EDGE_CURVE('',#7634,#7635,#6239,.T.);
#9106=EDGE_CURVE('',#7635,#7634,#6247,.T.);
#9110=EDGE_CURVE('',#7638,#7639,#6255,.T.);
#9112=EDGE_CURVE('',#7639,#7638,#6263,.T.);
#9116=ADVANCED_FACE('',(#9079,#9085,#9091,#9097,#9103,#9109,#9115),#9064,.T.);
#9128=ADVANCED_FACE('',(#9127),#9121,.F.);
#9135=EDGE_CURVE('',#7427,#7641,#6284,.T.);
#9137=EDGE_CURVE('',#7641,#7643,#6291,.T.);
#9139=EDGE_CURVE('',#7643,#7645,#6298,.T.);
#9141=EDGE_CURVE('',#7645,#7611,#6305,.T.);
#9146=ADVANCED_FACE('',(#9145),#9133,.T.);
#9161=EDGE_CURVE('',#7641,#7441,#6326,.T.);
#9166=ADVANCED_FACE('',(#9165),#9158,.T.);
#9180=EDGE_CURVE('',#7643,#7439,#6340,.T.);
#9186=ADVANCED_FACE('',(#9185),#9178,.T.);
#9200=EDGE_CURVE('',#7645,#7437,#6347,.T.);
#9206=ADVANCED_FACE('',(#9205),#9198,.T.);
#9219=EDGE_CURVE('',#7611,#7435,#6361,.T.);
#9226=ADVANCED_FACE('',(#9225),#9218,.T.);
#9232=EDGE_CURVE('',#7647,#7449,#6368,.T.);
#9234=EDGE_CURVE('',#7649,#7647,#6406,.T.);
#9236=EDGE_CURVE('',#7613,#7649,#6512,.T.);
#9243=ADVANCED_FACE('',(#9242),#9231,.T.);
#9249=EDGE_CURVE('',#7647,#7651,#6414,.T.);
#9253=EDGE_CURVE('',#7447,#7651,#6375,.T.);
#9257=ADVANCED_FACE('',(#9256),#9248,.F.);
#9263=EDGE_CURVE('',#7654,#7655,#6383,.T.);
#9265=EDGE_CURVE('',#7657,#7655,#6442,.T.);
#9267=EDGE_CURVE('',#7657,#7659,#6391,.T.);
#9269=EDGE_CURVE('',#7661,#7659,#6505,.T.);
#9271=EDGE_CURVE('',#7661,#7649,#6399,.T.);
#9275=EDGE_CURVE('',#7651,#7654,#6421,.T.);
#9279=ADVANCED_FACE('',(#9278),#9262,.T.);
#9285=EDGE_CURVE('',#7505,#7655,#6428,.T.);
#9288=EDGE_CURVE('',#7654,#7507,#6435,.T.);
#9293=ADVANCED_FACE('',(#9292),#9284,.F.);
#9301=EDGE_CURVE('',#7549,#7503,#6449,.T.);
#9304=EDGE_CURVE('',#7657,#7561,#6484,.T.);
#9309=ADVANCED_FACE('',(#9308),#9298,.T.);
#9317=EDGE_CURVE('',#7551,#7545,#6470,.T.);
#9322=ADVANCED_FACE('',(#9321),#9314,.T.);
#9329=EDGE_CURVE('',#7553,#7543,#6477,.T.);
#9335=ADVANCED_FACE('',(#9334),#9327,.T.);
#9354=ADVANCED_FACE('',(#9353),#9347,.T.);
#9370=EDGE_CURVE('',#7559,#7659,#6491,.T.);
#9374=ADVANCED_FACE('',(#9373),#9366,.F.);
#9385=EDGE_CURVE('',#7661,#7615,#6519,.T.);
#9391=ADVANCED_FACE('',(#9390),#9379,.T.);
#9403=ADVANCED_FACE('',(#9402),#9396,.F.);
#9419=ADVANCED_FACE('',(#9418),#9408,.T.);
#9425=EDGE_CURVE('',#7618,#7663,#6533,.T.);
#9427=EDGE_CURVE('',#7665,#7663,#6548,.T.);
#9429=EDGE_CURVE('',#7619,#7665,#6540,.T.);
#9434=ADVANCED_FACE('',(#9433),#9424,.F.);
#9443=EDGE_CURVE('',#7663,#7665,#6556,.T.);
#9447=ADVANCED_FACE('',(#9446),#9439,.F.);
#9457=ADVANCED_FACE('',(#9456),#9452,.T.);
#9463=EDGE_CURVE('',#7622,#7667,#6563,.T.);
#9465=EDGE_CURVE('',#7669,#7667,#6578,.T.);
#9467=EDGE_CURVE('',#7623,#7669,#6570,.T.);
#9472=ADVANCED_FACE('',(#9471),#9462,.F.);
#9481=EDGE_CURVE('',#7667,#7669,#6586,.T.);
#9485=ADVANCED_FACE('',(#9484),#9477,.F.);
#9495=ADVANCED_FACE('',(#9494),#9490,.T.);
#9501=EDGE_CURVE('',#7240,#7627,#6593,.T.);
#9504=EDGE_CURVE('',#7626,#7241,#6600,.T.);
#9509=ADVANCED_FACE('',(#9508),#9500,.F.);
#9521=ADVANCED_FACE('',(#9520),#9514,.F.);
#9527=EDGE_CURVE('',#7630,#7671,#6607,.T.);
#9529=EDGE_CURVE('',#7673,#7671,#6622,.T.);
#9531=EDGE_CURVE('',#7631,#7673,#6614,.T.);
#9536=ADVANCED_FACE('',(#9535),#9526,.F.);
#9545=EDGE_CURVE('',#7671,#7673,#6630,.T.);
#9549=ADVANCED_FACE('',(#9548),#9541,.F.);
#9559=ADVANCED_FACE('',(#9558),#9554,.T.);
#9565=EDGE_CURVE('',#7228,#7635,#6637,.T.);
#9568=EDGE_CURVE('',#7634,#7229,#6644,.T.);
#9573=ADVANCED_FACE('',(#9572),#9564,.F.);
#9585=ADVANCED_FACE('',(#9584),#9578,.F.);
#9591=EDGE_CURVE('',#7232,#7639,#6651,.T.);
#9594=EDGE_CURVE('',#7638,#7233,#6658,.T.);
#9599=ADVANCED_FACE('',(#9598),#9590,.F.);
#9611=ADVANCED_FACE('',(#9610),#9604,.F.);
#9623=ADVANCED_FACE('',(#9622),#9616,.F.);
#9629=EDGE_CURVE('',#7600,#7407,#6679,.T.);
#9632=EDGE_CURVE('',#7601,#7406,#6686,.T.);
#9637=ADVANCED_FACE('',(#9636),#9628,.F.);
#9649=ADVANCED_FACE('',(#9648),#9642,.F.);
#9655=EDGE_CURVE('',#7604,#7403,#6693,.T.);
#9658=EDGE_CURVE('',#7605,#7402,#6700,.T.);
#9663=ADVANCED_FACE('',(#9662),#9654,.F.);
#9675=ADVANCED_FACE('',(#9674),#9668,.F.);
#9681=EDGE_CURVE('',#7566,#7675,#6707,.T.);
#9683=EDGE_CURVE('',#7677,#7675,#6722,.T.);
#9685=EDGE_CURVE('',#7567,#7677,#6714,.T.);
#9690=ADVANCED_FACE('',(#9689),#9680,.F.);
#9699=EDGE_CURVE('',#7675,#7677,#6730,.T.);
#9703=ADVANCED_FACE('',(#9702),#9695,.F.);
#9713=ADVANCED_FACE('',(#9712),#9708,.T.);
#9719=EDGE_CURVE('',#7570,#7679,#6737,.T.);
#9721=EDGE_CURVE('',#7681,#7679,#6752,.T.);
#9723=EDGE_CURVE('',#7571,#7681,#6744,.T.);
#9728=ADVANCED_FACE('',(#9727),#9718,.F.);
#9737=EDGE_CURVE('',#7679,#7681,#6760,.T.);
#9741=ADVANCED_FACE('',(#9740),#9733,.F.);
#9751=ADVANCED_FACE('',(#9750),#9746,.T.);
#9757=EDGE_CURVE('',#7574,#7683,#6767,.T.);
#9759=EDGE_CURVE('',#7685,#7683,#6782,.T.);
#9761=EDGE_CURVE('',#7575,#7685,#6774,.T.);
#9766=ADVANCED_FACE('',(#9765),#9756,.F.);
#9775=EDGE_CURVE('',#7683,#7685,#6790,.T.);
#9779=ADVANCED_FACE('',(#9778),#9771,.F.);
#9789=ADVANCED_FACE('',(#9788),#9784,.T.);
#9795=EDGE_CURVE('',#7578,#7687,#6797,.T.);
#9797=EDGE_CURVE('',#7689,#7687,#6812,.T.);
#9799=EDGE_CURVE('',#7579,#7689,#6804,.T.);
#9804=ADVANCED_FACE('',(#9803),#9794,.F.);
#9813=EDGE_CURVE('',#7687,#7689,#6820,.T.);
#9817=ADVANCED_FACE('',(#9816),#9809,.F.);
#9827=ADVANCED_FACE('',(#9826),#9822,.T.);
#9833=EDGE_CURVE('',#7224,#7583,#6827,.T.);
#9836=EDGE_CURVE('',#7582,#7225,#6834,.T.);
#9841=ADVANCED_FACE('',(#9840),#9832,.F.);
#9853=ADVANCED_FACE('',(#9852),#9846,.F.);
#9859=EDGE_CURVE('',#7220,#7587,#6841,.T.);
#9862=EDGE_CURVE('',#7586,#7221,#6848,.T.);
#9867=ADVANCED_FACE('',(#9866),#9858,.F.);
#9879=ADVANCED_FACE('',(#9878),#9872,.F.);
#9885=EDGE_CURVE('',#7510,#7691,#6855,.T.);
#9887=EDGE_CURVE('',#7693,#7691,#6870,.T.);
#9889=EDGE_CURVE('',#7511,#7693,#6862,.T.);
#9894=ADVANCED_FACE('',(#9893),#9884,.F.);
#9903=EDGE_CURVE('',#7691,#7693,#6878,.T.);
#9907=ADVANCED_FACE('',(#9906),#9899,.F.);
#9917=ADVANCED_FACE('',(#9916),#9912,.T.);
#9923=EDGE_CURVE('',#7514,#7695,#6885,.T.);
#9925=EDGE_CURVE('',#7697,#7695,#6900,.T.);
#9927=EDGE_CURVE('',#7515,#7697,#6892,.T.);
#9932=ADVANCED_FACE('',(#9931),#9922,.F.);
#9941=EDGE_CURVE('',#7695,#7697,#6908,.T.);
#9945=ADVANCED_FACE('',(#9944),#9937,.F.);
#9955=ADVANCED_FACE('',(#9954),#9950,.T.);
#9961=EDGE_CURVE('',#7518,#7699,#6915,.T.);
#9963=EDGE_CURVE('',#7701,#7699,#6930,.T.);
#9965=EDGE_CURVE('',#7519,#7701,#6922,.T.);
#9970=ADVANCED_FACE('',(#9969),#9960,.F.);
#9979=EDGE_CURVE('',#7699,#7701,#6938,.T.);
#9983=ADVANCED_FACE('',(#9982),#9975,.F.);
#9993=ADVANCED_FACE('',(#9992),#9988,.T.);
#9999=EDGE_CURVE('',#7208,#7523,#6945,.T.);
#10002=EDGE_CURVE('',#7522,#7209,#6952,.T.);
#10007=ADVANCED_FACE('',(#10006),#9998,.F.);
#10019=ADVANCED_FACE('',(#10018),#10012,.F.);
#10025=EDGE_CURVE('',#7204,#7527,#6959,.T.);
#10028=EDGE_CURVE('',#7526,#7205,#6966,.T.);
#10033=ADVANCED_FACE('',(#10032),#10024,.F.);
#10045=ADVANCED_FACE('',(#10044),#10038,.F.);
#10051=EDGE_CURVE('',#7236,#7531,#6973,.T.);
#10054=EDGE_CURVE('',#7530,#7237,#6980,.T.);
#10059=ADVANCED_FACE('',(#10058),#10050,.F.);
#10071=ADVANCED_FACE('',(#10070),#10064,.F.);
#10083=ADVANCED_FACE('',(#10082),#10076,.F.);
#10090=EDGE_CURVE('',#7489,#7342,#7008,.T.);
#10093=EDGE_CURVE('',#7488,#7343,#7001,.T.);
#10097=ADVANCED_FACE('',(#10096),#10088,.F.);
#10109=ADVANCED_FACE('',(#10108),#10102,.F.);
#10116=EDGE_CURVE('',#7493,#7338,#7022,.T.);
#10119=EDGE_CURVE('',#7492,#7339,#7015,.T.);
#10123=ADVANCED_FACE('',(#10122),#10114,.F.);
#10135=ADVANCED_FACE('',(#10134),#10128,.F.);
#10141=EDGE_CURVE('',#7454,#7703,#7029,.T.);
#10143=EDGE_CURVE('',#7705,#7703,#7044,.T.);
#10145=EDGE_CURVE('',#7455,#7705,#7036,.T.);
#10150=ADVANCED_FACE('',(#10149),#10140,.F.);
#10159=EDGE_CURVE('',#7703,#7705,#7052,.T.);
#10163=ADVANCED_FACE('',(#10162),#10155,.F.);
#10173=ADVANCED_FACE('',(#10172),#10168,.T.);
#10179=EDGE_CURVE('',#7244,#7459,#7059,.T.);
#10182=EDGE_CURVE('',#7458,#7245,#7066,.T.);
#10187=ADVANCED_FACE('',(#10186),#10178,.F.);
#10199=ADVANCED_FACE('',(#10198),#10192,.F.);
#10205=EDGE_CURVE('',#7462,#7707,#7073,.T.);
#10207=EDGE_CURVE('',#7709,#7707,#7088,.T.);
#10209=EDGE_CURVE('',#7463,#7709,#7080,.T.);
#10214=ADVANCED_FACE('',(#10213),#10204,.F.);
#10223=EDGE_CURVE('',#7707,#7709,#7096,.T.);
#10227=ADVANCED_FACE('',(#10226),#10219,.F.);
#10237=ADVANCED_FACE('',(#10236),#10232,.T.);
#10243=EDGE_CURVE('',#7466,#7711,#7103,.T.);
#10245=EDGE_CURVE('',#7713,#7711,#7118,.T.);
#10247=EDGE_CURVE('',#7467,#7713,#7110,.T.);
#10252=ADVANCED_FACE('',(#10251),#10242,.F.);
#10261=EDGE_CURVE('',#7711,#7713,#7126,.T.);
#10265=ADVANCED_FACE('',(#10264),#10257,.F.);
#10275=ADVANCED_FACE('',(#10274),#10270,.T.);
#10281=EDGE_CURVE('',#7212,#7471,#7133,.T.);
#10284=EDGE_CURVE('',#7470,#7213,#7140,.T.);
#10289=ADVANCED_FACE('',(#10288),#10280,.F.);
#10301=ADVANCED_FACE('',(#10300),#10294,.F.);
#10307=EDGE_CURVE('',#7216,#7475,#7147,.T.);
#10310=EDGE_CURVE('',#7474,#7217,#7154,.T.);
#10315=ADVANCED_FACE('',(#10314),#10306,.F.);
#10327=ADVANCED_FACE('',(#10326),#10320,.F.);
#10339=ADVANCED_FACE('',(#10338),#10332,.T.);
#10351=ADVANCED_FACE('',(#10350),#10344,.T.);
#10360=(LENGTH_UNIT()NAMED_UNIT(*)SI_UNIT(.MILLI.,.METRE.));
#10361=(NAMED_UNIT(*)PLANE_ANGLE_UNIT()SI_UNIT($,.RADIAN.));
#10364=(NAMED_UNIT(*)SI_UNIT($,.STERADIAN.)SOLID_ANGLE_UNIT());
#10366=(GEOMETRIC_REPRESENTATION_CONTEXT(3)GLOBAL_UNCERTAINTY_ASSIGNED_CONTEXT((
#10365))GLOBAL_UNIT_ASSIGNED_CONTEXT((#10360,#10363,#10364))REPRESENTATION_CONTEXT('ID2','3'));
#10370=AXIS2_PLACEMENT_3D('',#10367,#10368,#10369);
#10371=ADVANCED_BREP_SHAPE_REPRESENTATION('',(#10370,#10353),#10366);
#10375=PRODUCT_DEFINITION('part definition','',#10374,#4148);
#10376=PRODUCT_DEFINITION_SHAPE('','SHAPE FOR BASE_32X20_79_1_1.',#10375);
#10377=SHAPE_ASPECT('','solid data associated with BASE_32X20_79_1_1',#10376,
.F.);
#10378=PROPERTY_DEFINITION('',
'shape for solid data with which properties are associated',#10377);
#10379=SHAPE_REPRESENTATION('',(#10353),#10366);
#10380=SHAPE_DEFINITION_REPRESENTATION(#10378,#10379);
#10381=(LENGTH_UNIT()NAMED_UNIT(*)SI_UNIT(.MILLI.,.METRE.));
#10385=PROPERTY_DEFINITION('geometric validation property',
'area of BASE_32X20_79_1_1',#10377);
#10386=REPRESENTATION('surface area',(#10384),#10366);
#10387=PROPERTY_DEFINITION_REPRESENTATION(#10385,#10386);
#10388=(LENGTH_UNIT()NAMED_UNIT(*)SI_UNIT(.MILLI.,.METRE.));
#10392=PROPERTY_DEFINITION('geometric validation property',
'volume of BASE_32X20_79_1_1',#10377);
#10393=REPRESENTATION('volume',(#10391),#10366);
#10394=PROPERTY_DEFINITION_REPRESENTATION(#10392,#10393);
#10396=PROPERTY_DEFINITION('geometric validation property',
'centroid of BASE_32X20_79_1_1',#10377);
#10397=REPRESENTATION('centroid',(#10395),#10366);
#10398=PROPERTY_DEFINITION_REPRESENTATION(#10396,#10397);
#10399=(LENGTH_UNIT()NAMED_UNIT(*)SI_UNIT(.MILLI.,.METRE.));
#10403=PROPERTY_DEFINITION('geometric validation property',
'area of BASE_32X20_79_1_1',#10376);
#10404=REPRESENTATION('surface area',(#10402),#10366);
#10405=PROPERTY_DEFINITION_REPRESENTATION(#10403,#10404);
#10406=(LENGTH_UNIT()NAMED_UNIT(*)SI_UNIT(.MILLI.,.METRE.));
#10410=PROPERTY_DEFINITION('geometric validation property',
'volume of BASE_32X20_79_1_1',#10376);
#10411=REPRESENTATION('volume',(#10409),#10366);
#10412=PROPERTY_DEFINITION_REPRESENTATION(#10410,#10411);
#10414=PROPERTY_DEFINITION('geometric validation property',
'centroid of BASE_32X20_79_1_1',#10376);
#10415=REPRESENTATION('centroid',(#10413),#10366);
#10416=PROPERTY_DEFINITION_REPRESENTATION(#10414,#10415);
#10417=SHAPE_DEFINITION_REPRESENTATION(#10376,#10371);
#10418=NEXT_ASSEMBLY_USAGE_OCCURRENCE('591','Next assembly relationship',
'BASE_32X20',#10450,#10375,$);
#10419=PRODUCT_DEFINITION_SHAPE('Placement #591',
'Placement of BASE_32X20_79_1_1 with respect to 32X20_ASM_41_ASM_1_ASM_1_ASM',
#10418);
#10421=PROPERTY_DEFINITION('geometric validation property',
'centroid of BASE_32X20',#10419);
#10422=REPRESENTATION('centroid',(#10420),#10366);
#10423=PROPERTY_DEFINITION_REPRESENTATION(#10421,#10422);
#10432=AXIS2_PLACEMENT_3D('',#10429,#10430,#10431);
#10435=(LENGTH_UNIT()NAMED_UNIT(*)SI_UNIT(.MILLI.,.METRE.));
#10436=(NAMED_UNIT(*)PLANE_ANGLE_UNIT()SI_UNIT($,.RADIAN.));
#10439=(NAMED_UNIT(*)SI_UNIT($,.STERADIAN.)SOLID_ANGLE_UNIT());
#10441=(GEOMETRIC_REPRESENTATION_CONTEXT(3)GLOBAL_UNCERTAINTY_ASSIGNED_CONTEXT((
#10440))GLOBAL_UNIT_ASSIGNED_CONTEXT((#10435,#10438,#10439))REPRESENTATION_CONTEXT('ID3','3'));
#10445=AXIS2_PLACEMENT_3D('',#10442,#10443,#10444);
#10450=PRODUCT_DEFINITION('part definition','',#10449,#10446);
#10451=(LENGTH_UNIT()NAMED_UNIT(*)SI_UNIT(.MILLI.,.METRE.));
#10455=PROPERTY_DEFINITION('geometric validation property',
'area of 32X20_ASM_41_ASM_1_ASM_1_ASM',#4196);
#10456=REPRESENTATION('surface area',(#10454),#10441);
#10457=PROPERTY_DEFINITION_REPRESENTATION(#10455,#10456);
#10458=(LENGTH_UNIT()NAMED_UNIT(*)SI_UNIT(.MILLI.,.METRE.));
#10462=PROPERTY_DEFINITION('geometric validation property',
'volume of 32X20_ASM_41_ASM_1_ASM_1_ASM',#4196);
#10463=REPRESENTATION('volume',(#10461),#10441);
#10464=PROPERTY_DEFINITION_REPRESENTATION(#10462,#10463);
#10466=PROPERTY_DEFINITION('geometric validation property',
'centroid of 32X20_ASM_41_ASM_1_ASM_1_ASM',#4196);
#10467=REPRESENTATION('centroid',(#10465),#10441);
#10468=PROPERTY_DEFINITION_REPRESENTATION(#10466,#10467);
#10469=SHAPE_DEFINITION_REPRESENTATION(#10470,#10471);
#10470=PRODUCT_DEFINITION_SHAPE('','SHAPE FOR 1102001601_ASM_1_ASM_1_ASM.',
#10981);
#10471=SHAPE_REPRESENTATION('',(#10486,#10481,#10827,#10822,#10844,#10839,
#10861,#10856,#10878,#10873,#10895,#10890,#10912,#10907,#10929,#10924,#10946,
#10941,#10963,#10958,#10976),#10972);
#10472=NEXT_ASSEMBLY_USAGE_OCCURRENCE('592','Next assembly relationship',
'32X20_ASM_41',#10981,#10450,$);
#10473=PRODUCT_DEFINITION_SHAPE('Placement #592',
'Placement of 32X20_ASM_41_ASM_1_ASM_1_ASM with respect to 1102001601_ASM_1_ASM_1_ASM',#10472);
#10475=PROPERTY_DEFINITION('geometric validation property',
'centroid of 32X20_ASM_41',#10473);
#10476=REPRESENTATION('centroid',(#10474),#10441);
#10477=PROPERTY_DEFINITION_REPRESENTATION(#10475,#10476);
#10486=AXIS2_PLACEMENT_3D('',#10483,#10484,#10485);
#10493=CIRCLE('',#10492,5.E-1);
#10498=CIRCLE('',#10497,5.E-1);
#10515=CIRCLE('',#10514,2.5E-1);
#10524=CIRCLE('',#10523,5.E-1);
#10541=CIRCLE('',#10540,2.5E-1);
#10550=CIRCLE('',#10549,5.E-1);
#10571=CIRCLE('',#10570,2.5E-1);
#10576=CIRCLE('',#10575,2.5E-1);
#10606=EDGE_CURVE('',#10579,#10580,#10493,.T.);
#10608=EDGE_CURVE('',#10582,#10580,#10566,.T.);
#10610=EDGE_CURVE('',#10582,#10584,#10498,.T.);
#10612=EDGE_CURVE('',#10579,#10584,#10510,.T.);
#10616=ADVANCED_FACE('',(#10615),#10605,.T.);
#10623=EDGE_CURVE('',#10579,#10586,#10502,.T.);
#10625=EDGE_CURVE('',#10588,#10586,#10524,.T.);
#10627=EDGE_CURVE('',#10588,#10580,#10506,.T.);
#10631=ADVANCED_FACE('',(#10630),#10621,.T.);
#10637=EDGE_CURVE('',#10586,#10590,#10528,.T.);
#10641=EDGE_CURVE('',#10592,#10584,#10562,.T.);
#10643=EDGE_CURVE('',#10590,#10592,#10545,.T.);
#10647=ADVANCED_FACE('',(#10646),#10636,.T.);
#10653=EDGE_CURVE('',#10590,#10594,#10515,.T.);
#10655=EDGE_CURVE('',#10594,#10588,#10519,.T.);
#10661=ADVANCED_FACE('',(#10660),#10652,.F.);
#10668=EDGE_CURVE('',#10590,#10596,#10532,.T.);
#10670=EDGE_CURVE('',#10598,#10596,#10571,.T.);
#10672=EDGE_CURVE('',#10594,#10598,#10536,.T.);
#10676=ADVANCED_FACE('',(#10675),#10666,.T.);
#10682=EDGE_CURVE('',#10594,#10590,#10541,.T.);
#10685=EDGE_CURVE('',#10596,#10598,#10576,.T.);
#10690=ADVANCED_FACE('',(#10689),#10681,.T.);
#10698=EDGE_CURVE('',#10592,#10600,#10550,.T.);
#10700=EDGE_CURVE('',#10600,#10594,#10554,.T.);
#10704=ADVANCED_FACE('',(#10703),#10695,.F.);
#10711=EDGE_CURVE('',#10582,#10600,#10558,.T.);
#10717=ADVANCED_FACE('',(#10716),#10709,.T.);
#10730=ADVANCED_FACE('',(#10729),#10722,.T.);
#10740=ADVANCED_FACE('',(#10739),#10735,.T.);
#10743=(LENGTH_UNIT()NAMED_UNIT(*)SI_UNIT(.MILLI.,.METRE.));
#10744=(NAMED_UNIT(*)PLANE_ANGLE_UNIT()SI_UNIT($,.RADIAN.));
#10747=(NAMED_UNIT(*)SI_UNIT($,.STERADIAN.)SOLID_ANGLE_UNIT());
#10749=(GEOMETRIC_REPRESENTATION_CONTEXT(3)GLOBAL_UNCERTAINTY_ASSIGNED_CONTEXT((
#10748))GLOBAL_UNIT_ASSIGNED_CONTEXT((#10743,#10746,#10747))REPRESENTATION_CONTEXT('ID4','3'));
#10753=AXIS2_PLACEMENT_3D('',#10750,#10751,#10752);
#10754=ADVANCED_BREP_SHAPE_REPRESENTATION('',(#10753,#10742),#10749);
#10758=PRODUCT_DEFINITION('part definition','',#10757,#10446);
#10759=PRODUCT_DEFINITION_SHAPE('','SHAPE FOR 1601003_2_1.',#10758);
#10760=SHAPE_ASPECT('','solid data associated with 1601003_2_1',#10759,.F.);
#10761=PROPERTY_DEFINITION('',
'shape for solid data with which properties are associated',#10760);
#10762=SHAPE_REPRESENTATION('',(#10742),#10749);
#10763=SHAPE_DEFINITION_REPRESENTATION(#10761,#10762);
#10764=(LENGTH_UNIT()NAMED_UNIT(*)SI_UNIT(.MILLI.,.METRE.));
#10768=PROPERTY_DEFINITION('geometric validation property',
'area of 1601003_2_1',#10760);
#10769=REPRESENTATION('surface area',(#10767),#10749);
#10770=PROPERTY_DEFINITION_REPRESENTATION(#10768,#10769);
#10771=(LENGTH_UNIT()NAMED_UNIT(*)SI_UNIT(.MILLI.,.METRE.));
#10775=PROPERTY_DEFINITION('geometric validation property',
'volume of 1601003_2_1',#10760);
#10776=REPRESENTATION('volume',(#10774),#10749);
#10777=PROPERTY_DEFINITION_REPRESENTATION(#10775,#10776);
#10779=PROPERTY_DEFINITION('geometric validation property',
'centroid of 1601003_2_1',#10760);
#10780=REPRESENTATION('centroid',(#10778),#10749);
#10781=PROPERTY_DEFINITION_REPRESENTATION(#10779,#10780);
#10782=(LENGTH_UNIT()NAMED_UNIT(*)SI_UNIT(.MILLI.,.METRE.));
#10786=PROPERTY_DEFINITION('geometric validation property',
'area of 1601003_2_1',#10759);
#10787=REPRESENTATION('surface area',(#10785),#10749);
#10788=PROPERTY_DEFINITION_REPRESENTATION(#10786,#10787);
#10789=(LENGTH_UNIT()NAMED_UNIT(*)SI_UNIT(.MILLI.,.METRE.));
#10793=PROPERTY_DEFINITION('geometric validation property',
'volume of 1601003_2_1',#10759);
#10794=REPRESENTATION('volume',(#10792),#10749);
#10795=PROPERTY_DEFINITION_REPRESENTATION(#10793,#10794);
#10797=PROPERTY_DEFINITION('geometric validation property',
'centroid of 1601003_2_1',#10759);
#10798=REPRESENTATION('centroid',(#10796),#10749);
#10799=PROPERTY_DEFINITION_REPRESENTATION(#10797,#10798);
#10800=SHAPE_DEFINITION_REPRESENTATION(#10759,#10754);
#10801=PROPERTY_DEFINITION('DESCRIPTION','user defined attribute',#10758);
#10805=REPRESENTATION('',(#10804),#10749);
#10806=PROPERTY_DEFINITION_REPRESENTATION(#10801,#10805);
#10807=PROPERTY_DEFINITION('MODELED_BY','user defined attribute',#10758);
#10811=REPRESENTATION('',(#10810),#10749);
#10812=PROPERTY_DEFINITION_REPRESENTATION(#10807,#10811);
#10813=NEXT_ASSEMBLY_USAGE_OCCURRENCE('593','Next assembly relationship',
'1601003',#10981,#10758,$);
#10814=PRODUCT_DEFINITION_SHAPE('Placement #593',
'Placement of 1601003_2_1 with respect to 1102001601_ASM_1_ASM_1_ASM',#10813);
#10816=PROPERTY_DEFINITION('geometric validation property',
'centroid of 1601003',#10814);
#10817=REPRESENTATION('centroid',(#10815),#10749);
#10818=PROPERTY_DEFINITION_REPRESENTATION(#10816,#10817);
#10827=AXIS2_PLACEMENT_3D('',#10824,#10825,#10826);
#10830=NEXT_ASSEMBLY_USAGE_OCCURRENCE('594','Next assembly relationship',
'1601003_2',#10981,#10758,$);
#10831=PRODUCT_DEFINITION_SHAPE('Placement #594',
'Placement of 1601003_2_1 with respect to 1102001601_ASM_1_ASM_1_ASM',#10830);
#10833=PROPERTY_DEFINITION('geometric validation property',
'centroid of 1601003_2',#10831);
#10834=REPRESENTATION('centroid',(#10832),#10749);
#10835=PROPERTY_DEFINITION_REPRESENTATION(#10833,#10834);
#10844=AXIS2_PLACEMENT_3D('',#10841,#10842,#10843);
#10847=NEXT_ASSEMBLY_USAGE_OCCURRENCE('595','Next assembly relationship',
'1601003_2_1',#10981,#10758,$);
#10848=PRODUCT_DEFINITION_SHAPE('Placement #595',
'Placement of 1601003_2_1 with respect to 1102001601_ASM_1_ASM_1_ASM',#10847);
#10850=PROPERTY_DEFINITION('geometric validation property',
'centroid of 1601003_2_1',#10848);
#10851=REPRESENTATION('centroid',(#10849),#10749);
#10852=PROPERTY_DEFINITION_REPRESENTATION(#10850,#10851);
#10861=AXIS2_PLACEMENT_3D('',#10858,#10859,#10860);
#10864=NEXT_ASSEMBLY_USAGE_OCCURRENCE('596','Next assembly relationship',
'1601003_2_1',#10981,#10758,$);
#10865=PRODUCT_DEFINITION_SHAPE('Placement #596',
'Placement of 1601003_2_1 with respect to 1102001601_ASM_1_ASM_1_ASM',#10864);
#10867=PROPERTY_DEFINITION('geometric validation property',
'centroid of 1601003_2_1',#10865);
#10868=REPRESENTATION('centroid',(#10866),#10749);
#10869=PROPERTY_DEFINITION_REPRESENTATION(#10867,#10868);
#10878=AXIS2_PLACEMENT_3D('',#10875,#10876,#10877);
#10881=NEXT_ASSEMBLY_USAGE_OCCURRENCE('597','Next assembly relationship',
'1601003_2_1',#10981,#10758,$);
#10882=PRODUCT_DEFINITION_SHAPE('Placement #597',
'Placement of 1601003_2_1 with respect to 1102001601_ASM_1_ASM_1_ASM',#10881);
#10884=PROPERTY_DEFINITION('geometric validation property',
'centroid of 1601003_2_1',#10882);
#10885=REPRESENTATION('centroid',(#10883),#10749);
#10886=PROPERTY_DEFINITION_REPRESENTATION(#10884,#10885);
#10895=AXIS2_PLACEMENT_3D('',#10892,#10893,#10894);
#10898=NEXT_ASSEMBLY_USAGE_OCCURRENCE('598','Next assembly relationship',
'1601003_2_1',#10981,#10758,$);
#10899=PRODUCT_DEFINITION_SHAPE('Placement #598',
'Placement of 1601003_2_1 with respect to 1102001601_ASM_1_ASM_1_ASM',#10898);
#10901=PROPERTY_DEFINITION('geometric validation property',
'centroid of 1601003_2_1',#10899);
#10902=REPRESENTATION('centroid',(#10900),#10749);
#10903=PROPERTY_DEFINITION_REPRESENTATION(#10901,#10902);
#10912=AXIS2_PLACEMENT_3D('',#10909,#10910,#10911);
#10915=NEXT_ASSEMBLY_USAGE_OCCURRENCE('599','Next assembly relationship',
'1601003_2_1',#10981,#10758,$);
#10916=PRODUCT_DEFINITION_SHAPE('Placement #599',
'Placement of 1601003_2_1 with respect to 1102001601_ASM_1_ASM_1_ASM',#10915);
#10918=PROPERTY_DEFINITION('geometric validation property',
'centroid of 1601003_2_1',#10916);
#10919=REPRESENTATION('centroid',(#10917),#10749);
#10920=PROPERTY_DEFINITION_REPRESENTATION(#10918,#10919);
#10929=AXIS2_PLACEMENT_3D('',#10926,#10927,#10928);
#10932=NEXT_ASSEMBLY_USAGE_OCCURRENCE('600','Next assembly relationship',
'1601003_2_1',#10981,#10758,$);
#10933=PRODUCT_DEFINITION_SHAPE('Placement #600',
'Placement of 1601003_2_1 with respect to 1102001601_ASM_1_ASM_1_ASM',#10932);
#10935=PROPERTY_DEFINITION('geometric validation property',
'centroid of 1601003_2_1',#10933);
#10936=REPRESENTATION('centroid',(#10934),#10749);
#10937=PROPERTY_DEFINITION_REPRESENTATION(#10935,#10936);
#10946=AXIS2_PLACEMENT_3D('',#10943,#10944,#10945);
#10949=NEXT_ASSEMBLY_USAGE_OCCURRENCE('601','Next assembly relationship',
'1601003_2_1',#10981,#10758,$);
#10950=PRODUCT_DEFINITION_SHAPE('Placement #601',
'Placement of 1601003_2_1 with respect to 1102001601_ASM_1_ASM_1_ASM',#10949);
#10952=PROPERTY_DEFINITION('geometric validation property',
'centroid of 1601003_2_1',#10950);
#10953=REPRESENTATION('centroid',(#10951),#10749);
#10954=PROPERTY_DEFINITION_REPRESENTATION(#10952,#10953);
#10963=AXIS2_PLACEMENT_3D('',#10960,#10961,#10962);
#10966=(LENGTH_UNIT()NAMED_UNIT(*)SI_UNIT(.MILLI.,.METRE.));
#10967=(NAMED_UNIT(*)PLANE_ANGLE_UNIT()SI_UNIT($,.RADIAN.));
#10970=(NAMED_UNIT(*)SI_UNIT($,.STERADIAN.)SOLID_ANGLE_UNIT());
#10972=(GEOMETRIC_REPRESENTATION_CONTEXT(3)GLOBAL_UNCERTAINTY_ASSIGNED_CONTEXT((
#10971))GLOBAL_UNIT_ASSIGNED_CONTEXT((#10966,#10969,#10970))REPRESENTATION_CONTEXT('ID5','3'));
#10976=AXIS2_PLACEMENT_3D('',#10973,#10974,#10975);
#10981=PRODUCT_DEFINITION('part definition','',#10980,#10977);
#10982=(LENGTH_UNIT()NAMED_UNIT(*)SI_UNIT(.MILLI.,.METRE.));
#10986=PROPERTY_DEFINITION('geometric validation property',
'area of 1102001601_ASM_1_ASM_1_ASM',#10470);
#10987=REPRESENTATION('surface area',(#10985),#10972);
#10988=PROPERTY_DEFINITION_REPRESENTATION(#10986,#10987);
#10989=(LENGTH_UNIT()NAMED_UNIT(*)SI_UNIT(.MILLI.,.METRE.));
#10993=PROPERTY_DEFINITION('geometric validation property',
'volume of 1102001601_ASM_1_ASM_1_ASM',#10470);
#10994=REPRESENTATION('volume',(#10992),#10972);
#10995=PROPERTY_DEFINITION_REPRESENTATION(#10993,#10994);
#10997=PROPERTY_DEFINITION('geometric validation property',
'centroid of 1102001601_ASM_1_ASM_1_ASM',#10470);
#10998=REPRESENTATION('centroid',(#10996),#10972);
#10999=PROPERTY_DEFINITION_REPRESENTATION(#10997,#10998);
#11000=SHAPE_DEFINITION_REPRESENTATION(#11001,#11002);
#11001=PRODUCT_DEFINITION_SHAPE('','SHAPE FOR URA_ZP-10WR3_ASM_1_ASM.',#11034);
#11002=SHAPE_REPRESENTATION('',(#11017,#11012,#11030),#11026);
#11003=NEXT_ASSEMBLY_USAGE_OCCURRENCE('602','Next assembly relationship',
'1102001601_ASM_1',#11034,#10981,$);
#11004=PRODUCT_DEFINITION_SHAPE('Placement #602',
'Placement of 1102001601_ASM_1_ASM_1_ASM with respect to URA_ZP-10WR3_ASM_1_ASM'
,#11003);
#11006=PROPERTY_DEFINITION('geometric validation property',
'centroid of 1102001601_ASM_1',#11004);
#11007=REPRESENTATION('centroid',(#11005),#10972);
#11008=PROPERTY_DEFINITION_REPRESENTATION(#11006,#11007);
#11017=AXIS2_PLACEMENT_3D('',#11014,#11015,#11016);
#11020=(LENGTH_UNIT()NAMED_UNIT(*)SI_UNIT(.MILLI.,.METRE.));
#11021=(NAMED_UNIT(*)PLANE_ANGLE_UNIT()SI_UNIT($,.RADIAN.));
#11024=(NAMED_UNIT(*)SI_UNIT($,.STERADIAN.)SOLID_ANGLE_UNIT());
#11026=(GEOMETRIC_REPRESENTATION_CONTEXT(3)GLOBAL_UNCERTAINTY_ASSIGNED_CONTEXT((
#11025))GLOBAL_UNIT_ASSIGNED_CONTEXT((#11020,#11023,#11024))REPRESENTATION_CONTEXT('ID6','3'));
#11030=AXIS2_PLACEMENT_3D('',#11027,#11028,#11029);
#11034=PRODUCT_DEFINITION('part definition','',#11033,#10977);
#11035=(LENGTH_UNIT()NAMED_UNIT(*)SI_UNIT(.MILLI.,.METRE.));
#11039=PROPERTY_DEFINITION('geometric validation property',
'area of URA_ZP-10WR3_ASM_1_ASM',#11001);
#11040=REPRESENTATION('surface area',(#11038),#11026);
#11041=PROPERTY_DEFINITION_REPRESENTATION(#11039,#11040);
#11042=(LENGTH_UNIT()NAMED_UNIT(*)SI_UNIT(.MILLI.,.METRE.));
#11046=PROPERTY_DEFINITION('geometric validation property',
'volume of URA_ZP-10WR3_ASM_1_ASM',#11001);
#11047=REPRESENTATION('volume',(#11045),#11026);
#11048=PROPERTY_DEFINITION_REPRESENTATION(#11046,#11047);
#11050=PROPERTY_DEFINITION('geometric validation property',
'centroid of URA_ZP-10WR3_ASM_1_ASM',#11001);
#11051=REPRESENTATION('centroid',(#11049),#11026);
#11052=PROPERTY_DEFINITION_REPRESENTATION(#11050,#11051);
#11053=SHAPE_DEFINITION_REPRESENTATION(#11054,#11055);
#11054=PRODUCT_DEFINITION_SHAPE('','SHAPE FOR URA_ZP-10WR3_ASM.',#11085);
#11055=SHAPE_REPRESENTATION('',(#11065,#11079),#11075);
#11056=NEXT_ASSEMBLY_USAGE_OCCURRENCE('603','Next assembly relationship',
'URA_ZP-10WR3_ASM_1',#11085,#11034,$);
#11057=PRODUCT_DEFINITION_SHAPE('Placement #603',
'Placement of URA_ZP-10WR3_ASM_1_ASM with respect to URA_ZP-10WR3_ASM',#11056);
#11059=PROPERTY_DEFINITION('geometric validation property',
'centroid of URA_ZP-10WR3_ASM_1',#11057);
#11060=REPRESENTATION('centroid',(#11058),#11026);
#11061=PROPERTY_DEFINITION_REPRESENTATION(#11059,#11060);
#11069=(LENGTH_UNIT()NAMED_UNIT(*)SI_UNIT(.MILLI.,.METRE.));
#11070=(NAMED_UNIT(*)PLANE_ANGLE_UNIT()SI_UNIT($,.RADIAN.));
#11073=(NAMED_UNIT(*)SI_UNIT($,.STERADIAN.)SOLID_ANGLE_UNIT());
#11075=(GEOMETRIC_REPRESENTATION_CONTEXT(3)GLOBAL_UNCERTAINTY_ASSIGNED_CONTEXT((
#11074))GLOBAL_UNIT_ASSIGNED_CONTEXT((#11069,#11072,#11073))REPRESENTATION_CONTEXT('ID7','3'));
#11079=AXIS2_PLACEMENT_3D('',#11076,#11077,#11078);
#11085=PRODUCT_DEFINITION('part definition','',#11084,#11081);
#11086=(LENGTH_UNIT()NAMED_UNIT(*)SI_UNIT(.MILLI.,.METRE.));
#11090=PROPERTY_DEFINITION('geometric validation property',
'area of URA_ZP-10WR3_ASM',#11054);
#11091=REPRESENTATION('surface area',(#11089),#11075);
#11092=PROPERTY_DEFINITION_REPRESENTATION(#11090,#11091);
#11093=(LENGTH_UNIT()NAMED_UNIT(*)SI_UNIT(.MILLI.,.METRE.));
#11097=PROPERTY_DEFINITION('geometric validation property',
'volume of URA_ZP-10WR3_ASM',#11054);
#11098=REPRESENTATION('volume',(#11096),#11075);
#11099=PROPERTY_DEFINITION_REPRESENTATION(#11097,#11098);
#11101=PROPERTY_DEFINITION('geometric validation property',
'centroid of URA_ZP-10WR3_ASM',#11054);
#11102=REPRESENTATION('centroid',(#11100),#11075);
#11103=PROPERTY_DEFINITION_REPRESENTATION(#11101,#11102);
ENDSEC;
END-ISO-10303-21;
